<annotation verified="no">
  <folder>hVl5MtdodLU</folder>
  <filename>03_frame_02809</filename>
  <path>/home/sakaguchi/Downloads/kawakami/hVl5MtdodLU/03_frame_02809.jpg</path>
  <source>
    <database>Unknown</database>
  </source>
  <size>
    <width>1920</width>
    <height>1080</height>
    <depth>3</depth>
  </size>
  <segmented>0</segmented>
  <object>
    <type>bndbox</type>
    <name>now</name>
    <pose>Unspecified</pose>
    <truncated>1</truncated>
    <difficult>0</difficult>
    <bndbox>
      <xmin>1</xmin>
      <ymin>503</ymin>
      <xmax>841</xmax>
      <ymax>1011</ymax>
    </bndbox>
  </object>
  <object>
    <type>bndbox</type>
    <name>only</name>
    <pose>Unspecified</pose>
    <truncated>0</truncated>
    <difficult>0</difficult>
    <bndbox>
      <xmin>260</xmin>
      <ymin>918</ymin>
      <xmax>1037</xmax>
      <ymax>1079</ymax>
    </bndbox>
  </object>
  <object>
    <type>robndbox</type>
    <name>dark</name>
    <pose>Unspecified</pose>
    <truncated>0</truncated>
    <difficult>0</difficult>
    <robndbox>
      <cx>1316.5606</cx>
      <cy>531.8788</cy>
      <w>767.0</w>
      <h>196.0</h>
      <angle>0.0</angle>
    </robndbox>
  </object>
  <object>
    <type>robndbox</type>
    <name>remains</name>
    <pose>Unspecified</pose>
    <truncated>0</truncated>
    <difficult>0</difficult>
    <robndbox>
      <cx>1390.0606</cx>
      <cy>731.8788</cy>
      <w>938.0</w>
      <h>156.0</h>
      <angle>0.0</angle>
    </robndbox>
  </object>
</annotation>
