<annotation verified="no">
  <folder>hVl5MtdodLU</folder>
  <filename>05_frame_01297</filename>
  <path>/home/sakaguchi/Downloads/kawakami/hVl5MtdodLU/05_frame_01297.jpg</path>
  <source>
    <database>Unknown</database>
  </source>
  <size>
    <width>1920</width>
    <height>1080</height>
    <depth>3</depth>
  </size>
  <segmented>0</segmented>
  <object>
    <type>bndbox</type>
    <name>that</name>
    <pose>Unspecified</pose>
    <truncated>1</truncated>
    <difficult>0</difficult>
    <bndbox>
      <xmin>1</xmin>
      <ymin>468</ymin>
      <xmax>233</xmax>
      <ymax>703</ymax>
    </bndbox>
  </object>
  <object>
    <type>robndbox</type>
    <name>to</name>
    <pose>Unspecified</pose>
    <truncated>0</truncated>
    <difficult>0</difficult>
    <robndbox>
      <cx>342.5606</cx>
      <cy>496.8788</cy>
      <w>167.0</w>
      <h>98.0</h>
      <angle>0.0</angle>
    </robndbox>
  </object>
  <object>
    <type>robndbox</type>
    <name>the</name>
    <pose>Unspecified</pose>
    <truncated>0</truncated>
    <difficult>0</difficult>
    <robndbox>
      <cx>475.5606</cx>
      <cy>655.8788</cy>
      <w>441.0</w>
      <h>160.0</h>
      <angle>0.0</angle>
    </robndbox>
  </object>
  <object>
    <type>robndbox</type>
    <name>end</name>
    <pose>Unspecified</pose>
    <truncated>0</truncated>
    <difficult>0</difficult>
    <robndbox>
      <cx>1206.0606</cx>
      <cy>654.8788</cy>
      <w>1064.0</w>
      <h>376.0</h>
      <angle>0.0</angle>
    </robndbox>
  </object>
  <object>
    <type>robndbox</type>
    <name>me</name>
    <pose>Unspecified</pose>
    <truncated>0</truncated>
    <difficult>0</difficult>
    <robndbox>
      <cx>175.6169</cx>
      <cy>749.1272</cy>
      <w>226.0151</w>
      <h>108.504</h>
      <angle>2.971593</angle>
    </robndbox>
  </object>
</annotation>
