<annotation verified="no">
  <folder>hVl5MtdodLU</folder>
  <filename>08_frame_01513</filename>
  <path>/home/sakaguchi/Downloads/kawakami/hVl5MtdodLU/08_frame_01513.jpg</path>
  <source>
    <database>Unknown</database>
  </source>
  <size>
    <width>1920</width>
    <height>1080</height>
    <depth>3</depth>
  </size>
  <segmented>0</segmented>
  <object>
    <type>bndbox</type>
    <name>beneath</name>
    <pose>Unspecified</pose>
    <truncated>1</truncated>
    <difficult>0</difficult>
    <bndbox>
      <xmin>1</xmin>
      <ymin>503</ymin>
      <xmax>615</xmax>
      <ymax>885</ymax>
    </bndbox>
  </object>
  <object>
    <type>robndbox</type>
    <name>nothing</name>
    <pose>Unspecified</pose>
    <truncated>0</truncated>
    <difficult>0</difficult>
    <robndbox>
      <cx>349.1255</cx>
      <cy>946.7783</cy>
      <w>682.0816</w>
      <h>175.8117</h>
      <angle>3.021593</angle>
    </robndbox>
  </object>
  <object>
    <type>robndbox</type>
    <name>left</name>
    <pose>Unspecified</pose>
    <truncated>0</truncated>
    <difficult>0</difficult>
    <robndbox>
      <cx>875.5606</cx>
      <cy>524.8788</cy>
      <w>521.0</w>
      <h>146.0</h>
      <angle>0.0</angle>
    </robndbox>
  </object>
  <object>
    <type>robndbox</type>
    <name>to</name>
    <pose>Unspecified</pose>
    <truncated>0</truncated>
    <difficult>0</difficult>
    <robndbox>
      <cx>823.0606</cx>
      <cy>774.3788</cy>
      <w>430.0</w>
      <h>229.0</h>
      <angle>0.0</angle>
    </robndbox>
  </object>
  <object>
    <type>robndbox</type>
    <name>give</name>
    <pose>Unspecified</pose>
    <truncated>0</truncated>
    <difficult>0</difficult>
    <robndbox>
      <cx>1604.0303</cx>
      <cy>729.6383</cy>
      <w>631.9394</w>
      <h>591.5189</h>
      <angle>0.0</angle>
    </robndbox>
  </object>
</annotation>
