<annotation verified="no">
  <folder>hVl5MtdodLU</folder>
  <filename>11_frame_00937</filename>
  <path>/home/uchidalab/&#12487;&#12473;&#12463;&#12488;&#12483;&#12503;/&#24029;&#19978; (1)/&#24029;&#19978;/annotation/hVl5MtdodLU/11_frame_00937.jpg</path>
  <source>
    <database>Unknown</database>
  </source>
  <size>
    <width>1920</width>
    <height>1080</height>
    <depth>3</depth>
  </size>
  <segmented>0</segmented>
  <object>
    <type>robndbox</type>
    <name>im</name>
    <pose>Unspecified</pose>
    <truncated>0</truncated>
    <difficult>0</difficult>
    <robndbox>
      <cx>1008.5606</cx>
      <cy>449.8788</cy>
      <w>875.0</w>
      <h>432.0</h>
      <angle>0.0</angle>
    </robndbox>
  </object>
  <object>
    <type>robndbox</type>
    <name>ready</name>
    <pose>Unspecified</pose>
    <truncated>0</truncated>
    <difficult>0</difficult>
    <robndbox>
      <cx>1060.5606</cx>
      <cy>796.3788</cy>
      <w>943.0</w>
      <h>215.0</h>
      <angle>0.0</angle>
    </robndbox>
  </object>
</annotation>
