<annotation verified="no">
  <folder>hVl5MtdodLU</folder>
  <filename>10_frame_03889</filename>
  <path>/home/sakaguchi/Downloads/kawakami/hVl5MtdodLU/10_frame_03889.jpg</path>
  <source>
    <database>Unknown</database>
  </source>
  <size>
    <width>1920</width>
    <height>1080</height>
    <depth>3</depth>
  </size>
  <segmented>0</segmented>
  <object>
    <type>bndbox</type>
    <name>sun</name>
    <pose>Unspecified</pose>
    <truncated>0</truncated>
    <difficult>0</difficult>
    <bndbox>
      <xmin>4</xmin>
      <ymin>707</ymin>
      <xmax>287</xmax>
      <ymax>857</ymax>
    </bndbox>
  </object>
  <object>
    <type>bndbox</type>
    <name>the</name>
    <pose>Unspecified</pose>
    <truncated>0</truncated>
    <difficult>0</difficult>
    <bndbox>
      <xmin>4</xmin>
      <ymin>503</ymin>
      <xmax>215</xmax>
      <ymax>731</ymax>
    </bndbox>
  </object>
  <object>
    <type>robndbox</type>
    <name>begins</name>
    <pose>Unspecified</pose>
    <truncated>0</truncated>
    <difficult>0</difficult>
    <robndbox>
      <cx>459.0606</cx>
      <cy>547.8788</cy>
      <w>452.0</w>
      <h>88.0</h>
      <angle>0.0</angle>
    </robndbox>
  </object>
  <object>
    <type>robndbox</type>
    <name>to</name>
    <pose>Unspecified</pose>
    <truncated>0</truncated>
    <difficult>0</difficult>
    <robndbox>
      <cx>310.0606</cx>
      <cy>639.8788</cy>
      <w>162.0</w>
      <h>88.0</h>
      <angle>0.0</angle>
    </robndbox>
  </object>
  <object>
    <type>robndbox</type>
    <name>rise</name>
    <pose>Unspecified</pose>
    <truncated>0</truncated>
    <difficult>0</difficult>
    <robndbox>
      <cx>1270.5606</cx>
      <cy>653.8788</cy>
      <w>1211.0</w>
      <h>364.0</h>
      <angle>0.0</angle>
    </robndbox>
  </object>
</annotation>
