<annotation verified="no">
  <folder>hVl5MtdodLU</folder>
  <filename>09_frame_02521</filename>
  <path>/home/sakaguchi/Downloads/kawakami/hVl5MtdodLU/09_frame_02521.jpg</path>
  <source>
    <database>Unknown</database>
  </source>
  <size>
    <width>1920</width>
    <height>1080</height>
    <depth>3</depth>
  </size>
  <segmented>0</segmented>
  <object>
    <type>robndbox</type>
    <name>grey</name>
    <pose>Unspecified</pose>
    <truncated>0</truncated>
    <difficult>0</difficult>
    <robndbox>
      <cx>666.4962</cx>
      <cy>580.3352</cy>
      <w>1296.7612</w>
      <h>335.2119</h>
      <angle>3.101593</angle>
    </robndbox>
  </object>
  <object>
    <type>robndbox</type>
    <name>skies</name>
    <pose>Unspecified</pose>
    <truncated>0</truncated>
    <difficult>0</difficult>
    <robndbox>
      <cx>1039.5157</cx>
      <cy>839.8924</cy>
      <w>737.597</w>
      <h>194.1848</h>
      <angle>3.111593</angle>
    </robndbox>
  </object>
</annotation>
