<annotation verified="no">
  <folder>rpLITtLRltw</folder>
  <filename>09_frame_00361</filename>
  <path>/home/m_1te16262p/Downloads/annotation/&#23665;&#32291;/annotation/rpLITtLRltw/09_frame_00361.jpg</path>
  <source>
    <database>Unknown</database>
  </source>
  <size>
    <width>1920</width>
    <height>1080</height>
    <depth>3</depth>
  </size>
  <segmented>0</segmented>
  <object>
    <type>bndbox</type>
    <name>cause</name>
    <pose>Unspecified</pose>
    <truncated>0</truncated>
    <difficult>0</difficult>
    <bndbox>
      <xmin>812</xmin>
      <ymin>445</ymin>
      <xmax>1167</xmax>
      <ymax>520</ymax>
    </bndbox>
  </object>
  <object>
    <type>bndbox</type>
    <name>you</name>
    <pose>Unspecified</pose>
    <truncated>0</truncated>
    <difficult>0</difficult>
    <bndbox>
      <xmin>1199</xmin>
      <ymin>445</ymin>
      <xmax>1412</xmax>
      <ymax>522</ymax>
    </bndbox>
  </object>
  <object>
    <type>bndbox</type>
    <name>got</name>
    <pose>Unspecified</pose>
    <truncated>0</truncated>
    <difficult>0</difficult>
    <bndbox>
      <xmin>1448</xmin>
      <ymin>446</ymin>
      <xmax>1670</xmax>
      <ymax>521</ymax>
    </bndbox>
  </object>
  <object>
    <type>bndbox</type>
    <name>something</name>
    <pose>Unspecified</pose>
    <truncated>0</truncated>
    <difficult>0</difficult>
    <bndbox>
      <xmin>807</xmin>
      <ymin>564</ymin>
      <xmax>1803</xmax>
      <ymax>684</ymax>
    </bndbox>
  </object>
  <object>
    <type>bndbox</type>
    <name>special</name>
    <pose>Unspecified</pose>
    <truncated>0</truncated>
    <difficult>0</difficult>
    <bndbox>
      <xmin>807</xmin>
      <ymin>697</ymin>
      <xmax>1518</xmax>
      <ymax>817</ymax>
    </bndbox>
  </object>
</annotation>
