<annotation verified="no">
  <folder>rpLITtLRltw</folder>
  <filename>06_frame_01945</filename>
  <path>/home/m_1te16262p/Downloads/annotation/&#23665;&#32291;/annotation/rpLITtLRltw/06_frame_01945.jpg</path>
  <source>
    <database>Unknown</database>
  </source>
  <size>
    <width>1920</width>
    <height>1080</height>
    <depth>3</depth>
  </size>
  <segmented>0</segmented>
  <object>
    <type>bndbox</type>
    <name>and</name>
    <pose>Unspecified</pose>
    <truncated>0</truncated>
    <difficult>0</difficult>
    <bndbox>
      <xmin>872</xmin>
      <ymin>121</ymin>
      <xmax>1124</xmax>
      <ymax>207</ymax>
    </bndbox>
  </object>
  <object>
    <type>bndbox</type>
    <name>they</name>
    <pose>Unspecified</pose>
    <truncated>0</truncated>
    <difficult>0</difficult>
    <bndbox>
      <xmin>854</xmin>
      <ymin>246</ymin>
      <xmax>1153</xmax>
      <ymax>332</ymax>
    </bndbox>
  </object>
  <object>
    <type>bndbox</type>
    <name>get</name>
    <pose>Unspecified</pose>
    <truncated>0</truncated>
    <difficult>0</difficult>
    <bndbox>
      <xmin>741</xmin>
      <ymin>375</ymin>
      <xmax>968</xmax>
      <ymax>460</ymax>
    </bndbox>
  </object>
  <object>
    <type>bndbox</type>
    <name>mad</name>
    <pose>Unspecified</pose>
    <truncated>0</truncated>
    <difficult>0</difficult>
    <bndbox>
      <xmin>1001</xmin>
      <ymin>373</ymin>
      <xmax>1258</xmax>
      <ymax>460</ymax>
    </bndbox>
  </object>
  <object>
    <type>bndbox</type>
    <name>cause</name>
    <pose>Unspecified</pose>
    <truncated>0</truncated>
    <difficult>0</difficult>
    <bndbox>
      <xmin>809</xmin>
      <ymin>501</ymin>
      <xmax>1193</xmax>
      <ymax>588</ymax>
    </bndbox>
  </object>
  <object>
    <type>bndbox</type>
    <name>they</name>
    <pose>Unspecified</pose>
    <truncated>0</truncated>
    <difficult>0</difficult>
    <bndbox>
      <xmin>854</xmin>
      <ymin>628</ymin>
      <xmax>1151</xmax>
      <ymax>716</ymax>
    </bndbox>
  </object>
  <object>
    <type>bndbox</type>
    <name>dont</name>
    <pose>Unspecified</pose>
    <truncated>0</truncated>
    <difficult>0</difficult>
    <bndbox>
      <xmin>837</xmin>
      <ymin>755</ymin>
      <xmax>1170</xmax>
      <ymax>843</ymax>
    </bndbox>
  </object>
  <object>
    <type>bndbox</type>
    <name>do</name>
    <pose>Unspecified</pose>
    <truncated>0</truncated>
    <difficult>0</difficult>
    <bndbox>
      <xmin>855</xmin>
      <ymin>880</ymin>
      <xmax>1019</xmax>
      <ymax>972</ymax>
    </bndbox>
  </object>
  <object>
    <type>bndbox</type>
    <name>it</name>
    <pose>Unspecified</pose>
    <truncated>0</truncated>
    <difficult>0</difficult>
    <bndbox>
      <xmin>1050</xmin>
      <ymin>882</ymin>
      <xmax>1153</xmax>
      <ymax>971</ymax>
    </bndbox>
  </object>
</annotation>
