<annotation verified="no">
  <folder>rpLITtLRltw</folder>
  <filename>07_frame_02017</filename>
  <path>/home/m_1te16262p/Downloads/annotation/&#23665;&#32291;/annotation/rpLITtLRltw/07_frame_02017.jpg</path>
  <source>
    <database>Unknown</database>
  </source>
  <size>
    <width>1920</width>
    <height>1080</height>
    <depth>3</depth>
  </size>
  <segmented>0</segmented>
  <object>
    <type>bndbox</type>
    <name>they</name>
    <pose>Unspecified</pose>
    <truncated>0</truncated>
    <difficult>0</difficult>
    <bndbox>
      <xmin>296</xmin>
      <ymin>155</ymin>
      <xmax>623</xmax>
      <ymax>250</ymax>
    </bndbox>
  </object>
  <object>
    <type>bndbox</type>
    <name>try</name>
    <pose>Unspecified</pose>
    <truncated>0</truncated>
    <difficult>0</difficult>
    <bndbox>
      <xmin>337</xmin>
      <ymin>297</ymin>
      <xmax>583</xmax>
      <ymax>389</ymax>
    </bndbox>
  </object>
  <object>
    <type>bndbox</type>
    <name>to</name>
    <pose>Unspecified</pose>
    <truncated>0</truncated>
    <difficult>0</difficult>
    <bndbox>
      <xmin>372</xmin>
      <ymin>436</ymin>
      <xmax>545</xmax>
      <ymax>530</ymax>
    </bndbox>
  </object>
  <object>
    <type>bndbox</type>
    <name>copy</name>
    <pose>Unspecified</pose>
    <truncated>0</truncated>
    <difficult>0</difficult>
    <bndbox>
      <xmin>289</xmin>
      <ymin>577</ymin>
      <xmax>631</xmax>
      <ymax>671</ymax>
    </bndbox>
  </object>
  <object>
    <type>bndbox</type>
    <name>your</name>
    <pose>Unspecified</pose>
    <truncated>0</truncated>
    <difficult>0</difficult>
    <bndbox>
      <xmin>283</xmin>
      <ymin>717</ymin>
      <xmax>629</xmax>
      <ymax>810</ymax>
    </bndbox>
  </object>
  <object>
    <type>bndbox</type>
    <name>moves</name>
    <pose>Unspecified</pose>
    <truncated>0</truncated>
    <difficult>0</difficult>
    <bndbox>
      <xmin>251</xmin>
      <ymin>856</ymin>
      <xmax>670</xmax>
      <ymax>950</ymax>
    </bndbox>
  </object>
</annotation>
