<annotation verified="no">
  <folder>rpLITtLRltw</folder>
  <filename>08_frame_04393</filename>
  <path>/home/m_1te16262p/Downloads/annotation/&#23665;&#32291;/annotation/rpLITtLRltw/08_frame_04393.jpg</path>
  <source>
    <database>Unknown</database>
  </source>
  <size>
    <width>1920</width>
    <height>1080</height>
    <depth>3</depth>
  </size>
  <segmented>0</segmented>
  <object>
    <type>bndbox</type>
    <name>they</name>
    <pose>Unspecified</pose>
    <truncated>0</truncated>
    <difficult>0</difficult>
    <bndbox>
      <xmin>296</xmin>
      <ymin>155</ymin>
      <xmax>623</xmax>
      <ymax>251</ymax>
    </bndbox>
  </object>
  <object>
    <type>bndbox</type>
    <name>try</name>
    <pose>Unspecified</pose>
    <truncated>0</truncated>
    <difficult>0</difficult>
    <bndbox>
      <xmin>336</xmin>
      <ymin>297</ymin>
      <xmax>584</xmax>
      <ymax>389</ymax>
    </bndbox>
  </object>
  <object>
    <type>bndbox</type>
    <name>to</name>
    <pose>Unspecified</pose>
    <truncated>0</truncated>
    <difficult>0</difficult>
    <bndbox>
      <xmin>372</xmin>
      <ymin>436</ymin>
      <xmax>544</xmax>
      <ymax>530</ymax>
    </bndbox>
  </object>
  <object>
    <type>bndbox</type>
    <name>copy</name>
    <pose>Unspecified</pose>
    <truncated>0</truncated>
    <difficult>0</difficult>
    <bndbox>
      <xmin>289</xmin>
      <ymin>576</ymin>
      <xmax>631</xmax>
      <ymax>671</ymax>
    </bndbox>
  </object>
  <object>
    <type>bndbox</type>
    <name>your</name>
    <pose>Unspecified</pose>
    <truncated>0</truncated>
    <difficult>0</difficult>
    <bndbox>
      <xmin>283</xmin>
      <ymin>716</ymin>
      <xmax>629</xmax>
      <ymax>811</ymax>
    </bndbox>
  </object>
  <object>
    <type>bndbox</type>
    <name>moves</name>
    <pose>Unspecified</pose>
    <truncated>0</truncated>
    <difficult>0</difficult>
    <bndbox>
      <xmin>251</xmin>
      <ymin>855</ymin>
      <xmax>672</xmax>
      <ymax>951</ymax>
    </bndbox>
  </object>
</annotation>
