<annotation verified="no">
  <folder>rpLITtLRltw</folder>
  <filename>00_frame_01729</filename>
  <path>/home/m_1te16262p/Downloads/annotation/&#23665;&#32291;/annotation/rpLITtLRltw/00_frame_01729.jpg</path>
  <source>
    <database>Unknown</database>
  </source>
  <size>
    <width>1920</width>
    <height>1080</height>
    <depth>3</depth>
  </size>
  <segmented>0</segmented>
  <object>
    <type>bndbox</type>
    <name>cause</name>
    <pose>Unspecified</pose>
    <truncated>0</truncated>
    <difficult>0</difficult>
    <bndbox>
      <xmin>254</xmin>
      <ymin>367</ymin>
      <xmax>659</xmax>
      <ymax>459</ymax>
    </bndbox>
  </object>
  <object>
    <type>bndbox</type>
    <name>if</name>
    <pose>Unspecified</pose>
    <truncated>0</truncated>
    <difficult>0</difficult>
    <bndbox>
      <xmin>694</xmin>
      <ymin>367</ymin>
      <xmax>794</xmax>
      <ymax>458</ymax>
    </bndbox>
  </object>
  <object>
    <type>bndbox</type>
    <name>you</name>
    <pose>Unspecified</pose>
    <truncated>0</truncated>
    <difficult>0</difficult>
    <bndbox>
      <xmin>823</xmin>
      <ymin>367</ymin>
      <xmax>1071</xmax>
      <ymax>460</ymax>
    </bndbox>
  </object>
  <object>
    <type>bndbox</type>
    <name>are</name>
    <pose>Unspecified</pose>
    <truncated>0</truncated>
    <difficult>0</difficult>
    <bndbox>
      <xmin>1101</xmin>
      <ymin>368</ymin>
      <xmax>1351</xmax>
      <ymax>459</ymax>
    </bndbox>
  </object>
  <object>
    <type>bndbox</type>
    <name>baby</name>
    <pose>Unspecified</pose>
    <truncated>0</truncated>
    <difficult>0</difficult>
    <bndbox>
      <xmin>1385</xmin>
      <ymin>368</ymin>
      <xmax>1712</xmax>
      <ymax>459</ymax>
    </bndbox>
  </object>
  <object>
    <type>bndbox</type>
    <name>you</name>
    <pose>Unspecified</pose>
    <truncated>0</truncated>
    <difficult>0</difficult>
    <bndbox>
      <xmin>297</xmin>
      <ymin>516</ymin>
      <xmax>540</xmax>
      <ymax>602</ymax>
    </bndbox>
  </object>
  <object>
    <type>bndbox</type>
    <name>know</name>
    <pose>Unspecified</pose>
    <truncated>0</truncated>
    <difficult>0</difficult>
    <bndbox>
      <xmin>585</xmin>
      <ymin>516</ymin>
      <xmax>940</xmax>
      <ymax>601</ymax>
    </bndbox>
  </object>
  <object>
    <type>bndbox</type>
    <name>you</name>
    <pose>Unspecified</pose>
    <truncated>0</truncated>
    <difficult>0</difficult>
    <bndbox>
      <xmin>970</xmin>
      <ymin>515</ymin>
      <xmax>1212</xmax>
      <ymax>601</ymax>
    </bndbox>
  </object>
  <object>
    <type>bndbox</type>
    <name>could</name>
    <pose>Unspecified</pose>
    <truncated>0</truncated>
    <difficult>0</difficult>
    <bndbox>
      <xmin>1257</xmin>
      <ymin>516</ymin>
      <xmax>1657</xmax>
      <ymax>601</ymax>
    </bndbox>
  </object>
  <object>
    <type>bndbox</type>
    <name>work</name>
    <pose>Unspecified</pose>
    <truncated>0</truncated>
    <difficult>0</difficult>
    <bndbox>
      <xmin>561</xmin>
      <ymin>660</ymin>
      <xmax>923</xmax>
      <ymax>751</ymax>
    </bndbox>
  </object>
  <object>
    <type>bndbox</type>
    <name>for</name>
    <pose>Unspecified</pose>
    <truncated>0</truncated>
    <difficult>0</difficult>
    <bndbox>
      <xmin>953</xmin>
      <ymin>660</ymin>
      <xmax>1187</xmax>
      <ymax>753</ymax>
    </bndbox>
  </object>
  <object>
    <type>bndbox</type>
    <name>me</name>
    <pose>Unspecified</pose>
    <truncated>0</truncated>
    <difficult>0</difficult>
    <bndbox>
      <xmin>1227</xmin>
      <ymin>660</ymin>
      <xmax>1397</xmax>
      <ymax>750</ymax>
    </bndbox>
  </object>
</annotation>
