<annotation verified="no">
  <folder>rpLITtLRltw</folder>
  <filename>02_frame_01873</filename>
  <path>/home/m_1te16262p/Downloads/annotation/&#23665;&#32291;/annotation/rpLITtLRltw/02_frame_01873.jpg</path>
  <source>
    <database>Unknown</database>
  </source>
  <size>
    <width>1920</width>
    <height>1080</height>
    <depth>3</depth>
  </size>
  <segmented>0</segmented>
  <object>
    <type>bndbox</type>
    <name>but</name>
    <pose>Unspecified</pose>
    <truncated>0</truncated>
    <difficult>0</difficult>
    <bndbox>
      <xmin>515</xmin>
      <ymin>362</ymin>
      <xmax>757</xmax>
      <ymax>456</ymax>
    </bndbox>
  </object>
  <object>
    <type>bndbox</type>
    <name>you</name>
    <pose>Unspecified</pose>
    <truncated>0</truncated>
    <difficult>0</difficult>
    <bndbox>
      <xmin>784</xmin>
      <ymin>363</ymin>
      <xmax>1042</xmax>
      <ymax>456</ymax>
    </bndbox>
  </object>
  <object>
    <type>bndbox</type>
    <name>dont</name>
    <pose>Unspecified</pose>
    <truncated>0</truncated>
    <difficult>0</difficult>
    <bndbox>
      <xmin>1080</xmin>
      <ymin>363</ymin>
      <xmax>1438</xmax>
      <ymax>455</ymax>
    </bndbox>
  </object>
  <object>
    <type>bndbox</type>
    <name>ever</name>
    <pose>Unspecified</pose>
    <truncated>0</truncated>
    <difficult>0</difficult>
    <bndbox>
      <xmin>187</xmin>
      <ymin>521</ymin>
      <xmax>464</xmax>
      <ymax>599</ymax>
    </bndbox>
  </object>
  <object>
    <type>bndbox</type>
    <name>gotta</name>
    <pose>Unspecified</pose>
    <truncated>0</truncated>
    <difficult>0</difficult>
    <bndbox>
      <xmin>501</xmin>
      <ymin>521</ymin>
      <xmax>898</xmax>
      <ymax>601</ymax>
    </bndbox>
  </object>
  <object>
    <type>bndbox</type>
    <name>worry</name>
    <pose>Unspecified</pose>
    <truncated>0</truncated>
    <difficult>0</difficult>
    <bndbox>
      <xmin>927</xmin>
      <ymin>520</ymin>
      <xmax>1341</xmax>
      <ymax>601</ymax>
    </bndbox>
  </object>
  <object>
    <type>bndbox</type>
    <name>about</name>
    <pose>Unspecified</pose>
    <truncated>0</truncated>
    <difficult>0</difficult>
    <bndbox>
      <xmin>1372</xmin>
      <ymin>521</ymin>
      <xmax>1768</xmax>
      <ymax>601</ymax>
    </bndbox>
  </object>
  <object>
    <type>bndbox</type>
    <name>the</name>
    <pose>Unspecified</pose>
    <truncated>0</truncated>
    <difficult>0</difficult>
    <bndbox>
      <xmin>629</xmin>
      <ymin>662</ymin>
      <xmax>870</xmax>
      <ymax>755</ymax>
    </bndbox>
  </object>
  <object>
    <type>bndbox</type>
    <name>enemy</name>
    <pose>Unspecified</pose>
    <truncated>0</truncated>
    <difficult>0</difficult>
    <bndbox>
      <xmin>903</xmin>
      <ymin>663</ymin>
      <xmax>1327</xmax>
      <ymax>755</ymax>
    </bndbox>
  </object>
</annotation>
