<annotation verified="no">
  <folder>rpLITtLRltw</folder>
  <filename>11_frame_01081</filename>
  <path>/home/m_1te16262p/Downloads/annotation/&#23665;&#32291;/annotation/rpLITtLRltw/11_frame_01081.jpg</path>
  <source>
    <database>Unknown</database>
  </source>
  <size>
    <width>1920</width>
    <height>1080</height>
    <depth>3</depth>
  </size>
  <segmented>0</segmented>
  <object>
    <type>bndbox</type>
    <name>i</name>
    <pose>Unspecified</pose>
    <truncated>0</truncated>
    <difficult>0</difficult>
    <bndbox>
      <xmin>231</xmin>
      <ymin>446</ymin>
      <xmax>246</xmax>
      <ymax>520</ymax>
    </bndbox>
  </object>
  <object>
    <type>bndbox</type>
    <name>want</name>
    <pose>Unspecified</pose>
    <truncated>0</truncated>
    <difficult>0</difficult>
    <bndbox>
      <xmin>283</xmin>
      <ymin>445</ymin>
      <xmax>597</xmax>
      <ymax>521</ymax>
    </bndbox>
  </object>
  <object>
    <type>bndbox</type>
    <name>it</name>
    <pose>Unspecified</pose>
    <truncated>0</truncated>
    <difficult>0</difficult>
    <bndbox>
      <xmin>632</xmin>
      <ymin>446</ymin>
      <xmax>723</xmax>
      <ymax>521</ymax>
    </bndbox>
  </object>
  <object>
    <type>bndbox</type>
    <name>all</name>
    <pose>Unspecified</pose>
    <truncated>0</truncated>
    <difficult>0</difficult>
    <bndbox>
      <xmin>218</xmin>
      <ymin>564</ymin>
      <xmax>545</xmax>
      <ymax>685</ymax>
    </bndbox>
  </object>
  <object>
    <type>bndbox</type>
    <name>day</name>
    <pose>Unspecified</pose>
    <truncated>0</truncated>
    <difficult>0</difficult>
    <bndbox>
      <xmin>592</xmin>
      <ymin>566</ymin>
      <xmax>949</xmax>
      <ymax>685</ymax>
    </bndbox>
  </object>
  <object>
    <type>bndbox</type>
    <name>long</name>
    <pose>Unspecified</pose>
    <truncated>0</truncated>
    <difficult>0</difficult>
    <bndbox>
      <xmin>225</xmin>
      <ymin>719</ymin>
      <xmax>688</xmax>
      <ymax>840</ymax>
    </bndbox>
  </object>
</annotation>
