<annotation verified="no">
  <folder>a59gmGkq_pw</folder>
  <filename>07_frame_01297</filename>
  <path>/home/ikoma/roLabelImg/&#29983;&#39378;/annotation/a59gmGkq_pw/07_frame_01297.jpg</path>
  <source>
    <database>Unknown</database>
  </source>
  <size>
    <width>1920</width>
    <height>1080</height>
    <depth>3</depth>
  </size>
  <segmented>0</segmented>
  <object>
    <type>bndbox</type>
    <name>ill</name>
    <pose>Unspecified</pose>
    <truncated>0</truncated>
    <difficult>0</difficult>
    <bndbox>
      <xmin>554</xmin>
      <ymin>196</ymin>
      <xmax>777</xmax>
      <ymax>311</ymax>
    </bndbox>
  </object>
  <object>
    <type>bndbox</type>
    <name>be</name>
    <pose>Unspecified</pose>
    <truncated>0</truncated>
    <difficult>0</difficult>
    <bndbox>
      <xmin>830</xmin>
      <ymin>207</ymin>
      <xmax>967</xmax>
      <ymax>307</ymax>
    </bndbox>
  </object>
  <object>
    <type>bndbox</type>
    <name>your</name>
    <pose>Unspecified</pose>
    <truncated>0</truncated>
    <difficult>0</difficult>
    <bndbox>
      <xmin>1021</xmin>
      <ymin>194</ymin>
      <xmax>1308</xmax>
      <ymax>289</ymax>
    </bndbox>
  </object>
  <object>
    <type>bndbox</type>
    <name>lifeline</name>
    <pose>Unspecified</pose>
    <truncated>0</truncated>
    <difficult>0</difficult>
    <bndbox>
      <xmin>466</xmin>
      <ymin>355</ymin>
      <xmax>1471</xmax>
      <ymax>566</ymax>
    </bndbox>
  </object>
  <object>
    <type>bndbox</type>
    <name>tonight</name>
    <pose>Unspecified</pose>
    <truncated>0</truncated>
    <difficult>0</difficult>
    <bndbox>
      <xmin>732</xmin>
      <ymin>583</ymin>
      <xmax>1250</xmax>
      <ymax>711</ymax>
    </bndbox>
  </object>
</annotation>
