<annotation verified="no">
  <folder>a59gmGkq_pw</folder>
  <filename>05_frame_01009</filename>
  <path>/home/ikoma/roLabelImg/&#29983;&#39378;/annotation/a59gmGkq_pw/05_frame_01009.jpg</path>
  <source>
    <database>Unknown</database>
  </source>
  <size>
    <width>1920</width>
    <height>1080</height>
    <depth>3</depth>
  </size>
  <segmented>0</segmented>
  <object>
    <type>bndbox</type>
    <name>i</name>
    <pose>Unspecified</pose>
    <truncated>0</truncated>
    <difficult>0</difficult>
    <bndbox>
      <xmin>459</xmin>
      <ymin>330</ymin>
      <xmax>508</xmax>
      <ymax>433</ymax>
    </bndbox>
  </object>
  <object>
    <type>bndbox</type>
    <name>will</name>
    <pose>Unspecified</pose>
    <truncated>0</truncated>
    <difficult>0</difficult>
    <bndbox>
      <xmin>556</xmin>
      <ymin>328</ymin>
      <xmax>788</xmax>
      <ymax>437</ymax>
    </bndbox>
  </object>
  <object>
    <type>bndbox</type>
    <name>still</name>
    <pose>Unspecified</pose>
    <truncated>0</truncated>
    <difficult>0</difficult>
    <bndbox>
      <xmin>841</xmin>
      <ymin>321</ymin>
      <xmax>1144</xmax>
      <ymax>440</ymax>
    </bndbox>
  </object>
  <object>
    <type>bndbox</type>
    <name>be</name>
    <pose>Unspecified</pose>
    <truncated>0</truncated>
    <difficult>0</difficult>
    <bndbox>
      <xmin>1175</xmin>
      <ymin>334</ymin>
      <xmax>1313</xmax>
      <ymax>424</ymax>
    </bndbox>
  </object>
  <object>
    <type>bndbox</type>
    <name>patient</name>
    <pose>Unspecified</pose>
    <truncated>0</truncated>
    <difficult>0</difficult>
    <bndbox>
      <xmin>513</xmin>
      <ymin>458</ymin>
      <xmax>868</xmax>
      <ymax>573</ymax>
    </bndbox>
  </object>
  <object>
    <type>bndbox</type>
    <name>with</name>
    <pose>Unspecified</pose>
    <truncated>0</truncated>
    <difficult>0</difficult>
    <bndbox>
      <xmin>914</xmin>
      <ymin>459</ymin>
      <xmax>1168</xmax>
      <ymax>555</ymax>
    </bndbox>
  </object>
  <object>
    <type>bndbox</type>
    <name>you</name>
    <pose>Unspecified</pose>
    <truncated>0</truncated>
    <difficult>0</difficult>
    <bndbox>
      <xmin>1195</xmin>
      <ymin>436</ymin>
      <xmax>1465</xmax>
      <ymax>558</ymax>
    </bndbox>
  </object>
</annotation>
