<annotation verified="no">
  <folder>a59gmGkq_pw</folder>
  <filename>09_frame_02377</filename>
  <path>/home/ikoma/roLabelImg/&#29983;&#39378;/annotation/a59gmGkq_pw/09_frame_02377.jpg</path>
  <source>
    <database>Unknown</database>
  </source>
  <size>
    <width>1920</width>
    <height>1080</height>
    <depth>3</depth>
  </size>
  <segmented>0</segmented>
  <object>
    <type>bndbox</type>
    <name>and</name>
    <pose>Unspecified</pose>
    <truncated>0</truncated>
    <difficult>0</difficult>
    <bndbox>
      <xmin>559</xmin>
      <ymin>134</ymin>
      <xmax>792</xmax>
      <ymax>229</ymax>
    </bndbox>
  </object>
  <object>
    <type>bndbox</type>
    <name>time</name>
    <pose>Unspecified</pose>
    <truncated>0</truncated>
    <difficult>0</difficult>
    <bndbox>
      <xmin>651</xmin>
      <ymin>297</ymin>
      <xmax>1246</xmax>
      <ymax>558</ymax>
    </bndbox>
  </object>
  <object>
    <type>bndbox</type>
    <name>may</name>
    <pose>Unspecified</pose>
    <truncated>0</truncated>
    <difficult>0</difficult>
    <bndbox>
      <xmin>544</xmin>
      <ymin>616</ymin>
      <xmax>817</xmax>
      <ymax>768</ymax>
    </bndbox>
  </object>
  <object>
    <type>bndbox</type>
    <name>us</name>
    <pose>Unspecified</pose>
    <truncated>0</truncated>
    <difficult>0</difficult>
    <bndbox>
      <xmin>1172</xmin>
      <ymin>599</ymin>
      <xmax>1336</xmax>
      <ymax>702</ymax>
    </bndbox>
  </object>
  <object>
    <type>robndbox</type>
    <name>take</name>
    <pose>Unspecified</pose>
    <truncated>0</truncated>
    <difficult>0</difficult>
    <robndbox>
      <cx>995.9209</cx>
      <cy>661.1455</cy>
      <w>283.7241</w>
      <h>90.7484</h>
      <angle>3.041593</angle>
    </robndbox>
  </object>
  <object>
    <type>robndbox</type>
    <name>although</name>
    <pose>Unspecified</pose>
    <truncated>0</truncated>
    <difficult>0</difficult>
    <robndbox>
      <cx>1110.1217</cx>
      <cy>199.7641</cy>
      <w>579.0286</w>
      <h>103.0468</h>
      <angle>0.05</angle>
    </robndbox>
  </object>
</annotation>
