<annotation verified="no">
  <folder>a59gmGkq_pw</folder>
  <filename>02_frame_01657</filename>
  <path>/home/ikoma/roLabelImg/&#29983;&#39378;/annotation/a59gmGkq_pw/02_frame_01657.jpg</path>
  <source>
    <database>Unknown</database>
  </source>
  <size>
    <width>1920</width>
    <height>1080</height>
    <depth>3</depth>
  </size>
  <segmented>0</segmented>
  <object>
    <type>bndbox</type>
    <name>cause</name>
    <pose>Unspecified</pose>
    <truncated>0</truncated>
    <difficult>0</difficult>
    <bndbox>
      <xmin>515</xmin>
      <ymin>214</ymin>
      <xmax>969</xmax>
      <ymax>348</ymax>
    </bndbox>
  </object>
  <object>
    <type>bndbox</type>
    <name>we</name>
    <pose>Unspecified</pose>
    <truncated>0</truncated>
    <difficult>0</difficult>
    <bndbox>
      <xmin>1058</xmin>
      <ymin>219</ymin>
      <xmax>1251</xmax>
      <ymax>347</ymax>
    </bndbox>
  </object>
  <object>
    <type>bndbox</type>
    <name>all</name>
    <pose>Unspecified</pose>
    <truncated>0</truncated>
    <difficult>0</difficult>
    <bndbox>
      <xmin>349</xmin>
      <ymin>384</ymin>
      <xmax>719</xmax>
      <ymax>584</ymax>
    </bndbox>
  </object>
  <object>
    <type>bndbox</type>
    <name>get</name>
    <pose>Unspecified</pose>
    <truncated>0</truncated>
    <difficult>0</difficult>
    <bndbox>
      <xmin>758</xmin>
      <ymin>394</ymin>
      <xmax>1159</xmax>
      <ymax>564</ymax>
    </bndbox>
  </object>
  <object>
    <type>bndbox</type>
    <name>sometimes</name>
    <pose>Unspecified</pose>
    <truncated>0</truncated>
    <difficult>0</difficult>
    <bndbox>
      <xmin>441</xmin>
      <ymin>604</ymin>
      <xmax>907</xmax>
      <ymax>694</ymax>
    </bndbox>
  </object>
  <object>
    <type>bndbox</type>
    <name>you</name>
    <pose>Unspecified</pose>
    <truncated>0</truncated>
    <difficult>0</difficult>
    <bndbox>
      <xmin>950</xmin>
      <ymin>613</ymin>
      <xmax>1126</xmax>
      <ymax>695</ymax>
    </bndbox>
  </object>
  <object>
    <type>bndbox</type>
    <name>know</name>
    <pose>Unspecified</pose>
    <truncated>0</truncated>
    <difficult>0</difficult>
    <bndbox>
      <xmin>1165</xmin>
      <ymin>609</ymin>
      <xmax>1442</xmax>
      <ymax>692</ymax>
    </bndbox>
  </object>
  <object>
    <type>bndbox</type>
    <name>lost</name>
    <pose>Unspecified</pose>
    <truncated>0</truncated>
    <difficult>0</difficult>
    <bndbox>
      <xmin>1212</xmin>
      <ymin>389</ymin>
      <xmax>1580</xmax>
      <ymax>563</ymax>
    </bndbox>
  </object>
  <object>
    <type>bndbox</type>
    <name>all</name>
    <pose>Unspecified</pose>
    <truncated>0</truncated>
    <difficult>0</difficult>
    <bndbox>
      <xmin>52</xmin>
      <ymin>831</ymin>
      <xmax>575</xmax>
      <ymax>932</ymax>
    </bndbox>
  </object>
  <object>
    <type>bndbox</type>
    <name>get</name>
    <pose>Unspecified</pose>
    <truncated>0</truncated>
    <difficult>0</difficult>
    <bndbox>
      <xmin>642</xmin>
      <ymin>810</ymin>
      <xmax>1147</xmax>
      <ymax>897</ymax>
    </bndbox>
  </object>
  <object>
    <type>bndbox</type>
    <name>lost</name>
    <pose>Unspecified</pose>
    <truncated>0</truncated>
    <difficult>0</difficult>
    <bndbox>
      <xmin>1258</xmin>
      <ymin>811</ymin>
      <xmax>1922</xmax>
      <ymax>923</ymax>
    </bndbox>
  </object>
  <object>
    <type>bndbox</type>
    <name>sometimes</name>
    <pose>Unspecified</pose>
    <truncated>0</truncated>
    <difficult>0</difficult>
    <bndbox>
      <xmin>133</xmin>
      <ymin>923</ymin>
      <xmax>856</xmax>
      <ymax>987</ymax>
    </bndbox>
  </object>
  <object>
    <type>bndbox</type>
    <name>you</name>
    <pose>Unspecified</pose>
    <truncated>0</truncated>
    <difficult>0</difficult>
    <bndbox>
      <xmin>929</xmin>
      <ymin>927</ymin>
      <xmax>1199</xmax>
      <ymax>999</ymax>
    </bndbox>
  </object>
  <object>
    <type>robndbox</type>
    <name>know</name>
    <pose>Unspecified</pose>
    <truncated>0</truncated>
    <difficult>0</difficult>
    <robndbox>
      <cx>1566.04</cx>
      <cy>986.9695</cy>
      <w>540.2329</w>
      <h>68.7793</h>
      <angle>0.08</angle>
    </robndbox>
  </object>
</annotation>
