<annotation verified="no">
  <folder>a59gmGkq_pw</folder>
  <filename>01_frame_01801</filename>
  <path>/home/ikoma/roLabelImg/&#29983;&#39378;/annotation/a59gmGkq_pw/01_frame_01801.jpg</path>
  <source>
    <database>Unknown</database>
  </source>
  <size>
    <width>1920</width>
    <height>1080</height>
    <depth>3</depth>
  </size>
  <segmented>0</segmented>
  <object>
    <type>bndbox</type>
    <name>its</name>
    <pose>Unspecified</pose>
    <truncated>0</truncated>
    <difficult>0</difficult>
    <bndbox>
      <xmin>401</xmin>
      <ymin>282</ymin>
      <xmax>597</xmax>
      <ymax>383</ymax>
    </bndbox>
  </object>
  <object>
    <type>bndbox</type>
    <name>how</name>
    <pose>Unspecified</pose>
    <truncated>0</truncated>
    <difficult>0</difficult>
    <bndbox>
      <xmin>653</xmin>
      <ymin>269</ymin>
      <xmax>890</xmax>
      <ymax>372</ymax>
    </bndbox>
  </object>
  <object>
    <type>bndbox</type>
    <name>we</name>
    <pose>Unspecified</pose>
    <truncated>0</truncated>
    <difficult>0</difficult>
    <bndbox>
      <xmin>953</xmin>
      <ymin>267</ymin>
      <xmax>1125</xmax>
      <ymax>385</ymax>
    </bndbox>
  </object>
  <object>
    <type>bndbox</type>
    <name>and</name>
    <pose>Unspecified</pose>
    <truncated>0</truncated>
    <difficult>0</difficult>
    <bndbox>
      <xmin>903</xmin>
      <ymin>426</ymin>
      <xmax>1042</xmax>
      <ymax>489</ymax>
    </bndbox>
  </object>
  <object>
    <type>bndbox</type>
    <name>how</name>
    <pose>Unspecified</pose>
    <truncated>0</truncated>
    <difficult>0</difficult>
    <bndbox>
      <xmin>582</xmin>
      <ymin>514</ymin>
      <xmax>828</xmax>
      <ymax>629</ymax>
    </bndbox>
  </object>
  <object>
    <type>bndbox</type>
    <name>we</name>
    <pose>Unspecified</pose>
    <truncated>0</truncated>
    <difficult>0</difficult>
    <bndbox>
      <xmin>868</xmin>
      <ymin>517</ymin>
      <xmax>1042</xmax>
      <ymax>626</ymax>
    </bndbox>
  </object>
  <object>
    <type>bndbox</type>
    <name>learn</name>
    <pose>Unspecified</pose>
    <truncated>0</truncated>
    <difficult>0</difficult>
    <bndbox>
      <xmin>1195</xmin>
      <ymin>282</ymin>
      <xmax>1531</xmax>
      <ymax>392</ymax>
    </bndbox>
  </object>
  <object>
    <type>bndbox</type>
    <name>grow</name>
    <pose>Unspecified</pose>
    <truncated>0</truncated>
    <difficult>0</difficult>
    <bndbox>
      <xmin>1067</xmin>
      <ymin>532</ymin>
      <xmax>1393</xmax>
      <ymax>636</ymax>
    </bndbox>
  </object>
  <object>
    <type>bndbox</type>
    <name>how</name>
    <pose>Unspecified</pose>
    <truncated>0</truncated>
    <difficult>0</difficult>
    <bndbox>
      <xmin>390</xmin>
      <ymin>889</ymin>
      <xmax>734</xmax>
      <ymax>943</ymax>
    </bndbox>
  </object>
  <object>
    <type>bndbox</type>
    <name>we</name>
    <pose>Unspecified</pose>
    <truncated>0</truncated>
    <difficult>0</difficult>
    <bndbox>
      <xmin>803</xmin>
      <ymin>858</ymin>
      <xmax>1034</xmax>
      <ymax>935</ymax>
    </bndbox>
  </object>
  <object>
    <type>bndbox</type>
    <name>and</name>
    <pose>Unspecified</pose>
    <truncated>0</truncated>
    <difficult>0</difficult>
    <bndbox>
      <xmin>822</xmin>
      <ymin>790</ymin>
      <xmax>974</xmax>
      <ymax>848</ymax>
    </bndbox>
  </object>
  <object>
    <type>robndbox</type>
    <name>how</name>
    <pose>Unspecified</pose>
    <truncated>0</truncated>
    <difficult>0</difficult>
    <robndbox>
      <cx>639.157</cx>
      <cy>799.5237</cy>
      <w>255.3474</w>
      <h>57.799</h>
      <angle>2.941593</angle>
    </robndbox>
  </object>
  <object>
    <type>robndbox</type>
    <name>learn</name>
    <pose>Unspecified</pose>
    <truncated>0</truncated>
    <difficult>0</difficult>
    <robndbox>
      <cx>1431.006</cx>
      <cy>792.95</cy>
      <w>558.6805</w>
      <h>74.613</h>
      <angle>0.02</angle>
    </robndbox>
  </object>
  <object>
    <type>robndbox</type>
    <name>its</name>
    <pose>Unspecified</pose>
    <truncated>0</truncated>
    <difficult>0</difficult>
    <robndbox>
      <cx>320.8216</cx>
      <cy>819.3511</cy>
      <w>228.0295</w>
      <h>54.539</h>
      <angle>3.041593</angle>
    </robndbox>
  </object>
  <object>
    <type>robndbox</type>
    <name>grow</name>
    <pose>Unspecified</pose>
    <truncated>0</truncated>
    <difficult>0</difficult>
    <robndbox>
      <cx>1376.5854</cx>
      <cy>927.7856</cy>
      <w>553.0009</w>
      <h>66.0384</h>
      <angle>0.04</angle>
    </robndbox>
  </object>
</annotation>
