<annotation verified="no">
  <folder>a59gmGkq_pw</folder>
  <filename>03_frame_00505</filename>
  <path>/home/ikoma/roLabelImg/&#29983;&#39378;/annotation/a59gmGkq_pw/03_frame_00505.jpg</path>
  <source>
    <database>Unknown</database>
  </source>
  <size>
    <width>1920</width>
    <height>1080</height>
    <depth>3</depth>
  </size>
  <segmented>0</segmented>
  <object>
    <type>bndbox</type>
    <name>you</name>
    <pose>Unspecified</pose>
    <truncated>0</truncated>
    <difficult>0</difficult>
    <bndbox>
      <xmin>377</xmin>
      <ymin>237</ymin>
      <xmax>652</xmax>
      <ymax>344</ymax>
    </bndbox>
  </object>
  <object>
    <type>bndbox</type>
    <name>shouldnt</name>
    <pose>Unspecified</pose>
    <truncated>0</truncated>
    <difficult>0</difficult>
    <bndbox>
      <xmin>689</xmin>
      <ymin>219</ymin>
      <xmax>1298</xmax>
      <ymax>367</ymax>
    </bndbox>
  </object>
  <object>
    <type>bndbox</type>
    <name>be</name>
    <pose>Unspecified</pose>
    <truncated>0</truncated>
    <difficult>0</difficult>
    <bndbox>
      <xmin>1364</xmin>
      <ymin>214</ymin>
      <xmax>1541</xmax>
      <ymax>342</ymax>
    </bndbox>
  </object>
  <object>
    <type>bndbox</type>
    <name>drowning</name>
    <pose>Unspecified</pose>
    <truncated>0</truncated>
    <difficult>0</difficult>
    <bndbox>
      <xmin>549</xmin>
      <ymin>369</ymin>
      <xmax>1375</xmax>
      <ymax>554</ymax>
    </bndbox>
  </object>
  <object>
    <type>bndbox</type>
    <name>on</name>
    <pose>Unspecified</pose>
    <truncated>0</truncated>
    <difficult>0</difficult>
    <bndbox>
      <xmin>703</xmin>
      <ymin>581</ymin>
      <xmax>892</xmax>
      <ymax>686</ymax>
    </bndbox>
  </object>
  <object>
    <type>bndbox</type>
    <name>your</name>
    <pose>Unspecified</pose>
    <truncated>0</truncated>
    <difficult>0</difficult>
    <bndbox>
      <xmin>927</xmin>
      <ymin>580</ymin>
      <xmax>1272</xmax>
      <ymax>698</ymax>
    </bndbox>
  </object>
  <object>
    <type>bndbox</type>
    <name>own</name>
    <pose>Unspecified</pose>
    <truncated>0</truncated>
    <difficult>0</difficult>
    <bndbox>
      <xmin>1307</xmin>
      <ymin>569</ymin>
      <xmax>1566</xmax>
      <ymax>687</ymax>
    </bndbox>
  </object>
  <object>
    <type>bndbox</type>
    <name>drowning</name>
    <pose>Unspecified</pose>
    <truncated>0</truncated>
    <difficult>0</difficult>
    <bndbox>
      <xmin>368</xmin>
      <ymin>766</ymin>
      <xmax>1604</xmax>
      <ymax>909</ymax>
    </bndbox>
  </object>
  <object>
    <type>bndbox</type>
    <name>on</name>
    <pose>Unspecified</pose>
    <truncated>0</truncated>
    <difficult>0</difficult>
    <bndbox>
      <xmin>561</xmin>
      <ymin>897</ymin>
      <xmax>835</xmax>
      <ymax>976</ymax>
    </bndbox>
  </object>
  <object>
    <type>robndbox</type>
    <name>you</name>
    <pose>Unspecified</pose>
    <truncated>0</truncated>
    <difficult>0</difficult>
    <robndbox>
      <cx>376.0443</cx>
      <cy>750.3354</cy>
      <w>301.0</w>
      <h>73.0</h>
      <angle>0.0</angle>
    </robndbox>
  </object>
  <object>
    <type>robndbox</type>
    <name>shouldnt</name>
    <pose>Unspecified</pose>
    <truncated>0</truncated>
    <difficult>0</difficult>
    <robndbox>
      <cx>878.5443</cx>
      <cy>723.8354</cy>
      <w>600.0</w>
      <h>100.0</h>
      <angle>0.0</angle>
    </robndbox>
  </object>
  <object>
    <type>robndbox</type>
    <name>your</name>
    <pose>Unspecified</pose>
    <truncated>0</truncated>
    <difficult>0</difficult>
    <robndbox>
      <cx>1191.4882</cx>
      <cy>951.9448</cy>
      <w>566.3948</w>
      <h>108.4758</h>
      <angle>0.02</angle>
    </robndbox>
  </object>
</annotation>
