<annotation verified="no">
  <folder>a59gmGkq_pw</folder>
  <filename>04_frame_01945</filename>
  <path>/home/ikoma/roLabelImg/&#29983;&#39378;/annotation/a59gmGkq_pw/04_frame_01945.jpg</path>
  <source>
    <database>Unknown</database>
  </source>
  <size>
    <width>1920</width>
    <height>1080</height>
    <depth>3</depth>
  </size>
  <segmented>0</segmented>
  <object>
    <type>bndbox</type>
    <name>and</name>
    <pose>Unspecified</pose>
    <truncated>0</truncated>
    <difficult>0</difficult>
    <bndbox>
      <xmin>817</xmin>
      <ymin>187</ymin>
      <xmax>1031</xmax>
      <ymax>265</ymax>
    </bndbox>
  </object>
  <object>
    <type>bndbox</type>
    <name>i</name>
    <pose>Unspecified</pose>
    <truncated>0</truncated>
    <difficult>0</difficult>
    <bndbox>
      <xmin>527</xmin>
      <ymin>295</ymin>
      <xmax>629</xmax>
      <ymax>448</ymax>
    </bndbox>
  </object>
  <object>
    <type>bndbox</type>
    <name>wanna</name>
    <pose>Unspecified</pose>
    <truncated>0</truncated>
    <difficult>0</difficult>
    <bndbox>
      <xmin>661</xmin>
      <ymin>290</ymin>
      <xmax>1174</xmax>
      <ymax>456</ymax>
    </bndbox>
  </object>
  <object>
    <type>bndbox</type>
    <name>lay</name>
    <pose>Unspecified</pose>
    <truncated>0</truncated>
    <difficult>0</difficult>
    <bndbox>
      <xmin>1201</xmin>
      <ymin>270</ymin>
      <xmax>1392</xmax>
      <ymax>512</ymax>
    </bndbox>
  </object>
  <object>
    <type>bndbox</type>
    <name>with</name>
    <pose>Unspecified</pose>
    <truncated>0</truncated>
    <difficult>0</difficult>
    <bndbox>
      <xmin>738</xmin>
      <ymin>443</ymin>
      <xmax>935</xmax>
      <ymax>536</ymax>
    </bndbox>
  </object>
  <object>
    <type>bndbox</type>
    <name>you</name>
    <pose>Unspecified</pose>
    <truncated>0</truncated>
    <difficult>0</difficult>
    <bndbox>
      <xmin>975</xmin>
      <ymin>445</ymin>
      <xmax>1193</xmax>
      <ymax>554</ymax>
    </bndbox>
  </object>
  <object>
    <type>bndbox</type>
    <name>til</name>
    <pose>Unspecified</pose>
    <truncated>0</truncated>
    <difficult>0</difficult>
    <bndbox>
      <xmin>548</xmin>
      <ymin>559</ymin>
      <xmax>742</xmax>
      <ymax>737</ymax>
    </bndbox>
  </object>
  <object>
    <type>bndbox</type>
    <name>im</name>
    <pose>Unspecified</pose>
    <truncated>0</truncated>
    <difficult>0</difficult>
    <bndbox>
      <xmin>783</xmin>
      <ymin>577</ymin>
      <xmax>1052</xmax>
      <ymax>726</ymax>
    </bndbox>
  </object>
  <object>
    <type>bndbox</type>
    <name>old</name>
    <pose>Unspecified</pose>
    <truncated>0</truncated>
    <difficult>0</difficult>
    <bndbox>
      <xmin>1068</xmin>
      <ymin>585</ymin>
      <xmax>1323</xmax>
      <ymax>706</ymax>
    </bndbox>
  </object>
  <object>
    <type>robndbox</type>
    <name>i</name>
    <pose>Unspecified</pose>
    <truncated>0</truncated>
    <difficult>0</difficult>
    <robndbox>
      <cx>405.5443</cx>
      <cy>821.8354</cy>
      <w>86.0</w>
      <h>116.0</h>
      <angle>0.2</angle>
    </robndbox>
  </object>
  <object>
    <type>robndbox</type>
    <name>wanna</name>
    <pose>Unspecified</pose>
    <truncated>0</truncated>
    <difficult>0</difficult>
    <robndbox>
      <cx>811.4745</cx>
      <cy>784.5648</cy>
      <w>627.4672</w>
      <h>91.6078</h>
      <angle>3.061593</angle>
    </robndbox>
  </object>
  <object>
    <type>robndbox</type>
    <name>lay</name>
    <pose>Unspecified</pose>
    <truncated>0</truncated>
    <difficult>0</difficult>
    <robndbox>
      <cx>1363.3494</cx>
      <cy>812.0623</cy>
      <w>332.6448</w>
      <h>206.2754</h>
      <angle>3.041593</angle>
    </robndbox>
  </object>
  <object>
    <type>robndbox</type>
    <name>with</name>
    <pose>Unspecified</pose>
    <truncated>0</truncated>
    <difficult>0</difficult>
    <robndbox>
      <cx>750.0443</cx>
      <cy>874.8354</cy>
      <w>255.0</w>
      <h>90.0</h>
      <angle>0.0</angle>
    </robndbox>
  </object>
  <object>
    <type>robndbox</type>
    <name>you</name>
    <pose>Unspecified</pose>
    <truncated>0</truncated>
    <difficult>0</difficult>
    <robndbox>
      <cx>1113.0443</cx>
      <cy>876.3354</cy>
      <w>353.0</w>
      <h>119.0</h>
      <angle>0.0</angle>
    </robndbox>
  </object>
  <object>
    <type>robndbox</type>
    <name>till</name>
    <pose>Unspecified</pose>
    <truncated>0</truncated>
    <difficult>0</difficult>
    <robndbox>
      <cx>448.1294</cx>
      <cy>986.6664</cy>
      <w>308.4853</w>
      <h>119.0537</h>
      <angle>0.1</angle>
    </robndbox>
  </object>
  <object>
    <type>robndbox</type>
    <name>im</name>
    <pose>Unspecified</pose>
    <truncated>0</truncated>
    <difficult>0</difficult>
    <robndbox>
      <cx>891.0443</cx>
      <cy>1006.8354</cy>
      <w>427.0</w>
      <h>116.0</h>
      <angle>0.0</angle>
    </robndbox>
  </object>
  <object>
    <type>robndbox</type>
    <name>old</name>
    <pose>Unspecified</pose>
    <truncated>0</truncated>
    <difficult>0</difficult>
    <robndbox>
      <cx>1387.5443</cx>
      <cy>1007.3354</cy>
      <w>442.0</w>
      <h>91.0</h>
      <angle>0.0</angle>
    </robndbox>
  </object>
</annotation>
