<annotation verified="no">
  <folder>U3hIkCsyVew</folder>
  <filename>03_frame_01945</filename>
  <path>/home/mitsuo/roLabelImg-master/&#28288;&#23614;/annotation/U3hIkCsyVew/03_frame_01945.jpg</path>
  <source>
    <database>Unknown</database>
  </source>
  <size>
    <width>1920</width>
    <height>1080</height>
    <depth>3</depth>
  </size>
  <segmented>0</segmented>
  <object>
    <type>bndbox</type>
    <name>thats</name>
    <pose>Unspecified</pose>
    <truncated>0</truncated>
    <difficult>0</difficult>
    <bndbox>
      <xmin>87</xmin>
      <ymin>280</ymin>
      <xmax>350</xmax>
      <ymax>353</ymax>
    </bndbox>
  </object>
  <object>
    <type>bndbox</type>
    <name>the</name>
    <pose>Unspecified</pose>
    <truncated>0</truncated>
    <difficult>0</difficult>
    <bndbox>
      <xmin>379</xmin>
      <ymin>284</ymin>
      <xmax>513</xmax>
      <ymax>352</ymax>
    </bndbox>
  </object>
  <object>
    <type>bndbox</type>
    <name>next</name>
    <pose>Unspecified</pose>
    <truncated>0</truncated>
    <difficult>0</difficult>
    <bndbox>
      <xmin>547</xmin>
      <ymin>283</ymin>
      <xmax>731</xmax>
      <ymax>352</ymax>
    </bndbox>
  </object>
  <object>
    <type>bndbox</type>
    <name>place</name>
    <pose>Unspecified</pose>
    <truncated>0</truncated>
    <difficult>0</difficult>
    <bndbox>
      <xmin>757</xmin>
      <ymin>280</ymin>
      <xmax>989</xmax>
      <ymax>363</ymax>
    </bndbox>
  </object>
  <object>
    <type>bndbox</type>
    <name>that</name>
    <pose>Unspecified</pose>
    <truncated>0</truncated>
    <difficult>0</difficult>
    <bndbox>
      <xmin>1018</xmin>
      <ymin>280</ymin>
      <xmax>1183</xmax>
      <ymax>355</ymax>
    </bndbox>
  </object>
  <object>
    <type>bndbox</type>
    <name>im</name>
    <pose>Unspecified</pose>
    <truncated>0</truncated>
    <difficult>0</difficult>
    <bndbox>
      <xmin>1211</xmin>
      <ymin>281</ymin>
      <xmax>1335</xmax>
      <ymax>356</ymax>
    </bndbox>
  </object>
  <object>
    <type>bndbox</type>
    <name>tryna</name>
    <pose>Unspecified</pose>
    <truncated>0</truncated>
    <difficult>0</difficult>
    <bndbox>
      <xmin>1369</xmin>
      <ymin>283</ymin>
      <xmax>1579</xmax>
      <ymax>367</ymax>
    </bndbox>
  </object>
  <object>
    <type>bndbox</type>
    <name>go</name>
    <pose>Unspecified</pose>
    <truncated>0</truncated>
    <difficult>0</difficult>
    <bndbox>
      <xmin>1615</xmin>
      <ymin>297</ymin>
      <xmax>1717</xmax>
      <ymax>368</ymax>
    </bndbox>
  </object>
  <object>
    <type>bndbox</type>
    <name>but</name>
    <pose>Unspecified</pose>
    <truncated>0</truncated>
    <difficult>0</difficult>
    <bndbox>
      <xmin>305</xmin>
      <ymin>693</ymin>
      <xmax>427</xmax>
      <ymax>759</ymax>
    </bndbox>
  </object>
  <object>
    <type>bndbox</type>
    <name>right</name>
    <pose>Unspecified</pose>
    <truncated>0</truncated>
    <difficult>0</difficult>
    <bndbox>
      <xmin>451</xmin>
      <ymin>696</ymin>
      <xmax>623</xmax>
      <ymax>771</ymax>
    </bndbox>
  </object>
  <object>
    <type>bndbox</type>
    <name>now</name>
    <pose>Unspecified</pose>
    <truncated>0</truncated>
    <difficult>0</difficult>
    <bndbox>
      <xmin>649</xmin>
      <ymin>703</ymin>
      <xmax>803</xmax>
      <ymax>759</ymax>
    </bndbox>
  </object>
  <object>
    <type>bndbox</type>
    <name>im</name>
    <pose>Unspecified</pose>
    <truncated>0</truncated>
    <difficult>0</difficult>
    <bndbox>
      <xmin>827</xmin>
      <ymin>693</ymin>
      <xmax>943</xmax>
      <ymax>757</ymax>
    </bndbox>
  </object>
  <object>
    <type>bndbox</type>
    <name>just</name>
    <pose>Unspecified</pose>
    <truncated>0</truncated>
    <difficult>0</difficult>
    <bndbox>
      <xmin>962</xmin>
      <ymin>695</ymin>
      <xmax>1106</xmax>
      <ymax>772</ymax>
    </bndbox>
  </object>
  <object>
    <type>bndbox</type>
    <name>gone</name>
    <pose>Unspecified</pose>
    <truncated>0</truncated>
    <difficult>0</difficult>
    <bndbox>
      <xmin>1130</xmin>
      <ymin>708</ymin>
      <xmax>1319</xmax>
      <ymax>771</ymax>
    </bndbox>
  </object>
  <object>
    <type>bndbox</type>
    <name>focus</name>
    <pose>Unspecified</pose>
    <truncated>0</truncated>
    <difficult>0</difficult>
    <bndbox>
      <xmin>1347</xmin>
      <ymin>693</ymin>
      <xmax>1554</xmax>
      <ymax>760</ymax>
    </bndbox>
  </object>
  <object>
    <type>bndbox</type>
    <name>on</name>
    <pose>Unspecified</pose>
    <truncated>0</truncated>
    <difficult>0</difficult>
    <bndbox>
      <xmin>1578</xmin>
      <ymin>703</ymin>
      <xmax>1674</xmax>
      <ymax>755</ymax>
    </bndbox>
  </object>
  <object>
    <type>bndbox</type>
    <name>you</name>
    <pose>Unspecified</pose>
    <truncated>0</truncated>
    <difficult>0</difficult>
    <bndbox>
      <xmin>1699</xmin>
      <ymin>708</ymin>
      <xmax>1838</xmax>
      <ymax>768</ymax>
    </bndbox>
  </object>
</annotation>
