<annotation verified="no">
  <folder>U3hIkCsyVew</folder>
  <filename>09_frame_01873</filename>
  <path>/home/mitsuo/roLabelImg-master/&#28288;&#23614;/annotation/U3hIkCsyVew/09_frame_01873.jpg</path>
  <source>
    <database>Unknown</database>
  </source>
  <size>
    <width>1920</width>
    <height>1080</height>
    <depth>3</depth>
  </size>
  <segmented>0</segmented>
  <object>
    <type>bndbox</type>
    <name>its</name>
    <pose>Unspecified</pose>
    <truncated>0</truncated>
    <difficult>0</difficult>
    <bndbox>
      <xmin>101</xmin>
      <ymin>277</ymin>
      <xmax>227</xmax>
      <ymax>351</ymax>
    </bndbox>
  </object>
  <object>
    <type>bndbox</type>
    <name>feeling</name>
    <pose>Unspecified</pose>
    <truncated>0</truncated>
    <difficult>0</difficult>
    <bndbox>
      <xmin>255</xmin>
      <ymin>277</ymin>
      <xmax>497</xmax>
      <ymax>353</ymax>
    </bndbox>
  </object>
  <object>
    <type>bndbox</type>
    <name>good</name>
    <pose>Unspecified</pose>
    <truncated>0</truncated>
    <difficult>0</difficult>
    <bndbox>
      <xmin>527</xmin>
      <ymin>277</ymin>
      <xmax>747</xmax>
      <ymax>365</ymax>
    </bndbox>
  </object>
  <object>
    <type>bndbox</type>
    <name>but</name>
    <pose>Unspecified</pose>
    <truncated>0</truncated>
    <difficult>0</difficult>
    <bndbox>
      <xmin>782</xmin>
      <ymin>277</ymin>
      <xmax>921</xmax>
      <ymax>355</ymax>
    </bndbox>
  </object>
  <object>
    <type>bndbox</type>
    <name>my</name>
    <pose>Unspecified</pose>
    <truncated>0</truncated>
    <difficult>0</difficult>
    <bndbox>
      <xmin>950</xmin>
      <ymin>297</ymin>
      <xmax>1081</xmax>
      <ymax>367</ymax>
    </bndbox>
  </object>
  <object>
    <type>bndbox</type>
    <name>eyes</name>
    <pose>Unspecified</pose>
    <truncated>0</truncated>
    <difficult>0</difficult>
    <bndbox>
      <xmin>1111</xmin>
      <ymin>293</ymin>
      <xmax>1318</xmax>
      <ymax>367</ymax>
    </bndbox>
  </object>
  <object>
    <type>bndbox</type>
    <name>closed</name>
    <pose>Unspecified</pose>
    <truncated>0</truncated>
    <difficult>0</difficult>
    <bndbox>
      <xmin>1354</xmin>
      <ymin>277</ymin>
      <xmax>1639</xmax>
      <ymax>353</ymax>
    </bndbox>
  </object>
  <object>
    <type>bndbox</type>
    <name>also</name>
    <pose>Unspecified</pose>
    <truncated>0</truncated>
    <difficult>0</difficult>
    <bndbox>
      <xmin>142</xmin>
      <ymin>652</ymin>
      <xmax>342</xmax>
      <ymax>721</ymax>
    </bndbox>
  </object>
  <object>
    <type>bndbox</type>
    <name>have</name>
    <pose>Unspecified</pose>
    <truncated>0</truncated>
    <difficult>0</difficult>
    <bndbox>
      <xmin>374</xmin>
      <ymin>652</ymin>
      <xmax>586</xmax>
      <ymax>723</ymax>
    </bndbox>
  </object>
  <object>
    <type>bndbox</type>
    <name>love</name>
    <pose>Unspecified</pose>
    <truncated>0</truncated>
    <difficult>0</difficult>
    <bndbox>
      <xmin>621</xmin>
      <ymin>651</ymin>
      <xmax>802</xmax>
      <ymax>725</ymax>
    </bndbox>
  </object>
  <object>
    <type>bndbox</type>
    <name>for</name>
    <pose>Unspecified</pose>
    <truncated>0</truncated>
    <difficult>0</difficult>
    <bndbox>
      <xmin>829</xmin>
      <ymin>649</ymin>
      <xmax>951</xmax>
      <ymax>721</ymax>
    </bndbox>
  </object>
  <object>
    <type>bndbox</type>
    <name>them</name>
    <pose>Unspecified</pose>
    <truncated>0</truncated>
    <difficult>0</difficult>
    <bndbox>
      <xmin>977</xmin>
      <ymin>652</ymin>
      <xmax>1199</xmax>
      <ymax>723</ymax>
    </bndbox>
  </object>
  <object>
    <type>bndbox</type>
    <name>island</name>
    <pose>Unspecified</pose>
    <truncated>0</truncated>
    <difficult>0</difficult>
    <bndbox>
      <xmin>1233</xmin>
      <ymin>649</ymin>
      <xmax>1491</xmax>
      <ymax>724</ymax>
    </bndbox>
  </object>
  <object>
    <type>bndbox</type>
    <name>hoes</name>
    <pose>Unspecified</pose>
    <truncated>0</truncated>
    <difficult>0</difficult>
    <bndbox>
      <xmin>1526</xmin>
      <ymin>651</ymin>
      <xmax>1737</xmax>
      <ymax>727</ymax>
    </bndbox>
  </object>
</annotation>
