<annotation verified="no">
  <folder>U3hIkCsyVew</folder>
  <filename>06_frame_00649</filename>
  <path>/home/mitsuo/roLabelImg-master/&#28288;&#23614;/annotation/U3hIkCsyVew/06_frame_00649.jpg</path>
  <source>
    <database>Unknown</database>
  </source>
  <size>
    <width>1920</width>
    <height>1080</height>
    <depth>3</depth>
  </size>
  <segmented>0</segmented>
  <object>
    <type>bndbox</type>
    <name>she</name>
    <pose>Unspecified</pose>
    <truncated>0</truncated>
    <difficult>0</difficult>
    <bndbox>
      <xmin>1343</xmin>
      <ymin>429</ymin>
      <xmax>1470</xmax>
      <ymax>487</ymax>
    </bndbox>
  </object>
  <object>
    <type>bndbox</type>
    <name>hit</name>
    <pose>Unspecified</pose>
    <truncated>0</truncated>
    <difficult>0</difficult>
    <bndbox>
      <xmin>1498</xmin>
      <ymin>427</ymin>
      <xmax>1587</xmax>
      <ymax>487</ymax>
    </bndbox>
  </object>
  <object>
    <type>bndbox</type>
    <name>my</name>
    <pose>Unspecified</pose>
    <truncated>0</truncated>
    <difficult>0</difficult>
    <bndbox>
      <xmin>1613</xmin>
      <ymin>437</ymin>
      <xmax>1719</xmax>
      <ymax>497</ymax>
    </bndbox>
  </object>
  <object>
    <type>bndbox</type>
    <name>dm</name>
    <pose>Unspecified</pose>
    <truncated>0</truncated>
    <difficult>0</difficult>
    <bndbox>
      <xmin>1743</xmin>
      <ymin>424</ymin>
      <xmax>1865</xmax>
      <ymax>484</ymax>
    </bndbox>
  </object>
  <object>
    <type>bndbox</type>
    <name>a</name>
    <pose>Unspecified</pose>
    <truncated>0</truncated>
    <difficult>0</difficult>
    <bndbox>
      <xmin>1342</xmin>
      <ymin>553</ymin>
      <xmax>1375</xmax>
      <ymax>592</ymax>
    </bndbox>
  </object>
  <object>
    <type>bndbox</type>
    <name>couple</name>
    <pose>Unspecified</pose>
    <truncated>0</truncated>
    <difficult>0</difficult>
    <bndbox>
      <xmin>1398</xmin>
      <ymin>544</ymin>
      <xmax>1589</xmax>
      <ymax>597</ymax>
    </bndbox>
  </object>
  <object>
    <type>bndbox</type>
    <name>of</name>
    <pose>Unspecified</pose>
    <truncated>0</truncated>
    <difficult>0</difficult>
    <bndbox>
      <xmin>1611</xmin>
      <ymin>544</ymin>
      <xmax>1670</xmax>
      <ymax>596</ymax>
    </bndbox>
  </object>
  <object>
    <type>bndbox</type>
    <name>hearts</name>
    <pose>Unspecified</pose>
    <truncated>0</truncated>
    <difficult>0</difficult>
    <bndbox>
      <xmin>1685</xmin>
      <ymin>544</ymin>
      <xmax>1865</xmax>
      <ymax>597</ymax>
    </bndbox>
  </object>
</annotation>
