<annotation verified="no">
  <folder>U3hIkCsyVew</folder>
  <filename>07_frame_00793</filename>
  <path>/home/mitsuo/roLabelImg-master/&#28288;&#23614;/annotation/U3hIkCsyVew/07_frame_00793.jpg</path>
  <source>
    <database>Unknown</database>
  </source>
  <size>
    <width>1920</width>
    <height>1080</height>
    <depth>3</depth>
  </size>
  <segmented>0</segmented>
  <object>
    <type>bndbox</type>
    <name>all</name>
    <pose>Unspecified</pose>
    <truncated>0</truncated>
    <difficult>0</difficult>
    <bndbox>
      <xmin>733</xmin>
      <ymin>516</ymin>
      <xmax>799</xmax>
      <ymax>565</ymax>
    </bndbox>
  </object>
  <object>
    <type>bndbox</type>
    <name>we</name>
    <pose>Unspecified</pose>
    <truncated>0</truncated>
    <difficult>0</difficult>
    <bndbox>
      <xmin>817</xmin>
      <ymin>521</ymin>
      <xmax>902</xmax>
      <ymax>564</ymax>
    </bndbox>
  </object>
  <object>
    <type>bndbox</type>
    <name>do</name>
    <pose>Unspecified</pose>
    <truncated>0</truncated>
    <difficult>0</difficult>
    <bndbox>
      <xmin>921</xmin>
      <ymin>516</ymin>
      <xmax>991</xmax>
      <ymax>565</ymax>
    </bndbox>
  </object>
  <object>
    <type>bndbox</type>
    <name>is</name>
    <pose>Unspecified</pose>
    <truncated>0</truncated>
    <difficult>0</difficult>
    <bndbox>
      <xmin>1011</xmin>
      <ymin>512</ymin>
      <xmax>1058</xmax>
      <ymax>563</ymax>
    </bndbox>
  </object>
  <object>
    <type>bndbox</type>
    <name>talk</name>
    <pose>Unspecified</pose>
    <truncated>0</truncated>
    <difficult>0</difficult>
    <bndbox>
      <xmin>1075</xmin>
      <ymin>513</ymin>
      <xmax>1181</xmax>
      <ymax>563</ymax>
    </bndbox>
  </object>
</annotation>
