<annotation verified="no">
  <folder>U3hIkCsyVew</folder>
  <filename>08_frame_01729</filename>
  <path>/home/mitsuo/roLabelImg-master/&#28288;&#23614;/annotation/U3hIkCsyVew/08_frame_01729.jpg</path>
  <source>
    <database>Unknown</database>
  </source>
  <size>
    <width>1920</width>
    <height>1080</height>
    <depth>3</depth>
  </size>
  <segmented>0</segmented>
  <object>
    <type>bndbox</type>
    <name>got</name>
    <pose>Unspecified</pose>
    <truncated>0</truncated>
    <difficult>0</difficult>
    <bndbox>
      <xmin>119</xmin>
      <ymin>279</ymin>
      <xmax>278</xmax>
      <ymax>352</ymax>
    </bndbox>
  </object>
  <object>
    <type>bndbox</type>
    <name>a</name>
    <pose>Unspecified</pose>
    <truncated>0</truncated>
    <difficult>0</difficult>
    <bndbox>
      <xmin>307</xmin>
      <ymin>297</ymin>
      <xmax>362</xmax>
      <ymax>353</ymax>
    </bndbox>
  </object>
  <object>
    <type>bndbox</type>
    <name>bad</name>
    <pose>Unspecified</pose>
    <truncated>0</truncated>
    <difficult>0</difficult>
    <bndbox>
      <xmin>390</xmin>
      <ymin>279</ymin>
      <xmax>554</xmax>
      <ymax>355</ymax>
    </bndbox>
  </object>
  <object>
    <type>bndbox</type>
    <name>b</name>
    <pose>Unspecified</pose>
    <truncated>0</truncated>
    <difficult>0</difficult>
    <bndbox>
      <xmin>590</xmin>
      <ymin>279</ymin>
      <xmax>649</xmax>
      <ymax>351</ymax>
    </bndbox>
  </object>
  <object>
    <type>bndbox</type>
    <name>from</name>
    <pose>Unspecified</pose>
    <truncated>0</truncated>
    <difficult>0</difficult>
    <bndbox>
      <xmin>682</xmin>
      <ymin>276</ymin>
      <xmax>879</xmax>
      <ymax>352</ymax>
    </bndbox>
  </object>
  <object>
    <type>bndbox</type>
    <name>the</name>
    <pose>Unspecified</pose>
    <truncated>0</truncated>
    <difficult>0</difficult>
    <bndbox>
      <xmin>910</xmin>
      <ymin>279</ymin>
      <xmax>1049</xmax>
      <ymax>352</ymax>
    </bndbox>
  </object>
  <object>
    <type>bndbox</type>
    <name>314</name>
    <pose>Unspecified</pose>
    <truncated>0</truncated>
    <difficult>0</difficult>
    <bndbox>
      <xmin>1070</xmin>
      <ymin>267</ymin>
      <xmax>1375</xmax>
      <ymax>365</ymax>
    </bndbox>
  </object>
  <object>
    <type>bndbox</type>
    <name>she</name>
    <pose>Unspecified</pose>
    <truncated>0</truncated>
    <difficult>0</difficult>
    <bndbox>
      <xmin>1029</xmin>
      <ymin>859</ymin>
      <xmax>1110</xmax>
      <ymax>899</ymax>
    </bndbox>
  </object>
  <object>
    <type>bndbox</type>
    <name>blow</name>
    <pose>Unspecified</pose>
    <truncated>0</truncated>
    <difficult>0</difficult>
    <bndbox>
      <xmin>1125</xmin>
      <ymin>859</ymin>
      <xmax>1234</xmax>
      <ymax>899</ymax>
    </bndbox>
  </object>
  <object>
    <type>bndbox</type>
    <name>my</name>
    <pose>Unspecified</pose>
    <truncated>0</truncated>
    <difficult>0</difficult>
    <bndbox>
      <xmin>1249</xmin>
      <ymin>865</ymin>
      <xmax>1315</xmax>
      <ymax>904</ymax>
    </bndbox>
  </object>
  <object>
    <type>bndbox</type>
    <name>dih</name>
    <pose>Unspecified</pose>
    <truncated>0</truncated>
    <difficult>0</difficult>
    <bndbox>
      <xmin>1331</xmin>
      <ymin>856</ymin>
      <xmax>1401</xmax>
      <ymax>897</ymax>
    </bndbox>
  </object>
  <object>
    <type>bndbox</type>
    <name>like</name>
    <pose>Unspecified</pose>
    <truncated>0</truncated>
    <difficult>0</difficult>
    <bndbox>
      <xmin>1415</xmin>
      <ymin>859</ymin>
      <xmax>1495</xmax>
      <ymax>897</ymax>
    </bndbox>
  </object>
  <object>
    <type>bndbox</type>
    <name>a</name>
    <pose>Unspecified</pose>
    <truncated>0</truncated>
    <difficult>0</difficult>
    <bndbox>
      <xmin>1509</xmin>
      <ymin>865</ymin>
      <xmax>1535</xmax>
      <ymax>893</ymax>
    </bndbox>
  </object>
  <object>
    <type>bndbox</type>
    <name>snotty</name>
    <pose>Unspecified</pose>
    <truncated>0</truncated>
    <difficult>0</difficult>
    <bndbox>
      <xmin>1553</xmin>
      <ymin>860</ymin>
      <xmax>1691</xmax>
      <ymax>901</ymax>
    </bndbox>
  </object>
  <object>
    <type>bndbox</type>
    <name>nose</name>
    <pose>Unspecified</pose>
    <truncated>0</truncated>
    <difficult>0</difficult>
    <bndbox>
      <xmin>1709</xmin>
      <ymin>864</ymin>
      <xmax>1817</xmax>
      <ymax>899</ymax>
    </bndbox>
  </object>
</annotation>
