<annotation verified="no">
  <folder>U3hIkCsyVew</folder>
  <filename>05_frame_00721</filename>
  <path>/home/mitsuo/roLabelImg-master/&#28288;&#23614;/annotation/U3hIkCsyVew/05_frame_00721.jpg</path>
  <source>
    <database>Unknown</database>
  </source>
  <size>
    <width>1920</width>
    <height>1080</height>
    <depth>3</depth>
  </size>
  <segmented>0</segmented>
  <object>
    <type>bndbox</type>
    <name>hit</name>
    <pose>Unspecified</pose>
    <truncated>0</truncated>
    <difficult>0</difficult>
    <bndbox>
      <xmin>757</xmin>
      <ymin>612</ymin>
      <xmax>830</xmax>
      <ymax>664</ymax>
    </bndbox>
  </object>
  <object>
    <type>bndbox</type>
    <name>my</name>
    <pose>Unspecified</pose>
    <truncated>0</truncated>
    <difficult>0</difficult>
    <bndbox>
      <xmin>849</xmin>
      <ymin>623</ymin>
      <xmax>935</xmax>
      <ymax>672</ymax>
    </bndbox>
  </object>
  <object>
    <type>bndbox</type>
    <name>line</name>
    <pose>Unspecified</pose>
    <truncated>0</truncated>
    <difficult>0</difficult>
    <bndbox>
      <xmin>957</xmin>
      <ymin>613</ymin>
      <xmax>1057</xmax>
      <ymax>664</ymax>
    </bndbox>
  </object>
  <object>
    <type>bndbox</type>
    <name>now</name>
    <pose>Unspecified</pose>
    <truncated>0</truncated>
    <difficult>0</difficult>
    <bndbox>
      <xmin>1409</xmin>
      <ymin>696</ymin>
      <xmax>1527</xmax>
      <ymax>735</ymax>
    </bndbox>
  </object>
  <object>
    <type>bndbox</type>
    <name>we</name>
    <pose>Unspecified</pose>
    <truncated>0</truncated>
    <difficult>0</difficult>
    <bndbox>
      <xmin>1545</xmin>
      <ymin>696</ymin>
      <xmax>1630</xmax>
      <ymax>733</ymax>
    </bndbox>
  </object>
  <object>
    <type>bndbox</type>
    <name>cant</name>
    <pose>Unspecified</pose>
    <truncated>0</truncated>
    <difficult>0</difficult>
    <bndbox>
      <xmin>1649</xmin>
      <ymin>687</ymin>
      <xmax>1794</xmax>
      <ymax>736</ymax>
    </bndbox>
  </object>
  <object>
    <type>bndbox</type>
    <name>be</name>
    <pose>Unspecified</pose>
    <truncated>0</truncated>
    <difficult>0</difficult>
    <bndbox>
      <xmin>1409</xmin>
      <ymin>799</ymin>
      <xmax>1481</xmax>
      <ymax>845</ymax>
    </bndbox>
  </object>
  <object>
    <type>bndbox</type>
    <name>apart</name>
    <pose>Unspecified</pose>
    <truncated>0</truncated>
    <difficult>0</difficult>
    <bndbox>
      <xmin>1503</xmin>
      <ymin>799</ymin>
      <xmax>1655</xmax>
      <ymax>853</ymax>
    </bndbox>
  </object>
</annotation>
