<annotation verified="no">
  <folder>qh7QJ_jLam0</folder>
  <filename>05_frame_02881</filename>
  <path>/Users/KengoAraki/Desktop/annotation_&#32210;&#32396;/annotation/qh7QJ_jLam0/05_frame_02881.jpg</path>
  <source>
    <database>Unknown</database>
  </source>
  <size>
    <width>1920</width>
    <height>1080</height>
    <depth>3</depth>
  </size>
  <segmented>0</segmented>
  <object>
    <type>robndbox</type>
    <name>the</name>
    <pose>Unspecified</pose>
    <truncated>0</truncated>
    <difficult>0</difficult>
    <robndbox>
      <cx>1293.5082</cx>
      <cy>85.0</cy>
      <w>224.0</w>
      <h>90.0</h>
      <angle>0.0</angle>
    </robndbox>
  </object>
  <object>
    <type>robndbox</type>
    <name>picket</name>
    <pose>Unspecified</pose>
    <truncated>0</truncated>
    <difficult>0</difficult>
    <robndbox>
      <cx>1669.2239</cx>
      <cy>80.219</cy>
      <w>444.5192</w>
      <h>96.2717</h>
      <angle>3.111593</angle>
    </robndbox>
  </object>
  <object>
    <type>robndbox</type>
    <name>line</name>
    <pose>Unspecified</pose>
    <truncated>0</truncated>
    <difficult>0</difficult>
    <robndbox>
      <cx>1734.0082</cx>
      <cy>189.5</cy>
      <w>275.0</w>
      <h>95.0</h>
      <angle>0.0</angle>
    </robndbox>
  </object>
  <object>
    <type>robndbox</type>
    <name>screamed</name>
    <pose>Unspecified</pose>
    <truncated>0</truncated>
    <difficult>0</difficult>
    <robndbox>
      <cx>1542.5082</cx>
      <cy>315.0</cy>
      <w>680.0</w>
      <h>90.0</h>
      <angle>0.0</angle>
    </robndbox>
  </object>
</annotation>
