<annotation verified="no">
  <folder>qh7QJ_jLam0</folder>
  <filename>09_frame_01873</filename>
  <path>/Users/KengoAraki/Desktop/annotation_&#32210;&#32396;/annotation/qh7QJ_jLam0/09_frame_01873.jpg</path>
  <source>
    <database>Unknown</database>
  </source>
  <size>
    <width>1920</width>
    <height>1080</height>
    <depth>3</depth>
  </size>
  <segmented>0</segmented>
  <object>
    <type>robndbox</type>
    <name>im</name>
    <pose>Unspecified</pose>
    <truncated>0</truncated>
    <difficult>0</difficult>
    <robndbox>
      <cx>229.5082</cx>
      <cy>94.0</cy>
      <w>100.0</w>
      <h>82.0</h>
      <angle>0.0</angle>
    </robndbox>
  </object>
  <object>
    <type>robndbox</type>
    <name>hanging</name>
    <pose>Unspecified</pose>
    <truncated>0</truncated>
    <difficult>0</difficult>
    <robndbox>
      <cx>441.6239</cx>
      <cy>91.0688</cy>
      <w>283.852</w>
      <h>78.2014</h>
      <angle>3.121593</angle>
    </robndbox>
  </object>
  <object>
    <type>robndbox</type>
    <name>on</name>
    <pose>Unspecified</pose>
    <truncated>0</truncated>
    <difficult>0</difficult>
    <robndbox>
      <cx>643.5082</cx>
      <cy>87.5</cy>
      <w>88.0</w>
      <h>79.0</h>
      <angle>0.0</angle>
    </robndbox>
  </object>
  <object>
    <type>robndbox</type>
    <name>a</name>
    <pose>Unspecified</pose>
    <truncated>0</truncated>
    <difficult>0</difficult>
    <robndbox>
      <cx>726.0082</cx>
      <cy>81.0</cy>
      <w>41.0</w>
      <h>78.0</h>
      <angle>0.0</angle>
    </robndbox>
  </object>
  <object>
    <type>robndbox</type>
    <name>dream</name>
    <pose>Unspecified</pose>
    <truncated>0</truncated>
    <difficult>0</difficult>
    <robndbox>
      <cx>874.3688</cx>
      <cy>75.8745</cy>
      <w>218.2112</w>
      <h>79.7416</h>
      <angle>3.111593</angle>
    </robndbox>
  </object>
  <object>
    <type>robndbox</type>
    <name>thats</name>
    <pose>Unspecified</pose>
    <truncated>0</truncated>
    <difficult>0</difficult>
    <robndbox>
      <cx>424.9684</cx>
      <cy>216.1879</cy>
      <w>370.9435</w>
      <h>128.5554</h>
      <angle>3.121593</angle>
    </robndbox>
  </object>
</annotation>
