<annotation verified="no">
  <folder>qh7QJ_jLam0</folder>
  <filename>12_frame_00577</filename>
  <path>/Users/KengoAraki/Desktop/annotation_&#32210;&#32396;/annotation/qh7QJ_jLam0/12_frame_00577.jpg</path>
  <source>
    <database>Unknown</database>
  </source>
  <size>
    <width>1920</width>
    <height>1080</height>
    <depth>3</depth>
  </size>
  <segmented>0</segmented>
  <object>
    <type>robndbox</type>
    <name>i</name>
    <pose>Unspecified</pose>
    <truncated>0</truncated>
    <difficult>0</difficult>
    <robndbox>
      <cx>145.7762</cx>
      <cy>99.5376</cy>
      <w>21.2113</w>
      <h>73.315</h>
      <angle>3.051593</angle>
    </robndbox>
  </object>
  <object>
    <type>robndbox</type>
    <name>got</name>
    <pose>Unspecified</pose>
    <truncated>0</truncated>
    <difficult>0</difficult>
    <robndbox>
      <cx>230.5082</cx>
      <cy>99.0</cy>
      <w>118.0</w>
      <h>76.0</h>
      <angle>0.0</angle>
    </robndbox>
  </object>
  <object>
    <type>robndbox</type>
    <name>a</name>
    <pose>Unspecified</pose>
    <truncated>0</truncated>
    <difficult>0</difficult>
    <robndbox>
      <cx>376.5082</cx>
      <cy>103.0</cy>
      <w>36.0</w>
      <h>74.0</h>
      <angle>0.0</angle>
    </robndbox>
  </object>
  <object>
    <type>robndbox</type>
    <name>sentimental</name>
    <pose>Unspecified</pose>
    <truncated>0</truncated>
    <difficult>0</difficult>
    <robndbox>
      <cx>579.0082</cx>
      <cy>75.0</cy>
      <w>189.0</w>
      <h>130.0</h>
      <angle>0.0</angle>
    </robndbox>
  </object>
</annotation>
