<annotation verified="no">
  <folder>qh7QJ_jLam0</folder>
  <filename>03_frame_03025</filename>
  <path>/Users/KengoAraki/Desktop/annotation_&#32210;&#32396;/annotation/qh7QJ_jLam0/03_frame_03025.jpg</path>
  <source>
    <database>Unknown</database>
  </source>
  <size>
    <width>1920</width>
    <height>1080</height>
    <depth>3</depth>
  </size>
  <segmented>0</segmented>
  <object>
    <type>robndbox</type>
    <name>dont</name>
    <pose>Unspecified</pose>
    <truncated>0</truncated>
    <difficult>0</difficult>
    <robndbox>
      <cx>1413.3588</cx>
      <cy>79.1982</cy>
      <w>284.0912</w>
      <h>64.6848</h>
      <angle>3.081593</angle>
    </robndbox>
  </object>
  <object>
    <type>robndbox</type>
    <name>cross</name>
    <pose>Unspecified</pose>
    <truncated>0</truncated>
    <difficult>0</difficult>
    <robndbox>
      <cx>1731.7356</cx>
      <cy>58.2078</cy>
      <w>305.1388</w>
      <h>71.4277</h>
      <angle>3.061593</angle>
    </robndbox>
  </object>
  <object>
    <type>robndbox</type>
    <name>the</name>
    <pose>Unspecified</pose>
    <truncated>0</truncated>
    <difficult>0</difficult>
    <robndbox>
      <cx>1563.1669</cx>
      <cy>167.1933</cy>
      <w>168.4859</w>
      <h>67.9955</h>
      <angle>3.071593</angle>
    </robndbox>
  </object>
  <object>
    <type>robndbox</type>
    <name>line</name>
    <pose>Unspecified</pose>
    <truncated>0</truncated>
    <difficult>0</difficult>
    <robndbox>
      <cx>1765.8196</cx>
      <cy>132.0223</cy>
      <w>179.1882</w>
      <h>29.8066</h>
      <angle>3.031593</angle>
    </robndbox>
  </object>
  <object>
    <type>robndbox</type>
    <name>youll</name>
    <pose>Unspecified</pose>
    <truncated>0</truncated>
    <difficult>0</difficult>
    <robndbox>
      <cx>1660.9427</cx>
      <cy>322.221</cy>
      <w>233.0638</w>
      <h>49.8019</h>
      <angle>3.101593</angle>
    </robndbox>
  </object>
  <object>
    <type>robndbox</type>
    <name>be</name>
    <pose>Unspecified</pose>
    <truncated>0</truncated>
    <difficult>0</difficult>
    <robndbox>
      <cx>1838.6171</cx>
      <cy>316.4283</cy>
      <w>85.774</w>
      <h>50.5933</h>
      <angle>3.111593</angle>
    </robndbox>
  </object>
</annotation>
