<annotation verified="no">
  <folder>qh7QJ_jLam0</folder>
  <filename>11_frame_00721</filename>
  <path>/Users/KengoAraki/Desktop/annotation_&#32210;&#32396;/annotation/qh7QJ_jLam0/11_frame_00721.jpg</path>
  <source>
    <database>Unknown</database>
  </source>
  <size>
    <width>1920</width>
    <height>1080</height>
    <depth>3</depth>
  </size>
  <segmented>0</segmented>
  <object>
    <type>robndbox</type>
    <name>please</name>
    <pose>Unspecified</pose>
    <truncated>0</truncated>
    <difficult>0</difficult>
    <robndbox>
      <cx>1513.3487</cx>
      <cy>381.4749</cy>
      <w>72.2176</w>
      <h>37.3481</h>
      <angle>3.011593</angle>
    </robndbox>
  </object>
  <object>
    <type>robndbox</type>
    <name>dont</name>
    <pose>Unspecified</pose>
    <truncated>0</truncated>
    <difficult>0</difficult>
    <robndbox>
      <cx>1582.9892</cx>
      <cy>368.2848</cy>
      <w>63.5946</w>
      <h>26.2214</h>
      <angle>2.991593</angle>
    </robndbox>
  </object>
  <object>
    <type>robndbox</type>
    <name>go</name>
    <pose>Unspecified</pose>
    <truncated>0</truncated>
    <difficult>0</difficult>
    <robndbox>
      <cx>1512.3583</cx>
      <cy>437.4712</cy>
      <w>55.3811</w>
      <h>40.2177</h>
      <angle>3.011593</angle>
    </robndbox>
  </object>
</annotation>
