<annotation verified="no">
  <folder>qh7QJ_jLam0</folder>
  <filename>01_frame_02665</filename>
  <path>/Users/KengoAraki/Desktop/annotation_&#32210;&#32396;/annotation/qh7QJ_jLam0/01_frame_02665.jpg</path>
  <source>
    <database>Unknown</database>
  </source>
  <size>
    <width>1920</width>
    <height>1080</height>
    <depth>3</depth>
  </size>
  <segmented>0</segmented>
  <object>
    <type>robndbox</type>
    <name>going</name>
    <pose>Unspecified</pose>
    <truncated>0</truncated>
    <difficult>0</difficult>
    <robndbox>
      <cx>1288.2053</cx>
      <cy>282.7513</cy>
      <w>187.9928</w>
      <h>56.4133</h>
      <angle>3.021593</angle>
    </robndbox>
  </object>
  <object>
    <type>robndbox</type>
    <name>off</name>
    <pose>Unspecified</pose>
    <truncated>0</truncated>
    <difficult>0</difficult>
    <robndbox>
      <cx>1464.8425</cx>
      <cy>263.3985</cy>
      <w>115.2411</w>
      <h>55.7851</h>
      <angle>3.031593</angle>
    </robndbox>
  </object>
  <object>
    <type>robndbox</type>
    <name>with</name>
    <pose>Unspecified</pose>
    <truncated>0</truncated>
    <difficult>0</difficult>
    <robndbox>
      <cx>1314.9315</cx>
      <cy>372.9513</cy>
      <w>119.2477</w>
      <h>42.0174</h>
      <angle>3.041593</angle>
    </robndbox>
  </object>
  <object>
    <type>robndbox</type>
    <name>the</name>
    <pose>Unspecified</pose>
    <truncated>0</truncated>
    <difficult>0</difficult>
    <robndbox>
      <cx>1441.4166</cx>
      <cy>373.1526</cy>
      <w>93.7036</w>
      <h>45.8893</h>
      <angle>3.041593</angle>
    </robndbox>
  </object>
  <object>
    <type>robndbox</type>
    <name>teamsters</name>
    <pose>Unspecified</pose>
    <truncated>0</truncated>
    <difficult>0</difficult>
    <robndbox>
      <cx>1467.2582</cx>
      <cy>457.4974</cy>
      <w>406.4386</w>
      <h>57.1345</h>
      <angle>3.121593</angle>
    </robndbox>
  </object>
</annotation>
