<annotation verified="no">
  <folder>qh7QJ_jLam0</folder>
  <filename>07_frame_02593</filename>
  <path>/Users/KengoAraki/Desktop/annotation_&#32210;&#32396;/annotation/qh7QJ_jLam0/07_frame_02593.jpg</path>
  <source>
    <database>Unknown</database>
  </source>
  <size>
    <width>1920</width>
    <height>1080</height>
    <depth>3</depth>
  </size>
  <segmented>0</segmented>
  <object>
    <type>robndbox</type>
    <name>my</name>
    <pose>Unspecified</pose>
    <truncated>0</truncated>
    <difficult>0</difficult>
    <robndbox>
      <cx>316.5082</cx>
      <cy>133.5</cy>
      <w>110.0</w>
      <h>89.0</h>
      <angle>0.0</angle>
    </robndbox>
  </object>
  <object>
    <type>robndbox</type>
    <name>daddy</name>
    <pose>Unspecified</pose>
    <truncated>0</truncated>
    <difficult>0</difficult>
    <robndbox>
      <cx>511.5564</cx>
      <cy>130.8195</cy>
      <w>235.8566</w>
      <h>85.6614</h>
      <angle>3.121593</angle>
    </robndbox>
  </object>
  <object>
    <type>robndbox</type>
    <name>always</name>
    <pose>Unspecified</pose>
    <truncated>0</truncated>
    <difficult>0</difficult>
    <robndbox>
      <cx>788.18</cx>
      <cy>126.5962</cy>
      <w>288.9067</w>
      <h>83.3211</h>
      <angle>3.101593</angle>
    </robndbox>
  </object>
  <object>
    <type>robndbox</type>
    <name>was</name>
    <pose>Unspecified</pose>
    <truncated>0</truncated>
    <difficult>0</difficult>
    <robndbox>
      <cx>1162.8703</cx>
      <cy>134.4729</cy>
      <w>152.5673</w>
      <h>85.1342</h>
      <angle>0.08</angle>
    </robndbox>
  </object>
  <object>
    <type>robndbox</type>
    <name>on</name>
    <pose>Unspecified</pose>
    <truncated>0</truncated>
    <difficult>0</difficult>
    <robndbox>
      <cx>1301.5082</cx>
      <cy>142.5</cy>
      <w>90.0</w>
      <h>83.0</h>
      <angle>0.0</angle>
    </robndbox>
  </object>
  <object>
    <type>robndbox</type>
    <name>strike</name>
    <pose>Unspecified</pose>
    <truncated>0</truncated>
    <difficult>0</difficult>
    <robndbox>
      <cx>1501.719</cx>
      <cy>150.0559</cy>
      <w>249.0198</w>
      <h>85.7732</h>
      <angle>0.05</angle>
    </robndbox>
  </object>
</annotation>
