<annotation verified="no">
  <folder>qh7QJ_jLam0</folder>
  <filename>10_frame_04321</filename>
  <path>/Users/KengoAraki/Desktop/annotation_&#32210;&#32396;/annotation/qh7QJ_jLam0/10_frame_04321.jpg</path>
  <source>
    <database>Unknown</database>
  </source>
  <size>
    <width>1920</width>
    <height>1080</height>
    <depth>3</depth>
  </size>
  <segmented>0</segmented>
  <object>
    <type>robndbox</type>
    <name>i</name>
    <pose>Unspecified</pose>
    <truncated>0</truncated>
    <difficult>0</difficult>
    <robndbox>
      <cx>237.0156</cx>
      <cy>179.7396</cy>
      <w>37.6196</w>
      <h>52.8857</h>
      <angle>2.631593</angle>
    </robndbox>
  </object>
  <object>
    <type>robndbox</type>
    <name>feel</name>
    <pose>Unspecified</pose>
    <truncated>0</truncated>
    <difficult>0</difficult>
    <robndbox>
      <cx>552.7935</cx>
      <cy>151.5953</cy>
      <w>238.3302</w>
      <h>50.7845</h>
      <angle>0.05</angle>
    </robndbox>
  </object>
  <object>
    <type>robndbox</type>
    <name>like</name>
    <pose>Unspecified</pose>
    <truncated>0</truncated>
    <difficult>0</difficult>
    <robndbox>
      <cx>913.1617</cx>
      <cy>144.6331</cy>
      <w>223.0629</w>
      <h>50.4777</h>
      <angle>3.091593</angle>
    </robndbox>
  </object>
</annotation>
