<annotation verified="no">
  <folder>ggMH9vpC60c</folder>
  <filename>01_frame_03745</filename>
  <path>/Users/KengoAraki/Desktop/&#22338;&#21475;&#12373;&#12435;_annotation/annotation/ggMH9vpC60c/01_frame_03745.jpg</path>
  <source>
    <database>Unknown</database>
  </source>
  <size>
    <width>1920</width>
    <height>1080</height>
    <depth>3</depth>
  </size>
  <segmented>0</segmented>
  <object>
    <type>robndbox</type>
    <name>cuz</name>
    <pose>Unspecified</pose>
    <truncated>0</truncated>
    <difficult>0</difficult>
    <robndbox>
      <cx>557.0082</cx>
      <cy>283.5</cy>
      <w>157.0</w>
      <h>71.0</h>
      <angle>0.0</angle>
    </robndbox>
  </object>
  <object>
    <type>robndbox</type>
    <name>i</name>
    <pose>Unspecified</pose>
    <truncated>0</truncated>
    <difficult>0</difficult>
    <robndbox>
      <cx>672.5082</cx>
      <cy>301.0</cy>
      <w>28.0</w>
      <h>46.0</h>
      <angle>0.0</angle>
    </robndbox>
  </object>
  <object>
    <type>robndbox</type>
    <name>wanna</name>
    <pose>Unspecified</pose>
    <truncated>0</truncated>
    <difficult>0</difficult>
    <robndbox>
      <cx>867.7134</cx>
      <cy>296.023</cy>
      <w>302.2898</w>
      <h>68.013</h>
      <angle>3.121593</angle>
    </robndbox>
  </object>
  <object>
    <type>robndbox</type>
    <name>go</name>
    <pose>Unspecified</pose>
    <truncated>0</truncated>
    <difficult>0</difficult>
    <robndbox>
      <cx>1131.0082</cx>
      <cy>282.5</cy>
      <w>123.0</w>
      <h>61.0</h>
      <angle>3.021593</angle>
    </robndbox>
  </object>
  <object>
    <type>robndbox</type>
    <name>back</name>
    <pose>Unspecified</pose>
    <truncated>0</truncated>
    <difficult>0</difficult>
    <robndbox>
      <cx>1319.0082</cx>
      <cy>278.5</cy>
      <w>163.0</w>
      <h>71.0</h>
      <angle>0.0</angle>
    </robndbox>
  </object>
  <object>
    <type>robndbox</type>
    <name>to</name>
    <pose>Unspecified</pose>
    <truncated>0</truncated>
    <difficult>0</difficult>
    <robndbox>
      <cx>517.0082</cx>
      <cy>526.0</cy>
      <w>105.0</w>
      <h>58.0</h>
      <angle>0.0</angle>
    </robndbox>
  </object>
  <object>
    <type>robndbox</type>
    <name>the</name>
    <pose>Unspecified</pose>
    <truncated>0</truncated>
    <difficult>0</difficult>
    <robndbox>
      <cx>661.0082</cx>
      <cy>532.5</cy>
      <w>131.0</w>
      <h>69.0</h>
      <angle>0.04</angle>
    </robndbox>
  </object>
  <object>
    <type>robndbox</type>
    <name>days</name>
    <pose>Unspecified</pose>
    <truncated>0</truncated>
    <difficult>0</difficult>
    <robndbox>
      <cx>863.0341</cx>
      <cy>539.5403</cy>
      <w>238.4982</w>
      <h>81.3672</h>
      <angle>3.081593</angle>
    </robndbox>
  </object>
  <object>
    <type>robndbox</type>
    <name>in</name>
    <pose>Unspecified</pose>
    <truncated>0</truncated>
    <difficult>0</difficult>
    <robndbox>
      <cx>1029.5082</cx>
      <cy>539.5</cy>
      <w>54.0</w>
      <h>51.0</h>
      <angle>0.0</angle>
    </robndbox>
  </object>
  <object>
    <type>robndbox</type>
    <name>the</name>
    <pose>Unspecified</pose>
    <truncated>0</truncated>
    <difficult>0</difficult>
    <robndbox>
      <cx>1160.5082</cx>
      <cy>536.0</cy>
      <w>172.0</w>
      <h>80.0</h>
      <angle>3.091593</angle>
    </robndbox>
  </object>
  <object>
    <type>robndbox</type>
    <name>past</name>
    <pose>Unspecified</pose>
    <truncated>0</truncated>
    <difficult>0</difficult>
    <robndbox>
      <cx>1350.0082</cx>
      <cy>531.5</cy>
      <w>181.0</w>
      <h>79.0</h>
      <angle>0.0</angle>
    </robndbox>
  </object>
  <object>
    <type>robndbox</type>
    <name>when</name>
    <pose>Unspecified</pose>
    <truncated>0</truncated>
    <difficult>0</difficult>
    <robndbox>
      <cx>579.5082</cx>
      <cy>785.5</cy>
      <w>246.0</w>
      <h>73.0</h>
      <angle>3.081593</angle>
    </robndbox>
  </object>
  <object>
    <type>robndbox</type>
    <name>everything</name>
    <pose>Unspecified</pose>
    <truncated>0</truncated>
    <difficult>0</difficult>
    <robndbox>
      <cx>902.0082</cx>
      <cy>782.5</cy>
      <w>385.0</w>
      <h>85.0</h>
      <angle>0.0</angle>
    </robndbox>
  </object>
  <object>
    <type>robndbox</type>
    <name>was</name>
    <pose>Unspecified</pose>
    <truncated>0</truncated>
    <difficult>0</difficult>
    <robndbox>
      <cx>1175.5082</cx>
      <cy>768.0</cy>
      <w>152.0</w>
      <h>52.0</h>
      <angle>0.0</angle>
    </robndbox>
  </object>
  <object>
    <type>robndbox</type>
    <name>easy</name>
    <pose>Unspecified</pose>
    <truncated>0</truncated>
    <difficult>0</difficult>
    <robndbox>
      <cx>1351.5082</cx>
      <cy>759.5</cy>
      <w>171.852</w>
      <h>74.1882</h>
      <angle>3.111593</angle>
    </robndbox>
  </object>
</annotation>
