<annotation verified="no">
  <folder>ggMH9vpC60c</folder>
  <filename>04_frame_03601</filename>
  <path>/Users/KengoAraki/Desktop/&#22338;&#21475;&#12373;&#12435;_annotation/annotation/ggMH9vpC60c/04_frame_03601.jpg</path>
  <source>
    <database>Unknown</database>
  </source>
  <size>
    <width>1920</width>
    <height>1080</height>
    <depth>3</depth>
  </size>
  <segmented>0</segmented>
  <object>
    <type>robndbox</type>
    <name>cuz</name>
    <pose>Unspecified</pose>
    <truncated>0</truncated>
    <difficult>0</difficult>
    <robndbox>
      <cx>341.0082</cx>
      <cy>190.5</cy>
      <w>187.0</w>
      <h>79.0</h>
      <angle>3.111593</angle>
    </robndbox>
  </object>
  <object>
    <type>robndbox</type>
    <name>it</name>
    <pose>Unspecified</pose>
    <truncated>0</truncated>
    <difficult>0</difficult>
    <robndbox>
      <cx>493.0082</cx>
      <cy>182.0</cy>
      <w>75.0</w>
      <h>90.0</h>
      <angle>0.12</angle>
    </robndbox>
  </object>
  <object>
    <type>robndbox</type>
    <name>feels</name>
    <pose>Unspecified</pose>
    <truncated>0</truncated>
    <difficult>0</difficult>
    <robndbox>
      <cx>708.7025</cx>
      <cy>193.0383</cy>
      <w>313.4945</w>
      <h>102.1258</h>
      <angle>3.031593</angle>
    </robndbox>
  </object>
  <object>
    <type>robndbox</type>
    <name>like</name>
    <pose>Unspecified</pose>
    <truncated>0</truncated>
    <difficult>0</difficult>
    <robndbox>
      <cx>974.5082</cx>
      <cy>182.0</cy>
      <w>174.0</w>
      <h>84.0</h>
      <angle>0.05</angle>
    </robndbox>
  </object>
  <object>
    <type>robndbox</type>
    <name>the</name>
    <pose>Unspecified</pose>
    <truncated>0</truncated>
    <difficult>0</difficult>
    <robndbox>
      <cx>1188.0082</cx>
      <cy>197.5</cy>
      <w>193.0</w>
      <h>101.0</h>
      <angle>0.0</angle>
    </robndbox>
  </object>
  <object>
    <type>robndbox</type>
    <name>future</name>
    <pose>Unspecified</pose>
    <truncated>0</truncated>
    <difficult>0</difficult>
    <robndbox>
      <cx>1488.0082</cx>
      <cy>211.0</cy>
      <w>377.0</w>
      <h>92.0</h>
      <angle>3.071593</angle>
    </robndbox>
  </object>
  <object>
    <type>robndbox</type>
    <name>when</name>
    <pose>Unspecified</pose>
    <truncated>0</truncated>
    <difficult>0</difficult>
    <robndbox>
      <cx>388.0563</cx>
      <cy>527.8828</cy>
      <w>301.1471</w>
      <h>91.8728</h>
      <angle>0.06</angle>
    </robndbox>
  </object>
  <object>
    <type>robndbox</type>
    <name>we</name>
    <pose>Unspecified</pose>
    <truncated>0</truncated>
    <difficult>0</difficult>
    <robndbox>
      <cx>669.0082</cx>
      <cy>534.0</cy>
      <w>175.0</w>
      <h>82.0</h>
      <angle>3.071593</angle>
    </robndbox>
  </object>
  <object>
    <type>robndbox</type>
    <name>get</name>
    <pose>Unspecified</pose>
    <truncated>0</truncated>
    <difficult>0</difficult>
    <robndbox>
      <cx>938.5968</cx>
      <cy>527.5544</cy>
      <w>210.4112</w>
      <h>102.7441</h>
      <angle>0.28</angle>
    </robndbox>
  </object>
  <object>
    <type>robndbox</type>
    <name>together</name>
    <pose>Unspecified</pose>
    <truncated>0</truncated>
    <difficult>0</difficult>
    <robndbox>
      <cx>1411.5082</cx>
      <cy>536.5</cy>
      <w>576.0</w>
      <h>141.0</h>
      <angle>0.0</angle>
    </robndbox>
  </object>
</annotation>
