<annotation verified="no">
  <folder>ggMH9vpC60c</folder>
  <filename>06_frame_03169</filename>
  <path>/Users/KengoAraki/Desktop/&#22338;&#21475;&#12373;&#12435;_annotation/annotation/ggMH9vpC60c/06_frame_03169.jpg</path>
  <source>
    <database>Unknown</database>
  </source>
  <size>
    <width>1920</width>
    <height>1080</height>
    <depth>3</depth>
  </size>
  <segmented>0</segmented>
  <object>
    <type>robndbox</type>
    <name>life</name>
    <pose>Unspecified</pose>
    <truncated>0</truncated>
    <difficult>0</difficult>
    <robndbox>
      <cx>1141.3867</cx>
      <cy>232.4692</cy>
      <w>237.2312</w>
      <h>93.3466</h>
      <angle>0.24</angle>
    </robndbox>
  </object>
  <object>
    <type>robndbox</type>
    <name>is</name>
    <pose>Unspecified</pose>
    <truncated>0</truncated>
    <difficult>0</difficult>
    <robndbox>
      <cx>1335.5082</cx>
      <cy>294.0</cy>
      <w>98.0</w>
      <h>86.0</h>
      <angle>0.43</angle>
    </robndbox>
  </object>
  <object>
    <type>robndbox</type>
    <name>all</name>
    <pose>Unspecified</pose>
    <truncated>0</truncated>
    <difficult>0</difficult>
    <robndbox>
      <cx>1492.5774</cx>
      <cy>392.1998</cy>
      <w>183.9572</w>
      <h>87.5932</h>
      <angle>0.64</angle>
    </robndbox>
  </object>
  <object>
    <type>robndbox</type>
    <name>around</name>
    <pose>Unspecified</pose>
    <truncated>0</truncated>
    <difficult>0</difficult>
    <robndbox>
      <cx>1716.3197</cx>
      <cy>690.2148</cy>
      <w>496.0588</w>
      <h>110.4696</h>
      <angle>1.08</angle>
    </robndbox>
  </object>
  <object>
    <type>robndbox</type>
    <name>so</name>
    <pose>Unspecified</pose>
    <truncated>0</truncated>
    <difficult>0</difficult>
    <robndbox>
      <cx>764.0082</cx>
      <cy>410.0</cy>
      <w>47.0</w>
      <h>28.0</h>
      <angle>0.0</angle>
    </robndbox>
  </object>
  <object>
    <type>robndbox</type>
    <name>look</name>
    <pose>Unspecified</pose>
    <truncated>0</truncated>
    <difficult>0</difficult>
    <robndbox>
      <cx>856.5082</cx>
      <cy>407.0</cy>
      <w>98.0</w>
      <h>26.0</h>
      <angle>0.0</angle>
    </robndbox>
  </object>
  <object>
    <type>robndbox</type>
    <name>up</name>
    <pose>Unspecified</pose>
    <truncated>0</truncated>
    <difficult>0</difficult>
    <robndbox>
      <cx>952.0082</cx>
      <cy>406.5</cy>
      <w>49.0</w>
      <h>21.0</h>
      <angle>0.0</angle>
    </robndbox>
  </object>
  <object>
    <type>robndbox</type>
    <name>look</name>
    <pose>Unspecified</pose>
    <truncated>0</truncated>
    <difficult>0</difficult>
    <robndbox>
      <cx>1044.5082</cx>
      <cy>406.5</cy>
      <w>104.0</w>
      <h>25.0</h>
      <angle>0.0</angle>
    </robndbox>
  </object>
  <object>
    <type>robndbox</type>
    <name>up</name>
    <pose>Unspecified</pose>
    <truncated>0</truncated>
    <difficult>0</difficult>
    <robndbox>
      <cx>1137.0082</cx>
      <cy>407.5</cy>
      <w>49.0</w>
      <h>23.0</h>
      <angle>0.0</angle>
    </robndbox>
  </object>
  <object>
    <type>robndbox</type>
    <name>look</name>
    <pose>Unspecified</pose>
    <truncated>0</truncated>
    <difficult>0</difficult>
    <robndbox>
      <cx>60.2541</cx>
      <cy>931.104</cy>
      <w>294.3039</w>
      <h>120.2739</h>
      <angle>1.571593</angle>
    </robndbox>
  </object>
  <object>
    <type>robndbox</type>
    <name>up</name>
    <pose>Unspecified</pose>
    <truncated>0</truncated>
    <difficult>0</difficult>
    <robndbox>
      <cx>122.4582</cx>
      <cy>673.7375</cy>
      <w>174.3409</w>
      <h>91.1186</h>
      <angle>1.941593</angle>
    </robndbox>
  </object>
</annotation>
