<annotation verified="no">
  <folder>GWtfOHBF1_w</folder>
  <filename>09_frame_02737</filename>
  <path>/Users/KengoAraki/Desktop/&#22338;&#21475;&#12373;&#12435;_annotation/annotation/GWtfOHBF1_w/09_frame_02737.jpg</path>
  <source>
    <database>Unknown</database>
  </source>
  <size>
    <width>1920</width>
    <height>1080</height>
    <depth>3</depth>
  </size>
  <segmented>0</segmented>
  <object>
    <type>robndbox</type>
    <name>you</name>
    <pose>Unspecified</pose>
    <truncated>0</truncated>
    <difficult>0</difficult>
    <robndbox>
      <cx>261.5082</cx>
      <cy>544.5</cy>
      <w>361.7262</w>
      <h>85.0831</h>
      <angle>2.601593</angle>
    </robndbox>
  </object>
  <object>
    <type>robndbox</type>
    <name>need</name>
    <pose>Unspecified</pose>
    <truncated>0</truncated>
    <difficult>0</difficult>
    <robndbox>
      <cx>604.0148</cx>
      <cy>338.8859</cy>
      <w>377.3116</w>
      <h>87.7036</h>
      <angle>2.571593</angle>
    </robndbox>
  </object>
  <object>
    <type>robndbox</type>
    <name>to</name>
    <pose>Unspecified</pose>
    <truncated>0</truncated>
    <difficult>0</difficult>
    <robndbox>
      <cx>864.5082</cx>
      <cy>184.0</cy>
      <w>194.053</w>
      <h>73.2629</h>
      <angle>2.591593</angle>
    </robndbox>
  </object>
  <object>
    <type>robndbox</type>
    <name>calm</name>
    <pose>Unspecified</pose>
    <truncated>0</truncated>
    <difficult>0</difficult>
    <robndbox>
      <cx>661.4616</cx>
      <cy>473.8305</cy>
      <w>1074.2526</w>
      <h>231.0497</h>
      <angle>2.551593</angle>
    </robndbox>
  </object>
  <object>
    <type>robndbox</type>
    <name>down</name>
    <pose>Unspecified</pose>
    <truncated>0</truncated>
    <difficult>0</difficult>
    <robndbox>
      <cx>843.0672</cx>
      <cy>622.0124</cy>
      <w>1125.1738</w>
      <h>241.7715</h>
      <angle>2.501593</angle>
    </robndbox>
  </object>
</annotation>
