<annotation verified="no">
  <folder>3K0RzZGpyds</folder>
  <filename>05_frame_01369</filename>
  <path>/home/sakaguchi/&#12487;&#12473;&#12463;&#12488;&#12483;&#12503;/youtube_list/annotation/3K0RzZGpyds/05_frame_01369.jpg</path>
  <source>
    <database>Unknown</database>
  </source>
  <size>
    <width>1920</width>
    <height>1080</height>
    <depth>3</depth>
  </size>
  <segmented>0</segmented>
  <object>
    <type>bndbox</type>
    <name>and</name>
    <pose>Unspecified</pose>
    <truncated>0</truncated>
    <difficult>0</difficult>
    <bndbox>
      <xmin>469</xmin>
      <ymin>824</ymin>
      <xmax>596</xmax>
      <ymax>888</ymax>
    </bndbox>
  </object>
  <object>
    <type>bndbox</type>
    <name>yours</name>
    <pose>Unspecified</pose>
    <truncated>0</truncated>
    <difficult>0</difficult>
    <bndbox>
      <xmin>651</xmin>
      <ymin>830</ymin>
      <xmax>803</xmax>
      <ymax>890</ymax>
    </bndbox>
  </object>
  <object>
    <type>bndbox</type>
    <name>is</name>
    <pose>Unspecified</pose>
    <truncated>0</truncated>
    <difficult>0</difficult>
    <bndbox>
      <xmin>847</xmin>
      <ymin>826</ymin>
      <xmax>900</xmax>
      <ymax>890</ymax>
    </bndbox>
  </object>
  <object>
    <type>bndbox</type>
    <name>in</name>
    <pose>Unspecified</pose>
    <truncated>0</truncated>
    <difficult>0</difficult>
    <bndbox>
      <xmin>942</xmin>
      <ymin>823</ymin>
      <xmax>992</xmax>
      <ymax>888</ymax>
    </bndbox>
  </object>
  <object>
    <type>bndbox</type>
    <name>red</name>
    <pose>Unspecified</pose>
    <truncated>0</truncated>
    <difficult>0</difficult>
    <bndbox>
      <xmin>1032</xmin>
      <ymin>820</ymin>
      <xmax>1131</xmax>
      <ymax>887</ymax>
    </bndbox>
  </object>
  <object>
    <type>bndbox</type>
    <name>underlined</name>
    <pose>Unspecified</pose>
    <truncated>0</truncated>
    <difficult>0</difficult>
    <bndbox>
      <xmin>1160</xmin>
      <ymin>820</ymin>
      <xmax>1501</xmax>
      <ymax>882</ymax>
    </bndbox>
  </object>
</annotation>
