<annotation verified="no">
  <folder>3K0RzZGpyds</folder>
  <filename>01_frame_01513</filename>
  <path>/home/sakaguchi/&#12487;&#12473;&#12463;&#12488;&#12483;&#12503;/youtube_list/annotation/3K0RzZGpyds/01_frame_01513.jpg</path>
  <source>
    <database>Unknown</database>
  </source>
  <size>
    <width>1920</width>
    <height>1080</height>
    <depth>3</depth>
  </size>
  <segmented>0</segmented>
  <object>
    <type>bndbox</type>
    <name>what</name>
    <pose>Unspecified</pose>
    <truncated>1</truncated>
    <difficult>0</difficult>
    <bndbox>
      <xmin>283</xmin>
      <ymin>716</ymin>
      <xmax>446</xmax>
      <ymax>1080</ymax>
    </bndbox>
  </object>
  <object>
    <type>bndbox</type>
    <name>made</name>
    <pose>Unspecified</pose>
    <truncated>1</truncated>
    <difficult>0</difficult>
    <bndbox>
      <xmin>1574</xmin>
      <ymin>826</ymin>
      <xmax>1737</xmax>
      <ymax>1080</ymax>
    </bndbox>
  </object>
  <object>
    <type>bndbox</type>
    <name>me</name>
    <pose>Unspecified</pose>
    <truncated>0</truncated>
    <difficult>0</difficult>
    <bndbox>
      <xmin>1622</xmin>
      <ymin>437</ymin>
      <xmax>1780</xmax>
      <ymax>792</ymax>
    </bndbox>
  </object>
  <object>
    <type>bndbox</type>
    <name>do</name>
    <pose>Unspecified</pose>
    <truncated>0</truncated>
    <difficult>0</difficult>
    <bndbox>
      <xmin>1639</xmin>
      <ymin>61</ymin>
      <xmax>1800</xmax>
      <ymax>316</ymax>
    </bndbox>
  </object>
  <object>
    <type>bndbox</type>
    <name>ooh</name>
    <pose>Unspecified</pose>
    <truncated>0</truncated>
    <difficult>0</difficult>
    <bndbox>
      <xmin>576</xmin>
      <ymin>163</ymin>
      <xmax>657</xmax>
      <ymax>379</ymax>
    </bndbox>
  </object>
  <object>
    <type>bndbox</type>
    <name>look</name>
    <pose>Unspecified</pose>
    <truncated>0</truncated>
    <difficult>0</difficult>
    <bndbox>
      <xmin>589</xmin>
      <ymin>418</ymin>
      <xmax>689</xmax>
      <ymax>681</ymax>
    </bndbox>
  </object>
  <object>
    <type>bndbox</type>
    <name>what</name>
    <pose>Unspecified</pose>
    <truncated>0</truncated>
    <difficult>0</difficult>
    <bndbox>
      <xmin>617</xmin>
      <ymin>720</ymin>
      <xmax>933</xmax>
      <ymax>1063</ymax>
    </bndbox>
  </object>
  <object>
    <type>bndbox</type>
    <name>you</name>
    <pose>Unspecified</pose>
    <truncated>0</truncated>
    <difficult>0</difficult>
    <bndbox>
      <xmin>996</xmin>
      <ymin>959</ymin>
      <xmax>1235</xmax>
      <ymax>1059</ymax>
    </bndbox>
  </object>
  <object>
    <type>bndbox</type>
    <name>made</name>
    <pose>Unspecified</pose>
    <truncated>0</truncated>
    <difficult>0</difficult>
    <bndbox>
      <xmin>1287</xmin>
      <ymin>672</ymin>
      <xmax>1441</xmax>
      <ymax>1007</ymax>
    </bndbox>
  </object>
  <object>
    <type>bndbox</type>
    <name>me</name>
    <pose>Unspecified</pose>
    <truncated>0</truncated>
    <difficult>0</difficult>
    <bndbox>
      <xmin>1341</xmin>
      <ymin>444</ymin>
      <xmax>1428</xmax>
      <ymax>631</ymax>
    </bndbox>
  </object>
  <object>
    <type>bndbox</type>
    <name>do</name>
    <pose>Unspecified</pose>
    <truncated>0</truncated>
    <difficult>0</difficult>
    <bndbox>
      <xmin>1298</xmin>
      <ymin>235</ymin>
      <xmax>1404</xmax>
      <ymax>379</ymax>
    </bndbox>
  </object>
  <object>
    <type>bndbox</type>
    <name>ooh</name>
    <pose>Unspecified</pose>
    <truncated>0</truncated>
    <difficult>0</difficult>
    <bndbox>
      <xmin>759</xmin>
      <ymin>392</ymin>
      <xmax>807</xmax>
      <ymax>500</ymax>
    </bndbox>
  </object>
  <object>
    <type>bndbox</type>
    <name>look</name>
    <pose>Unspecified</pose>
    <truncated>0</truncated>
    <difficult>0</difficult>
    <bndbox>
      <xmin>771</xmin>
      <ymin>525</ymin>
      <xmax>833</xmax>
      <ymax>661</ymax>
    </bndbox>
  </object>
  <object>
    <type>bndbox</type>
    <name>me</name>
    <pose>Unspecified</pose>
    <truncated>0</truncated>
    <difficult>0</difficult>
    <bndbox>
      <xmin>1172</xmin>
      <ymin>506</ymin>
      <xmax>1233</xmax>
      <ymax>606</ymax>
    </bndbox>
  </object>
  <object>
    <type>bndbox</type>
    <name>do</name>
    <pose>Unspecified</pose>
    <truncated>0</truncated>
    <difficult>0</difficult>
    <bndbox>
      <xmin>1149</xmin>
      <ymin>396</ymin>
      <xmax>1208</xmax>
      <ymax>470</ymax>
    </bndbox>
  </object>
  <object>
    <type>bndbox</type>
    <name>made</name>
    <pose>Unspecified</pose>
    <truncated>0</truncated>
    <difficult>0</difficult>
    <bndbox>
      <xmin>1106</xmin>
      <ymin>610</ymin>
      <xmax>1142</xmax>
      <ymax>704</ymax>
    </bndbox>
  </object>
  <object>
    <type>bndbox</type>
    <name>me</name>
    <pose>Unspecified</pose>
    <truncated>0</truncated>
    <difficult>0</difficult>
    <bndbox>
      <xmin>1083</xmin>
      <ymin>543</ymin>
      <xmax>1117</xmax>
      <ymax>599</ymax>
    </bndbox>
  </object>
  <object>
    <type>bndbox</type>
    <name>do</name>
    <pose>Unspecified</pose>
    <truncated>0</truncated>
    <difficult>0</difficult>
    <bndbox>
      <xmin>1054</xmin>
      <ymin>489</ymin>
      <xmax>1091</xmax>
      <ymax>530</ymax>
    </bndbox>
  </object>
  <object>
    <type>bndbox</type>
    <name>ooh</name>
    <pose>Unspecified</pose>
    <truncated>0</truncated>
    <difficult>0</difficult>
    <bndbox>
      <xmin>349</xmin>
      <ymin>3</ymin>
      <xmax>474</xmax>
      <ymax>84</ymax>
    </bndbox>
  </object>
  <object>
    <type>robndbox</type>
    <name>look</name>
    <pose>Unspecified</pose>
    <truncated>0</truncated>
    <difficult>0</difficult>
    <robndbox>
      <cx>378.2494</cx>
      <cy>396.3993</cy>
      <w>164.5306</w>
      <h>489.0518</h>
      <angle>0.11</angle>
    </robndbox>
  </object>
  <object>
    <type>robndbox</type>
    <name>what</name>
    <pose>Unspecified</pose>
    <truncated>0</truncated>
    <difficult>0</difficult>
    <robndbox>
      <cx>873.9982</cx>
      <cy>779.2404</cy>
      <w>208.8358</w>
      <h>94.0868</h>
      <angle>0.8</angle>
    </robndbox>
  </object>
  <object>
    <type>robndbox</type>
    <name>you</name>
    <pose>Unspecified</pose>
    <truncated>0</truncated>
    <difficult>0</difficult>
    <robndbox>
      <cx>1076.6942</cx>
      <cy>822.6793</cy>
      <w>124.7335</w>
      <h>44.5908</h>
      <angle>2.941593</angle>
    </robndbox>
  </object>
  <object>
    <type>robndbox</type>
    <name>made</name>
    <pose>Unspecified</pose>
    <truncated>0</truncated>
    <difficult>0</difficult>
    <robndbox>
      <cx>1206.7165</cx>
      <cy>726.5491</cy>
      <w>63.559</w>
      <h>178.4461</h>
      <angle>0.23</angle>
    </robndbox>
  </object>
  <object>
    <type>robndbox</type>
    <name>ooh</name>
    <pose>Unspecified</pose>
    <truncated>0</truncated>
    <difficult>0</difficult>
    <robndbox>
      <cx>867.5</cx>
      <cy>566.9206</cy>
      <w>29.0</w>
      <h>66.0</h>
      <angle>0.0</angle>
    </robndbox>
  </object>
  <object>
    <type>robndbox</type>
    <name>look</name>
    <pose>Unspecified</pose>
    <truncated>0</truncated>
    <difficult>0</difficult>
    <robndbox>
      <cx>894.5</cx>
      <cy>642.4206</cy>
      <w>45.0</w>
      <h>75.0</h>
      <angle>0.0</angle>
    </robndbox>
  </object>
  <object>
    <type>robndbox</type>
    <name>what</name>
    <pose>Unspecified</pose>
    <truncated>0</truncated>
    <difficult>0</difficult>
    <robndbox>
      <cx>959.6929</cx>
      <cy>728.51</cy>
      <w>115.5405</w>
      <h>45.6966</h>
      <angle>0.57</angle>
    </robndbox>
  </object>
  <object>
    <type>robndbox</type>
    <name>you</name>
    <pose>Unspecified</pose>
    <truncated>0</truncated>
    <difficult>0</difficult>
    <robndbox>
      <cx>1070.4002</cx>
      <cy>723.5092</cy>
      <w>70.3937</w>
      <h>27.9989</h>
      <angle>2.641593</angle>
    </robndbox>
  </object>
</annotation>
