<annotation verified="no">
  <folder>3K0RzZGpyds</folder>
  <filename>07_frame_04897</filename>
  <path>/home/sakaguchi/&#12487;&#12473;&#12463;&#12488;&#12483;&#12503;/youtube_list/annotation/3K0RzZGpyds/07_frame_04897.jpg</path>
  <source>
    <database>Unknown</database>
  </source>
  <size>
    <width>1920</width>
    <height>1080</height>
    <depth>3</depth>
  </size>
  <segmented>0</segmented>
  <object>
    <type>bndbox</type>
    <name>look</name>
    <pose>Unspecified</pose>
    <truncated>1</truncated>
    <difficult>0</difficult>
    <bndbox>
      <xmin>1</xmin>
      <ymin>1</ymin>
      <xmax>196</xmax>
      <ymax>381</ymax>
    </bndbox>
  </object>
  <object>
    <type>bndbox</type>
    <name>ooh</name>
    <pose>Unspecified</pose>
    <truncated>1</truncated>
    <difficult>0</difficult>
    <bndbox>
      <xmin>578</xmin>
      <ymin>1</ymin>
      <xmax>665</xmax>
      <ymax>109</ymax>
    </bndbox>
  </object>
  <object>
    <type>bndbox</type>
    <name>what</name>
    <pose>Unspecified</pose>
    <truncated>0</truncated>
    <difficult>0</difficult>
    <bndbox>
      <xmin>350</xmin>
      <ymin>600</ymin>
      <xmax>652</xmax>
      <ymax>1079</ymax>
    </bndbox>
  </object>
  <object>
    <type>bndbox</type>
    <name>you</name>
    <pose>Unspecified</pose>
    <truncated>0</truncated>
    <difficult>0</difficult>
    <bndbox>
      <xmin>909</xmin>
      <ymin>929</ymin>
      <xmax>1098</xmax>
      <ymax>1018</ymax>
    </bndbox>
  </object>
  <object>
    <type>bndbox</type>
    <name>what</name>
    <pose>Unspecified</pose>
    <truncated>0</truncated>
    <difficult>0</difficult>
    <bndbox>
      <xmin>626</xmin>
      <ymin>648</ymin>
      <xmax>854</xmax>
      <ymax>974</ymax>
    </bndbox>
  </object>
  <object>
    <type>bndbox</type>
    <name>look</name>
    <pose>Unspecified</pose>
    <truncated>0</truncated>
    <difficult>0</difficult>
    <bndbox>
      <xmin>628</xmin>
      <ymin>374</ymin>
      <xmax>715</xmax>
      <ymax>607</ymax>
    </bndbox>
  </object>
  <object>
    <type>bndbox</type>
    <name>ooh</name>
    <pose>Unspecified</pose>
    <truncated>0</truncated>
    <difficult>0</difficult>
    <bndbox>
      <xmin>674</xmin>
      <ymin>168</ymin>
      <xmax>761</xmax>
      <ymax>342</ymax>
    </bndbox>
  </object>
  <object>
    <type>bndbox</type>
    <name>ooh</name>
    <pose>Unspecified</pose>
    <truncated>0</truncated>
    <difficult>0</difficult>
    <bndbox>
      <xmin>791</xmin>
      <ymin>376</ymin>
      <xmax>833</xmax>
      <ymax>483</ymax>
    </bndbox>
  </object>
  <object>
    <type>bndbox</type>
    <name>look</name>
    <pose>Unspecified</pose>
    <truncated>0</truncated>
    <difficult>0</difficult>
    <bndbox>
      <xmin>785</xmin>
      <ymin>497</ymin>
      <xmax>823</xmax>
      <ymax>627</ymax>
    </bndbox>
  </object>
  <object>
    <type>bndbox</type>
    <name>you</name>
    <pose>Unspecified</pose>
    <truncated>0</truncated>
    <difficult>0</difficult>
    <bndbox>
      <xmin>947</xmin>
      <ymin>797</ymin>
      <xmax>1071</xmax>
      <ymax>845</ymax>
    </bndbox>
  </object>
  <object>
    <type>bndbox</type>
    <name>you</name>
    <pose>Unspecified</pose>
    <truncated>0</truncated>
    <difficult>0</difficult>
    <bndbox>
      <xmin>986</xmin>
      <ymin>721</ymin>
      <xmax>1056</xmax>
      <ymax>750</ymax>
    </bndbox>
  </object>
  <object>
    <type>bndbox</type>
    <name>look</name>
    <pose>Unspecified</pose>
    <truncated>0</truncated>
    <difficult>0</difficult>
    <bndbox>
      <xmin>855</xmin>
      <ymin>585</ymin>
      <xmax>894</xmax>
      <ymax>660</ymax>
    </bndbox>
  </object>
  <object>
    <type>bndbox</type>
    <name>ooh</name>
    <pose>Unspecified</pose>
    <truncated>0</truncated>
    <difficult>0</difficult>
    <bndbox>
      <xmin>851</xmin>
      <ymin>517</ymin>
      <xmax>880</xmax>
      <ymax>581</ymax>
    </bndbox>
  </object>
  <object>
    <type>robndbox</type>
    <name>look</name>
    <pose>Unspecified</pose>
    <truncated>0</truncated>
    <difficult>0</difficult>
    <robndbox>
      <cx>535.1453</cx>
      <cy>349.3052</cy>
      <w>128.3719</w>
      <h>387.727</h>
      <angle>0.3</angle>
    </robndbox>
  </object>
  <object>
    <type>robndbox</type>
    <name>what</name>
    <pose>Unspecified</pose>
    <truncated>0</truncated>
    <difficult>0</difficult>
    <robndbox>
      <cx>834.0242</cx>
      <cy>743.0168</cy>
      <w>194.2637</w>
      <h>82.0105</h>
      <angle>1.0</angle>
    </robndbox>
  </object>
  <object>
    <type>robndbox</type>
    <name>what</name>
    <pose>Unspecified</pose>
    <truncated>0</truncated>
    <difficult>0</difficult>
    <robndbox>
      <cx>923.644</cx>
      <cy>718.6999</cy>
      <w>124.4202</w>
      <h>45.4496</h>
      <angle>0.8</angle>
    </robndbox>
  </object>
</annotation>
