<annotation verified="no">
  <folder>3K0RzZGpyds</folder>
  <filename>00_frame_04681</filename>
  <path>/home/sakaguchi/&#12487;&#12473;&#12463;&#12488;&#12483;&#12503;/youtube_list/annotation/3K0RzZGpyds/00_frame_04681.jpg</path>
  <source>
    <database>Unknown</database>
  </source>
  <size>
    <width>1920</width>
    <height>1080</height>
    <depth>3</depth>
  </size>
  <segmented>0</segmented>
  <object>
    <type>bndbox</type>
    <name>look</name>
    <pose>Unspecified</pose>
    <truncated>0</truncated>
    <difficult>0</difficult>
    <bndbox>
      <xmin>617</xmin>
      <ymin>334</ymin>
      <xmax>710</xmax>
      <ymax>499</ymax>
    </bndbox>
  </object>
  <object>
    <type>bndbox</type>
    <name>what</name>
    <pose>Unspecified</pose>
    <truncated>0</truncated>
    <difficult>0</difficult>
    <bndbox>
      <xmin>610</xmin>
      <ymin>549</ymin>
      <xmax>694</xmax>
      <ymax>790</ymax>
    </bndbox>
  </object>
  <object>
    <type>bndbox</type>
    <name>made</name>
    <pose>Unspecified</pose>
    <truncated>0</truncated>
    <difficult>0</difficult>
    <bndbox>
      <xmin>1129</xmin>
      <ymin>841</ymin>
      <xmax>1378</xmax>
      <ymax>1050</ymax>
    </bndbox>
  </object>
  <object>
    <type>bndbox</type>
    <name>me</name>
    <pose>Unspecified</pose>
    <truncated>0</truncated>
    <difficult>0</difficult>
    <bndbox>
      <xmin>1294</xmin>
      <ymin>627</ymin>
      <xmax>1402</xmax>
      <ymax>790</ymax>
    </bndbox>
  </object>
  <object>
    <type>bndbox</type>
    <name>do</name>
    <pose>Unspecified</pose>
    <truncated>0</truncated>
    <difficult>0</difficult>
    <bndbox>
      <xmin>1322</xmin>
      <ymin>451</ymin>
      <xmax>1427</xmax>
      <ymax>563</ymax>
    </bndbox>
  </object>
  <object>
    <type>bndbox</type>
    <name>look</name>
    <pose>Unspecified</pose>
    <truncated>0</truncated>
    <difficult>0</difficult>
    <bndbox>
      <xmin>776</xmin>
      <ymin>476</ymin>
      <xmax>823</xmax>
      <ymax>567</ymax>
    </bndbox>
  </object>
  <object>
    <type>bndbox</type>
    <name>what</name>
    <pose>Unspecified</pose>
    <truncated>0</truncated>
    <difficult>0</difficult>
    <bndbox>
      <xmin>776</xmin>
      <ymin>593</ymin>
      <xmax>830</xmax>
      <ymax>724</ymax>
    </bndbox>
  </object>
  <object>
    <type>bndbox</type>
    <name>just</name>
    <pose>Unspecified</pose>
    <truncated>0</truncated>
    <difficult>0</difficult>
    <bndbox>
      <xmin>921</xmin>
      <ymin>800</ymin>
      <xmax>1057</xmax>
      <ymax>861</ymax>
    </bndbox>
  </object>
  <object>
    <type>bndbox</type>
    <name>me</name>
    <pose>Unspecified</pose>
    <truncated>0</truncated>
    <difficult>0</difficult>
    <bndbox>
      <xmin>1164</xmin>
      <ymin>611</ymin>
      <xmax>1217</xmax>
      <ymax>698</ymax>
    </bndbox>
  </object>
  <object>
    <type>bndbox</type>
    <name>do</name>
    <pose>Unspecified</pose>
    <truncated>0</truncated>
    <difficult>0</difficult>
    <bndbox>
      <xmin>1166</xmin>
      <ymin>513</ymin>
      <xmax>1224</xmax>
      <ymax>576</ymax>
    </bndbox>
  </object>
  <object>
    <type>bndbox</type>
    <name>me</name>
    <pose>Unspecified</pose>
    <truncated>0</truncated>
    <difficult>0</difficult>
    <bndbox>
      <xmin>1083</xmin>
      <ymin>600</ymin>
      <xmax>1120</xmax>
      <ymax>655</ymax>
    </bndbox>
  </object>
  <object>
    <type>bndbox</type>
    <name>do</name>
    <pose>Unspecified</pose>
    <truncated>0</truncated>
    <difficult>0</difficult>
    <bndbox>
      <xmin>1073</xmin>
      <ymin>548</ymin>
      <xmax>1109</xmax>
      <ymax>587</ymax>
    </bndbox>
  </object>
  <object>
    <type>robndbox</type>
    <name>look</name>
    <pose>Unspecified</pose>
    <truncated>0</truncated>
    <difficult>0</difficult>
    <robndbox>
      <cx>489.8202</cx>
      <cy>195.5062</cy>
      <w>145.1881</w>
      <h>284.7285</h>
      <angle>0.24</angle>
    </robndbox>
  </object>
  <object>
    <type>robndbox</type>
    <name>what</name>
    <pose>Unspecified</pose>
    <truncated>0</truncated>
    <difficult>0</difficult>
    <robndbox>
      <cx>394.3134</cx>
      <cy>605.0733</cy>
      <w>160.7849</w>
      <h>423.1004</h>
      <angle>0.12</angle>
    </robndbox>
  </object>
  <object>
    <type>robndbox</type>
    <name>you</name>
    <pose>Unspecified</pose>
    <truncated>0</truncated>
    <difficult>0</difficult>
    <robndbox>
      <cx>418.6739</cx>
      <cy>972.9783</cy>
      <w>271.0</w>
      <h>213.0</h>
      <angle>0.0</angle>
    </robndbox>
  </object>
  <object>
    <type>robndbox</type>
    <name>me</name>
    <pose>Unspecified</pose>
    <truncated>0</truncated>
    <difficult>0</difficult>
    <robndbox>
      <cx>1568.6098</cx>
      <cy>888.7707</cy>
      <w>269.677</w>
      <h>160.6885</h>
      <angle>1.861593</angle>
    </robndbox>
  </object>
  <object>
    <type>robndbox</type>
    <name>do</name>
    <pose>Unspecified</pose>
    <truncated>0</truncated>
    <difficult>0</difficult>
    <robndbox>
      <cx>1671.6432</cx>
      <cy>551.8217</cy>
      <w>162.0714</w>
      <h>192.786</h>
      <angle>0.18</angle>
    </robndbox>
  </object>
  <object>
    <type>robndbox</type>
    <name>you</name>
    <pose>Unspecified</pose>
    <truncated>0</truncated>
    <difficult>0</difficult>
    <robndbox>
      <cx>712.1643</cx>
      <cy>919.5723</cy>
      <w>204.9074</w>
      <h>119.2152</h>
      <angle>0.85</angle>
    </robndbox>
  </object>
  <object>
    <type>robndbox</type>
    <name>just</name>
    <pose>Unspecified</pose>
    <truncated>0</truncated>
    <difficult>0</difficult>
    <robndbox>
      <cx>962.0</cx>
      <cy>998.3837</cy>
      <w>250.0</w>
      <h>109.0</h>
      <angle>0.0</angle>
    </robndbox>
  </object>
  <object>
    <type>robndbox</type>
    <name>you</name>
    <pose>Unspecified</pose>
    <truncated>0</truncated>
    <difficult>0</difficult>
    <robndbox>
      <cx>847.4045</cx>
      <cy>797.1722</cy>
      <w>113.9359</w>
      <h>68.1602</h>
      <angle>0.81</angle>
    </robndbox>
  </object>
  <object>
    <type>robndbox</type>
    <name>made</name>
    <pose>Unspecified</pose>
    <truncated>0</truncated>
    <difficult>0</difficult>
    <robndbox>
      <cx>1147.8479</cx>
      <cy>798.6816</cy>
      <w>157.4591</w>
      <h>78.1478</h>
      <angle>2.451593</angle>
    </robndbox>
  </object>
  <object>
    <type>robndbox</type>
    <name>look</name>
    <pose>Unspecified</pose>
    <truncated>0</truncated>
    <difficult>0</difficult>
    <robndbox>
      <cx>873.3783</cx>
      <cy>605.8191</cy>
      <w>28.5296</w>
      <h>53.4688</h>
      <angle>2.931593</angle>
    </robndbox>
  </object>
  <object>
    <type>robndbox</type>
    <name>what</name>
    <pose>Unspecified</pose>
    <truncated>0</truncated>
    <difficult>0</difficult>
    <robndbox>
      <cx>896.4714</cx>
      <cy>678.1924</cy>
      <w>28.9372</w>
      <h>68.7926</h>
      <angle>2.891593</angle>
    </robndbox>
  </object>
  <object>
    <type>robndbox</type>
    <name>you</name>
    <pose>Unspecified</pose>
    <truncated>0</truncated>
    <difficult>0</difficult>
    <robndbox>
      <cx>936.8764</cx>
      <cy>745.5417</cy>
      <w>61.0937</w>
      <h>36.6658</h>
      <angle>0.43</angle>
    </robndbox>
  </object>
  <object>
    <type>robndbox</type>
    <name>just</name>
    <pose>Unspecified</pose>
    <truncated>0</truncated>
    <difficult>0</difficult>
    <robndbox>
      <cx>1016.8869</cx>
      <cy>744.378</cy>
      <w>75.311</w>
      <h>31.5153</h>
      <angle>2.931593</angle>
    </robndbox>
  </object>
  <object>
    <type>robndbox</type>
    <name>made</name>
    <pose>Unspecified</pose>
    <truncated>0</truncated>
    <difficult>0</difficult>
    <robndbox>
      <cx>1098.4942</cx>
      <cy>703.4378</cy>
      <w>90.1766</w>
      <h>43.0606</h>
      <angle>2.331593</angle>
    </robndbox>
  </object>
</annotation>
