<annotation verified="no">
  <folder>3K0RzZGpyds</folder>
  <filename>06_frame_04393</filename>
  <path>/home/sakaguchi/&#12487;&#12473;&#12463;&#12488;&#12483;&#12503;/youtube_list/annotation/3K0RzZGpyds/06_frame_04393.jpg</path>
  <source>
    <database>Unknown</database>
  </source>
  <size>
    <width>1920</width>
    <height>1080</height>
    <depth>1</depth>
  </size>
  <segmented>0</segmented>
  <object>
    <type>bndbox</type>
    <name>look</name>
    <pose>Unspecified</pose>
    <truncated>1</truncated>
    <difficult>0</difficult>
    <bndbox>
      <xmin>459</xmin>
      <ymin>807</ymin>
      <xmax>872</xmax>
      <ymax>1080</ymax>
    </bndbox>
  </object>
  <object>
    <type>bndbox</type>
    <name>made</name>
    <pose>Unspecified</pose>
    <truncated>0</truncated>
    <difficult>0</difficult>
    <bndbox>
      <xmin>1524</xmin>
      <ymin>107</ymin>
      <xmax>1917</xmax>
      <ymax>581</ymax>
    </bndbox>
  </object>
  <object>
    <type>bndbox</type>
    <name>me</name>
    <pose>Unspecified</pose>
    <truncated>1</truncated>
    <difficult>0</difficult>
    <bndbox>
      <xmin>1280</xmin>
      <ymin>1</ymin>
      <xmax>1552</xmax>
      <ymax>137</ymax>
    </bndbox>
  </object>
  <object>
    <type>bndbox</type>
    <name>what</name>
    <pose>Unspecified</pose>
    <truncated>0</truncated>
    <difficult>0</difficult>
    <bndbox>
      <xmin>998</xmin>
      <ymin>755</ymin>
      <xmax>1259</xmax>
      <ymax>872</ymax>
    </bndbox>
  </object>
  <object>
    <type>bndbox</type>
    <name>ooh</name>
    <pose>Unspecified</pose>
    <truncated>0</truncated>
    <difficult>0</difficult>
    <bndbox>
      <xmin>888</xmin>
      <ymin>616</ymin>
      <xmax>948</xmax>
      <ymax>662</ymax>
    </bndbox>
  </object>
  <object>
    <type>bndbox</type>
    <name>look</name>
    <pose>Unspecified</pose>
    <truncated>0</truncated>
    <difficult>0</difficult>
    <bndbox>
      <xmin>961</xmin>
      <ymin>646</ymin>
      <xmax>1048</xmax>
      <ymax>692</ymax>
    </bndbox>
  </object>
  <object>
    <type>bndbox</type>
    <name>what</name>
    <pose>Unspecified</pose>
    <truncated>0</truncated>
    <difficult>0</difficult>
    <bndbox>
      <xmin>1061</xmin>
      <ymin>632</ymin>
      <xmax>1181</xmax>
      <ymax>699</ymax>
    </bndbox>
  </object>
  <object>
    <type>bndbox</type>
    <name>you</name>
    <pose>Unspecified</pose>
    <truncated>0</truncated>
    <difficult>0</difficult>
    <bndbox>
      <xmin>1175</xmin>
      <ymin>536</ymin>
      <xmax>1213</xmax>
      <ymax>609</ymax>
    </bndbox>
  </object>
  <object>
    <type>bndbox</type>
    <name>made</name>
    <pose>Unspecified</pose>
    <truncated>0</truncated>
    <difficult>0</difficult>
    <bndbox>
      <xmin>1125</xmin>
      <ymin>437</ymin>
      <xmax>1219</xmax>
      <ymax>520</ymax>
    </bndbox>
  </object>
  <object>
    <type>bndbox</type>
    <name>me</name>
    <pose>Unspecified</pose>
    <truncated>0</truncated>
    <difficult>0</difficult>
    <bndbox>
      <xmin>1055</xmin>
      <ymin>413</ymin>
      <xmax>1119</xmax>
      <ymax>457</ymax>
    </bndbox>
  </object>
  <object>
    <type>bndbox</type>
    <name>do</name>
    <pose>Unspecified</pose>
    <truncated>0</truncated>
    <difficult>0</difficult>
    <bndbox>
      <xmin>985</xmin>
      <ymin>402</ymin>
      <xmax>1039</xmax>
      <ymax>435</ymax>
    </bndbox>
  </object>
  <object>
    <type>robndbox</type>
    <name>ooh</name>
    <pose>Unspecified</pose>
    <truncated>0</truncated>
    <difficult>0</difficult>
    <robndbox>
      <cx>306.5625</cx>
      <cy>705.4821</cy>
      <w>303.4942</w>
      <h>151.0013</h>
      <angle>0.6</angle>
    </robndbox>
  </object>
  <object>
    <type>robndbox</type>
    <name>you</name>
    <pose>Unspecified</pose>
    <truncated>0</truncated>
    <difficult>0</difficult>
    <robndbox>
      <cx>1717.8098</cx>
      <cy>808.5665</cy>
      <w>387.6512</w>
      <h>133.039</h>
      <angle>2.041593</angle>
    </robndbox>
  </object>
  <object>
    <type>robndbox</type>
    <name>ooh</name>
    <pose>Unspecified</pose>
    <truncated>0</truncated>
    <difficult>0</difficult>
    <robndbox>
      <cx>730.935</cx>
      <cy>642.9245</cy>
      <w>149.0564</w>
      <h>52.168</h>
      <angle>0.6</angle>
    </robndbox>
  </object>
  <object>
    <type>robndbox</type>
    <name>look</name>
    <pose>Unspecified</pose>
    <truncated>0</truncated>
    <difficult>0</difficult>
    <robndbox>
      <cx>883.3225</cx>
      <cy>738.9473</cy>
      <w>178.5697</w>
      <h>61.7458</h>
      <angle>0.51</angle>
    </robndbox>
  </object>
  <object>
    <type>robndbox</type>
    <name>you</name>
    <pose>Unspecified</pose>
    <truncated>0</truncated>
    <difficult>0</difficult>
    <robndbox>
      <cx>1330.4459</cx>
      <cy>646.8927</cy>
      <w>163.7146</w>
      <h>59.6894</h>
      <angle>2.041593</angle>
    </robndbox>
  </object>
  <object>
    <type>robndbox</type>
    <name>made</name>
    <pose>Unspecified</pose>
    <truncated>0</truncated>
    <difficult>0</difficult>
    <robndbox>
      <cx>1333.9067</cx>
      <cy>449.3953</cy>
      <w>226.8586</w>
      <h>91.5478</h>
      <angle>0.7</angle>
    </robndbox>
  </object>
  <object>
    <type>robndbox</type>
    <name>me</name>
    <pose>Unspecified</pose>
    <truncated>0</truncated>
    <difficult>0</difficult>
    <robndbox>
      <cx>1169.4706</cx>
      <cy>322.9461</cy>
      <w>131.5626</w>
      <h>75.195</h>
      <angle>0.5</angle>
    </robndbox>
  </object>
  <object>
    <type>robndbox</type>
    <name>do</name>
    <pose>Unspecified</pose>
    <truncated>0</truncated>
    <difficult>0</difficult>
    <robndbox>
      <cx>1033.8581</cx>
      <cy>252.2516</cy>
      <w>96.7094</w>
      <h>66.8599</h>
      <angle>0.3</angle>
    </robndbox>
  </object>
</annotation>
