<annotation verified="no">
  <folder>3K0RzZGpyds</folder>
  <filename>02_frame_04825</filename>
  <path>/home/sakaguchi/&#12487;&#12473;&#12463;&#12488;&#12483;&#12503;/youtube_list/annotation/3K0RzZGpyds/02_frame_04825.jpg</path>
  <source>
    <database>Unknown</database>
  </source>
  <size>
    <width>1920</width>
    <height>1080</height>
    <depth>3</depth>
  </size>
  <segmented>0</segmented>
  <object>
    <type>bndbox</type>
    <name>made</name>
    <pose>Unspecified</pose>
    <truncated>1</truncated>
    <difficult>0</difficult>
    <bndbox>
      <xmin>1</xmin>
      <ymin>192</ymin>
      <xmax>115</xmax>
      <ymax>268</ymax>
    </bndbox>
  </object>
  <object>
    <type>bndbox</type>
    <name>me</name>
    <pose>Unspecified</pose>
    <truncated>0</truncated>
    <difficult>0</difficult>
    <bndbox>
      <xmin>144</xmin>
      <ymin>196</ymin>
      <xmax>291</xmax>
      <ymax>276</ymax>
    </bndbox>
  </object>
  <object>
    <type>bndbox</type>
    <name>what</name>
    <pose>Unspecified</pose>
    <truncated>0</truncated>
    <difficult>0</difficult>
    <bndbox>
      <xmin>37</xmin>
      <ymin>337</ymin>
      <xmax>239</xmax>
      <ymax>422</ymax>
    </bndbox>
  </object>
  <object>
    <type>bndbox</type>
    <name>look</name>
    <pose>Unspecified</pose>
    <truncated>0</truncated>
    <difficult>0</difficult>
    <bndbox>
      <xmin>267</xmin>
      <ymin>333</ymin>
      <xmax>428</xmax>
      <ymax>468</ymax>
    </bndbox>
  </object>
  <object>
    <type>bndbox</type>
    <name>do</name>
    <pose>Unspecified</pose>
    <truncated>0</truncated>
    <difficult>0</difficult>
    <bndbox>
      <xmin>354</xmin>
      <ymin>479</ymin>
      <xmax>439</xmax>
      <ymax>587</ymax>
    </bndbox>
  </object>
  <object>
    <type>bndbox</type>
    <name>me</name>
    <pose>Unspecified</pose>
    <truncated>0</truncated>
    <difficult>0</difficult>
    <bndbox>
      <xmin>339</xmin>
      <ymin>613</ymin>
      <xmax>424</xmax>
      <ymax>753</ymax>
    </bndbox>
  </object>
  <object>
    <type>bndbox</type>
    <name>made</name>
    <pose>Unspecified</pose>
    <truncated>0</truncated>
    <difficult>0</difficult>
    <bndbox>
      <xmin>328</xmin>
      <ymin>785</ymin>
      <xmax>413</xmax>
      <ymax>1007</ymax>
    </bndbox>
  </object>
  <object>
    <type>bndbox</type>
    <name>just</name>
    <pose>Unspecified</pose>
    <truncated>1</truncated>
    <difficult>0</difficult>
    <bndbox>
      <xmin>309</xmin>
      <ymin>1018</ymin>
      <xmax>387</xmax>
      <ymax>1080</ymax>
    </bndbox>
  </object>
  <object>
    <type>bndbox</type>
    <name>look</name>
    <pose>Unspecified</pose>
    <truncated>1</truncated>
    <difficult>0</difficult>
    <bndbox>
      <xmin>459</xmin>
      <ymin>953</ymin>
      <xmax>543</xmax>
      <ymax>1080</ymax>
    </bndbox>
  </object>
  <object>
    <type>bndbox</type>
    <name>me</name>
    <pose>Unspecified</pose>
    <truncated>0</truncated>
    <difficult>0</difficult>
    <bndbox>
      <xmin>1317</xmin>
      <ymin>550</ymin>
      <xmax>1448</xmax>
      <ymax>642</ymax>
    </bndbox>
  </object>
  <object>
    <type>bndbox</type>
    <name>you</name>
    <pose>Unspecified</pose>
    <truncated>0</truncated>
    <difficult>0</difficult>
    <bndbox>
      <xmin>1385</xmin>
      <ymin>976</ymin>
      <xmax>1515</xmax>
      <ymax>1061</ymax>
    </bndbox>
  </object>
  <object>
    <type>bndbox</type>
    <name>do</name>
    <pose>Unspecified</pose>
    <truncated>0</truncated>
    <difficult>0</difficult>
    <bndbox>
      <xmin>1704</xmin>
      <ymin>561</ymin>
      <xmax>1791</xmax>
      <ymax>663</ymax>
    </bndbox>
  </object>
  <object>
    <type>robndbox</type>
    <name>made</name>
    <pose>Unspecified</pose>
    <truncated>0</truncated>
    <difficult>0</difficult>
    <robndbox>
      <cx>1444.2881</cx>
      <cy>741.1785</cy>
      <w>97.5286</w>
      <h>198.9634</h>
      <angle>0.62</angle>
    </robndbox>
  </object>
  <object>
    <type>robndbox</type>
    <name>just</name>
    <pose>Unspecified</pose>
    <truncated>0</truncated>
    <difficult>0</difficult>
    <robndbox>
      <cx>1326.1739</cx>
      <cy>899.4783</cy>
      <w>104.0</w>
      <h>198.0</h>
      <angle>0.0</angle>
    </robndbox>
  </object>
  <object>
    <type>robndbox</type>
    <name>what</name>
    <pose>Unspecified</pose>
    <truncated>0</truncated>
    <difficult>0</difficult>
    <robndbox>
      <cx>1618.0277</cx>
      <cy>960.7902</cy>
      <w>198.9618</w>
      <h>89.323</h>
      <angle>2.241593</angle>
    </robndbox>
  </object>
  <object>
    <type>robndbox</type>
    <name>look</name>
    <pose>Unspecified</pose>
    <truncated>0</truncated>
    <difficult>0</difficult>
    <robndbox>
      <cx>1713.1503</cx>
      <cy>767.2554</cy>
      <w>85.3247</w>
      <h>183.0818</h>
      <angle>0.33</angle>
    </robndbox>
  </object>
  <object>
    <type>robndbox</type>
    <name>me</name>
    <pose>Unspecified</pose>
    <truncated>0</truncated>
    <difficult>0</difficult>
    <robndbox>
      <cx>1672.7779</cx>
      <cy>482.0077</cy>
      <w>154.0425</w>
      <h>90.3418</h>
      <angle>0.52</angle>
    </robndbox>
  </object>
  <object>
    <type>robndbox</type>
    <name>made</name>
    <pose>Unspecified</pose>
    <truncated>0</truncated>
    <difficult>0</difficult>
    <robndbox>
      <cx>1479.348</cx>
      <cy>409.4052</cy>
      <w>217.3616</w>
      <h>90.8305</h>
      <angle>0.21</angle>
    </robndbox>
  </object>
  <object>
    <type>robndbox</type>
    <name>just</name>
    <pose>Unspecified</pose>
    <truncated>0</truncated>
    <difficult>0</difficult>
    <robndbox>
      <cx>1257.4189</cx>
      <cy>353.6159</cy>
      <w>186.6255</w>
      <h>90.6205</h>
      <angle>0.3</angle>
    </robndbox>
  </object>
  <object>
    <type>robndbox</type>
    <name>you</name>
    <pose>Unspecified</pose>
    <truncated>0</truncated>
    <difficult>0</difficult>
    <robndbox>
      <cx>1173.6739</cx>
      <cy>249.9783</cy>
      <w>91.0</w>
      <h>159.0</h>
      <angle>0.4</angle>
    </robndbox>
  </object>
  <object>
    <type>robndbox</type>
    <name>what</name>
    <pose>Unspecified</pose>
    <truncated>0</truncated>
    <difficult>0</difficult>
    <robndbox>
      <cx>1320.9055</cx>
      <cy>160.1887</cy>
      <w>206.5162</w>
      <h>81.2267</h>
      <angle>2.941593</angle>
    </robndbox>
  </object>
  <object>
    <type>robndbox</type>
    <name>look</name>
    <pose>Unspecified</pose>
    <truncated>0</truncated>
    <difficult>0</difficult>
    <robndbox>
      <cx>1530.8941</cx>
      <cy>180.9081</cy>
      <w>171.0251</w>
      <h>92.5446</h>
      <angle>0.21</angle>
    </robndbox>
  </object>
</annotation>
