<annotation verified="no">
  <folder>3K0RzZGpyds</folder>
  <filename>04_frame_04177</filename>
  <path>/home/sakaguchi/&#12487;&#12473;&#12463;&#12488;&#12483;&#12503;/youtube_list/annotation/3K0RzZGpyds/04_frame_04177.jpg</path>
  <source>
    <database>Unknown</database>
  </source>
  <size>
    <width>1920</width>
    <height>1080</height>
    <depth>3</depth>
  </size>
  <segmented>0</segmented>
  <object>
    <type>bndbox</type>
    <name>im</name>
    <pose>Unspecified</pose>
    <truncated>0</truncated>
    <difficult>0</difficult>
    <bndbox>
      <xmin>861</xmin>
      <ymin>117</ymin>
      <xmax>971</xmax>
      <ymax>180</ymax>
    </bndbox>
  </object>
  <object>
    <type>bndbox</type>
    <name>sorry</name>
    <pose>Unspecified</pose>
    <truncated>0</truncated>
    <difficult>0</difficult>
    <bndbox>
      <xmin>1017</xmin>
      <ymin>111</ymin>
      <xmax>1202</xmax>
      <ymax>185</ymax>
    </bndbox>
  </object>
  <object>
    <type>bndbox</type>
    <name>but</name>
    <pose>Unspecified</pose>
    <truncated>0</truncated>
    <difficult>0</difficult>
    <bndbox>
      <xmin>888</xmin>
      <ymin>268</ymin>
      <xmax>1039</xmax>
      <ymax>355</ymax>
    </bndbox>
  </object>
  <object>
    <type>bndbox</type>
    <name>the</name>
    <pose>Unspecified</pose>
    <truncated>0</truncated>
    <difficult>0</difficult>
    <bndbox>
      <xmin>1065</xmin>
      <ymin>244</ymin>
      <xmax>1197</xmax>
      <ymax>333</ymax>
    </bndbox>
  </object>
  <object>
    <type>bndbox</type>
    <name>old</name>
    <pose>Unspecified</pose>
    <truncated>0</truncated>
    <difficult>0</difficult>
    <bndbox>
      <xmin>1236</xmin>
      <ymin>223</ymin>
      <xmax>1350</xmax>
      <ymax>308</ymax>
    </bndbox>
  </object>
  <object>
    <type>bndbox</type>
    <name>taylor</name>
    <pose>Unspecified</pose>
    <truncated>0</truncated>
    <difficult>0</difficult>
    <bndbox>
      <xmin>900</xmin>
      <ymin>429</ymin>
      <xmax>1211</xmax>
      <ymax>588</ymax>
    </bndbox>
  </object>
  <object>
    <type>bndbox</type>
    <name>the</name>
    <pose>Unspecified</pose>
    <truncated>0</truncated>
    <difficult>0</difficult>
    <bndbox>
      <xmin>1312</xmin>
      <ymin>580</ymin>
      <xmax>1433</xmax>
      <ymax>661</ymax>
    </bndbox>
  </object>
  <object>
    <type>bndbox</type>
    <name>phone</name>
    <pose>Unspecified</pose>
    <truncated>0</truncated>
    <difficult>0</difficult>
    <bndbox>
      <xmin>1474</xmin>
      <ymin>527</ymin>
      <xmax>1685</xmax>
      <ymax>718</ymax>
    </bndbox>
  </object>
  <object>
    <type>bndbox</type>
    <name>right</name>
    <pose>Unspecified</pose>
    <truncated>0</truncated>
    <difficult>0</difficult>
    <bndbox>
      <xmin>1002</xmin>
      <ymin>753</ymin>
      <xmax>1265</xmax>
      <ymax>915</ymax>
    </bndbox>
  </object>
  <object>
    <type>bndbox</type>
    <name>now</name>
    <pose>Unspecified</pose>
    <truncated>0</truncated>
    <difficult>0</difficult>
    <bndbox>
      <xmin>1332</xmin>
      <ymin>741</ymin>
      <xmax>1541</xmax>
      <ymax>821</ymax>
    </bndbox>
  </object>
  <object>
    <type>robndbox</type>
    <name>cant</name>
    <pose>Unspecified</pose>
    <truncated>0</truncated>
    <difficult>0</difficult>
    <robndbox>
      <cx>1392.6909</cx>
      <cy>472.6055</cy>
      <w>222.0356</w>
      <h>65.4785</h>
      <angle>2.941593</angle>
    </robndbox>
  </object>
  <object>
    <type>robndbox</type>
    <name>come</name>
    <pose>Unspecified</pose>
    <truncated>0</truncated>
    <difficult>0</difficult>
    <robndbox>
      <cx>1070.548</cx>
      <cy>672.7152</cy>
      <w>195.3412</w>
      <h>47.5995</h>
      <angle>2.941593</angle>
    </robndbox>
  </object>
  <object>
    <type>robndbox</type>
    <name>to</name>
    <pose>Unspecified</pose>
    <truncated>0</truncated>
    <difficult>0</difficult>
    <robndbox>
      <cx>1245.5</cx>
      <cy>646.1364</cy>
      <w>85.0</w>
      <h>51.0</h>
      <angle>0.0</angle>
    </robndbox>
  </object>
</annotation>
