<annotation verified="no">
  <folder>BaSf-ddZxB8</folder>
  <filename>06_frame_04105</filename>
  <path>/home/baba/Desktop/&#39340;&#22580;/annotation/BaSf-ddZxB8/06_frame_04105.jpg</path>
  <source>
    <database>Unknown</database>
  </source>
  <size>
    <width>1920</width>
    <height>1080</height>
    <depth>3</depth>
  </size>
  <segmented>0</segmented>
  <object>
    <type>bndbox</type>
    <name>when</name>
    <pose>Unspecified</pose>
    <truncated>0</truncated>
    <difficult>0</difficult>
    <bndbox>
      <xmin>336</xmin>
      <ymin>492</ymin>
      <xmax>648</xmax>
      <ymax>568</ymax>
    </bndbox>
  </object>
  <object>
    <type>bndbox</type>
    <name>they</name>
    <pose>Unspecified</pose>
    <truncated>0</truncated>
    <difficult>0</difficult>
    <bndbox>
      <xmin>682</xmin>
      <ymin>489</ymin>
      <xmax>936</xmax>
      <ymax>568</ymax>
    </bndbox>
  </object>
  <object>
    <type>bndbox</type>
    <name>try</name>
    <pose>Unspecified</pose>
    <truncated>0</truncated>
    <difficult>0</difficult>
    <bndbox>
      <xmin>475</xmin>
      <ymin>590</ymin>
      <xmax>648</xmax>
      <ymax>670</ymax>
    </bndbox>
  </object>
  <object>
    <type>bndbox</type>
    <name>to</name>
    <pose>Unspecified</pose>
    <truncated>0</truncated>
    <difficult>0</difficult>
    <bndbox>
      <xmin>676</xmin>
      <ymin>592</ymin>
      <xmax>820</xmax>
      <ymax>670</ymax>
    </bndbox>
  </object>
  <object>
    <type>bndbox</type>
    <name>suffocate</name>
    <pose>Unspecified</pose>
    <truncated>0</truncated>
    <difficult>0</difficult>
    <bndbox>
      <xmin>160</xmin>
      <ymin>689</ymin>
      <xmax>859</xmax>
      <ymax>780</ymax>
    </bndbox>
  </object>
  <object>
    <type>bndbox</type>
    <name>me</name>
    <pose>Unspecified</pose>
    <truncated>0</truncated>
    <difficult>0</difficult>
    <bndbox>
      <xmin>911</xmin>
      <ymin>658</ymin>
      <xmax>1139</xmax>
      <ymax>781</ymax>
    </bndbox>
  </object>
</annotation>
