<annotation verified="no">
  <folder>BaSf-ddZxB8</folder>
  <filename>08_frame_00433</filename>
  <path>/home/baba/Desktop/&#39340;&#22580;/annotation/BaSf-ddZxB8/08_frame_00433.jpg</path>
  <source>
    <database>Unknown</database>
  </source>
  <size>
    <width>1920</width>
    <height>1080</height>
    <depth>3</depth>
  </size>
  <segmented>0</segmented>
  <object>
    <type>bndbox</type>
    <name>swallowing</name>
    <pose>Unspecified</pose>
    <truncated>0</truncated>
    <difficult>0</difficult>
    <bndbox>
      <xmin>178</xmin>
      <ymin>328</ymin>
      <xmax>931</xmax>
      <ymax>413</ymax>
    </bndbox>
  </object>
  <object>
    <type>bndbox</type>
    <name>sand</name>
    <pose>Unspecified</pose>
    <truncated>0</truncated>
    <difficult>0</difficult>
    <bndbox>
      <xmin>976</xmin>
      <ymin>326</ymin>
      <xmax>1276</xmax>
      <ymax>409</ymax>
    </bndbox>
  </object>
  <object>
    <type>bndbox</type>
    <name>left</name>
    <pose>Unspecified</pose>
    <truncated>0</truncated>
    <difficult>0</difficult>
    <bndbox>
      <xmin>320</xmin>
      <ymin>437</ymin>
      <xmax>672</xmax>
      <ymax>558</ymax>
    </bndbox>
  </object>
  <object>
    <type>bndbox</type>
    <name>with</name>
    <pose>Unspecified</pose>
    <truncated>0</truncated>
    <difficult>0</difficult>
    <bndbox>
      <xmin>728</xmin>
      <ymin>437</ymin>
      <xmax>1132</xmax>
      <ymax>557</ymax>
    </bndbox>
  </object>
  <object>
    <type>bndbox</type>
    <name>nothing</name>
    <pose>Unspecified</pose>
    <truncated>0</truncated>
    <difficult>0</difficult>
    <bndbox>
      <xmin>320</xmin>
      <ymin>585</ymin>
      <xmax>1132</xmax>
      <ymax>713</ymax>
    </bndbox>
  </object>
</annotation>
