<annotation verified="no">
  <folder>BaSf-ddZxB8</folder>
  <filename>07_frame_00361</filename>
  <path>/home/baba/Desktop/&#39340;&#22580;/annotation/BaSf-ddZxB8/07_frame_00361.jpg</path>
  <source>
    <database>Unknown</database>
  </source>
  <size>
    <width>1920</width>
    <height>1080</height>
    <depth>3</depth>
  </size>
  <segmented>0</segmented>
  <object>
    <type>bndbox</type>
    <name>a</name>
    <pose>Unspecified</pose>
    <truncated>0</truncated>
    <difficult>0</difficult>
    <bndbox>
      <xmin>216</xmin>
      <ymin>328</ymin>
      <xmax>287</xmax>
      <ymax>405</ymax>
    </bndbox>
  </object>
  <object>
    <type>bndbox</type>
    <name>tide</name>
    <pose>Unspecified</pose>
    <truncated>0</truncated>
    <difficult>0</difficult>
    <bndbox>
      <xmin>318</xmin>
      <ymin>326</ymin>
      <xmax>552</xmax>
      <ymax>412</ymax>
    </bndbox>
  </object>
  <object>
    <type>bndbox</type>
    <name>that</name>
    <pose>Unspecified</pose>
    <truncated>0</truncated>
    <difficult>0</difficult>
    <bndbox>
      <xmin>590</xmin>
      <ymin>329</ymin>
      <xmax>867</xmax>
      <ymax>409</ymax>
    </bndbox>
  </object>
  <object>
    <type>bndbox</type>
    <name>is</name>
    <pose>Unspecified</pose>
    <truncated>0</truncated>
    <difficult>0</difficult>
    <bndbox>
      <xmin>907</xmin>
      <ymin>329</ymin>
      <xmax>979</xmax>
      <ymax>416</ymax>
    </bndbox>
  </object>
  <object>
    <type>bndbox</type>
    <name>taking</name>
    <pose>Unspecified</pose>
    <truncated>0</truncated>
    <difficult>0</difficult>
    <bndbox>
      <xmin>239</xmin>
      <ymin>442</ymin>
      <xmax>716</xmax>
      <ymax>545</ymax>
    </bndbox>
  </object>
  <object>
    <type>bndbox</type>
    <name>me</name>
    <pose>Unspecified</pose>
    <truncated>0</truncated>
    <difficult>0</difficult>
    <bndbox>
      <xmin>776</xmin>
      <ymin>441</ymin>
      <xmax>964</xmax>
      <ymax>542</ymax>
    </bndbox>
  </object>
  <object>
    <type>bndbox</type>
    <name>under</name>
    <pose>Unspecified</pose>
    <truncated>0</truncated>
    <difficult>0</difficult>
    <bndbox>
      <xmin>243</xmin>
      <ymin>574</ymin>
      <xmax>968</xmax>
      <ymax>730</ymax>
    </bndbox>
  </object>
</annotation>
