<annotation verified="no">
  <folder>BaSf-ddZxB8</folder>
  <filename>09_frame_01081</filename>
  <path>/home/baba/Desktop/&#39340;&#22580;/annotation/BaSf-ddZxB8/09_frame_01081.jpg</path>
  <source>
    <database>Unknown</database>
  </source>
  <size>
    <width>1920</width>
    <height>1080</height>
    <depth>3</depth>
  </size>
  <segmented>0</segmented>
  <object>
    <type>bndbox</type>
    <name>you</name>
    <pose>Unspecified</pose>
    <truncated>0</truncated>
    <difficult>0</difficult>
    <bndbox>
      <xmin>208</xmin>
      <ymin>418</ymin>
      <xmax>379</xmax>
      <ymax>478</ymax>
    </bndbox>
  </object>
  <object>
    <type>bndbox</type>
    <name>cant</name>
    <pose>Unspecified</pose>
    <truncated>0</truncated>
    <difficult>0</difficult>
    <bndbox>
      <xmin>411</xmin>
      <ymin>417</ymin>
      <xmax>640</xmax>
      <ymax>480</ymax>
    </bndbox>
  </object>
  <object>
    <type>bndbox</type>
    <name>keep</name>
    <pose>Unspecified</pose>
    <truncated>0</truncated>
    <difficult>0</difficult>
    <bndbox>
      <xmin>670</xmin>
      <ymin>420</ymin>
      <xmax>848</xmax>
      <ymax>478</ymax>
    </bndbox>
  </object>
  <object>
    <type>bndbox</type>
    <name>me</name>
    <pose>Unspecified</pose>
    <truncated>0</truncated>
    <difficult>0</difficult>
    <bndbox>
      <xmin>882</xmin>
      <ymin>420</ymin>
      <xmax>990</xmax>
      <ymax>480</ymax>
    </bndbox>
  </object>
  <object>
    <type>bndbox</type>
    <name>quiet</name>
    <pose>Unspecified</pose>
    <truncated>0</truncated>
    <difficult>0</difficult>
    <bndbox>
      <xmin>219</xmin>
      <ymin>514</ymin>
      <xmax>1000</xmax>
      <ymax>708</ymax>
    </bndbox>
  </object>
</annotation>
