<annotation verified="no">
  <folder>BaSf-ddZxB8</folder>
  <filename>03_frame_01801</filename>
  <path>/home/baba/Desktop/&#39340;&#22580;/annotation/BaSf-ddZxB8/03_frame_01801.jpg</path>
  <source>
    <database>Unknown</database>
  </source>
  <size>
    <width>1920</width>
    <height>1080</height>
    <depth>3</depth>
  </size>
  <segmented>0</segmented>
  <object>
    <type>bndbox</type>
    <name>written</name>
    <pose>Unspecified</pose>
    <truncated>0</truncated>
    <difficult>0</difficult>
    <bndbox>
      <xmin>147</xmin>
      <ymin>309</ymin>
      <xmax>562</xmax>
      <ymax>384</ymax>
    </bndbox>
  </object>
  <object>
    <type>bndbox</type>
    <name>in</name>
    <pose>Unspecified</pose>
    <truncated>0</truncated>
    <difficult>0</difficult>
    <bndbox>
      <xmin>604</xmin>
      <ymin>309</ymin>
      <xmax>687</xmax>
      <ymax>381</ymax>
    </bndbox>
  </object>
  <object>
    <type>bndbox</type>
    <name>stone</name>
    <pose>Unspecified</pose>
    <truncated>0</truncated>
    <difficult>0</difficult>
    <bndbox>
      <xmin>727</xmin>
      <ymin>304</ymin>
      <xmax>1055</xmax>
      <ymax>381</ymax>
    </bndbox>
  </object>
  <object>
    <type>bndbox</type>
    <name>every</name>
    <pose>Unspecified</pose>
    <truncated>0</truncated>
    <difficult>0</difficult>
    <bndbox>
      <xmin>155</xmin>
      <ymin>414</ymin>
      <xmax>620</xmax>
      <ymax>534</ymax>
    </bndbox>
  </object>
  <object>
    <type>bndbox</type>
    <name>rule</name>
    <pose>Unspecified</pose>
    <truncated>0</truncated>
    <difficult>0</difficult>
    <bndbox>
      <xmin>680</xmin>
      <ymin>414</ymin>
      <xmax>1056</xmax>
      <ymax>534</ymax>
    </bndbox>
  </object>
  <object>
    <type>bndbox</type>
    <name>every</name>
    <pose>Unspecified</pose>
    <truncated>0</truncated>
    <difficult>0</difficult>
    <bndbox>
      <xmin>147</xmin>
      <ymin>581</ymin>
      <xmax>559</xmax>
      <ymax>688</ymax>
    </bndbox>
  </object>
  <object>
    <type>bndbox</type>
    <name>word</name>
    <pose>Unspecified</pose>
    <truncated>0</truncated>
    <difficult>0</difficult>
    <bndbox>
      <xmin>604</xmin>
      <ymin>582</ymin>
      <xmax>1064</xmax>
      <ymax>688</ymax>
    </bndbox>
  </object>
</annotation>
