<annotation verified="no">
  <folder>BaSf-ddZxB8</folder>
  <filename>01_frame_03817</filename>
  <path>/home/baba/Desktop/&#39340;&#22580;/annotation/BaSf-ddZxB8/01_frame_03817.jpg</path>
  <source>
    <database>Unknown</database>
  </source>
  <size>
    <width>1920</width>
    <height>1080</height>
    <depth>3</depth>
  </size>
  <segmented>0</segmented>
  <object>
    <type>bndbox</type>
    <name>though</name>
    <pose>Unspecified</pose>
    <truncated>0</truncated>
    <difficult>0</difficult>
    <bndbox>
      <xmin>199</xmin>
      <ymin>368</ymin>
      <xmax>526</xmax>
      <ymax>425</ymax>
    </bndbox>
  </object>
  <object>
    <type>bndbox</type>
    <name>you</name>
    <pose>Unspecified</pose>
    <truncated>0</truncated>
    <difficult>0</difficult>
    <bndbox>
      <xmin>554</xmin>
      <ymin>370</ymin>
      <xmax>708</xmax>
      <ymax>425</ymax>
    </bndbox>
  </object>
  <object>
    <type>bndbox</type>
    <name>want</name>
    <pose>Unspecified</pose>
    <truncated>0</truncated>
    <difficult>0</difficult>
    <bndbox>
      <xmin>738</xmin>
      <ymin>372</ymin>
      <xmax>955</xmax>
      <ymax>425</ymax>
    </bndbox>
  </object>
  <object>
    <type>bndbox</type>
    <name>to</name>
    <pose>Unspecified</pose>
    <truncated>0</truncated>
    <difficult>0</difficult>
    <bndbox>
      <xmin>206</xmin>
      <ymin>445</ymin>
      <xmax>400</xmax>
      <ymax>550</ymax>
    </bndbox>
  </object>
  <object>
    <type>bndbox</type>
    <name>see</name>
    <pose>Unspecified</pose>
    <truncated>0</truncated>
    <difficult>0</difficult>
    <bndbox>
      <xmin>456</xmin>
      <ymin>444</ymin>
      <xmax>688</xmax>
      <ymax>552</ymax>
    </bndbox>
  </object>
  <object>
    <type>bndbox</type>
    <name>me</name>
    <pose>Unspecified</pose>
    <truncated>0</truncated>
    <difficult>0</difficult>
    <bndbox>
      <xmin>752</xmin>
      <ymin>444</ymin>
      <xmax>947</xmax>
      <ymax>548</ymax>
    </bndbox>
  </object>
  <object>
    <type>bndbox</type>
    <name>tremble</name>
    <pose>Unspecified</pose>
    <truncated>0</truncated>
    <difficult>0</difficult>
    <bndbox>
      <xmin>206</xmin>
      <ymin>584</ymin>
      <xmax>943</xmax>
      <ymax>709</ymax>
    </bndbox>
  </object>
  <object>
    <type>bndbox</type>
    <name>when</name>
    <pose>Unspecified</pose>
    <truncated>0</truncated>
    <difficult>0</difficult>
    <bndbox>
      <xmin>231</xmin>
      <ymin>745</ymin>
      <xmax>474</xmax>
      <ymax>808</ymax>
    </bndbox>
  </object>
  <object>
    <type>bndbox</type>
    <name>you</name>
    <pose>Unspecified</pose>
    <truncated>0</truncated>
    <difficult>0</difficult>
    <bndbox>
      <xmin>503</xmin>
      <ymin>748</ymin>
      <xmax>675</xmax>
      <ymax>806</ymax>
    </bndbox>
  </object>
  <object>
    <type>bndbox</type>
    <name>try</name>
    <pose>Unspecified</pose>
    <truncated>0</truncated>
    <difficult>0</difficult>
    <bndbox>
      <xmin>706</xmin>
      <ymin>749</ymin>
      <xmax>838</xmax>
      <ymax>805</ymax>
    </bndbox>
  </object>
</annotation>
