<annotation verified="no">
  <folder>Wg92RrNhB8s</folder>
  <filename>02_frame_01801</filename>
  <path>/home/uchidalab/&#12487;&#12473;&#12463;&#12488;&#12483;&#12503;/&#24029;&#19978; (1)/&#24029;&#19978;/annotation/Wg92RrNhB8s/02_frame_01801.jpg</path>
  <source>
    <database>Unknown</database>
  </source>
  <size>
    <width>1920</width>
    <height>1080</height>
    <depth>3</depth>
  </size>
  <segmented>0</segmented>
  <object>
    <type>bndbox</type>
    <name>but</name>
    <pose>Unspecified</pose>
    <truncated>0</truncated>
    <difficult>0</difficult>
    <bndbox>
      <xmin>456</xmin>
      <ymin>306</ymin>
      <xmax>821</xmax>
      <ymax>401</ymax>
    </bndbox>
  </object>
  <object>
    <type>robndbox</type>
    <name>stay</name>
    <pose>Unspecified</pose>
    <truncated>0</truncated>
    <difficult>0</difficult>
    <robndbox>
      <cx>1236.5606</cx>
      <cy>345.8788</cy>
      <w>509.0</w>
      <h>106.0</h>
      <angle>0.0</angle>
    </robndbox>
  </object>
  <object>
    <type>robndbox</type>
    <name>with</name>
    <pose>Unspecified</pose>
    <truncated>0</truncated>
    <difficult>0</difficult>
    <robndbox>
      <cx>638.5606</cx>
      <cy>557.3788</cy>
      <w>547.0</w>
      <h>105.0</h>
      <angle>0.0</angle>
    </robndbox>
  </object>
  <object>
    <type>robndbox</type>
    <name>me</name>
    <pose>Unspecified</pose>
    <truncated>0</truncated>
    <difficult>0</difficult>
    <robndbox>
      <cx>1200.0606</cx>
      <cy>556.8788</cy>
      <w>254.0</w>
      <h>100.0</h>
      <angle>0.0</angle>
    </robndbox>
  </object>
  <object>
    <type>robndbox</type>
    <name>a</name>
    <pose>Unspecified</pose>
    <truncated>0</truncated>
    <difficult>0</difficult>
    <robndbox>
      <cx>1519.0606</cx>
      <cy>554.3788</cy>
      <w>90.0</w>
      <h>93.0</h>
      <angle>0.0</angle>
    </robndbox>
  </object>
  <object>
    <type>robndbox</type>
    <name>minute</name>
    <pose>Unspecified</pose>
    <truncated>0</truncated>
    <difficult>0</difficult>
    <robndbox>
      <cx>958.5606</cx>
      <cy>810.3788</cy>
      <w>1141.0</w>
      <h>141.0</h>
      <angle>0.0</angle>
    </robndbox>
  </object>
</annotation>
