<annotation verified="no">
  <folder>Wg92RrNhB8s</folder>
  <filename>08_frame_01657</filename>
  <path>/home/uchidalab/&#12487;&#12473;&#12463;&#12488;&#12483;&#12503;/&#24029;&#19978; (1)/&#24029;&#19978;/annotation/Wg92RrNhB8s/08_frame_01657.jpg</path>
  <source>
    <database>Unknown</database>
  </source>
  <size>
    <width>1920</width>
    <height>1080</height>
    <depth>3</depth>
  </size>
  <segmented>0</segmented>
  <object>
    <type>bndbox</type>
    <name>who</name>
    <pose>Unspecified</pose>
    <truncated>0</truncated>
    <difficult>0</difficult>
    <bndbox>
      <xmin>680</xmin>
      <ymin>174</ymin>
      <xmax>1227</xmax>
      <ymax>291</ymax>
    </bndbox>
  </object>
  <object>
    <type>robndbox</type>
    <name>takes</name>
    <pose>Unspecified</pose>
    <truncated>0</truncated>
    <difficult>0</difficult>
    <robndbox>
      <cx>969.0606</cx>
      <cy>438.3788</cy>
      <w>808.0</w>
      <h>115.0</h>
      <angle>0.0</angle>
    </robndbox>
  </object>
  <object>
    <type>robndbox</type>
    <name>you</name>
    <pose>Unspecified</pose>
    <truncated>0</truncated>
    <difficult>0</difficult>
    <robndbox>
      <cx>966.0606</cx>
      <cy>657.8788</cy>
      <w>492.0</w>
      <h>124.0</h>
      <angle>0.0</angle>
    </robndbox>
  </object>
  <object>
    <type>robndbox</type>
    <name>home</name>
    <pose>Unspecified</pose>
    <truncated>0</truncated>
    <difficult>0</difficult>
    <robndbox>
      <cx>962.5606</cx>
      <cy>877.3788</cy>
      <w>697.0</w>
      <h>117.0</h>
      <angle>0.0</angle>
    </robndbox>
  </object>
</annotation>
