<annotation verified="no">
  <folder>Wg92RrNhB8s</folder>
  <filename>03_frame_03529</filename>
  <path>/home/uchidalab/&#12487;&#12473;&#12463;&#12488;&#12483;&#12503;/&#24029;&#19978; (1)/&#24029;&#19978;/annotation/Wg92RrNhB8s/03_frame_03529.jpg</path>
  <source>
    <database>Unknown</database>
  </source>
  <size>
    <width>1920</width>
    <height>1080</height>
    <depth>3</depth>
  </size>
  <segmented>0</segmented>
  <object>
    <type>robndbox</type>
    <name>i</name>
    <pose>Unspecified</pose>
    <truncated>0</truncated>
    <difficult>0</difficult>
    <robndbox>
      <cx>323.5606</cx>
      <cy>311.8788</cy>
      <w>67.0</w>
      <h>102.0</h>
      <angle>3.011593</angle>
    </robndbox>
  </object>
  <object>
    <type>robndbox</type>
    <name>swear</name>
    <pose>Unspecified</pose>
    <truncated>0</truncated>
    <difficult>0</difficult>
    <robndbox>
      <cx>867.4078</cx>
      <cy>236.443</cy>
      <w>692.7732</w>
      <h>95.4843</h>
      <angle>3.011593</angle>
    </robndbox>
  </object>
  <object>
    <type>robndbox</type>
    <name>ill</name>
    <pose>Unspecified</pose>
    <truncated>0</truncated>
    <difficult>0</difficult>
    <robndbox>
      <cx>553.1363</cx>
      <cy>582.7018</cy>
      <w>434.1304</w>
      <h>96.9557</h>
      <angle>3.071593</angle>
    </robndbox>
  </object>
  <object>
    <type>robndbox</type>
    <name>make</name>
    <pose>Unspecified</pose>
    <truncated>0</truncated>
    <difficult>0</difficult>
    <robndbox>
      <cx>1200.0606</cx>
      <cy>550.8788</cy>
      <w>570.0</w>
      <h>96.0</h>
      <angle>3.101593</angle>
    </robndbox>
  </object>
  <object>
    <type>robndbox</type>
    <name>it</name>
    <pose>Unspecified</pose>
    <truncated>0</truncated>
    <difficult>0</difficult>
    <robndbox>
      <cx>1740.0606</cx>
      <cy>522.8788</cy>
      <w>186.0</w>
      <h>100.0</h>
      <angle>3.111593</angle>
    </robndbox>
  </object>
  <object>
    <type>robndbox</type>
    <name>worth</name>
    <pose>Unspecified</pose>
    <truncated>0</truncated>
    <difficult>0</difficult>
    <robndbox>
      <cx>811.0606</cx>
      <cy>841.8788</cy>
      <w>786.0</w>
      <h>130.0</h>
      <angle>0.03</angle>
    </robndbox>
  </object>
  <object>
    <type>robndbox</type>
    <name>it</name>
    <pose>Unspecified</pose>
    <truncated>0</truncated>
    <difficult>0</difficult>
    <robndbox>
      <cx>1505.0606</cx>
      <cy>869.3788</cy>
      <w>224.0</w>
      <h>123.0</h>
      <angle>0.04</angle>
    </robndbox>
  </object>
</annotation>
