<annotation verified="no">
  <folder>Wg92RrNhB8s</folder>
  <filename>09_frame_00145</filename>
  <path>/home/uchidalab/&#12487;&#12473;&#12463;&#12488;&#12483;&#12503;/&#24029;&#19978; (1)/&#24029;&#19978;/annotation/Wg92RrNhB8s/09_frame_00145.jpg</path>
  <source>
    <database>Unknown</database>
  </source>
  <size>
    <width>1920</width>
    <height>1080</height>
    <depth>3</depth>
  </size>
  <segmented>0</segmented>
  <object>
    <type>bndbox</type>
    <name>one</name>
    <pose>Unspecified</pose>
    <truncated>0</truncated>
    <difficult>0</difficult>
    <bndbox>
      <xmin>689</xmin>
      <ymin>259</ymin>
      <xmax>1244</xmax>
      <ymax>392</ymax>
    </bndbox>
  </object>
  <object>
    <type>bndbox</type>
    <name>last</name>
    <pose>Unspecified</pose>
    <truncated>0</truncated>
    <difficult>0</difficult>
    <bndbox>
      <xmin>602</xmin>
      <ymin>463</ymin>
      <xmax>1323</xmax>
      <ymax>609</ymax>
    </bndbox>
  </object>
  <object>
    <type>robndbox</type>
    <name>time</name>
    <pose>Unspecified</pose>
    <truncated>0</truncated>
    <difficult>0</difficult>
    <robndbox>
      <cx>957.0606</cx>
      <cy>754.3788</cy>
      <w>710.0</w>
      <h>119.0</h>
      <angle>0.0</angle>
    </robndbox>
  </object>
</annotation>
