<annotation verified="no">
  <folder>Wg92RrNhB8s</folder>
  <filename>04_frame_00361</filename>
  <path>/home/uchidalab/&#12487;&#12473;&#12463;&#12488;&#12483;&#12503;/&#24029;&#19978; (1)/&#24029;&#19978;/annotation/Wg92RrNhB8s/04_frame_00361.jpg</path>
  <source>
    <database>Unknown</database>
  </source>
  <size>
    <width>1920</width>
    <height>1080</height>
    <depth>3</depth>
  </size>
  <segmented>0</segmented>
  <object>
    <type>robndbox</type>
    <name>at</name>
    <pose>Unspecified</pose>
    <truncated>0</truncated>
    <difficult>0</difficult>
    <robndbox>
      <cx>473.5606</cx>
      <cy>293.3788</cy>
      <w>241.0</w>
      <h>121.0</h>
      <angle>0.0</angle>
    </robndbox>
  </object>
  <object>
    <type>robndbox</type>
    <name>least</name>
    <pose>Unspecified</pose>
    <truncated>0</truncated>
    <difficult>0</difficult>
    <robndbox>
      <cx>1184.0606</cx>
      <cy>287.8788</cy>
      <w>792.0</w>
      <h>120.0</h>
      <angle>0.0</angle>
    </robndbox>
  </object>
  <object>
    <type>robndbox</type>
    <name>im</name>
    <pose>Unspecified</pose>
    <truncated>0</truncated>
    <difficult>0</difficult>
    <robndbox>
      <cx>492.5606</cx>
      <cy>524.3788</cy>
      <w>355.0</w>
      <h>123.0</h>
      <angle>0.0</angle>
    </robndbox>
  </object>
  <object>
    <type>robndbox</type>
    <name>being</name>
    <pose>Unspecified</pose>
    <truncated>0</truncated>
    <difficult>0</difficult>
    <robndbox>
      <cx>1233.5606</cx>
      <cy>520.8788</cy>
      <w>763.0</w>
      <h>120.0</h>
      <angle>0.0</angle>
    </robndbox>
  </object>
  <object>
    <type>robndbox</type>
    <name>honest</name>
    <pose>Unspecified</pose>
    <truncated>0</truncated>
    <difficult>0</difficult>
    <robndbox>
      <cx>960.5606</cx>
      <cy>777.8788</cy>
      <w>1257.0</w>
      <h>152.0</h>
      <angle>0.0</angle>
    </robndbox>
  </object>
</annotation>
