<annotation verified="no">
  <folder>Wg92RrNhB8s</folder>
  <filename>07_frame_03745</filename>
  <path>/home/uchidalab/&#12487;&#12473;&#12463;&#12488;&#12483;&#12503;/&#24029;&#19978; (1)/&#24029;&#19978;/annotation/Wg92RrNhB8s/07_frame_03745.jpg</path>
  <source>
    <database>Unknown</database>
  </source>
  <size>
    <width>1920</width>
    <height>1080</height>
    <depth>3</depth>
  </size>
  <segmented>0</segmented>
  <object>
    <type>bndbox</type>
    <name>one</name>
    <pose>Unspecified</pose>
    <truncated>0</truncated>
    <difficult>0</difficult>
    <bndbox>
      <xmin>649</xmin>
      <ymin>201</ymin>
      <xmax>1270</xmax>
      <ymax>353</ymax>
    </bndbox>
  </object>
  <object>
    <type>robndbox</type>
    <name>last</name>
    <pose>Unspecified</pose>
    <truncated>0</truncated>
    <difficult>0</difficult>
    <robndbox>
      <cx>967.5606</cx>
      <cy>555.8788</cy>
      <w>1123.0</w>
      <h>214.0</h>
      <angle>0.0</angle>
    </robndbox>
  </object>
  <object>
    <type>robndbox</type>
    <name>time</name>
    <pose>Unspecified</pose>
    <truncated>0</truncated>
    <difficult>0</difficult>
    <robndbox>
      <cx>962.0606</cx>
      <cy>855.3788</cy>
      <w>788.0</w>
      <h>151.0</h>
      <angle>0.0</angle>
    </robndbox>
  </object>
</annotation>
