<annotation verified="no">
  <folder>oc218bqEbAA</folder>
  <filename>07_frame_02881</filename>
  <path>/home/baba/Desktop/&#39340;&#22580;/annotation/oc218bqEbAA/07_frame_02881.jpg</path>
  <source>
    <database>Unknown</database>
  </source>
  <size>
    <width>1920</width>
    <height>1080</height>
    <depth>3</depth>
  </size>
  <segmented>0</segmented>
  <object>
    <type>bndbox</type>
    <name>girl</name>
    <pose>Unspecified</pose>
    <truncated>0</truncated>
    <difficult>0</difficult>
    <bndbox>
      <xmin>992</xmin>
      <ymin>490</ymin>
      <xmax>1112</xmax>
      <ymax>516</ymax>
    </bndbox>
  </object>
  <object>
    <type>bndbox</type>
    <name>you</name>
    <pose>Unspecified</pose>
    <truncated>0</truncated>
    <difficult>0</difficult>
    <bndbox>
      <xmin>1151</xmin>
      <ymin>489</ymin>
      <xmax>1250</xmax>
      <ymax>518</ymax>
    </bndbox>
  </object>
  <object>
    <type>bndbox</type>
    <name>must</name>
    <pose>Unspecified</pose>
    <truncated>0</truncated>
    <difficult>0</difficult>
    <bndbox>
      <xmin>1287</xmin>
      <ymin>493</ymin>
      <xmax>1420</xmax>
      <ymax>518</ymax>
    </bndbox>
  </object>
  <object>
    <type>bndbox</type>
    <name>have</name>
    <pose>Unspecified</pose>
    <truncated>0</truncated>
    <difficult>0</difficult>
    <bndbox>
      <xmin>991</xmin>
      <ymin>548</ymin>
      <xmax>1138</xmax>
      <ymax>577</ymax>
    </bndbox>
  </object>
  <object>
    <type>bndbox</type>
    <name>thought</name>
    <pose>Unspecified</pose>
    <truncated>0</truncated>
    <difficult>0</difficult>
    <bndbox>
      <xmin>1176</xmin>
      <ymin>548</ymin>
      <xmax>1447</xmax>
      <ymax>578</ymax>
    </bndbox>
  </object>
  <object>
    <type>bndbox</type>
    <name>i</name>
    <pose>Unspecified</pose>
    <truncated>0</truncated>
    <difficult>0</difficult>
    <bndbox>
      <xmin>1255</xmin>
      <ymin>665</ymin>
      <xmax>1266</xmax>
      <ymax>696</ymax>
    </bndbox>
  </object>
  <object>
    <type>bndbox</type>
    <name>was</name>
    <pose>Unspecified</pose>
    <truncated>0</truncated>
    <difficult>0</difficult>
    <bndbox>
      <xmin>1302</xmin>
      <ymin>664</ymin>
      <xmax>1404</xmax>
      <ymax>690</ymax>
    </bndbox>
  </object>
  <object>
    <type>bndbox</type>
    <name>some</name>
    <pose>Unspecified</pose>
    <truncated>0</truncated>
    <difficult>0</difficult>
    <bndbox>
      <xmin>1443</xmin>
      <ymin>664</ymin>
      <xmax>1582</xmax>
      <ymax>690</ymax>
    </bndbox>
  </object>
  <object>
    <type>bndbox</type>
    <name>kind</name>
    <pose>Unspecified</pose>
    <truncated>0</truncated>
    <difficult>0</difficult>
    <bndbox>
      <xmin>1359</xmin>
      <ymin>718</ymin>
      <xmax>1482</xmax>
      <ymax>745</ymax>
    </bndbox>
  </object>
  <object>
    <type>bndbox</type>
    <name>of</name>
    <pose>Unspecified</pose>
    <truncated>0</truncated>
    <difficult>0</difficult>
    <bndbox>
      <xmin>1523</xmin>
      <ymin>716</ymin>
      <xmax>1580</xmax>
      <ymax>746</ymax>
    </bndbox>
  </object>
</annotation>
