<annotation verified="no">
  <folder>oc218bqEbAA</folder>
  <filename>03_frame_02791</filename>
  <path>/home/baba/Desktop/&#39340;&#22580;/annotation/oc218bqEbAA/03_frame_02791.jpg</path>
  <source>
    <database>Unknown</database>
  </source>
  <size>
    <width>1920</width>
    <height>1080</height>
    <depth>3</depth>
  </size>
  <segmented>0</segmented>
  <object>
    <type>bndbox</type>
    <name>you</name>
    <pose>Unspecified</pose>
    <truncated>0</truncated>
    <difficult>0</difficult>
    <bndbox>
      <xmin>1078</xmin>
      <ymin>284</ymin>
      <xmax>1187</xmax>
      <ymax>314</ymax>
    </bndbox>
  </object>
  <object>
    <type>bndbox</type>
    <name>said</name>
    <pose>Unspecified</pose>
    <truncated>0</truncated>
    <difficult>0</difficult>
    <bndbox>
      <xmin>1224</xmin>
      <ymin>284</ymin>
      <xmax>1356</xmax>
      <ymax>316</ymax>
    </bndbox>
  </object>
  <object>
    <type>bndbox</type>
    <name>wed</name>
    <pose>Unspecified</pose>
    <truncated>0</truncated>
    <difficult>0</difficult>
    <bndbox>
      <xmin>996</xmin>
      <ymin>630</ymin>
      <xmax>1130</xmax>
      <ymax>660</ymax>
    </bndbox>
  </object>
  <object>
    <type>bndbox</type>
    <name>get</name>
    <pose>Unspecified</pose>
    <truncated>0</truncated>
    <difficult>0</difficult>
    <bndbox>
      <xmin>1164</xmin>
      <ymin>633</ymin>
      <xmax>1258</xmax>
      <ymax>660</ymax>
    </bndbox>
  </object>
  <object>
    <type>bndbox</type>
    <name>along</name>
    <pose>Unspecified</pose>
    <truncated>0</truncated>
    <difficult>0</difficult>
    <bndbox>
      <xmin>1292</xmin>
      <ymin>634</ymin>
      <xmax>1467</xmax>
      <ymax>660</ymax>
    </bndbox>
  </object>
  <object>
    <type>bndbox</type>
    <name>cuz</name>
    <pose>Unspecified</pose>
    <truncated>0</truncated>
    <difficult>0</difficult>
    <bndbox>
      <xmin>1002</xmin>
      <ymin>689</ymin>
      <xmax>1092</xmax>
      <ymax>714</ymax>
    </bndbox>
  </object>
  <object>
    <type>bndbox</type>
    <name>hes</name>
    <pose>Unspecified</pose>
    <truncated>0</truncated>
    <difficult>0</difficult>
    <bndbox>
      <xmin>1130</xmin>
      <ymin>688</ymin>
      <xmax>1246</xmax>
      <ymax>717</ymax>
    </bndbox>
  </object>
  <object>
    <type>bndbox</type>
    <name>so</name>
    <pose>Unspecified</pose>
    <truncated>0</truncated>
    <difficult>0</difficult>
    <bndbox>
      <xmin>1282</xmin>
      <ymin>688</ymin>
      <xmax>1338</xmax>
      <ymax>714</ymax>
    </bndbox>
  </object>
  <object>
    <type>bndbox</type>
    <name>cool</name>
    <pose>Unspecified</pose>
    <truncated>0</truncated>
    <difficult>0</difficult>
    <bndbox>
      <xmin>1379</xmin>
      <ymin>690</ymin>
      <xmax>1514</xmax>
      <ymax>716</ymax>
    </bndbox>
  </object>
</annotation>
