<annotation verified="no">
  <folder>oc218bqEbAA</folder>
  <filename>01_frame_00541</filename>
  <path>/home/baba/Desktop/&#39340;&#22580;/annotation/oc218bqEbAA/01_frame_00541.jpg</path>
  <source>
    <database>Unknown</database>
  </source>
  <size>
    <width>1920</width>
    <height>1080</height>
    <depth>3</depth>
  </size>
  <segmented>0</segmented>
  <object>
    <type>bndbox</type>
    <name>me</name>
    <pose>Unspecified</pose>
    <truncated>0</truncated>
    <difficult>0</difficult>
    <bndbox>
      <xmin>604</xmin>
      <ymin>337</ymin>
      <xmax>666</xmax>
      <ymax>368</ymax>
    </bndbox>
  </object>
  <object>
    <type>bndbox</type>
    <name>you</name>
    <pose>Unspecified</pose>
    <truncated>0</truncated>
    <difficult>0</difficult>
    <bndbox>
      <xmin>718</xmin>
      <ymin>336</ymin>
      <xmax>815</xmax>
      <ymax>365</ymax>
    </bndbox>
  </object>
  <object>
    <type>bndbox</type>
    <name>from</name>
    <pose>Unspecified</pose>
    <truncated>0</truncated>
    <difficult>0</difficult>
    <bndbox>
      <xmin>847</xmin>
      <ymin>338</ymin>
      <xmax>977</xmax>
      <ymax>365</ymax>
    </bndbox>
  </object>
  <object>
    <type>bndbox</type>
    <name>the</name>
    <pose>Unspecified</pose>
    <truncated>0</truncated>
    <difficult>0</difficult>
    <bndbox>
      <xmin>1010</xmin>
      <ymin>338</ymin>
      <xmax>1098</xmax>
      <ymax>364</ymax>
    </bndbox>
  </object>
  <object>
    <type>bndbox</type>
    <name>ground</name>
    <pose>Unspecified</pose>
    <truncated>0</truncated>
    <difficult>0</difficult>
    <bndbox>
      <xmin>1134</xmin>
      <ymin>339</ymin>
      <xmax>1335</xmax>
      <ymax>365</ymax>
    </bndbox>
  </object>
  <object>
    <type>bndbox</type>
    <name>straight</name>
    <pose>Unspecified</pose>
    <truncated>0</truncated>
    <difficult>0</difficult>
    <bndbox>
      <xmin>1370</xmin>
      <ymin>340</ymin>
      <xmax>1615</xmax>
      <ymax>365</ymax>
    </bndbox>
  </object>
  <object>
    <type>bndbox</type>
    <name>up</name>
    <pose>Unspecified</pose>
    <truncated>0</truncated>
    <difficult>0</difficult>
    <bndbox>
      <xmin>1650</xmin>
      <ymin>339</ymin>
      <xmax>1705</xmax>
      <ymax>365</ymax>
    </bndbox>
  </object>
  <object>
    <type>bndbox</type>
    <name>started</name>
    <pose>Unspecified</pose>
    <truncated>0</truncated>
    <difficult>0</difficult>
    <bndbox>
      <xmin>1107</xmin>
      <ymin>190</ymin>
      <xmax>1328</xmax>
      <ymax>218</ymax>
    </bndbox>
  </object>
  <object>
    <type>bndbox</type>
    <name>building</name>
    <pose>Unspecified</pose>
    <truncated>0</truncated>
    <difficult>0</difficult>
    <bndbox>
      <xmin>1360</xmin>
      <ymin>192</ymin>
      <xmax>1603</xmax>
      <ymax>217</ymax>
    </bndbox>
  </object>
  <object>
    <type>bndbox</type>
    <name>our</name>
    <pose>Unspecified</pose>
    <truncated>0</truncated>
    <difficult>0</difficult>
    <bndbox>
      <xmin>1170</xmin>
      <ymin>242</ymin>
      <xmax>1268</xmax>
      <ymax>269</ymax>
    </bndbox>
  </object>
  <object>
    <type>bndbox</type>
    <name>foundation</name>
    <pose>Unspecified</pose>
    <truncated>0</truncated>
    <difficult>0</difficult>
    <bndbox>
      <xmin>1298</xmin>
      <ymin>242</ymin>
      <xmax>1624</xmax>
      <ymax>269</ymax>
    </bndbox>
  </object>
</annotation>
