<annotation verified="no">
  <folder>oc218bqEbAA</folder>
  <filename>06_frame_01801</filename>
  <path>/home/baba/Desktop/&#39340;&#22580;/annotation/oc218bqEbAA/06_frame_01801.jpg</path>
  <source>
    <database>Unknown</database>
  </source>
  <size>
    <width>1920</width>
    <height>1080</height>
    <depth>3</depth>
  </size>
  <segmented>0</segmented>
  <object>
    <type>bndbox</type>
    <name>i</name>
    <pose>Unspecified</pose>
    <truncated>0</truncated>
    <difficult>0</difficult>
    <bndbox>
      <xmin>1107</xmin>
      <ymin>309</ymin>
      <xmax>1188</xmax>
      <ymax>461</ymax>
    </bndbox>
  </object>
  <object>
    <type>bndbox</type>
    <name>love</name>
    <pose>Unspecified</pose>
    <truncated>0</truncated>
    <difficult>0</difficult>
    <bndbox>
      <xmin>1210</xmin>
      <ymin>309</ymin>
      <xmax>1767</xmax>
      <ymax>458</ymax>
    </bndbox>
  </object>
  <object>
    <type>bndbox</type>
    <name>you</name>
    <pose>Unspecified</pose>
    <truncated>0</truncated>
    <difficult>0</difficult>
    <bndbox>
      <xmin>1122</xmin>
      <ymin>478</ymin>
      <xmax>1544</xmax>
      <ymax>632</ymax>
    </bndbox>
  </object>
  <object>
    <type>bndbox</type>
    <name>was</name>
    <pose>Unspecified</pose>
    <truncated>0</truncated>
    <difficult>0</difficult>
    <bndbox>
      <xmin>1594</xmin>
      <ymin>588</ymin>
      <xmax>1699</xmax>
      <ymax>616</ymax>
    </bndbox>
  </object>
  <object>
    <type>bndbox</type>
    <name>my</name>
    <pose>Unspecified</pose>
    <truncated>0</truncated>
    <difficult>0</difficult>
    <bndbox>
      <xmin>1738</xmin>
      <ymin>588</ymin>
      <xmax>1803</xmax>
      <ymax>617</ymax>
    </bndbox>
  </object>
</annotation>
