<annotation verified="no">
  <folder>oc218bqEbAA</folder>
  <filename>05_frame_00181</filename>
  <path>/home/baba/Desktop/&#39340;&#22580;/annotation/oc218bqEbAA/05_frame_00181.jpg</path>
  <source>
    <database>Unknown</database>
  </source>
  <size>
    <width>1920</width>
    <height>1080</height>
    <depth>3</depth>
  </size>
  <segmented>0</segmented>
  <object>
    <type>bndbox</type>
    <name>we</name>
    <pose>Unspecified</pose>
    <truncated>0</truncated>
    <difficult>0</difficult>
    <bndbox>
      <xmin>935</xmin>
      <ymin>405</ymin>
      <xmax>1020</xmax>
      <ymax>437</ymax>
    </bndbox>
  </object>
  <object>
    <type>bndbox</type>
    <name>were</name>
    <pose>Unspecified</pose>
    <truncated>0</truncated>
    <difficult>0</difficult>
    <bndbox>
      <xmin>1063</xmin>
      <ymin>404</ymin>
      <xmax>1231</xmax>
      <ymax>436</ymax>
    </bndbox>
  </object>
  <object>
    <type>bndbox</type>
    <name>gonna</name>
    <pose>Unspecified</pose>
    <truncated>0</truncated>
    <difficult>0</difficult>
    <bndbox>
      <xmin>1276</xmin>
      <ymin>405</ymin>
      <xmax>1491</xmax>
      <ymax>436</ymax>
    </bndbox>
  </object>
  <object>
    <type>bndbox</type>
    <name>go</name>
    <pose>Unspecified</pose>
    <truncated>0</truncated>
    <difficult>0</difficult>
    <bndbox>
      <xmin>958</xmin>
      <ymin>469</ymin>
      <xmax>1054</xmax>
      <ymax>509</ymax>
    </bndbox>
  </object>
  <object>
    <type>bndbox</type>
    <name>to</name>
    <pose>Unspecified</pose>
    <truncated>0</truncated>
    <difficult>0</difficult>
    <bndbox>
      <xmin>1099</xmin>
      <ymin>469</ymin>
      <xmax>1188</xmax>
      <ymax>508</ymax>
    </bndbox>
  </object>
  <object>
    <type>bndbox</type>
    <name>paris</name>
    <pose>Unspecified</pose>
    <truncated>0</truncated>
    <difficult>0</difficult>
    <bndbox>
      <xmin>48</xmin>
      <ymin>717</ymin>
      <xmax>1898</xmax>
      <ymax>1076</ymax>
    </bndbox>
  </object>
</annotation>
