<annotation verified="no">
  <folder>oc218bqEbAA</folder>
  <filename>08_frame_03331</filename>
  <path>/home/baba/Desktop/&#39340;&#22580;/annotation/oc218bqEbAA/08_frame_03331.jpg</path>
  <source>
    <database>Unknown</database>
  </source>
  <size>
    <width>1920</width>
    <height>1080</height>
    <depth>3</depth>
  </size>
  <segmented>0</segmented>
  <object>
    <type>bndbox</type>
    <name>you</name>
    <pose>Unspecified</pose>
    <truncated>0</truncated>
    <difficult>0</difficult>
    <bndbox>
      <xmin>690</xmin>
      <ymin>530</ymin>
      <xmax>802</xmax>
      <ymax>565</ymax>
    </bndbox>
  </object>
  <object>
    <type>bndbox</type>
    <name>look</name>
    <pose>Unspecified</pose>
    <truncated>0</truncated>
    <difficult>0</difficult>
    <bndbox>
      <xmin>847</xmin>
      <ymin>530</ymin>
      <xmax>1007</xmax>
      <ymax>565</ymax>
    </bndbox>
  </object>
  <object>
    <type>bndbox</type>
    <name>me</name>
    <pose>Unspecified</pose>
    <truncated>0</truncated>
    <difficult>0</difficult>
    <bndbox>
      <xmin>1048</xmin>
      <ymin>532</ymin>
      <xmax>1122</xmax>
      <ymax>562</ymax>
    </bndbox>
  </object>
  <object>
    <type>bndbox</type>
    <name>in</name>
    <pose>Unspecified</pose>
    <truncated>0</truncated>
    <difficult>0</difficult>
    <bndbox>
      <xmin>1164</xmin>
      <ymin>533</ymin>
      <xmax>1220</xmax>
      <ymax>561</ymax>
    </bndbox>
  </object>
  <object>
    <type>bndbox</type>
    <name>the</name>
    <pose>Unspecified</pose>
    <truncated>0</truncated>
    <difficult>0</difficult>
    <bndbox>
      <xmin>1264</xmin>
      <ymin>532</ymin>
      <xmax>1370</xmax>
      <ymax>564</ymax>
    </bndbox>
  </object>
  <object>
    <type>bndbox</type>
    <name>eyes</name>
    <pose>Unspecified</pose>
    <truncated>0</truncated>
    <difficult>0</difficult>
    <bndbox>
      <xmin>1415</xmin>
      <ymin>532</ymin>
      <xmax>1560</xmax>
      <ymax>565</ymax>
    </bndbox>
  </object>
  <object>
    <type>bndbox</type>
    <name>say</name>
    <pose>Unspecified</pose>
    <truncated>0</truncated>
    <difficult>0</difficult>
    <bndbox>
      <xmin>784</xmin>
      <ymin>624</ymin>
      <xmax>886</xmax>
      <ymax>654</ymax>
    </bndbox>
  </object>
  <object>
    <type>bndbox</type>
    <name>that</name>
    <pose>Unspecified</pose>
    <truncated>0</truncated>
    <difficult>0</difficult>
    <bndbox>
      <xmin>924</xmin>
      <ymin>625</ymin>
      <xmax>1063</xmax>
      <ymax>656</ymax>
    </bndbox>
  </object>
  <object>
    <type>bndbox</type>
    <name>we</name>
    <pose>Unspecified</pose>
    <truncated>0</truncated>
    <difficult>0</difficult>
    <bndbox>
      <xmin>1102</xmin>
      <ymin>626</ymin>
      <xmax>1176</xmax>
      <ymax>654</ymax>
    </bndbox>
  </object>
  <object>
    <type>bndbox</type>
    <name>would</name>
    <pose>Unspecified</pose>
    <truncated>0</truncated>
    <difficult>0</difficult>
    <bndbox>
      <xmin>1215</xmin>
      <ymin>628</ymin>
      <xmax>1415</xmax>
      <ymax>654</ymax>
    </bndbox>
  </object>
  <object>
    <type>bndbox</type>
    <name>stay</name>
    <pose>Unspecified</pose>
    <truncated>0</truncated>
    <difficult>0</difficult>
    <bndbox>
      <xmin>795</xmin>
      <ymin>705</ymin>
      <xmax>1299</xmax>
      <ymax>836</ymax>
    </bndbox>
  </object>
  <object>
    <type>bndbox</type>
    <name>life</name>
    <pose>Unspecified</pose>
    <truncated>0</truncated>
    <difficult>0</difficult>
    <bndbox>
      <xmin>436</xmin>
      <ymin>852</ymin>
      <xmax>867</xmax>
      <ymax>985</ymax>
    </bndbox>
  </object>
  <object>
    <type>bndbox</type>
    <name>for</name>
    <pose>Unspecified</pose>
    <truncated>1</truncated>
    <difficult>0</difficult>
    <bndbox>
      <xmin>1</xmin>
      <ymin>856</ymin>
      <xmax>371</xmax>
      <ymax>990</ymax>
    </bndbox>
  </object>
</annotation>
