<annotation verified="no">
  <folder>oc218bqEbAA</folder>
  <filename>04_frame_03781</filename>
  <path>/home/baba/Desktop/&#39340;&#22580;/annotation/oc218bqEbAA/04_frame_03781.jpg</path>
  <source>
    <database>Unknown</database>
  </source>
  <size>
    <width>1920</width>
    <height>1080</height>
    <depth>3</depth>
  </size>
  <segmented>0</segmented>
  <object>
    <type>bndbox</type>
    <name>i</name>
    <pose>Unspecified</pose>
    <truncated>0</truncated>
    <difficult>0</difficult>
    <bndbox>
      <xmin>556</xmin>
      <ymin>469</ymin>
      <xmax>608</xmax>
      <ymax>568</ymax>
    </bndbox>
  </object>
  <object>
    <type>bndbox</type>
    <name>need</name>
    <pose>Unspecified</pose>
    <truncated>0</truncated>
    <difficult>0</difficult>
    <bndbox>
      <xmin>648</xmin>
      <ymin>466</ymin>
      <xmax>1032</xmax>
      <ymax>568</ymax>
    </bndbox>
  </object>
  <object>
    <type>bndbox</type>
    <name>you</name>
    <pose>Unspecified</pose>
    <truncated>0</truncated>
    <difficult>0</difficult>
    <bndbox>
      <xmin>1031</xmin>
      <ymin>434</ymin>
      <xmax>1891</xmax>
      <ymax>704</ymax>
    </bndbox>
  </object>
  <object>
    <type>bndbox</type>
    <name>to</name>
    <pose>Unspecified</pose>
    <truncated>0</truncated>
    <difficult>0</difficult>
    <bndbox>
      <xmin>419</xmin>
      <ymin>577</ymin>
      <xmax>602</xmax>
      <ymax>678</ymax>
    </bndbox>
  </object>
  <object>
    <type>bndbox</type>
    <name>hear</name>
    <pose>Unspecified</pose>
    <truncated>0</truncated>
    <difficult>0</difficult>
    <bndbox>
      <xmin>643</xmin>
      <ymin>580</ymin>
      <xmax>1030</xmax>
      <ymax>680</ymax>
    </bndbox>
  </object>
  <object>
    <type>bndbox</type>
    <name>they</name>
    <pose>Unspecified</pose>
    <truncated>0</truncated>
    <difficult>0</difficult>
    <bndbox>
      <xmin>1240</xmin>
      <ymin>290</ymin>
      <xmax>1375</xmax>
      <ymax>322</ymax>
    </bndbox>
  </object>
  <object>
    <type>bndbox</type>
    <name>hurt</name>
    <pose>Unspecified</pose>
    <truncated>0</truncated>
    <difficult>0</difficult>
    <bndbox>
      <xmin>1408</xmin>
      <ymin>292</ymin>
      <xmax>1543</xmax>
      <ymax>321</ymax>
    </bndbox>
  </object>
  <object>
    <type>bndbox</type>
    <name>i</name>
    <pose>Unspecified</pose>
    <truncated>0</truncated>
    <difficult>0</difficult>
    <bndbox>
      <xmin>1119</xmin>
      <ymin>198</ymin>
      <xmax>1127</xmax>
      <ymax>230</ymax>
    </bndbox>
  </object>
  <object>
    <type>bndbox</type>
    <name>know</name>
    <pose>Unspecified</pose>
    <truncated>0</truncated>
    <difficult>0</difficult>
    <bndbox>
      <xmin>1160</xmin>
      <ymin>202</ymin>
      <xmax>1302</xmax>
      <ymax>230</ymax>
    </bndbox>
  </object>
  <object>
    <type>bndbox</type>
    <name>goodbyes</name>
    <pose>Unspecified</pose>
    <truncated>0</truncated>
    <difficult>0</difficult>
    <bndbox>
      <xmin>1334</xmin>
      <ymin>204</ymin>
      <xmax>1600</xmax>
      <ymax>232</ymax>
    </bndbox>
  </object>
  <object>
    <type>bndbox</type>
    <name>say</name>
    <pose>Unspecified</pose>
    <truncated>0</truncated>
    <difficult>0</difficult>
    <bndbox>
      <xmin>494</xmin>
      <ymin>772</ymin>
      <xmax>1350</xmax>
      <ymax>1038</ymax>
    </bndbox>
  </object>
  <object>
    <type>bndbox</type>
    <name>it</name>
    <pose>Unspecified</pose>
    <truncated>0</truncated>
    <difficult>0</difficult>
    <bndbox>
      <xmin>1455</xmin>
      <ymin>770</ymin>
      <xmax>1864</xmax>
      <ymax>1037</ymax>
    </bndbox>
  </object>
</annotation>
