<annotation verified="no">
  <folder>AyWsHs5QdiY</folder>
  <filename>08_frame_02326</filename>
  <path>/home/uchidalab/&#12487;&#12473;&#12463;&#12488;&#12483;&#12503;/&#24029;&#19978; (1)/&#24029;&#19978;/annotation/AyWsHs5QdiY/08_frame_02326.jpg</path>
  <source>
    <database>Unknown</database>
  </source>
  <size>
    <width>1920</width>
    <height>1080</height>
    <depth>3</depth>
  </size>
  <segmented>0</segmented>
  <object>
    <type>robndbox</type>
    <name>i</name>
    <pose>Unspecified</pose>
    <truncated>0</truncated>
    <difficult>0</difficult>
    <robndbox>
      <cx>372.0606</cx>
      <cy>434.3788</cy>
      <w>20.0</w>
      <h>109.0</h>
      <angle>0.0</angle>
    </robndbox>
  </object>
  <object>
    <type>robndbox</type>
    <name>never</name>
    <pose>Unspecified</pose>
    <truncated>0</truncated>
    <difficult>0</difficult>
    <robndbox>
      <cx>513.0606</cx>
      <cy>405.3788</cy>
      <w>172.0</w>
      <h>29.0</h>
      <angle>3.071593</angle>
    </robndbox>
  </object>
  <object>
    <type>robndbox</type>
    <name>learn</name>
    <pose>Unspecified</pose>
    <truncated>0</truncated>
    <difficult>0</difficult>
    <robndbox>
      <cx>510.0606</cx>
      <cy>438.8788</cy>
      <w>214.0</w>
      <h>88.0</h>
      <angle>0.0</angle>
    </robndbox>
  </object>
</annotation>
