<annotation verified="no">
  <folder>AyWsHs5QdiY</folder>
  <filename>07_frame_02176</filename>
  <path>/home/uchidalab/&#12487;&#12473;&#12463;&#12488;&#12483;&#12503;/&#24029;&#19978; (1)/&#24029;&#19978;/annotation/AyWsHs5QdiY/07_frame_02176.jpg</path>
  <source>
    <database>Unknown</database>
  </source>
  <size>
    <width>1920</width>
    <height>1080</height>
    <depth>3</depth>
  </size>
  <segmented>0</segmented>
  <object>
    <type>robndbox</type>
    <name>now</name>
    <pose>Unspecified</pose>
    <truncated>0</truncated>
    <difficult>0</difficult>
    <robndbox>
      <cx>824.8428</cx>
      <cy>671.6581</cy>
      <w>294.708</w>
      <h>132.0039</h>
      <angle>3.031593</angle>
    </robndbox>
  </object>
  <object>
    <type>robndbox</type>
    <name>from</name>
    <pose>Unspecified</pose>
    <truncated>0</truncated>
    <difficult>0</difficult>
    <robndbox>
      <cx>1195.0068</cx>
      <cy>915.7618</cy>
      <w>261.2074</w>
      <h>78.0789</h>
      <angle>3.041593</angle>
    </robndbox>
  </object>
  <object>
    <type>robndbox</type>
    <name>it</name>
    <pose>Unspecified</pose>
    <truncated>0</truncated>
    <difficult>0</difficult>
    <robndbox>
      <cx>1305.2146</cx>
      <cy>1012.935</cy>
      <w>58.6155</w>
      <h>87.7263</h>
      <angle>3.021593</angle>
    </robndbox>
  </object>
</annotation>
