<annotation verified="no">
  <folder>9cNpKRXwaj4</folder>
  <filename>01_frame_00793</filename>
  <path>/home/m_1te16262p/Downloads/annotation/&#23665;&#32291;/annotation/9cNpKRXwaj4/01_frame_00793.jpg</path>
  <source>
    <database>Unknown</database>
  </source>
  <size>
    <width>1920</width>
    <height>1080</height>
    <depth>3</depth>
  </size>
  <segmented>0</segmented>
  <object>
    <type>bndbox</type>
    <name>lies</name>
    <pose>Unspecified</pose>
    <truncated>0</truncated>
    <difficult>0</difficult>
    <bndbox>
      <xmin>397</xmin>
      <ymin>623</ymin>
      <xmax>1527</xmax>
      <ymax>930</ymax>
    </bndbox>
  </object>
  <object>
    <type>bndbox</type>
    <name>that</name>
    <pose>Unspecified</pose>
    <truncated>0</truncated>
    <difficult>0</difficult>
    <bndbox>
      <xmin>377</xmin>
      <ymin>949</ymin>
      <xmax>659</xmax>
      <ymax>1017</ymax>
    </bndbox>
  </object>
  <object>
    <type>bndbox</type>
    <name>they</name>
    <pose>Unspecified</pose>
    <truncated>0</truncated>
    <difficult>0</difficult>
    <bndbox>
      <xmin>690</xmin>
      <ymin>949</ymin>
      <xmax>975</xmax>
      <ymax>1017</ymax>
    </bndbox>
  </object>
  <object>
    <type>bndbox</type>
    <name>tell</name>
    <pose>Unspecified</pose>
    <truncated>0</truncated>
    <difficult>0</difficult>
    <bndbox>
      <xmin>1006</xmin>
      <ymin>950</ymin>
      <xmax>1275</xmax>
      <ymax>1017</ymax>
    </bndbox>
  </object>
  <object>
    <type>bndbox</type>
    <name>you</name>
    <pose>Unspecified</pose>
    <truncated>0</truncated>
    <difficult>0</difficult>
    <bndbox>
      <xmin>1306</xmin>
      <ymin>949</ymin>
      <xmax>1527</xmax>
      <ymax>1016</ymax>
    </bndbox>
  </object>
</annotation>
