<annotation verified="no">
  <folder>9cNpKRXwaj4</folder>
  <filename>06_frame_02737</filename>
  <path>/home/m_1te16262p/Downloads/annotation/&#23665;&#32291;/annotation/9cNpKRXwaj4/06_frame_02737.jpg</path>
  <source>
    <database>Unknown</database>
  </source>
  <size>
    <width>1920</width>
    <height>1080</height>
    <depth>3</depth>
  </size>
  <segmented>0</segmented>
  <object>
    <type>bndbox</type>
    <name>why</name>
    <pose>Unspecified</pose>
    <truncated>0</truncated>
    <difficult>0</difficult>
    <bndbox>
      <xmin>431</xmin>
      <ymin>381</ymin>
      <xmax>859</xmax>
      <ymax>495</ymax>
    </bndbox>
  </object>
  <object>
    <type>bndbox</type>
    <name>cant</name>
    <pose>Unspecified</pose>
    <truncated>0</truncated>
    <difficult>0</difficult>
    <bndbox>
      <xmin>929</xmin>
      <ymin>376</ymin>
      <xmax>1477</xmax>
      <ymax>494</ymax>
    </bndbox>
  </object>
  <object>
    <type>bndbox</type>
    <name>you</name>
    <pose>Unspecified</pose>
    <truncated>0</truncated>
    <difficult>0</difficult>
    <bndbox>
      <xmin>540</xmin>
      <ymin>505</ymin>
      <xmax>932</xmax>
      <ymax>616</ymax>
    </bndbox>
  </object>
  <object>
    <type>bndbox</type>
    <name>see</name>
    <pose>Unspecified</pose>
    <truncated>0</truncated>
    <difficult>0</difficult>
    <bndbox>
      <xmin>1009</xmin>
      <ymin>503</ymin>
      <xmax>1366</xmax>
      <ymax>617</ymax>
    </bndbox>
  </object>
</annotation>
