<annotation verified="no">
  <folder>9cNpKRXwaj4</folder>
  <filename>04_frame_02161</filename>
  <path>/home/m_1te16262p/Downloads/annotation/&#23665;&#32291;/annotation/9cNpKRXwaj4/04_frame_02161.jpg</path>
  <source>
    <database>Unknown</database>
  </source>
  <size>
    <width>1920</width>
    <height>1080</height>
    <depth>3</depth>
  </size>
  <segmented>0</segmented>
  <object>
    <type>bndbox</type>
    <name>youve</name>
    <pose>Unspecified</pose>
    <truncated>0</truncated>
    <difficult>0</difficult>
    <bndbox>
      <xmin>81</xmin>
      <ymin>197</ymin>
      <xmax>510</xmax>
      <ymax>269</ymax>
    </bndbox>
  </object>
  <object>
    <type>bndbox</type>
    <name>lost</name>
    <pose>Unspecified</pose>
    <truncated>0</truncated>
    <difficult>0</difficult>
    <bndbox>
      <xmin>555</xmin>
      <ymin>198</ymin>
      <xmax>862</xmax>
      <ymax>269</ymax>
    </bndbox>
  </object>
  <object>
    <type>bndbox</type>
    <name>your</name>
    <pose>Unspecified</pose>
    <truncated>0</truncated>
    <difficult>0</difficult>
    <bndbox>
      <xmin>83</xmin>
      <ymin>275</ymin>
      <xmax>418</xmax>
      <ymax>347</ymax>
    </bndbox>
  </object>
  <object>
    <type>bndbox</type>
    <name>sense</name>
    <pose>Unspecified</pose>
    <truncated>0</truncated>
    <difficult>0</difficult>
    <bndbox>
      <xmin>459</xmin>
      <ymin>273</ymin>
      <xmax>855</xmax>
      <ymax>347</ymax>
    </bndbox>
  </object>
</annotation>
