<annotation verified="no">
  <folder>9cNpKRXwaj4</folder>
  <filename>00_frame_01153</filename>
  <path>/home/m_1te16262p/Downloads/annotation/&#23665;&#32291;/annotation/9cNpKRXwaj4/00_frame_01153.jpg</path>
  <source>
    <database>Unknown</database>
  </source>
  <size>
    <width>1920</width>
    <height>1080</height>
    <depth>3</depth>
  </size>
  <segmented>0</segmented>
  <object>
    <type>bndbox</type>
    <name>believe</name>
    <pose>Unspecified</pose>
    <truncated>0</truncated>
    <difficult>0</difficult>
    <bndbox>
      <xmin>445</xmin>
      <ymin>380</ymin>
      <xmax>1477</xmax>
      <ymax>529</ymax>
    </bndbox>
  </object>
  <object>
    <type>bndbox</type>
    <name>every</name>
    <pose>Unspecified</pose>
    <truncated>0</truncated>
    <difficult>0</difficult>
    <bndbox>
      <xmin>570</xmin>
      <ymin>534</ymin>
      <xmax>1358</xmax>
      <ymax>679</ymax>
    </bndbox>
  </object>
</annotation>
