<annotation verified="no">
  <folder>9cNpKRXwaj4</folder>
  <filename>10_frame_01585</filename>
  <path>/home/m_1te16262p/Downloads/annotation/&#23665;&#32291;/annotation/9cNpKRXwaj4/10_frame_01585.jpg</path>
  <source>
    <database>Unknown</database>
  </source>
  <size>
    <width>1920</width>
    <height>1080</height>
    <depth>3</depth>
  </size>
  <segmented>0</segmented>
  <object>
    <type>bndbox</type>
    <name>open</name>
    <pose>Unspecified</pose>
    <truncated>0</truncated>
    <difficult>0</difficult>
    <bndbox>
      <xmin>388</xmin>
      <ymin>55</ymin>
      <xmax>919</xmax>
      <ymax>171</ymax>
    </bndbox>
  </object>
  <object>
    <type>bndbox</type>
    <name>your</name>
    <pose>Unspecified</pose>
    <truncated>0</truncated>
    <difficult>0</difficult>
    <bndbox>
      <xmin>988</xmin>
      <ymin>58</ymin>
      <xmax>1531</xmax>
      <ymax>173</ymax>
    </bndbox>
  </object>
  <object>
    <type>bndbox</type>
    <name>eyes</name>
    <pose>Unspecified</pose>
    <truncated>0</truncated>
    <difficult>0</difficult>
    <bndbox>
      <xmin>388</xmin>
      <ymin>188</ymin>
      <xmax>1528</xmax>
      <ymax>451</ymax>
    </bndbox>
  </object>
</annotation>
