<annotation verified="no">
  <folder>9cNpKRXwaj4</folder>
  <filename>05_frame_02377</filename>
  <path>/home/m_1te16262p/Downloads/annotation/&#23665;&#32291;/annotation/9cNpKRXwaj4/05_frame_02377.jpg</path>
  <source>
    <database>Unknown</database>
  </source>
  <size>
    <width>1920</width>
    <height>1080</height>
    <depth>3</depth>
  </size>
  <segmented>0</segmented>
  <object>
    <type>bndbox</type>
    <name>and</name>
    <pose>Unspecified</pose>
    <truncated>0</truncated>
    <difficult>0</difficult>
    <bndbox>
      <xmin>340</xmin>
      <ymin>386</ymin>
      <xmax>733</xmax>
      <ymax>494</ymax>
    </bndbox>
  </object>
  <object>
    <type>bndbox</type>
    <name>let</name>
    <pose>Unspecified</pose>
    <truncated>0</truncated>
    <difficult>0</difficult>
    <bndbox>
      <xmin>811</xmin>
      <ymin>384</ymin>
      <xmax>1144</xmax>
      <ymax>495</ymax>
    </bndbox>
  </object>
  <object>
    <type>bndbox</type>
    <name>the</name>
    <pose>Unspecified</pose>
    <truncated>0</truncated>
    <difficult>0</difficult>
    <bndbox>
      <xmin>1202</xmin>
      <ymin>385</ymin>
      <xmax>1572</xmax>
      <ymax>495</ymax>
    </bndbox>
  </object>
  <object>
    <type>bndbox</type>
    <name>war</name>
    <pose>Unspecified</pose>
    <truncated>0</truncated>
    <difficult>0</difficult>
    <bndbox>
      <xmin>340</xmin>
      <ymin>502</ymin>
      <xmax>815</xmax>
      <ymax>632</ymax>
    </bndbox>
  </object>
</annotation>
