<annotation verified="no">
  <folder>9cNpKRXwaj4</folder>
  <filename>02_frame_05185</filename>
  <path>/home/m_1te16262p/Downloads/annotation/&#23665;&#32291;/annotation/9cNpKRXwaj4/02_frame_05185.jpg</path>
  <source>
    <database>Unknown</database>
  </source>
  <size>
    <width>1920</width>
    <height>1080</height>
    <depth>3</depth>
  </size>
  <segmented>0</segmented>
  <object>
    <type>bndbox</type>
    <name>open</name>
    <pose>Unspecified</pose>
    <truncated>0</truncated>
    <difficult>0</difficult>
    <bndbox>
      <xmin>403</xmin>
      <ymin>320</ymin>
      <xmax>920</xmax>
      <ymax>434</ymax>
    </bndbox>
  </object>
  <object>
    <type>bndbox</type>
    <name>your</name>
    <pose>Unspecified</pose>
    <truncated>0</truncated>
    <difficult>0</difficult>
    <bndbox>
      <xmin>988</xmin>
      <ymin>321</ymin>
      <xmax>1512</xmax>
      <ymax>434</ymax>
    </bndbox>
  </object>
  <object>
    <type>bndbox</type>
    <name>eyes</name>
    <pose>Unspecified</pose>
    <truncated>0</truncated>
    <difficult>0</difficult>
    <bndbox>
      <xmin>406</xmin>
      <ymin>449</ymin>
      <xmax>1512</xmax>
      <ymax>708</ymax>
    </bndbox>
  </object>
</annotation>
