<annotation verified="no">
  <folder>9cNpKRXwaj4</folder>
  <filename>03_frame_00865</filename>
  <path>/home/m_1te16262p/Downloads/annotation/&#23665;&#32291;/annotation/9cNpKRXwaj4/03_frame_00865.jpg</path>
  <source>
    <database>Unknown</database>
  </source>
  <size>
    <width>1920</width>
    <height>1080</height>
    <depth>3</depth>
  </size>
  <segmented>0</segmented>
  <object>
    <type>bndbox</type>
    <name>gotta</name>
    <pose>Unspecified</pose>
    <truncated>0</truncated>
    <difficult>0</difficult>
    <bndbox>
      <xmin>636</xmin>
      <ymin>716</ymin>
      <xmax>1284</xmax>
      <ymax>834</ymax>
    </bndbox>
  </object>
  <object>
    <type>bndbox</type>
    <name>break</name>
    <pose>Unspecified</pose>
    <truncated>0</truncated>
    <difficult>0</difficult>
    <bndbox>
      <xmin>345</xmin>
      <ymin>843</ymin>
      <xmax>1005</xmax>
      <ymax>960</ymax>
    </bndbox>
  </object>
  <object>
    <type>bndbox</type>
    <name>away</name>
    <pose>Unspecified</pose>
    <truncated>0</truncated>
    <difficult>0</difficult>
    <bndbox>
      <xmin>1059</xmin>
      <ymin>843</ymin>
      <xmax>1575</xmax>
      <ymax>959</ymax>
    </bndbox>
  </object>
</annotation>
