<annotation verified="no">
  <folder>9cNpKRXwaj4</folder>
  <filename>09_frame_05329</filename>
  <path>/home/m_1te16262p/Downloads/annotation/&#23665;&#32291;/annotation/9cNpKRXwaj4/09_frame_05329.jpg</path>
  <source>
    <database>Unknown</database>
  </source>
  <size>
    <width>1920</width>
    <height>1080</height>
    <depth>3</depth>
  </size>
  <segmented>0</segmented>
  <object>
    <type>bndbox</type>
    <name>see</name>
    <pose>Unspecified</pose>
    <truncated>0</truncated>
    <difficult>0</difficult>
    <bndbox>
      <xmin>279</xmin>
      <ymin>375</ymin>
      <xmax>542</xmax>
      <ymax>460</ymax>
    </bndbox>
  </object>
  <object>
    <type>bndbox</type>
    <name>through</name>
    <pose>Unspecified</pose>
    <truncated>0</truncated>
    <difficult>0</difficult>
    <bndbox>
      <xmin>590</xmin>
      <ymin>375</ymin>
      <xmax>1305</xmax>
      <ymax>460</ymax>
    </bndbox>
  </object>
  <object>
    <type>bndbox</type>
    <name>the</name>
    <pose>Unspecified</pose>
    <truncated>0</truncated>
    <difficult>0</difficult>
    <bndbox>
      <xmin>1355</xmin>
      <ymin>375</ymin>
      <xmax>1637</xmax>
      <ymax>460</ymax>
    </bndbox>
  </object>
  <object>
    <type>bndbox</type>
    <name>disguise</name>
    <pose>Unspecified</pose>
    <truncated>0</truncated>
    <difficult>0</difficult>
    <bndbox>
      <xmin>271</xmin>
      <ymin>475</ymin>
      <xmax>1655</xmax>
      <ymax>643</ymax>
    </bndbox>
  </object>
</annotation>
