<annotation verified="no">
  <folder>ZpDbcxZcceg</folder>
  <filename>00_frame_00376</filename>
  <path>/home/ikoma/roLabelImg/&#29983;&#39378;/annotation/ZpDbcxZcceg/00_frame_00376.jpg</path>
  <source>
    <database>Unknown</database>
  </source>
  <size>
    <width>1920</width>
    <height>1080</height>
    <depth>3</depth>
  </size>
  <segmented>0</segmented>
  <object>
    <type>bndbox</type>
    <name>what</name>
    <pose>Unspecified</pose>
    <truncated>0</truncated>
    <difficult>0</difficult>
    <bndbox>
      <xmin>901</xmin>
      <ymin>210</ymin>
      <xmax>1325</xmax>
      <ymax>371</ymax>
    </bndbox>
  </object>
  <object>
    <type>bndbox</type>
    <name>you</name>
    <pose>Unspecified</pose>
    <truncated>0</truncated>
    <difficult>0</difficult>
    <bndbox>
      <xmin>1346</xmin>
      <ymin>210</ymin>
      <xmax>1639</xmax>
      <ymax>368</ymax>
    </bndbox>
  </object>
  <object>
    <type>bndbox</type>
    <name>do</name>
    <pose>Unspecified</pose>
    <truncated>0</truncated>
    <difficult>0</difficult>
    <bndbox>
      <xmin>1661</xmin>
      <ymin>208</ymin>
      <xmax>1870</xmax>
      <ymax>370</ymax>
    </bndbox>
  </object>
  <object>
    <type>bndbox</type>
    <name>what</name>
    <pose>Unspecified</pose>
    <truncated>0</truncated>
    <difficult>0</difficult>
    <bndbox>
      <xmin>898</xmin>
      <ymin>372</ymin>
      <xmax>1329</xmax>
      <ymax>532</ymax>
    </bndbox>
  </object>
  <object>
    <type>bndbox</type>
    <name>you</name>
    <pose>Unspecified</pose>
    <truncated>0</truncated>
    <difficult>0</difficult>
    <bndbox>
      <xmin>1344</xmin>
      <ymin>375</ymin>
      <xmax>1635</xmax>
      <ymax>529</ymax>
    </bndbox>
  </object>
  <object>
    <type>bndbox</type>
    <name>do</name>
    <pose>Unspecified</pose>
    <truncated>0</truncated>
    <difficult>0</difficult>
    <bndbox>
      <xmin>1662</xmin>
      <ymin>373</ymin>
      <xmax>1864</xmax>
      <ymax>529</ymax>
    </bndbox>
  </object>
  <object>
    <type>robndbox</type>
    <name>just</name>
    <pose>Unspecified</pose>
    <truncated>0</truncated>
    <difficult>0</difficult>
    <robndbox>
      <cx>256.5443</cx>
      <cy>318.9177</cy>
      <w>510.0</w>
      <h>637.8354</h>
      <angle>0.0</angle>
    </robndbox>
  </object>
  <object>
    <type>robndbox</type>
    <name>give</name>
    <pose>Unspecified</pose>
    <truncated>0</truncated>
    <difficult>0</difficult>
    <robndbox>
      <cx>452.0443</cx>
      <cy>610.8355</cy>
      <w>364.4838</w>
      <h>416.9084</h>
      <angle>2.841593</angle>
    </robndbox>
  </object>
  <object>
    <type>robndbox</type>
    <name>me</name>
    <pose>Unspecified</pose>
    <truncated>0</truncated>
    <difficult>0</difficult>
    <robndbox>
      <cx>724.9867</cx>
      <cy>390.7623</cy>
      <w>194.2753</w>
      <h>72.8105</h>
      <angle>2.761593</angle>
    </robndbox>
  </object>
  <object>
    <type>robndbox</type>
    <name>the</name>
    <pose>Unspecified</pose>
    <truncated>0</truncated>
    <difficult>0</difficult>
    <robndbox>
      <cx>226.3223</cx>
      <cy>812.0859</cy>
      <w>183.0083</w>
      <h>326.9251</h>
      <angle>2.821593</angle>
    </robndbox>
  </object>
  <object>
    <type>robndbox</type>
    <name>truth</name>
    <pose>Unspecified</pose>
    <truncated>0</truncated>
    <difficult>0</difficult>
    <robndbox>
      <cx>608.0443</cx>
      <cy>744.3354</cy>
      <w>490.0879</w>
      <h>503.5552</h>
      <angle>2.671593</angle>
    </robndbox>
  </object>
</annotation>
