<annotation verified="no">
  <folder>ZpDbcxZcceg</folder>
  <filename>01_frame_02926</filename>
  <path>/home/ikoma/roLabelImg/&#29983;&#39378;/annotation/ZpDbcxZcceg/01_frame_02926.jpg</path>
  <source>
    <database>Unknown</database>
  </source>
  <size>
    <width>1920</width>
    <height>1080</height>
    <depth>3</depth>
  </size>
  <segmented>0</segmented>
  <object>
    <type>bndbox</type>
    <name>what</name>
    <pose>Unspecified</pose>
    <truncated>0</truncated>
    <difficult>0</difficult>
    <bndbox>
      <xmin>898</xmin>
      <ymin>210</ymin>
      <xmax>1323</xmax>
      <ymax>369</ymax>
    </bndbox>
  </object>
  <object>
    <type>bndbox</type>
    <name>what</name>
    <pose>Unspecified</pose>
    <truncated>0</truncated>
    <difficult>0</difficult>
    <bndbox>
      <xmin>901</xmin>
      <ymin>372</ymin>
      <xmax>1323</xmax>
      <ymax>532</ymax>
    </bndbox>
  </object>
  <object>
    <type>bndbox</type>
    <name>you</name>
    <pose>Unspecified</pose>
    <truncated>0</truncated>
    <difficult>0</difficult>
    <bndbox>
      <xmin>1346</xmin>
      <ymin>376</ymin>
      <xmax>1634</xmax>
      <ymax>533</ymax>
    </bndbox>
  </object>
  <object>
    <type>bndbox</type>
    <name>you</name>
    <pose>Unspecified</pose>
    <truncated>0</truncated>
    <difficult>0</difficult>
    <bndbox>
      <xmin>1344</xmin>
      <ymin>214</ymin>
      <xmax>1640</xmax>
      <ymax>366</ymax>
    </bndbox>
  </object>
  <object>
    <type>bndbox</type>
    <name>do</name>
    <pose>Unspecified</pose>
    <truncated>0</truncated>
    <difficult>0</difficult>
    <bndbox>
      <xmin>1662</xmin>
      <ymin>211</ymin>
      <xmax>1866</xmax>
      <ymax>373</ymax>
    </bndbox>
  </object>
  <object>
    <type>bndbox</type>
    <name>do</name>
    <pose>Unspecified</pose>
    <truncated>0</truncated>
    <difficult>0</difficult>
    <bndbox>
      <xmin>1663</xmin>
      <ymin>374</ymin>
      <xmax>1865</xmax>
      <ymax>536</ymax>
    </bndbox>
  </object>
  <object>
    <type>robndbox</type>
    <name>just</name>
    <pose>Unspecified</pose>
    <truncated>0</truncated>
    <difficult>0</difficult>
    <robndbox>
      <cx>257.0443</cx>
      <cy>317.8354</cy>
      <w>511.0</w>
      <h>634.0</h>
      <angle>0.0</angle>
    </robndbox>
  </object>
  <object>
    <type>robndbox</type>
    <name>give</name>
    <pose>Unspecified</pose>
    <truncated>0</truncated>
    <difficult>0</difficult>
    <robndbox>
      <cx>444.6099</cx>
      <cy>614.7161</cy>
      <w>367.8535</w>
      <h>410.5915</h>
      <angle>2.801593</angle>
    </robndbox>
  </object>
  <object>
    <type>robndbox</type>
    <name>me</name>
    <pose>Unspecified</pose>
    <truncated>0</truncated>
    <difficult>0</difficult>
    <robndbox>
      <cx>721.7467</cx>
      <cy>390.995</cy>
      <w>192.314</w>
      <h>85.9314</h>
      <angle>2.891593</angle>
    </robndbox>
  </object>
  <object>
    <type>robndbox</type>
    <name>the</name>
    <pose>Unspecified</pose>
    <truncated>0</truncated>
    <difficult>0</difficult>
    <robndbox>
      <cx>226.8007</cx>
      <cy>810.1563</cy>
      <w>187.9946</w>
      <h>322.9877</h>
      <angle>2.811593</angle>
    </robndbox>
  </object>
  <object>
    <type>robndbox</type>
    <name>truth</name>
    <pose>Unspecified</pose>
    <truncated>0</truncated>
    <difficult>0</difficult>
    <robndbox>
      <cx>613.5547</cx>
      <cy>727.2265</cy>
      <w>476.6026</w>
      <h>492.9064</h>
      <angle>2.581593</angle>
    </robndbox>
  </object>
</annotation>
