<annotation verified="no">
  <folder>ZpDbcxZcceg</folder>
  <filename>10_frame_03301</filename>
  <path>/home/ikoma/roLabelImg/&#29983;&#39378;/annotation/ZpDbcxZcceg/10_frame_03301.jpg</path>
  <source>
    <database>Unknown</database>
  </source>
  <size>
    <width>1920</width>
    <height>1080</height>
    <depth>3</depth>
  </size>
  <segmented>0</segmented>
  <object>
    <type>bndbox</type>
    <name>to</name>
    <pose>Unspecified</pose>
    <truncated>0</truncated>
    <difficult>0</difficult>
    <bndbox>
      <xmin>244</xmin>
      <ymin>358</ymin>
      <xmax>418</xmax>
      <ymax>701</ymax>
    </bndbox>
  </object>
  <object>
    <type>bndbox</type>
    <name>every</name>
    <pose>Unspecified</pose>
    <truncated>0</truncated>
    <difficult>0</difficult>
    <bndbox>
      <xmin>430</xmin>
      <ymin>530</ymin>
      <xmax>655</xmax>
      <ymax>829</ymax>
    </bndbox>
  </object>
  <object>
    <type>bndbox</type>
    <name>piece</name>
    <pose>Unspecified</pose>
    <truncated>0</truncated>
    <difficult>0</difficult>
    <bndbox>
      <xmin>652</xmin>
      <ymin>533</ymin>
      <xmax>947</xmax>
      <ymax>824</ymax>
    </bndbox>
  </object>
  <object>
    <type>bndbox</type>
    <name>thats</name>
    <pose>Unspecified</pose>
    <truncated>0</truncated>
    <difficult>0</difficult>
    <bndbox>
      <xmin>954</xmin>
      <ymin>356</ymin>
      <xmax>1301</xmax>
      <ymax>699</ymax>
    </bndbox>
  </object>
  <object>
    <type>bndbox</type>
    <name>broken</name>
    <pose>Unspecified</pose>
    <truncated>0</truncated>
    <difficult>0</difficult>
    <bndbox>
      <xmin>1337</xmin>
      <ymin>352</ymin>
      <xmax>1651</xmax>
      <ymax>638</ymax>
    </bndbox>
  </object>
  <object>
    <type>bndbox</type>
    <name>im</name>
    <pose>Unspecified</pose>
    <truncated>0</truncated>
    <difficult>0</difficult>
    <bndbox>
      <xmin>94</xmin>
      <ymin>319</ymin>
      <xmax>424</xmax>
      <ymax>544</ymax>
    </bndbox>
  </object>
  <object>
    <type>bndbox</type>
    <name>holding</name>
    <pose>Unspecified</pose>
    <truncated>0</truncated>
    <difficult>0</difficult>
    <bndbox>
      <xmin>483</xmin>
      <ymin>326</ymin>
      <xmax>1460</xmax>
      <ymax>552</ymax>
    </bndbox>
  </object>
  <object>
    <type>bndbox</type>
    <name>on</name>
    <pose>Unspecified</pose>
    <truncated>0</truncated>
    <difficult>0</difficult>
    <bndbox>
      <xmin>1505</xmin>
      <ymin>314</ymin>
      <xmax>1855</xmax>
      <ymax>544</ymax>
    </bndbox>
  </object>
</annotation>
