<annotation verified="no">
  <folder>ZpDbcxZcceg</folder>
  <filename>13_frame_03601</filename>
  <path>/home/ikoma/roLabelImg/&#29983;&#39378;/annotation/ZpDbcxZcceg/13_frame_03601.jpg</path>
  <source>
    <database>Unknown</database>
  </source>
  <size>
    <width>1920</width>
    <height>1080</height>
    <depth>3</depth>
  </size>
  <segmented>0</segmented>
  <object>
    <type>bndbox</type>
    <name>tell</name>
    <pose>Unspecified</pose>
    <truncated>0</truncated>
    <difficult>0</difficult>
    <bndbox>
      <xmin>180</xmin>
      <ymin>470</ymin>
      <xmax>445</xmax>
      <ymax>856</ymax>
    </bndbox>
  </object>
  <object>
    <type>bndbox</type>
    <name>me</name>
    <pose>Unspecified</pose>
    <truncated>0</truncated>
    <difficult>0</difficult>
    <bndbox>
      <xmin>467</xmin>
      <ymin>681</ymin>
      <xmax>625</xmax>
      <ymax>765</ymax>
    </bndbox>
  </object>
  <object>
    <type>bndbox</type>
    <name>where</name>
    <pose>Unspecified</pose>
    <truncated>0</truncated>
    <difficult>0</difficult>
    <bndbox>
      <xmin>671</xmin>
      <ymin>504</ymin>
      <xmax>980</xmax>
      <ymax>779</ymax>
    </bndbox>
  </object>
  <object>
    <type>bndbox</type>
    <name>your</name>
    <pose>Unspecified</pose>
    <truncated>0</truncated>
    <difficult>0</difficult>
    <bndbox>
      <xmin>1000</xmin>
      <ymin>661</ymin>
      <xmax>1263</xmax>
      <ymax>944</ymax>
    </bndbox>
  </object>
  <object>
    <type>bndbox</type>
    <name>heart</name>
    <pose>Unspecified</pose>
    <truncated>0</truncated>
    <difficult>0</difficult>
    <bndbox>
      <xmin>1308</xmin>
      <ymin>474</ymin>
      <xmax>1677</xmax>
      <ymax>857</ymax>
    </bndbox>
  </object>
</annotation>
