<annotation verified="no">
  <folder>ZpDbcxZcceg</folder>
  <filename>07_frame_00301</filename>
  <path>/home/ikoma/roLabelImg/&#29983;&#39378;/annotation/ZpDbcxZcceg/07_frame_00301.jpg</path>
  <source>
    <database>Unknown</database>
  </source>
  <size>
    <width>1920</width>
    <height>1080</height>
    <depth>3</depth>
  </size>
  <segmented>0</segmented>
  <object>
    <type>bndbox</type>
    <name>just</name>
    <pose>Unspecified</pose>
    <truncated>1</truncated>
    <difficult>0</difficult>
    <bndbox>
      <xmin>1</xmin>
      <ymin>1</ymin>
      <xmax>491</xmax>
      <ymax>636</ymax>
    </bndbox>
  </object>
  <object>
    <type>bndbox</type>
    <name>its</name>
    <pose>Unspecified</pose>
    <truncated>0</truncated>
    <difficult>0</difficult>
    <bndbox>
      <xmin>939</xmin>
      <ymin>33</ymin>
      <xmax>1362</xmax>
      <ymax>279</ymax>
    </bndbox>
  </object>
  <object>
    <type>bndbox</type>
    <name>you</name>
    <pose>Unspecified</pose>
    <truncated>0</truncated>
    <difficult>0</difficult>
    <bndbox>
      <xmin>1402</xmin>
      <ymin>32</ymin>
      <xmax>1859</xmax>
      <ymax>281</ymax>
    </bndbox>
  </object>
  <object>
    <type>bndbox</type>
    <name>always</name>
    <pose>Unspecified</pose>
    <truncated>0</truncated>
    <difficult>0</difficult>
    <bndbox>
      <xmin>946</xmin>
      <ymin>285</ymin>
      <xmax>1856</xmax>
      <ymax>541</ymax>
    </bndbox>
  </object>
  <object>
    <type>bndbox</type>
    <name>on</name>
    <pose>Unspecified</pose>
    <truncated>0</truncated>
    <difficult>0</difficult>
    <bndbox>
      <xmin>934</xmin>
      <ymin>543</ymin>
      <xmax>1301</xmax>
      <ymax>793</ymax>
    </bndbox>
  </object>
  <object>
    <type>bndbox</type>
    <name>the</name>
    <pose>Unspecified</pose>
    <truncated>0</truncated>
    <difficult>0</difficult>
    <bndbox>
      <xmin>1375</xmin>
      <ymin>540</ymin>
      <xmax>1864</xmax>
      <ymax>797</ymax>
    </bndbox>
  </object>
  <object>
    <type>bndbox</type>
    <name>move</name>
    <pose>Unspecified</pose>
    <truncated>0</truncated>
    <difficult>0</difficult>
    <bndbox>
      <xmin>934</xmin>
      <ymin>796</ymin>
      <xmax>1871</xmax>
      <ymax>1045</ymax>
    </bndbox>
  </object>
  <object>
    <type>robndbox</type>
    <name>give</name>
    <pose>Unspecified</pose>
    <truncated>0</truncated>
    <difficult>0</difficult>
    <robndbox>
      <cx>400.0443</cx>
      <cy>637.8354</cy>
      <w>197.0</w>
      <h>460.0</h>
      <angle>0.0</angle>
    </robndbox>
  </object>
</annotation>
