<annotation verified="no">
  <folder>ZpDbcxZcceg</folder>
  <filename>04_frame_01051</filename>
  <path>/home/ikoma/roLabelImg/&#29983;&#39378;/annotation/ZpDbcxZcceg/04_frame_01051.jpg</path>
  <source>
    <database>Unknown</database>
  </source>
  <size>
    <width>1920</width>
    <height>1080</height>
    <depth>3</depth>
  </size>
  <segmented>0</segmented>
  <object>
    <type>bndbox</type>
    <name>tell</name>
    <pose>Unspecified</pose>
    <truncated>0</truncated>
    <difficult>0</difficult>
    <bndbox>
      <xmin>187</xmin>
      <ymin>500</ymin>
      <xmax>443</xmax>
      <ymax>886</ymax>
    </bndbox>
  </object>
  <object>
    <type>bndbox</type>
    <name>me</name>
    <pose>Unspecified</pose>
    <truncated>0</truncated>
    <difficult>0</difficult>
    <bndbox>
      <xmin>461</xmin>
      <ymin>720</ymin>
      <xmax>622</xmax>
      <ymax>785</ymax>
    </bndbox>
  </object>
  <object>
    <type>bndbox</type>
    <name>where</name>
    <pose>Unspecified</pose>
    <truncated>0</truncated>
    <difficult>0</difficult>
    <bndbox>
      <xmin>675</xmin>
      <ymin>532</ymin>
      <xmax>980</xmax>
      <ymax>806</ymax>
    </bndbox>
  </object>
  <object>
    <type>bndbox</type>
    <name>your</name>
    <pose>Unspecified</pose>
    <truncated>0</truncated>
    <difficult>0</difficult>
    <bndbox>
      <xmin>1001</xmin>
      <ymin>689</ymin>
      <xmax>1259</xmax>
      <ymax>976</ymax>
    </bndbox>
  </object>
  <object>
    <type>bndbox</type>
    <name>heart</name>
    <pose>Unspecified</pose>
    <truncated>0</truncated>
    <difficult>0</difficult>
    <bndbox>
      <xmin>1313</xmin>
      <ymin>499</ymin>
      <xmax>1680</xmax>
      <ymax>891</ymax>
    </bndbox>
  </object>
</annotation>
