<annotation verified="no">
  <folder>ZpDbcxZcceg</folder>
  <filename>06_frame_03076</filename>
  <path>/home/ikoma/roLabelImg/&#29983;&#39378;/annotation/ZpDbcxZcceg/06_frame_03076.jpg</path>
  <source>
    <database>Unknown</database>
  </source>
  <size>
    <width>1920</width>
    <height>1080</height>
    <depth>3</depth>
  </size>
  <segmented>0</segmented>
  <object>
    <type>bndbox</type>
    <name>thing</name>
    <pose>Unspecified</pose>
    <truncated>0</truncated>
    <difficult>0</difficult>
    <bndbox>
      <xmin>1237</xmin>
      <ymin>306</ymin>
      <xmax>1546</xmax>
      <ymax>778</ymax>
    </bndbox>
  </object>
  <object>
    <type>bndbox</type>
    <name>babe</name>
    <pose>Unspecified</pose>
    <truncated>0</truncated>
    <difficult>0</difficult>
    <bndbox>
      <xmin>730</xmin>
      <ymin>24</ymin>
      <xmax>1184</xmax>
      <ymax>214</ymax>
    </bndbox>
  </object>
  <object>
    <type>bndbox</type>
    <name>i</name>
    <pose>Unspecified</pose>
    <truncated>1</truncated>
    <difficult>0</difficult>
    <bndbox>
      <xmin>1</xmin>
      <ymin>873</ymin>
      <xmax>41</xmax>
      <ymax>1070</ymax>
    </bndbox>
  </object>
  <object>
    <type>bndbox</type>
    <name>cant</name>
    <pose>Unspecified</pose>
    <truncated>0</truncated>
    <difficult>0</difficult>
    <bndbox>
      <xmin>86</xmin>
      <ymin>870</ymin>
      <xmax>583</xmax>
      <ymax>1067</ymax>
    </bndbox>
  </object>
  <object>
    <type>bndbox</type>
    <name>keep</name>
    <pose>Unspecified</pose>
    <truncated>0</truncated>
    <difficult>0</difficult>
    <bndbox>
      <xmin>611</xmin>
      <ymin>875</ymin>
      <xmax>1032</xmax>
      <ymax>1068</ymax>
    </bndbox>
  </object>
  <object>
    <type>bndbox</type>
    <name>away</name>
    <pose>Unspecified</pose>
    <truncated>0</truncated>
    <difficult>0</difficult>
    <bndbox>
      <xmin>1432</xmin>
      <ymin>869</ymin>
      <xmax>1918</xmax>
      <ymax>1058</ymax>
    </bndbox>
  </object>
  <object>
    <type>bndbox</type>
    <name>what</name>
    <pose>Unspecified</pose>
    <truncated>0</truncated>
    <difficult>0</difficult>
    <bndbox>
      <xmin>499</xmin>
      <ymin>291</ymin>
      <xmax>775</xmax>
      <ymax>605</ymax>
    </bndbox>
  </object>
  <object>
    <type>bndbox</type>
    <name>little</name>
    <pose>Unspecified</pose>
    <truncated>0</truncated>
    <difficult>0</difficult>
    <bndbox>
      <xmin>971</xmin>
      <ymin>294</ymin>
      <xmax>1228</xmax>
      <ymax>672</ymax>
    </bndbox>
  </object>
</annotation>
