<annotation verified="no">
  <folder>ZpDbcxZcceg</folder>
  <filename>05_frame_02851</filename>
  <path>/home/ikoma/roLabelImg/&#29983;&#39378;/annotation/ZpDbcxZcceg/05_frame_02851.jpg</path>
  <source>
    <database>Unknown</database>
  </source>
  <size>
    <width>1920</width>
    <height>1080</height>
    <depth>3</depth>
  </size>
  <segmented>0</segmented>
  <object>
    <type>bndbox</type>
    <name>its</name>
    <pose>Unspecified</pose>
    <truncated>0</truncated>
    <difficult>0</difficult>
    <bndbox>
      <xmin>936</xmin>
      <ymin>31</ymin>
      <xmax>1356</xmax>
      <ymax>280</ymax>
    </bndbox>
  </object>
  <object>
    <type>bndbox</type>
    <name>you</name>
    <pose>Unspecified</pose>
    <truncated>0</truncated>
    <difficult>0</difficult>
    <bndbox>
      <xmin>1401</xmin>
      <ymin>33</ymin>
      <xmax>1864</xmax>
      <ymax>280</ymax>
    </bndbox>
  </object>
  <object>
    <type>bndbox</type>
    <name>always</name>
    <pose>Unspecified</pose>
    <truncated>0</truncated>
    <difficult>0</difficult>
    <bndbox>
      <xmin>944</xmin>
      <ymin>289</ymin>
      <xmax>1851</xmax>
      <ymax>537</ymax>
    </bndbox>
  </object>
  <object>
    <type>bndbox</type>
    <name>on</name>
    <pose>Unspecified</pose>
    <truncated>0</truncated>
    <difficult>0</difficult>
    <bndbox>
      <xmin>944</xmin>
      <ymin>539</ymin>
      <xmax>1284</xmax>
      <ymax>787</ymax>
    </bndbox>
  </object>
  <object>
    <type>bndbox</type>
    <name>the</name>
    <pose>Unspecified</pose>
    <truncated>0</truncated>
    <difficult>0</difficult>
    <bndbox>
      <xmin>1376</xmin>
      <ymin>544</ymin>
      <xmax>1854</xmax>
      <ymax>787</ymax>
    </bndbox>
  </object>
  <object>
    <type>bndbox</type>
    <name>move</name>
    <pose>Unspecified</pose>
    <truncated>0</truncated>
    <difficult>0</difficult>
    <bndbox>
      <xmin>933</xmin>
      <ymin>800</ymin>
      <xmax>1868</xmax>
      <ymax>1047</ymax>
    </bndbox>
  </object>
  <object>
    <type>robndbox</type>
    <name>just</name>
    <pose>Unspecified</pose>
    <truncated>0</truncated>
    <difficult>0</difficult>
    <robndbox>
      <cx>251.5443</cx>
      <cy>317.3354</cy>
      <w>500.0</w>
      <h>633.0</h>
      <angle>0.0</angle>
    </robndbox>
  </object>
  <object>
    <type>robndbox</type>
    <name>give</name>
    <pose>Unspecified</pose>
    <truncated>0</truncated>
    <difficult>0</difficult>
    <robndbox>
      <cx>432.3208</cx>
      <cy>613.9307</cy>
      <w>365.4283</w>
      <h>431.2707</h>
      <angle>2.831593</angle>
    </robndbox>
  </object>
</annotation>
