<annotation verified="no">
  <folder>ZpDbcxZcceg</folder>
  <filename>08_frame_00526</filename>
  <path>/home/ikoma/roLabelImg/&#29983;&#39378;/annotation/ZpDbcxZcceg/08_frame_00526.jpg</path>
  <source>
    <database>Unknown</database>
  </source>
  <size>
    <width>1920</width>
    <height>1080</height>
    <depth>3</depth>
  </size>
  <segmented>0</segmented>
  <object>
    <type>bndbox</type>
    <name>babe</name>
    <pose>Unspecified</pose>
    <truncated>0</truncated>
    <difficult>0</difficult>
    <bndbox>
      <xmin>734</xmin>
      <ymin>26</ymin>
      <xmax>1185</xmax>
      <ymax>215</ymax>
    </bndbox>
  </object>
  <object>
    <type>bndbox</type>
    <name>i</name>
    <pose>Unspecified</pose>
    <truncated>1</truncated>
    <difficult>0</difficult>
    <bndbox>
      <xmin>1</xmin>
      <ymin>862</ymin>
      <xmax>51</xmax>
      <ymax>1063</ymax>
    </bndbox>
  </object>
  <object>
    <type>bndbox</type>
    <name>cant</name>
    <pose>Unspecified</pose>
    <truncated>0</truncated>
    <difficult>0</difficult>
    <bndbox>
      <xmin>84</xmin>
      <ymin>868</ymin>
      <xmax>589</xmax>
      <ymax>1062</ymax>
    </bndbox>
  </object>
  <object>
    <type>bndbox</type>
    <name>keep</name>
    <pose>Unspecified</pose>
    <truncated>0</truncated>
    <difficult>0</difficult>
    <bndbox>
      <xmin>618</xmin>
      <ymin>871</ymin>
      <xmax>1034</xmax>
      <ymax>1063</ymax>
    </bndbox>
  </object>
  <object>
    <type>bndbox</type>
    <name>away</name>
    <pose>Unspecified</pose>
    <truncated>0</truncated>
    <difficult>0</difficult>
    <bndbox>
      <xmin>1430</xmin>
      <ymin>864</ymin>
      <xmax>1919</xmax>
      <ymax>1064</ymax>
    </bndbox>
  </object>
  <object>
    <type>bndbox</type>
    <name>little</name>
    <pose>Unspecified</pose>
    <truncated>0</truncated>
    <difficult>0</difficult>
    <bndbox>
      <xmin>939</xmin>
      <ymin>293</ymin>
      <xmax>1231</xmax>
      <ymax>678</ymax>
    </bndbox>
  </object>
  <object>
    <type>bndbox</type>
    <name>thing</name>
    <pose>Unspecified</pose>
    <truncated>0</truncated>
    <difficult>0</difficult>
    <bndbox>
      <xmin>1241</xmin>
      <ymin>307</ymin>
      <xmax>1541</xmax>
      <ymax>772</ymax>
    </bndbox>
  </object>
</annotation>
