<annotation verified="no">
  <folder>1tvLIhEaEKo</folder>
  <filename>09_frame_04051</filename>
  <path>/home/m_1te16262p/Downloads/annotation/&#23665;&#32291;/annotation/1tvLIhEaEKo/09_frame_04051.jpg</path>
  <source>
    <database>Unknown</database>
  </source>
  <size>
    <width>1920</width>
    <height>1080</height>
    <depth>3</depth>
  </size>
  <segmented>0</segmented>
  <object>
    <type>bndbox</type>
    <name>on</name>
    <pose>Unspecified</pose>
    <truncated>0</truncated>
    <difficult>0</difficult>
    <bndbox>
      <xmin>564</xmin>
      <ymin>295</ymin>
      <xmax>759</xmax>
      <ymax>462</ymax>
    </bndbox>
  </object>
  <object>
    <type>bndbox</type>
    <name>the</name>
    <pose>Unspecified</pose>
    <truncated>0</truncated>
    <difficult>0</difficult>
    <bndbox>
      <xmin>837</xmin>
      <ymin>306</ymin>
      <xmax>1016</xmax>
      <ymax>450</ymax>
    </bndbox>
  </object>
  <object>
    <type>bndbox</type>
    <name>day</name>
    <pose>Unspecified</pose>
    <truncated>0</truncated>
    <difficult>0</difficult>
    <bndbox>
      <xmin>1059</xmin>
      <ymin>246</ymin>
      <xmax>1327</xmax>
      <ymax>512</ymax>
    </bndbox>
  </object>
  <object>
    <type>bndbox</type>
    <name>we</name>
    <pose>Unspecified</pose>
    <truncated>0</truncated>
    <difficult>0</difficult>
    <bndbox>
      <xmin>581</xmin>
      <ymin>584</ymin>
      <xmax>697</xmax>
      <ymax>642</ymax>
    </bndbox>
  </object>
  <object>
    <type>bndbox</type>
    <name>fell</name>
    <pose>Unspecified</pose>
    <truncated>0</truncated>
    <difficult>0</difficult>
    <bndbox>
      <xmin>731</xmin>
      <ymin>543</ymin>
      <xmax>942</xmax>
      <ymax>733</ymax>
    </bndbox>
  </object>
  <object>
    <type>bndbox</type>
    <name>in</name>
    <pose>Unspecified</pose>
    <truncated>0</truncated>
    <difficult>0</difficult>
    <bndbox>
      <xmin>984</xmin>
      <ymin>598</ymin>
      <xmax>1081</xmax>
      <ymax>686</ymax>
    </bndbox>
  </object>
  <object>
    <type>bndbox</type>
    <name>love</name>
    <pose>Unspecified</pose>
    <truncated>0</truncated>
    <difficult>0</difficult>
    <bndbox>
      <xmin>1151</xmin>
      <ymin>563</ymin>
      <xmax>1333</xmax>
      <ymax>694</ymax>
    </bndbox>
  </object>
</annotation>
