<annotation verified="no">
  <folder>1tvLIhEaEKo</folder>
  <filename>00_frame_03376</filename>
  <path>/home/m_1te16262p/Downloads/annotation/&#23665;&#32291;/annotation/1tvLIhEaEKo/00_frame_03376.jpg</path>
  <source>
    <database>Unknown</database>
  </source>
  <size>
    <width>1920</width>
    <height>1080</height>
    <depth>3</depth>
  </size>
  <segmented>0</segmented>
  <object>
    <type>bndbox</type>
    <name>the</name>
    <pose>Unspecified</pose>
    <truncated>1</truncated>
    <difficult>0</difficult>
    <bndbox>
      <xmin>350</xmin>
      <ymin>1</ymin>
      <xmax>555</xmax>
      <ymax>94</ymax>
    </bndbox>
  </object>
  <object>
    <type>bndbox</type>
    <name>hood</name>
    <pose>Unspecified</pose>
    <truncated>1</truncated>
    <difficult>0</difficult>
    <bndbox>
      <xmin>616</xmin>
      <ymin>1</ymin>
      <xmax>889</xmax>
      <ymax>117</ymax>
    </bndbox>
  </object>
  <object>
    <type>bndbox</type>
    <name>in</name>
    <pose>Unspecified</pose>
    <truncated>0</truncated>
    <difficult>0</difficult>
    <bndbox>
      <xmin>938</xmin>
      <ymin>51</ymin>
      <xmax>1054</xmax>
      <ymax>180</ymax>
    </bndbox>
  </object>
  <object>
    <type>bndbox</type>
    <name>the</name>
    <pose>Unspecified</pose>
    <truncated>0</truncated>
    <difficult>0</difficult>
    <bndbox>
      <xmin>1068</xmin>
      <ymin>36</ymin>
      <xmax>1233</xmax>
      <ymax>185</ymax>
    </bndbox>
  </object>
  <object>
    <type>bndbox</type>
    <name>middle</name>
    <pose>Unspecified</pose>
    <truncated>1</truncated>
    <difficult>0</difficult>
    <bndbox>
      <xmin>1263</xmin>
      <ymin>1</ymin>
      <xmax>1651</xmax>
      <ymax>145</ymax>
    </bndbox>
  </object>
  <object>
    <type>bndbox</type>
    <name>of</name>
    <pose>Unspecified</pose>
    <truncated>0</truncated>
    <difficult>0</difficult>
    <bndbox>
      <xmin>1012</xmin>
      <ymin>214</ymin>
      <xmax>1098</xmax>
      <ymax>351</ymax>
    </bndbox>
  </object>
  <object>
    <type>bndbox</type>
    <name>the</name>
    <pose>Unspecified</pose>
    <truncated>0</truncated>
    <difficult>0</difficult>
    <bndbox>
      <xmin>1116</xmin>
      <ymin>182</ymin>
      <xmax>1285</xmax>
      <ymax>332</ymax>
    </bndbox>
  </object>
  <object>
    <type>bndbox</type>
    <name>woods</name>
    <pose>Unspecified</pose>
    <truncated>0</truncated>
    <difficult>0</difficult>
    <bndbox>
      <xmin>1307</xmin>
      <ymin>151</ymin>
      <xmax>1616</xmax>
      <ymax>319</ymax>
    </bndbox>
  </object>
  <object>
    <type>bndbox</type>
    <name>on</name>
    <pose>Unspecified</pose>
    <truncated>0</truncated>
    <difficult>0</difficult>
    <bndbox>
      <xmin>225</xmin>
      <ymin>237</ymin>
      <xmax>411</xmax>
      <ymax>394</ymax>
    </bndbox>
  </object>
  <object>
    <type>bndbox</type>
    <name>an</name>
    <pose>Unspecified</pose>
    <truncated>0</truncated>
    <difficult>0</difficult>
    <bndbox>
      <xmin>435</xmin>
      <ymin>323</ymin>
      <xmax>581</xmax>
      <ymax>406</ymax>
    </bndbox>
  </object>
  <object>
    <type>bndbox</type>
    <name>old</name>
    <pose>Unspecified</pose>
    <truncated>0</truncated>
    <difficult>0</difficult>
    <bndbox>
      <xmin>605</xmin>
      <ymin>250</ymin>
      <xmax>799</xmax>
      <ymax>405</ymax>
    </bndbox>
  </object>
  <object>
    <type>bndbox</type>
    <name>mustang</name>
    <pose>Unspecified</pose>
    <truncated>0</truncated>
    <difficult>0</difficult>
    <bndbox>
      <xmin>299</xmin>
      <ymin>430</ymin>
      <xmax>835</xmax>
      <ymax>656</ymax>
    </bndbox>
  </object>
  <object>
    <type>bndbox</type>
    <name>where</name>
    <pose>Unspecified</pose>
    <truncated>0</truncated>
    <difficult>0</difficult>
    <bndbox>
      <xmin>1046</xmin>
      <ymin>559</ymin>
      <xmax>1371</xmax>
      <ymax>706</ymax>
    </bndbox>
  </object>
  <object>
    <type>bndbox</type>
    <name>we</name>
    <pose>Unspecified</pose>
    <truncated>0</truncated>
    <difficult>0</difficult>
    <bndbox>
      <xmin>1401</xmin>
      <ymin>643</ymin>
      <xmax>1507</xmax>
      <ymax>695</ymax>
    </bndbox>
  </object>
</annotation>
