<annotation verified="no">
  <folder>1tvLIhEaEKo</folder>
  <filename>05_frame_02851</filename>
  <path>/home/m_1te16262p/Downloads/annotation/&#23665;&#32291;/annotation/1tvLIhEaEKo/05_frame_02851.jpg</path>
  <source>
    <database>Unknown</database>
  </source>
  <size>
    <width>1920</width>
    <height>1080</height>
    <depth>3</depth>
  </size>
  <segmented>0</segmented>
  <object>
    <type>bndbox</type>
    <name>on</name>
    <pose>Unspecified</pose>
    <truncated>0</truncated>
    <difficult>0</difficult>
    <bndbox>
      <xmin>461</xmin>
      <ymin>353</ymin>
      <xmax>606</xmax>
      <ymax>440</ymax>
    </bndbox>
  </object>
  <object>
    <type>bndbox</type>
    <name>the</name>
    <pose>Unspecified</pose>
    <truncated>0</truncated>
    <difficult>0</difficult>
    <bndbox>
      <xmin>614</xmin>
      <ymin>268</ymin>
      <xmax>844</xmax>
      <ymax>451</ymax>
    </bndbox>
  </object>
  <object>
    <type>bndbox</type>
    <name>days</name>
    <pose>Unspecified</pose>
    <truncated>0</truncated>
    <difficult>0</difficult>
    <bndbox>
      <xmin>864</xmin>
      <ymin>266</ymin>
      <xmax>1172</xmax>
      <ymax>528</ymax>
    </bndbox>
  </object>
  <object>
    <type>bndbox</type>
    <name>when</name>
    <pose>Unspecified</pose>
    <truncated>0</truncated>
    <difficult>0</difficult>
    <bndbox>
      <xmin>650</xmin>
      <ymin>477</ymin>
      <xmax>927</xmax>
      <ymax>634</ymax>
    </bndbox>
  </object>
  <object>
    <type>bndbox</type>
    <name>we</name>
    <pose>Unspecified</pose>
    <truncated>0</truncated>
    <difficult>0</difficult>
    <bndbox>
      <xmin>948</xmin>
      <ymin>545</ymin>
      <xmax>1087</xmax>
      <ymax>612</ymax>
    </bndbox>
  </object>
  <object>
    <type>bndbox</type>
    <name>were</name>
    <pose>Unspecified</pose>
    <truncated>0</truncated>
    <difficult>0</difficult>
    <bndbox>
      <xmin>1109</xmin>
      <ymin>543</ymin>
      <xmax>1354</xmax>
      <ymax>612</ymax>
    </bndbox>
  </object>
  <object>
    <type>bndbox</type>
    <name>young</name>
    <pose>Unspecified</pose>
    <truncated>0</truncated>
    <difficult>0</difficult>
    <bndbox>
      <xmin>919</xmin>
      <ymin>666</ymin>
      <xmax>1223</xmax>
      <ymax>801</ymax>
    </bndbox>
  </object>
</annotation>
