<annotation verified="no">
  <folder>1tvLIhEaEKo</folder>
  <filename>01_frame_01501</filename>
  <path>/home/m_1te16262p/Downloads/annotation/&#23665;&#32291;/annotation/1tvLIhEaEKo/01_frame_01501.jpg</path>
  <source>
    <database>Unknown</database>
  </source>
  <size>
    <width>1920</width>
    <height>1080</height>
    <depth>3</depth>
  </size>
  <segmented>0</segmented>
  <object>
    <type>bndbox</type>
    <name>hit</name>
    <pose>Unspecified</pose>
    <truncated>0</truncated>
    <difficult>0</difficult>
    <bndbox>
      <xmin>580</xmin>
      <ymin>303</ymin>
      <xmax>825</xmax>
      <ymax>493</ymax>
    </bndbox>
  </object>
  <object>
    <type>bndbox</type>
    <name>me</name>
    <pose>Unspecified</pose>
    <truncated>0</truncated>
    <difficult>0</difficult>
    <bndbox>
      <xmin>823</xmin>
      <ymin>394</ymin>
      <xmax>1012</xmax>
      <ymax>471</ymax>
    </bndbox>
  </object>
  <object>
    <type>bndbox</type>
    <name>baby</name>
    <pose>Unspecified</pose>
    <truncated>0</truncated>
    <difficult>0</difficult>
    <bndbox>
      <xmin>1046</xmin>
      <ymin>299</ymin>
      <xmax>1390</xmax>
      <ymax>573</ymax>
    </bndbox>
  </object>
  <object>
    <type>bndbox</type>
    <name>one</name>
    <pose>Unspecified</pose>
    <truncated>0</truncated>
    <difficult>0</difficult>
    <bndbox>
      <xmin>520</xmin>
      <ymin>492</ymin>
      <xmax>871</xmax>
      <ymax>621</ymax>
    </bndbox>
  </object>
  <object>
    <type>bndbox</type>
    <name>more</name>
    <pose>Unspecified</pose>
    <truncated>0</truncated>
    <difficult>0</difficult>
    <bndbox>
      <xmin>905</xmin>
      <ymin>494</ymin>
      <xmax>1393</xmax>
      <ymax>621</ymax>
    </bndbox>
  </object>
  <object>
    <type>bndbox</type>
    <name>time</name>
    <pose>Unspecified</pose>
    <truncated>0</truncated>
    <difficult>0</difficult>
    <bndbox>
      <xmin>797</xmin>
      <ymin>584</ymin>
      <xmax>1133</xmax>
      <ymax>776</ymax>
    </bndbox>
  </object>
</annotation>
