<annotation verified="no">
  <folder>1tvLIhEaEKo</folder>
  <filename>03_frame_04426</filename>
  <path>/home/m_1te16262p/Downloads/annotation/&#23665;&#32291;/annotation/1tvLIhEaEKo/03_frame_04426.jpg</path>
  <source>
    <database>Unknown</database>
  </source>
  <size>
    <width>1920</width>
    <height>1080</height>
    <depth>3</depth>
  </size>
  <segmented>0</segmented>
  <object>
    <type>bndbox</type>
    <name>we</name>
    <pose>Unspecified</pose>
    <truncated>1</truncated>
    <difficult>0</difficult>
    <bndbox>
      <xmin>580</xmin>
      <ymin>1</ymin>
      <xmax>696</xmax>
      <ymax>56</ymax>
    </bndbox>
  </object>
  <object>
    <type>bndbox</type>
    <name>love</name>
    <pose>Unspecified</pose>
    <truncated>1</truncated>
    <difficult>0</difficult>
    <bndbox>
      <xmin>1150</xmin>
      <ymin>1</ymin>
      <xmax>1333</xmax>
      <ymax>92</ymax>
    </bndbox>
  </object>
  <object>
    <type>bndbox</type>
    <name>on</name>
    <pose>Unspecified</pose>
    <truncated>0</truncated>
    <difficult>0</difficult>
    <bndbox>
      <xmin>563</xmin>
      <ymin>312</ymin>
      <xmax>758</xmax>
      <ymax>481</ymax>
    </bndbox>
  </object>
  <object>
    <type>bndbox</type>
    <name>the</name>
    <pose>Unspecified</pose>
    <truncated>0</truncated>
    <difficult>0</difficult>
    <bndbox>
      <xmin>836</xmin>
      <ymin>319</ymin>
      <xmax>1015</xmax>
      <ymax>464</ymax>
    </bndbox>
  </object>
  <object>
    <type>bndbox</type>
    <name>day</name>
    <pose>Unspecified</pose>
    <truncated>0</truncated>
    <difficult>0</difficult>
    <bndbox>
      <xmin>1057</xmin>
      <ymin>262</ymin>
      <xmax>1324</xmax>
      <ymax>533</ymax>
    </bndbox>
  </object>
  <object>
    <type>bndbox</type>
    <name>we</name>
    <pose>Unspecified</pose>
    <truncated>0</truncated>
    <difficult>0</difficult>
    <bndbox>
      <xmin>580</xmin>
      <ymin>594</ymin>
      <xmax>693</xmax>
      <ymax>653</ymax>
    </bndbox>
  </object>
  <object>
    <type>bndbox</type>
    <name>fell</name>
    <pose>Unspecified</pose>
    <truncated>0</truncated>
    <difficult>0</difficult>
    <bndbox>
      <xmin>722</xmin>
      <ymin>560</ymin>
      <xmax>936</xmax>
      <ymax>754</ymax>
    </bndbox>
  </object>
  <object>
    <type>bndbox</type>
    <name>in</name>
    <pose>Unspecified</pose>
    <truncated>0</truncated>
    <difficult>0</difficult>
    <bndbox>
      <xmin>981</xmin>
      <ymin>612</ymin>
      <xmax>1081</xmax>
      <ymax>701</ymax>
    </bndbox>
  </object>
  <object>
    <type>bndbox</type>
    <name>love</name>
    <pose>Unspecified</pose>
    <truncated>0</truncated>
    <difficult>0</difficult>
    <bndbox>
      <xmin>1151</xmin>
      <ymin>576</ymin>
      <xmax>1333</xmax>
      <ymax>706</ymax>
    </bndbox>
  </object>
</annotation>
