<annotation verified="no">
  <folder>EOEeN9NmyU8</folder>
  <filename>06_frame_00649</filename>
  <path>/home/mitsuo/roLabelImg-master/&#28288;&#23614;/annotation/EOEeN9NmyU8/06_frame_00649.jpg</path>
  <source>
    <database>Unknown</database>
  </source>
  <size>
    <width>1920</width>
    <height>1080</height>
    <depth>3</depth>
  </size>
  <segmented>0</segmented>
  <object>
    <type>bndbox</type>
    <name>then</name>
    <pose>Unspecified</pose>
    <truncated>0</truncated>
    <difficult>0</difficult>
    <bndbox>
      <xmin>189</xmin>
      <ymin>379</ymin>
      <xmax>906</xmax>
      <ymax>700</ymax>
    </bndbox>
  </object>
  <object>
    <type>bndbox</type>
    <name>she</name>
    <pose>Unspecified</pose>
    <truncated>0</truncated>
    <difficult>0</difficult>
    <bndbox>
      <xmin>1037</xmin>
      <ymin>380</ymin>
      <xmax>1573</xmax>
      <ymax>703</ymax>
    </bndbox>
  </object>
</annotation>
