<annotation verified="no">
  <folder>EOEeN9NmyU8</folder>
  <filename>07_frame_03097</filename>
  <path>/home/mitsuo/roLabelImg-master/&#28288;&#23614;/annotation/EOEeN9NmyU8/07_frame_03097.jpg</path>
  <source>
    <database>Unknown</database>
  </source>
  <size>
    <width>1920</width>
    <height>1080</height>
    <depth>3</depth>
  </size>
  <segmented>0</segmented>
  <object>
    <type>bndbox</type>
    <name>you</name>
    <pose>Unspecified</pose>
    <truncated>0</truncated>
    <difficult>0</difficult>
    <bndbox>
      <xmin>473</xmin>
      <ymin>427</ymin>
      <xmax>661</xmax>
      <ymax>535</ymax>
    </bndbox>
  </object>
  <object>
    <type>bndbox</type>
    <name>can</name>
    <pose>Unspecified</pose>
    <truncated>0</truncated>
    <difficult>0</difficult>
    <bndbox>
      <xmin>697</xmin>
      <ymin>428</ymin>
      <xmax>887</xmax>
      <ymax>535</ymax>
    </bndbox>
  </object>
  <object>
    <type>bndbox</type>
    <name>take</name>
    <pose>Unspecified</pose>
    <truncated>0</truncated>
    <difficult>0</difficult>
    <bndbox>
      <xmin>923</xmin>
      <ymin>427</ymin>
      <xmax>1158</xmax>
      <ymax>536</ymax>
    </bndbox>
  </object>
  <object>
    <type>bndbox</type>
    <name>your</name>
    <pose>Unspecified</pose>
    <truncated>0</truncated>
    <difficult>0</difficult>
    <bndbox>
      <xmin>1186</xmin>
      <ymin>428</ymin>
      <xmax>1450</xmax>
      <ymax>537</ymax>
    </bndbox>
  </object>
</annotation>
