<annotation verified="no">
  <folder>EOEeN9NmyU8</folder>
  <filename>04_frame_01009</filename>
  <path>/home/mitsuo/roLabelImg-master/&#28288;&#23614;/annotation/EOEeN9NmyU8/04_frame_01009.jpg</path>
  <source>
    <database>Unknown</database>
  </source>
  <size>
    <width>1920</width>
    <height>1080</height>
    <depth>3</depth>
  </size>
  <segmented>0</segmented>
  <object>
    <type>bndbox</type>
    <name>i</name>
    <pose>Unspecified</pose>
    <truncated>0</truncated>
    <difficult>0</difficult>
    <bndbox>
      <xmin>426</xmin>
      <ymin>411</ymin>
      <xmax>455</xmax>
      <ymax>539</ymax>
    </bndbox>
  </object>
  <object>
    <type>bndbox</type>
    <name>never</name>
    <pose>Unspecified</pose>
    <truncated>0</truncated>
    <difficult>0</difficult>
    <bndbox>
      <xmin>506</xmin>
      <ymin>409</ymin>
      <xmax>869</xmax>
      <ymax>539</ymax>
    </bndbox>
  </object>
  <object>
    <type>bndbox</type>
    <name>want</name>
    <pose>Unspecified</pose>
    <truncated>0</truncated>
    <difficult>0</difficult>
    <bndbox>
      <xmin>907</xmin>
      <ymin>407</ymin>
      <xmax>1227</xmax>
      <ymax>539</ymax>
    </bndbox>
  </object>
  <object>
    <type>bndbox</type>
    <name>you</name>
    <pose>Unspecified</pose>
    <truncated>0</truncated>
    <difficult>0</difficult>
    <bndbox>
      <xmin>1265</xmin>
      <ymin>409</ymin>
      <xmax>1487</xmax>
      <ymax>533</ymax>
    </bndbox>
  </object>
  <object>
    <type>bndbox</type>
    <name>back</name>
    <pose>Unspecified</pose>
    <truncated>0</truncated>
    <difficult>0</difficult>
    <bndbox>
      <xmin>443</xmin>
      <ymin>543</ymin>
      <xmax>726</xmax>
      <ymax>671</ymax>
    </bndbox>
  </object>
  <object>
    <type>bndbox</type>
    <name>into</name>
    <pose>Unspecified</pose>
    <truncated>0</truncated>
    <difficult>0</difficult>
    <bndbox>
      <xmin>767</xmin>
      <ymin>544</ymin>
      <xmax>1005</xmax>
      <ymax>667</ymax>
    </bndbox>
  </object>
  <object>
    <type>bndbox</type>
    <name>my</name>
    <pose>Unspecified</pose>
    <truncated>0</truncated>
    <difficult>0</difficult>
    <bndbox>
      <xmin>1050</xmin>
      <ymin>543</ymin>
      <xmax>1205</xmax>
      <ymax>668</ymax>
    </bndbox>
  </object>
  <object>
    <type>bndbox</type>
    <name>life</name>
    <pose>Unspecified</pose>
    <truncated>0</truncated>
    <difficult>0</difficult>
    <bndbox>
      <xmin>1251</xmin>
      <ymin>544</ymin>
      <xmax>1481</xmax>
      <ymax>668</ymax>
    </bndbox>
  </object>
</annotation>
