<annotation verified="no">
  <folder>EOEeN9NmyU8</folder>
  <filename>01_frame_02233</filename>
  <path>/home/mitsuo/roLabelImg-master/&#28288;&#23614;/annotation/EOEeN9NmyU8/01_frame_02233.jpg</path>
  <source>
    <database>Unknown</database>
  </source>
  <size>
    <width>1920</width>
    <height>1080</height>
    <depth>3</depth>
  </size>
  <segmented>0</segmented>
  <object>
    <type>bndbox</type>
    <name>now</name>
    <pose>Unspecified</pose>
    <truncated>0</truncated>
    <difficult>0</difficult>
    <bndbox>
      <xmin>489</xmin>
      <ymin>340</ymin>
      <xmax>750</xmax>
      <ymax>483</ymax>
    </bndbox>
  </object>
  <object>
    <type>bndbox</type>
    <name>if</name>
    <pose>Unspecified</pose>
    <truncated>0</truncated>
    <difficult>0</difficult>
    <bndbox>
      <xmin>795</xmin>
      <ymin>339</ymin>
      <xmax>879</xmax>
      <ymax>485</ymax>
    </bndbox>
  </object>
  <object>
    <type>bndbox</type>
    <name>we</name>
    <pose>Unspecified</pose>
    <truncated>0</truncated>
    <difficult>0</difficult>
    <bndbox>
      <xmin>910</xmin>
      <ymin>380</ymin>
      <xmax>1087</xmax>
      <ymax>483</ymax>
    </bndbox>
  </object>
  <object>
    <type>bndbox</type>
    <name>meet</name>
    <pose>Unspecified</pose>
    <truncated>0</truncated>
    <difficult>0</difficult>
    <bndbox>
      <xmin>1131</xmin>
      <ymin>351</ymin>
      <xmax>1442</xmax>
      <ymax>488</ymax>
    </bndbox>
  </object>
  <object>
    <type>bndbox</type>
    <name>out</name>
    <pose>Unspecified</pose>
    <truncated>0</truncated>
    <difficult>0</difficult>
    <bndbox>
      <xmin>473</xmin>
      <ymin>503</ymin>
      <xmax>662</xmax>
      <ymax>633</ymax>
    </bndbox>
  </object>
  <object>
    <type>bndbox</type>
    <name>on</name>
    <pose>Unspecified</pose>
    <truncated>0</truncated>
    <difficult>0</difficult>
    <bndbox>
      <xmin>695</xmin>
      <ymin>527</ymin>
      <xmax>833</xmax>
      <ymax>629</ymax>
    </bndbox>
  </object>
  <object>
    <type>bndbox</type>
    <name>the</name>
    <pose>Unspecified</pose>
    <truncated>0</truncated>
    <difficult>0</difficult>
    <bndbox>
      <xmin>869</xmin>
      <ymin>496</ymin>
      <xmax>1054</xmax>
      <ymax>633</ymax>
    </bndbox>
  </object>
  <object>
    <type>bndbox</type>
    <name>street</name>
    <pose>Unspecified</pose>
    <truncated>0</truncated>
    <difficult>0</difficult>
    <bndbox>
      <xmin>1101</xmin>
      <ymin>503</ymin>
      <xmax>1439</xmax>
      <ymax>636</ymax>
    </bndbox>
  </object>
  <object>
    <type>bndbox</type>
    <name>i</name>
    <pose>Unspecified</pose>
    <truncated>0</truncated>
    <difficult>0</difficult>
    <bndbox>
      <xmin>501</xmin>
      <ymin>648</ymin>
      <xmax>525</xmax>
      <ymax>743</ymax>
    </bndbox>
  </object>
  <object>
    <type>bndbox</type>
    <name>wont</name>
    <pose>Unspecified</pose>
    <truncated>0</truncated>
    <difficult>0</difficult>
    <bndbox>
      <xmin>549</xmin>
      <ymin>657</ymin>
      <xmax>757</xmax>
      <ymax>740</ymax>
    </bndbox>
  </object>
  <object>
    <type>bndbox</type>
    <name>be</name>
    <pose>Unspecified</pose>
    <truncated>0</truncated>
    <difficult>0</difficult>
    <bndbox>
      <xmin>779</xmin>
      <ymin>648</ymin>
      <xmax>869</xmax>
      <ymax>741</ymax>
    </bndbox>
  </object>
  <object>
    <type>bndbox</type>
    <name>runnin</name>
    <pose>Unspecified</pose>
    <truncated>0</truncated>
    <difficult>0</difficult>
    <bndbox>
      <xmin>894</xmin>
      <ymin>648</ymin>
      <xmax>1158</xmax>
      <ymax>745</ymax>
    </bndbox>
  </object>
  <object>
    <type>bndbox</type>
    <name>scared</name>
    <pose>Unspecified</pose>
    <truncated>0</truncated>
    <difficult>0</difficult>
    <bndbox>
      <xmin>1183</xmin>
      <ymin>651</ymin>
      <xmax>1439</xmax>
      <ymax>744</ymax>
    </bndbox>
  </object>
</annotation>
