<annotation verified="no">
  <folder>EOEeN9NmyU8</folder>
  <filename>09_frame_01369</filename>
  <path>/home/mitsuo/roLabelImg-master/&#28288;&#23614;/annotation/EOEeN9NmyU8/09_frame_01369.jpg</path>
  <source>
    <database>Unknown</database>
  </source>
  <size>
    <width>1920</width>
    <height>1080</height>
    <depth>3</depth>
  </size>
  <segmented>0</segmented>
  <object>
    <type>bndbox</type>
    <name>i</name>
    <pose>Unspecified</pose>
    <truncated>0</truncated>
    <difficult>0</difficult>
    <bndbox>
      <xmin>446</xmin>
      <ymin>412</ymin>
      <xmax>477</xmax>
      <ymax>539</ymax>
    </bndbox>
  </object>
  <object>
    <type>bndbox</type>
    <name>never</name>
    <pose>Unspecified</pose>
    <truncated>0</truncated>
    <difficult>0</difficult>
    <bndbox>
      <xmin>522</xmin>
      <ymin>411</ymin>
      <xmax>871</xmax>
      <ymax>537</ymax>
    </bndbox>
  </object>
  <object>
    <type>bndbox</type>
    <name>want</name>
    <pose>Unspecified</pose>
    <truncated>0</truncated>
    <difficult>0</difficult>
    <bndbox>
      <xmin>913</xmin>
      <ymin>412</ymin>
      <xmax>1221</xmax>
      <ymax>537</ymax>
    </bndbox>
  </object>
  <object>
    <type>bndbox</type>
    <name>you</name>
    <pose>Unspecified</pose>
    <truncated>0</truncated>
    <difficult>0</difficult>
    <bndbox>
      <xmin>1253</xmin>
      <ymin>411</ymin>
      <xmax>1463</xmax>
      <ymax>536</ymax>
    </bndbox>
  </object>
  <object>
    <type>bndbox</type>
    <name>back</name>
    <pose>Unspecified</pose>
    <truncated>0</truncated>
    <difficult>0</difficult>
    <bndbox>
      <xmin>462</xmin>
      <ymin>544</ymin>
      <xmax>733</xmax>
      <ymax>663</ymax>
    </bndbox>
  </object>
  <object>
    <type>bndbox</type>
    <name>into</name>
    <pose>Unspecified</pose>
    <truncated>0</truncated>
    <difficult>0</difficult>
    <bndbox>
      <xmin>773</xmin>
      <ymin>543</ymin>
      <xmax>1005</xmax>
      <ymax>661</ymax>
    </bndbox>
  </object>
</annotation>
