<annotation verified="no">
  <folder>EOEeN9NmyU8</folder>
  <filename>03_frame_04105</filename>
  <path>/home/mitsuo/roLabelImg-master/&#28288;&#23614;/annotation/EOEeN9NmyU8/03_frame_04105.jpg</path>
  <source>
    <database>Unknown</database>
  </source>
  <size>
    <width>1920</width>
    <height>1080</height>
    <depth>3</depth>
  </size>
  <segmented>0</segmented>
  <object>
    <type>bndbox</type>
    <name>i</name>
    <pose>Unspecified</pose>
    <truncated>0</truncated>
    <difficult>0</difficult>
    <bndbox>
      <xmin>421</xmin>
      <ymin>405</ymin>
      <xmax>449</xmax>
      <ymax>539</ymax>
    </bndbox>
  </object>
  <object>
    <type>bndbox</type>
    <name>never</name>
    <pose>Unspecified</pose>
    <truncated>0</truncated>
    <difficult>0</difficult>
    <bndbox>
      <xmin>497</xmin>
      <ymin>405</ymin>
      <xmax>867</xmax>
      <ymax>540</ymax>
    </bndbox>
  </object>
  <object>
    <type>bndbox</type>
    <name>want</name>
    <pose>Unspecified</pose>
    <truncated>0</truncated>
    <difficult>0</difficult>
    <bndbox>
      <xmin>909</xmin>
      <ymin>405</ymin>
      <xmax>1233</xmax>
      <ymax>537</ymax>
    </bndbox>
  </object>
  <object>
    <type>bndbox</type>
    <name>you</name>
    <pose>Unspecified</pose>
    <truncated>0</truncated>
    <difficult>0</difficult>
    <bndbox>
      <xmin>1267</xmin>
      <ymin>407</ymin>
      <xmax>1494</xmax>
      <ymax>537</ymax>
    </bndbox>
  </object>
  <object>
    <type>bndbox</type>
    <name>back</name>
    <pose>Unspecified</pose>
    <truncated>0</truncated>
    <difficult>0</difficult>
    <bndbox>
      <xmin>433</xmin>
      <ymin>543</ymin>
      <xmax>723</xmax>
      <ymax>668</ymax>
    </bndbox>
  </object>
  <object>
    <type>bndbox</type>
    <name>into</name>
    <pose>Unspecified</pose>
    <truncated>0</truncated>
    <difficult>0</difficult>
    <bndbox>
      <xmin>763</xmin>
      <ymin>543</ymin>
      <xmax>1005</xmax>
      <ymax>672</ymax>
    </bndbox>
  </object>
  <object>
    <type>bndbox</type>
    <name>my</name>
    <pose>Unspecified</pose>
    <truncated>0</truncated>
    <difficult>0</difficult>
    <bndbox>
      <xmin>1050</xmin>
      <ymin>543</ymin>
      <xmax>1211</xmax>
      <ymax>669</ymax>
    </bndbox>
  </object>
  <object>
    <type>bndbox</type>
    <name>life</name>
    <pose>Unspecified</pose>
    <truncated>0</truncated>
    <difficult>0</difficult>
    <bndbox>
      <xmin>1254</xmin>
      <ymin>543</ymin>
      <xmax>1487</xmax>
      <ymax>670</ymax>
    </bndbox>
  </object>
</annotation>
