<annotation verified="no">
  <folder>Lj6Y6JCu-l4</folder>
  <filename>02_frame_03025</filename>
  <path>/Users/KengoAraki/Desktop/&#22338;&#21475;&#12373;&#12435;_annotation/annotation/Lj6Y6JCu-l4/02_frame_03025.jpg</path>
  <source>
    <database>Unknown</database>
  </source>
  <size>
    <width>1920</width>
    <height>1080</height>
    <depth>3</depth>
  </size>
  <segmented>0</segmented>
  <object>
    <type>robndbox</type>
    <name>come</name>
    <pose>Unspecified</pose>
    <truncated>0</truncated>
    <difficult>0</difficult>
    <robndbox>
      <cx>548.5082</cx>
      <cy>295.0</cy>
      <w>578.0011</w>
      <h>124.7187</h>
      <angle>0.03</angle>
    </robndbox>
  </object>
  <object>
    <type>robndbox</type>
    <name>over</name>
    <pose>Unspecified</pose>
    <truncated>0</truncated>
    <difficult>0</difficult>
    <robndbox>
      <cx>1154.5923</cx>
      <cy>309.0624</cy>
      <w>511.828</w>
      <h>122.1356</h>
      <angle>0.02</angle>
    </robndbox>
  </object>
  <object>
    <type>robndbox</type>
    <name>pull</name>
    <pose>Unspecified</pose>
    <truncated>0</truncated>
    <difficult>0</difficult>
    <robndbox>
      <cx>515.0082</cx>
      <cy>474.0</cy>
      <w>507.0</w>
      <h>136.0</h>
      <angle>0.0</angle>
    </robndbox>
  </object>
  <object>
    <type>robndbox</type>
    <name>me</name>
    <pose>Unspecified</pose>
    <truncated>0</truncated>
    <difficult>0</difficult>
    <robndbox>
      <cx>990.5082</cx>
      <cy>483.0</cy>
      <w>284.0</w>
      <h>128.0</h>
      <angle>0.0</angle>
    </robndbox>
  </object>
  <object>
    <type>robndbox</type>
    <name>in</name>
    <pose>Unspecified</pose>
    <truncated>0</truncated>
    <difficult>0</difficult>
    <robndbox>
      <cx>1315.5082</cx>
      <cy>488.5</cy>
      <w>200.0</w>
      <h>123.0</h>
      <angle>0.0</angle>
    </robndbox>
  </object>
</annotation>
