<annotation verified="no">
  <folder>Lj6Y6JCu-l4</folder>
  <filename>01_frame_00577</filename>
  <path>/Users/KengoAraki/Desktop/&#22338;&#21475;&#12373;&#12435;_annotation/annotation/Lj6Y6JCu-l4/01_frame_00577.jpg</path>
  <source>
    <database>Unknown</database>
  </source>
  <size>
    <width>1920</width>
    <height>1080</height>
    <depth>3</depth>
  </size>
  <segmented>0</segmented>
  <object>
    <type>robndbox</type>
    <name>why</name>
    <pose>Unspecified</pose>
    <truncated>0</truncated>
    <difficult>0</difficult>
    <robndbox>
      <cx>576.5082</cx>
      <cy>415.5</cy>
      <w>328.0</w>
      <h>101.0</h>
      <angle>0.0</angle>
    </robndbox>
  </object>
  <object>
    <type>robndbox</type>
    <name>dont</name>
    <pose>Unspecified</pose>
    <truncated>0</truncated>
    <difficult>0</difficult>
    <robndbox>
      <cx>988.5082</cx>
      <cy>404.0</cy>
      <w>454.0</w>
      <h>118.0</h>
      <angle>0.0</angle>
    </robndbox>
  </object>
  <object>
    <type>robndbox</type>
    <name>you</name>
    <pose>Unspecified</pose>
    <truncated>0</truncated>
    <difficult>0</difficult>
    <robndbox>
      <cx>575.2396</cx>
      <cy>559.2863</cy>
      <w>305.5076</w>
      <h>104.4876</h>
      <angle>3.131593</angle>
    </robndbox>
  </object>
  <object>
    <type>robndbox</type>
    <name>pull</name>
    <pose>Unspecified</pose>
    <truncated>0</truncated>
    <difficult>0</difficult>
    <robndbox>
      <cx>1013.0082</cx>
      <cy>556.5</cy>
      <w>405.0</w>
      <h>101.0</h>
      <angle>0.0</angle>
    </robndbox>
  </object>
  <object>
    <type>robndbox</type>
    <name>me</name>
    <pose>Unspecified</pose>
    <truncated>0</truncated>
    <difficult>0</difficult>
    <robndbox>
      <cx>531.5082</cx>
      <cy>701.0</cy>
      <w>202.0</w>
      <h>100.0</h>
      <angle>0.0</angle>
    </robndbox>
  </object>
  <object>
    <type>robndbox</type>
    <name>close</name>
    <pose>Unspecified</pose>
    <truncated>0</truncated>
    <difficult>0</difficult>
    <robndbox>
      <cx>958.5082</cx>
      <cy>700.5</cy>
      <w>508.0</w>
      <h>105.0</h>
      <angle>0.0</angle>
    </robndbox>
  </object>
</annotation>
