<annotation verified="no">
  <folder>Lj6Y6JCu-l4</folder>
  <filename>04_frame_03817</filename>
  <path>/Users/KengoAraki/Desktop/&#22338;&#21475;&#12373;&#12435;_annotation/annotation/Lj6Y6JCu-l4/04_frame_03817.jpg</path>
  <source>
    <database>Unknown</database>
  </source>
  <size>
    <width>1920</width>
    <height>1080</height>
    <depth>3</depth>
  </size>
  <segmented>0</segmented>
  <object>
    <type>robndbox</type>
    <name>why</name>
    <pose>Unspecified</pose>
    <truncated>0</truncated>
    <difficult>0</difficult>
    <robndbox>
      <cx>355.3738</cx>
      <cy>614.353</cy>
      <w>277.5487</w>
      <h>83.209</h>
      <angle>2.951593</angle>
    </robndbox>
  </object>
  <object>
    <type>robndbox</type>
    <name>dont</name>
    <pose>Unspecified</pose>
    <truncated>0</truncated>
    <difficult>0</difficult>
    <robndbox>
      <cx>292.3139</cx>
      <cy>753.7636</cy>
      <w>358.4451</w>
      <h>89.0355</h>
      <angle>2.941593</angle>
    </robndbox>
  </object>
  <object>
    <type>robndbox</type>
    <name>you</name>
    <pose>Unspecified</pose>
    <truncated>0</truncated>
    <difficult>0</difficult>
    <robndbox>
      <cx>630.0082</cx>
      <cy>483.5</cy>
      <w>159.0</w>
      <h>71.0</h>
      <angle>0.0</angle>
    </robndbox>
  </object>
  <object>
    <type>robndbox</type>
    <name>just</name>
    <pose>Unspecified</pose>
    <truncated>0</truncated>
    <difficult>0</difficult>
    <robndbox>
      <cx>615.0082</cx>
      <cy>631.0</cy>
      <w>191.0</w>
      <h>74.0</h>
      <angle>0.0</angle>
    </robndbox>
  </object>
  <object>
    <type>robndbox</type>
    <name>meet</name>
    <pose>Unspecified</pose>
    <truncated>0</truncated>
    <difficult>0</difficult>
    <robndbox>
      <cx>617.5082</cx>
      <cy>795.5</cy>
      <w>204.0</w>
      <h>79.0</h>
      <angle>0.0</angle>
    </robndbox>
  </object>
</annotation>
