<annotation verified="no">
  <folder>_dK2tDK9grQ</folder>
  <filename>08_frame_01126</filename>
  <path>/home/m_1te16262p/Downloads/annotation/&#23665;&#32291;/annotation/_dK2tDK9grQ/08_frame_01126.jpg</path>
  <source>
    <database>Unknown</database>
  </source>
  <size>
    <width>1920</width>
    <height>1080</height>
    <depth>3</depth>
  </size>
  <segmented>0</segmented>
  <object>
    <type>bndbox</type>
    <name>grab</name>
    <pose>Unspecified</pose>
    <truncated>0</truncated>
    <difficult>0</difficult>
    <bndbox>
      <xmin>599</xmin>
      <ymin>220</ymin>
      <xmax>729</xmax>
      <ymax>268</ymax>
    </bndbox>
  </object>
  <object>
    <type>bndbox</type>
    <name>on</name>
    <pose>Unspecified</pose>
    <truncated>0</truncated>
    <difficult>0</difficult>
    <bndbox>
      <xmin>742</xmin>
      <ymin>230</ymin>
      <xmax>809</xmax>
      <ymax>268</ymax>
    </bndbox>
  </object>
  <object>
    <type>bndbox</type>
    <name>my</name>
    <pose>Unspecified</pose>
    <truncated>0</truncated>
    <difficult>0</difficult>
    <bndbox>
      <xmin>820</xmin>
      <ymin>230</ymin>
      <xmax>905</xmax>
      <ymax>279</ymax>
    </bndbox>
  </object>
  <object>
    <type>bndbox</type>
    <name>waist</name>
    <pose>Unspecified</pose>
    <truncated>0</truncated>
    <difficult>0</difficult>
    <bndbox>
      <xmin>914</xmin>
      <ymin>223</ymin>
      <xmax>1061</xmax>
      <ymax>273</ymax>
    </bndbox>
  </object>
  <object>
    <type>bndbox</type>
    <name>and</name>
    <pose>Unspecified</pose>
    <truncated>0</truncated>
    <difficult>0</difficult>
    <bndbox>
      <xmin>602</xmin>
      <ymin>329</ymin>
      <xmax>707</xmax>
      <ymax>376</ymax>
    </bndbox>
  </object>
  <object>
    <type>bndbox</type>
    <name>put</name>
    <pose>Unspecified</pose>
    <truncated>0</truncated>
    <difficult>0</difficult>
    <bndbox>
      <xmin>718</xmin>
      <ymin>332</ymin>
      <xmax>803</xmax>
      <ymax>385</ymax>
    </bndbox>
  </object>
  <object>
    <type>bndbox</type>
    <name>that</name>
    <pose>Unspecified</pose>
    <truncated>0</truncated>
    <difficult>0</difficult>
    <bndbox>
      <xmin>809</xmin>
      <ymin>330</ymin>
      <xmax>915</xmax>
      <ymax>377</ymax>
    </bndbox>
  </object>
  <object>
    <type>bndbox</type>
    <name>body</name>
    <pose>Unspecified</pose>
    <truncated>0</truncated>
    <difficult>0</difficult>
    <bndbox>
      <xmin>922</xmin>
      <ymin>330</ymin>
      <xmax>1046</xmax>
      <ymax>386</ymax>
    </bndbox>
  </object>
  <object>
    <type>bndbox</type>
    <name>on</name>
    <pose>Unspecified</pose>
    <truncated>0</truncated>
    <difficult>0</difficult>
    <bndbox>
      <xmin>605</xmin>
      <ymin>401</ymin>
      <xmax>671</xmax>
      <ymax>441</ymax>
    </bndbox>
  </object>
  <object>
    <type>bndbox</type>
    <name>me</name>
    <pose>Unspecified</pose>
    <truncated>0</truncated>
    <difficult>0</difficult>
    <bndbox>
      <xmin>681</xmin>
      <ymin>402</ymin>
      <xmax>764</xmax>
      <ymax>441</ymax>
    </bndbox>
  </object>
</annotation>
