<annotation verified="no">
  <folder>_dK2tDK9grQ</folder>
  <filename>02_frame_02851</filename>
  <path>/home/m_1te16262p/Downloads/annotation/&#23665;&#32291;/annotation/_dK2tDK9grQ/02_frame_02851.jpg</path>
  <source>
    <database>Unknown</database>
  </source>
  <size>
    <width>1920</width>
    <height>1080</height>
    <depth>3</depth>
  </size>
  <segmented>0</segmented>
  <object>
    <type>bndbox</type>
    <name>girl</name>
    <pose>Unspecified</pose>
    <truncated>0</truncated>
    <difficult>0</difficult>
    <bndbox>
      <xmin>71</xmin>
      <ymin>20</ymin>
      <xmax>667</xmax>
      <ymax>312</ymax>
    </bndbox>
  </object>
  <object>
    <type>bndbox</type>
    <name>you</name>
    <pose>Unspecified</pose>
    <truncated>0</truncated>
    <difficult>0</difficult>
    <bndbox>
      <xmin>722</xmin>
      <ymin>107</ymin>
      <xmax>1066</xmax>
      <ymax>327</ymax>
    </bndbox>
  </object>
  <object>
    <type>bndbox</type>
    <name>know</name>
    <pose>Unspecified</pose>
    <truncated>0</truncated>
    <difficult>0</difficult>
    <bndbox>
      <xmin>1125</xmin>
      <ymin>34</ymin>
      <xmax>1816</xmax>
      <ymax>266</ymax>
    </bndbox>
  </object>
  <object>
    <type>bndbox</type>
    <name>i</name>
    <pose>Unspecified</pose>
    <truncated>0</truncated>
    <difficult>0</difficult>
    <bndbox>
      <xmin>94</xmin>
      <ymin>342</ymin>
      <xmax>251</xmax>
      <ymax>586</ymax>
    </bndbox>
  </object>
  <object>
    <type>bndbox</type>
    <name>want</name>
    <pose>Unspecified</pose>
    <truncated>0</truncated>
    <difficult>0</difficult>
    <bndbox>
      <xmin>281</xmin>
      <ymin>360</ymin>
      <xmax>763</xmax>
      <ymax>542</ymax>
    </bndbox>
  </object>
  <object>
    <type>bndbox</type>
    <name>your</name>
    <pose>Unspecified</pose>
    <truncated>0</truncated>
    <difficult>0</difficult>
    <bndbox>
      <xmin>797</xmin>
      <ymin>315</ymin>
      <xmax>1388</xmax>
      <ymax>564</ymax>
    </bndbox>
  </object>
  <object>
    <type>bndbox</type>
    <name>love</name>
    <pose>Unspecified</pose>
    <truncated>0</truncated>
    <difficult>0</difficult>
    <bndbox>
      <xmin>1428</xmin>
      <ymin>297</ymin>
      <xmax>1775</xmax>
      <ymax>610</ymax>
    </bndbox>
  </object>
  <object>
    <type>bndbox</type>
    <name>your</name>
    <pose>Unspecified</pose>
    <truncated>0</truncated>
    <difficult>0</difficult>
    <bndbox>
      <xmin>679</xmin>
      <ymin>642</ymin>
      <xmax>1153</xmax>
      <ymax>866</ymax>
    </bndbox>
  </object>
  <object>
    <type>bndbox</type>
    <name>love</name>
    <pose>Unspecified</pose>
    <truncated>0</truncated>
    <difficult>0</difficult>
    <bndbox>
      <xmin>1176</xmin>
      <ymin>649</ymin>
      <xmax>1581</xmax>
      <ymax>841</ymax>
    </bndbox>
  </object>
  <object>
    <type>bndbox</type>
    <name>was</name>
    <pose>Unspecified</pose>
    <truncated>0</truncated>
    <difficult>0</difficult>
    <bndbox>
      <xmin>1618</xmin>
      <ymin>668</ymin>
      <xmax>1854</xmax>
      <ymax>801</ymax>
    </bndbox>
  </object>
  <object>
    <type>bndbox</type>
    <name>handmade</name>
    <pose>Unspecified</pose>
    <truncated>0</truncated>
    <difficult>0</difficult>
    <bndbox>
      <xmin>359</xmin>
      <ymin>875</ymin>
      <xmax>1053</xmax>
      <ymax>1030</ymax>
    </bndbox>
  </object>
  <object>
    <type>bndbox</type>
    <name>for</name>
    <pose>Unspecified</pose>
    <truncated>0</truncated>
    <difficult>0</difficult>
    <bndbox>
      <xmin>1081</xmin>
      <ymin>884</ymin>
      <xmax>1209</xmax>
      <ymax>1032</ymax>
    </bndbox>
  </object>
  <object>
    <type>bndbox</type>
    <name>somebody</name>
    <pose>Unspecified</pose>
    <truncated>0</truncated>
    <difficult>0</difficult>
    <bndbox>
      <xmin>1229</xmin>
      <ymin>876</ymin>
      <xmax>1579</xmax>
      <ymax>1025</ymax>
    </bndbox>
  </object>
  <object>
    <type>bndbox</type>
    <name>like</name>
    <pose>Unspecified</pose>
    <truncated>0</truncated>
    <difficult>0</difficult>
    <bndbox>
      <xmin>1603</xmin>
      <ymin>881</ymin>
      <xmax>1740</xmax>
      <ymax>1014</ymax>
    </bndbox>
  </object>
  <object>
    <type>bndbox</type>
    <name>me</name>
    <pose>Unspecified</pose>
    <truncated>0</truncated>
    <difficult>0</difficult>
    <bndbox>
      <xmin>1763</xmin>
      <ymin>880</ymin>
      <xmax>1866</xmax>
      <ymax>1012</ymax>
    </bndbox>
  </object>
</annotation>
