<annotation verified="no">
  <folder>_dK2tDK9grQ</folder>
  <filename>03_frame_00601</filename>
  <path>/home/m_1te16262p/Downloads/annotation/&#23665;&#32291;/annotation/_dK2tDK9grQ/03_frame_00601.jpg</path>
  <source>
    <database>Unknown</database>
  </source>
  <size>
    <width>1920</width>
    <height>1080</height>
    <depth>3</depth>
  </size>
  <segmented>0</segmented>
  <object>
    <type>bndbox</type>
    <name>come</name>
    <pose>Unspecified</pose>
    <truncated>1</truncated>
    <difficult>0</difficult>
    <bndbox>
      <xmin>465</xmin>
      <ymin>1</ymin>
      <xmax>792</xmax>
      <ymax>242</ymax>
    </bndbox>
  </object>
  <object>
    <type>bndbox</type>
    <name>a</name>
    <pose>Unspecified</pose>
    <truncated>0</truncated>
    <difficult>0</difficult>
    <bndbox>
      <xmin>572</xmin>
      <ymin>362</ymin>
      <xmax>664</xmax>
      <ymax>642</ymax>
    </bndbox>
  </object>
  <object>
    <type>bndbox</type>
    <name>conversation</name>
    <pose>Unspecified</pose>
    <truncated>0</truncated>
    <difficult>0</difficult>
    <bndbox>
      <xmin>655</xmin>
      <ymin>293</ymin>
      <xmax>1131</xmax>
      <ymax>517</ymax>
    </bndbox>
  </object>
  <object>
    <type>bndbox</type>
    <name>with</name>
    <pose>Unspecified</pose>
    <truncated>0</truncated>
    <difficult>0</difficult>
    <bndbox>
      <xmin>679</xmin>
      <ymin>463</ymin>
      <xmax>854</xmax>
      <ymax>634</ymax>
    </bndbox>
  </object>
  <object>
    <type>bndbox</type>
    <name>just</name>
    <pose>Unspecified</pose>
    <truncated>0</truncated>
    <difficult>0</difficult>
    <bndbox>
      <xmin>868</xmin>
      <ymin>462</ymin>
      <xmax>1033</xmax>
      <ymax>606</ymax>
    </bndbox>
  </object>
  <object>
    <type>bndbox</type>
    <name>and</name>
    <pose>Unspecified</pose>
    <truncated>0</truncated>
    <difficult>0</difficult>
    <bndbox>
      <xmin>399</xmin>
      <ymin>703</ymin>
      <xmax>707</xmax>
      <ymax>866</ymax>
    </bndbox>
  </object>
  <object>
    <type>bndbox</type>
    <name>trust</name>
    <pose>Unspecified</pose>
    <truncated>0</truncated>
    <difficult>0</difficult>
    <bndbox>
      <xmin>245</xmin>
      <ymin>875</ymin>
      <xmax>593</xmax>
      <ymax>1032</ymax>
    </bndbox>
  </object>
  <object>
    <type>bndbox</type>
    <name>me</name>
    <pose>Unspecified</pose>
    <truncated>0</truncated>
    <difficult>0</difficult>
    <bndbox>
      <xmin>603</xmin>
      <ymin>921</ymin>
      <xmax>867</xmax>
      <ymax>1024</ymax>
    </bndbox>
  </object>
  <object>
    <type>robndbox</type>
    <name>you</name>
    <pose>Unspecified</pose>
    <truncated>0</truncated>
    <difficult>0</difficult>
    <robndbox>
      <cx>354.1169</cx>
      <cy>180.4286</cy>
      <w>249.2012</w>
      <h>269.033</h>
      <angle>2.781593</angle>
    </robndbox>
  </object>
  <object>
    <type>robndbox</type>
    <name>over</name>
    <pose>Unspecified</pose>
    <truncated>0</truncated>
    <difficult>0</difficult>
    <robndbox>
      <cx>1372.5256</cx>
      <cy>171.7143</cy>
      <w>563.887</w>
      <h>251.6565</h>
      <angle>0.17</angle>
    </robndbox>
  </object>
  <object>
    <type>robndbox</type>
    <name>start</name>
    <pose>Unspecified</pose>
    <truncated>0</truncated>
    <difficult>0</difficult>
    <robndbox>
      <cx>335.3847</cx>
      <cy>610.3648</cy>
      <w>257.3401</w>
      <h>168.3136</h>
      <angle>2.671593</angle>
    </robndbox>
  </object>
  <object>
    <type>robndbox</type>
    <name>up</name>
    <pose>Unspecified</pose>
    <truncated>0</truncated>
    <difficult>0</difficult>
    <robndbox>
      <cx>506.1169</cx>
      <cy>526.4286</cy>
      <w>130.5184</w>
      <h>228.5453</h>
      <angle>2.821593</angle>
    </robndbox>
  </object>
  <object>
    <type>robndbox</type>
    <name>me</name>
    <pose>Unspecified</pose>
    <truncated>0</truncated>
    <difficult>0</difficult>
    <robndbox>
      <cx>1384.1169</cx>
      <cy>572.9286</cy>
      <w>363.3834</w>
      <h>233.8665</h>
      <angle>0.13</angle>
    </robndbox>
  </object>
  <object>
    <type>robndbox</type>
    <name>ill</name>
    <pose>Unspecified</pose>
    <truncated>0</truncated>
    <difficult>0</difficult>
    <robndbox>
      <cx>1133.6403</cx>
      <cy>816.1087</cy>
      <w>150.8104</w>
      <h>120.6827</h>
      <angle>0.09</angle>
    </robndbox>
  </object>
  <object>
    <type>robndbox</type>
    <name>give</name>
    <pose>Unspecified</pose>
    <truncated>0</truncated>
    <difficult>0</difficult>
    <robndbox>
      <cx>1370.7049</cx>
      <cy>848.5128</cy>
      <w>267.5848</w>
      <h>157.2263</h>
      <angle>0.22</angle>
    </robndbox>
  </object>
  <object>
    <type>robndbox</type>
    <name>it</name>
    <pose>Unspecified</pose>
    <truncated>0</truncated>
    <difficult>0</difficult>
    <robndbox>
      <cx>1573.9152</cx>
      <cy>890.6909</cy>
      <w>113.1172</w>
      <h>120.6593</h>
      <angle>0.35</angle>
    </robndbox>
  </object>
  <object>
    <type>robndbox</type>
    <name>a</name>
    <pose>Unspecified</pose>
    <truncated>0</truncated>
    <difficult>0</difficult>
    <robndbox>
      <cx>1034.1409</cx>
      <cy>955.9345</cy>
      <w>76.604</w>
      <h>147.4699</h>
      <angle>0.11</angle>
    </robndbox>
  </object>
  <object>
    <type>robndbox</type>
    <name>chance</name>
    <pose>Unspecified</pose>
    <truncated>0</truncated>
    <difficult>0</difficult>
    <robndbox>
      <cx>1295.5742</cx>
      <cy>984.9436</cy>
      <w>410.8523</w>
      <h>140.7783</h>
      <angle>0.11</angle>
    </robndbox>
  </object>
</annotation>
