<annotation verified="no">
  <folder>_dK2tDK9grQ</folder>
  <filename>07_frame_01051</filename>
  <path>/home/m_1te16262p/Downloads/annotation/&#23665;&#32291;/annotation/_dK2tDK9grQ/07_frame_01051.jpg</path>
  <source>
    <database>Unknown</database>
  </source>
  <size>
    <width>1920</width>
    <height>1080</height>
    <depth>3</depth>
  </size>
  <segmented>0</segmented>
  <object>
    <type>bndbox</type>
    <name>i</name>
    <pose>Unspecified</pose>
    <truncated>0</truncated>
    <difficult>0</difficult>
    <bndbox>
      <xmin>831</xmin>
      <ymin>49</ymin>
      <xmax>848</xmax>
      <ymax>93</ymax>
    </bndbox>
  </object>
  <object>
    <type>bndbox</type>
    <name>may</name>
    <pose>Unspecified</pose>
    <truncated>0</truncated>
    <difficult>0</difficult>
    <bndbox>
      <xmin>855</xmin>
      <ymin>58</ymin>
      <xmax>942</xmax>
      <ymax>94</ymax>
    </bndbox>
  </object>
  <object>
    <type>bndbox</type>
    <name>be</name>
    <pose>Unspecified</pose>
    <truncated>0</truncated>
    <difficult>0</difficult>
    <bndbox>
      <xmin>950</xmin>
      <ymin>50</ymin>
      <xmax>1003</xmax>
      <ymax>89</ymax>
    </bndbox>
  </object>
  <object>
    <type>bndbox</type>
    <name>crazy</name>
    <pose>Unspecified</pose>
    <truncated>0</truncated>
    <difficult>0</difficult>
    <bndbox>
      <xmin>1010</xmin>
      <ymin>54</ymin>
      <xmax>1122</xmax>
      <ymax>92</ymax>
    </bndbox>
  </object>
  <object>
    <type>bndbox</type>
    <name>dont</name>
    <pose>Unspecified</pose>
    <truncated>0</truncated>
    <difficult>0</difficult>
    <bndbox>
      <xmin>820</xmin>
      <ymin>153</ymin>
      <xmax>940</xmax>
      <ymax>194</ymax>
    </bndbox>
  </object>
  <object>
    <type>bndbox</type>
    <name>mind</name>
    <pose>Unspecified</pose>
    <truncated>0</truncated>
    <difficult>0</difficult>
    <bndbox>
      <xmin>944</xmin>
      <ymin>153</ymin>
      <xmax>1054</xmax>
      <ymax>194</ymax>
    </bndbox>
  </object>
  <object>
    <type>bndbox</type>
    <name>me</name>
    <pose>Unspecified</pose>
    <truncated>0</truncated>
    <difficult>0</difficult>
    <bndbox>
      <xmin>1061</xmin>
      <ymin>160</ymin>
      <xmax>1131</xmax>
      <ymax>194</ymax>
    </bndbox>
  </object>
  <object>
    <type>bndbox</type>
    <name>say</name>
    <pose>Unspecified</pose>
    <truncated>0</truncated>
    <difficult>0</difficult>
    <bndbox>
      <xmin>689</xmin>
      <ymin>258</ymin>
      <xmax>774</xmax>
      <ymax>308</ymax>
    </bndbox>
  </object>
  <object>
    <type>bndbox</type>
    <name>boy</name>
    <pose>Unspecified</pose>
    <truncated>0</truncated>
    <difficult>0</difficult>
    <bndbox>
      <xmin>781</xmin>
      <ymin>259</ymin>
      <xmax>866</xmax>
      <ymax>306</ymax>
    </bndbox>
  </object>
  <object>
    <type>bndbox</type>
    <name>lets</name>
    <pose>Unspecified</pose>
    <truncated>0</truncated>
    <difficult>0</difficult>
    <bndbox>
      <xmin>874</xmin>
      <ymin>258</ymin>
      <xmax>955</xmax>
      <ymax>299</ymax>
    </bndbox>
  </object>
  <object>
    <type>bndbox</type>
    <name>not</name>
    <pose>Unspecified</pose>
    <truncated>0</truncated>
    <difficult>0</difficult>
    <bndbox>
      <xmin>964</xmin>
      <ymin>258</ymin>
      <xmax>1042</xmax>
      <ymax>299</ymax>
    </bndbox>
  </object>
  <object>
    <type>bndbox</type>
    <name>talk</name>
    <pose>Unspecified</pose>
    <truncated>0</truncated>
    <difficult>0</difficult>
    <bndbox>
      <xmin>685</xmin>
      <ymin>312</ymin>
      <xmax>775</xmax>
      <ymax>356</ymax>
    </bndbox>
  </object>
  <object>
    <type>bndbox</type>
    <name>too</name>
    <pose>Unspecified</pose>
    <truncated>0</truncated>
    <difficult>0</difficult>
    <bndbox>
      <xmin>774</xmin>
      <ymin>312</ymin>
      <xmax>857</xmax>
      <ymax>354</ymax>
    </bndbox>
  </object>
  <object>
    <type>bndbox</type>
    <name>much</name>
    <pose>Unspecified</pose>
    <truncated>0</truncated>
    <difficult>0</difficult>
    <bndbox>
      <xmin>870</xmin>
      <ymin>310</ymin>
      <xmax>1001</xmax>
      <ymax>354</ymax>
    </bndbox>
  </object>
</annotation>
