<annotation verified="no">
  <folder>_dK2tDK9grQ</folder>
  <filename>06_frame_03226</filename>
  <path>/home/m_1te16262p/Downloads/annotation/&#23665;&#32291;/annotation/_dK2tDK9grQ/06_frame_03226.jpg</path>
  <source>
    <database>Unknown</database>
  </source>
  <size>
    <width>1920</width>
    <height>1080</height>
    <depth>3</depth>
  </size>
  <segmented>0</segmented>
  <object>
    <type>bndbox</type>
    <name>come</name>
    <pose>Unspecified</pose>
    <truncated>1</truncated>
    <difficult>0</difficult>
    <bndbox>
      <xmin>381</xmin>
      <ymin>1</ymin>
      <xmax>584</xmax>
      <ymax>55</ymax>
    </bndbox>
  </object>
  <object>
    <type>bndbox</type>
    <name>on</name>
    <pose>Unspecified</pose>
    <truncated>0</truncated>
    <difficult>0</difficult>
    <bndbox>
      <xmin>600</xmin>
      <ymin>5</ymin>
      <xmax>684</xmax>
      <ymax>51</ymax>
    </bndbox>
  </object>
  <object>
    <type>bndbox</type>
    <name>now</name>
    <pose>Unspecified</pose>
    <truncated>1</truncated>
    <difficult>0</difficult>
    <bndbox>
      <xmin>702</xmin>
      <ymin>1</ymin>
      <xmax>848</xmax>
      <ymax>50</ymax>
    </bndbox>
  </object>
  <object>
    <type>bndbox</type>
    <name>follow</name>
    <pose>Unspecified</pose>
    <truncated>1</truncated>
    <difficult>0</difficult>
    <bndbox>
      <xmin>857</xmin>
      <ymin>1</ymin>
      <xmax>1066</xmax>
      <ymax>49</ymax>
    </bndbox>
  </object>
  <object>
    <type>bndbox</type>
    <name>my</name>
    <pose>Unspecified</pose>
    <truncated>0</truncated>
    <difficult>0</difficult>
    <bndbox>
      <xmin>381</xmin>
      <ymin>90</ymin>
      <xmax>489</xmax>
      <ymax>154</ymax>
    </bndbox>
  </object>
  <object>
    <type>bndbox</type>
    <name>lead</name>
    <pose>Unspecified</pose>
    <truncated>0</truncated>
    <difficult>0</difficult>
    <bndbox>
      <xmin>498</xmin>
      <ymin>79</ymin>
      <xmax>646</xmax>
      <ymax>141</ymax>
    </bndbox>
  </object>
  <object>
    <type>bndbox</type>
    <name>come</name>
    <pose>Unspecified</pose>
    <truncated>0</truncated>
    <difficult>0</difficult>
    <bndbox>
      <xmin>384</xmin>
      <ymin>241</ymin>
      <xmax>588</xmax>
      <ymax>303</ymax>
    </bndbox>
  </object>
  <object>
    <type>bndbox</type>
    <name>come</name>
    <pose>Unspecified</pose>
    <truncated>0</truncated>
    <difficult>0</difficult>
    <bndbox>
      <xmin>605</xmin>
      <ymin>241</ymin>
      <xmax>807</xmax>
      <ymax>302</ymax>
    </bndbox>
  </object>
  <object>
    <type>bndbox</type>
    <name>on</name>
    <pose>Unspecified</pose>
    <truncated>0</truncated>
    <difficult>0</difficult>
    <bndbox>
      <xmin>824</xmin>
      <ymin>251</ymin>
      <xmax>909</xmax>
      <ymax>299</ymax>
    </bndbox>
  </object>
  <object>
    <type>bndbox</type>
    <name>now</name>
    <pose>Unspecified</pose>
    <truncated>0</truncated>
    <difficult>0</difficult>
    <bndbox>
      <xmin>928</xmin>
      <ymin>250</ymin>
      <xmax>1072</xmax>
      <ymax>297</ymax>
    </bndbox>
  </object>
  <object>
    <type>bndbox</type>
    <name>follow</name>
    <pose>Unspecified</pose>
    <truncated>0</truncated>
    <difficult>0</difficult>
    <bndbox>
      <xmin>381</xmin>
      <ymin>329</ymin>
      <xmax>590</xmax>
      <ymax>389</ymax>
    </bndbox>
  </object>
  <object>
    <type>bndbox</type>
    <name>my</name>
    <pose>Unspecified</pose>
    <truncated>0</truncated>
    <difficult>0</difficult>
    <bndbox>
      <xmin>609</xmin>
      <ymin>337</ymin>
      <xmax>718</xmax>
      <ymax>399</ymax>
    </bndbox>
  </object>
  <object>
    <type>bndbox</type>
    <name>lead</name>
    <pose>Unspecified</pose>
    <truncated>0</truncated>
    <difficult>0</difficult>
    <bndbox>
      <xmin>728</xmin>
      <ymin>323</ymin>
      <xmax>875</xmax>
      <ymax>386</ymax>
    </bndbox>
  </object>
</annotation>
