<annotation verified="no">
  <folder>_dK2tDK9grQ</folder>
  <filename>00_frame_00826</filename>
  <path>/home/m_1te16262p/Downloads/annotation/&#23665;&#32291;/annotation/_dK2tDK9grQ/00_frame_00826.jpg</path>
  <source>
    <database>Unknown</database>
  </source>
  <size>
    <width>1920</width>
    <height>1080</height>
    <depth>3</depth>
  </size>
  <segmented>0</segmented>
  <object>
    <type>bndbox</type>
    <name>girl</name>
    <pose>Unspecified</pose>
    <truncated>0</truncated>
    <difficult>0</difficult>
    <bndbox>
      <xmin>70</xmin>
      <ymin>23</ymin>
      <xmax>668</xmax>
      <ymax>312</ymax>
    </bndbox>
  </object>
  <object>
    <type>bndbox</type>
    <name>you</name>
    <pose>Unspecified</pose>
    <truncated>0</truncated>
    <difficult>0</difficult>
    <bndbox>
      <xmin>720</xmin>
      <ymin>110</ymin>
      <xmax>1068</xmax>
      <ymax>330</ymax>
    </bndbox>
  </object>
  <object>
    <type>bndbox</type>
    <name>know</name>
    <pose>Unspecified</pose>
    <truncated>0</truncated>
    <difficult>0</difficult>
    <bndbox>
      <xmin>1124</xmin>
      <ymin>36</ymin>
      <xmax>1816</xmax>
      <ymax>267</ymax>
    </bndbox>
  </object>
  <object>
    <type>bndbox</type>
    <name>i</name>
    <pose>Unspecified</pose>
    <truncated>0</truncated>
    <difficult>0</difficult>
    <bndbox>
      <xmin>93</xmin>
      <ymin>342</ymin>
      <xmax>249</xmax>
      <ymax>588</ymax>
    </bndbox>
  </object>
  <object>
    <type>bndbox</type>
    <name>want</name>
    <pose>Unspecified</pose>
    <truncated>0</truncated>
    <difficult>0</difficult>
    <bndbox>
      <xmin>279</xmin>
      <ymin>359</ymin>
      <xmax>763</xmax>
      <ymax>549</ymax>
    </bndbox>
  </object>
  <object>
    <type>bndbox</type>
    <name>your</name>
    <pose>Unspecified</pose>
    <truncated>0</truncated>
    <difficult>0</difficult>
    <bndbox>
      <xmin>794</xmin>
      <ymin>315</ymin>
      <xmax>1388</xmax>
      <ymax>567</ymax>
    </bndbox>
  </object>
  <object>
    <type>bndbox</type>
    <name>love</name>
    <pose>Unspecified</pose>
    <truncated>0</truncated>
    <difficult>0</difficult>
    <bndbox>
      <xmin>1427</xmin>
      <ymin>294</ymin>
      <xmax>1781</xmax>
      <ymax>614</ymax>
    </bndbox>
  </object>
  <object>
    <type>bndbox</type>
    <name>your</name>
    <pose>Unspecified</pose>
    <truncated>0</truncated>
    <difficult>0</difficult>
    <bndbox>
      <xmin>675</xmin>
      <ymin>640</ymin>
      <xmax>1151</xmax>
      <ymax>868</ymax>
    </bndbox>
  </object>
  <object>
    <type>bndbox</type>
    <name>love</name>
    <pose>Unspecified</pose>
    <truncated>0</truncated>
    <difficult>0</difficult>
    <bndbox>
      <xmin>1172</xmin>
      <ymin>645</ymin>
      <xmax>1579</xmax>
      <ymax>841</ymax>
    </bndbox>
  </object>
  <object>
    <type>bndbox</type>
    <name>was</name>
    <pose>Unspecified</pose>
    <truncated>0</truncated>
    <difficult>0</difficult>
    <bndbox>
      <xmin>1612</xmin>
      <ymin>664</ymin>
      <xmax>1862</xmax>
      <ymax>803</ymax>
    </bndbox>
  </object>
  <object>
    <type>bndbox</type>
    <name>handmade</name>
    <pose>Unspecified</pose>
    <truncated>0</truncated>
    <difficult>0</difficult>
    <bndbox>
      <xmin>354</xmin>
      <ymin>876</ymin>
      <xmax>1055</xmax>
      <ymax>1028</ymax>
    </bndbox>
  </object>
  <object>
    <type>bndbox</type>
    <name>for</name>
    <pose>Unspecified</pose>
    <truncated>0</truncated>
    <difficult>0</difficult>
    <bndbox>
      <xmin>1076</xmin>
      <ymin>880</ymin>
      <xmax>1215</xmax>
      <ymax>1036</ymax>
    </bndbox>
  </object>
  <object>
    <type>bndbox</type>
    <name>somebody</name>
    <pose>Unspecified</pose>
    <truncated>0</truncated>
    <difficult>0</difficult>
    <bndbox>
      <xmin>1227</xmin>
      <ymin>869</ymin>
      <xmax>1580</xmax>
      <ymax>1024</ymax>
    </bndbox>
  </object>
  <object>
    <type>bndbox</type>
    <name>like</name>
    <pose>Unspecified</pose>
    <truncated>0</truncated>
    <difficult>0</difficult>
    <bndbox>
      <xmin>1602</xmin>
      <ymin>880</ymin>
      <xmax>1745</xmax>
      <ymax>1015</ymax>
    </bndbox>
  </object>
  <object>
    <type>bndbox</type>
    <name>me</name>
    <pose>Unspecified</pose>
    <truncated>0</truncated>
    <difficult>0</difficult>
    <bndbox>
      <xmin>1763</xmin>
      <ymin>882</ymin>
      <xmax>1864</xmax>
      <ymax>1012</ymax>
    </bndbox>
  </object>
</annotation>
