<annotation verified="no">
  <folder>_dK2tDK9grQ</folder>
  <filename>05_frame_01201</filename>
  <path>/home/m_1te16262p/Downloads/annotation/&#23665;&#32291;/annotation/_dK2tDK9grQ/05_frame_01201.jpg</path>
  <source>
    <database>Unknown</database>
  </source>
  <size>
    <width>1920</width>
    <height>1080</height>
    <depth>3</depth>
  </size>
  <segmented>0</segmented>
  <object>
    <type>bndbox</type>
    <name>come</name>
    <pose>Unspecified</pose>
    <truncated>0</truncated>
    <difficult>0</difficult>
    <bndbox>
      <xmin>449</xmin>
      <ymin>92</ymin>
      <xmax>636</xmax>
      <ymax>151</ymax>
    </bndbox>
  </object>
  <object>
    <type>bndbox</type>
    <name>on</name>
    <pose>Unspecified</pose>
    <truncated>0</truncated>
    <difficult>0</difficult>
    <bndbox>
      <xmin>648</xmin>
      <ymin>102</ymin>
      <xmax>727</xmax>
      <ymax>147</ymax>
    </bndbox>
  </object>
  <object>
    <type>bndbox</type>
    <name>now</name>
    <pose>Unspecified</pose>
    <truncated>0</truncated>
    <difficult>0</difficult>
    <bndbox>
      <xmin>742</xmin>
      <ymin>102</ymin>
      <xmax>874</xmax>
      <ymax>146</ymax>
    </bndbox>
  </object>
  <object>
    <type>bndbox</type>
    <name>follow</name>
    <pose>Unspecified</pose>
    <truncated>0</truncated>
    <difficult>0</difficult>
    <bndbox>
      <xmin>884</xmin>
      <ymin>90</ymin>
      <xmax>1074</xmax>
      <ymax>146</ymax>
    </bndbox>
  </object>
  <object>
    <type>bndbox</type>
    <name>my</name>
    <pose>Unspecified</pose>
    <truncated>0</truncated>
    <difficult>0</difficult>
    <bndbox>
      <xmin>449</xmin>
      <ymin>182</ymin>
      <xmax>546</xmax>
      <ymax>240</ymax>
    </bndbox>
  </object>
  <object>
    <type>bndbox</type>
    <name>lead</name>
    <pose>Unspecified</pose>
    <truncated>0</truncated>
    <difficult>0</difficult>
    <bndbox>
      <xmin>557</xmin>
      <ymin>171</ymin>
      <xmax>690</xmax>
      <ymax>229</ymax>
    </bndbox>
  </object>
  <object>
    <type>bndbox</type>
    <name>come</name>
    <pose>Unspecified</pose>
    <truncated>0</truncated>
    <difficult>0</difficult>
    <bndbox>
      <xmin>451</xmin>
      <ymin>319</ymin>
      <xmax>638</xmax>
      <ymax>376</ymax>
    </bndbox>
  </object>
  <object>
    <type>bndbox</type>
    <name>come</name>
    <pose>Unspecified</pose>
    <truncated>0</truncated>
    <difficult>0</difficult>
    <bndbox>
      <xmin>653</xmin>
      <ymin>320</ymin>
      <xmax>838</xmax>
      <ymax>376</ymax>
    </bndbox>
  </object>
  <object>
    <type>bndbox</type>
    <name>on</name>
    <pose>Unspecified</pose>
    <truncated>0</truncated>
    <difficult>0</difficult>
    <bndbox>
      <xmin>853</xmin>
      <ymin>327</ymin>
      <xmax>931</xmax>
      <ymax>373</ymax>
    </bndbox>
  </object>
  <object>
    <type>bndbox</type>
    <name>now</name>
    <pose>Unspecified</pose>
    <truncated>0</truncated>
    <difficult>0</difficult>
    <bndbox>
      <xmin>949</xmin>
      <ymin>327</ymin>
      <xmax>1081</xmax>
      <ymax>371</ymax>
    </bndbox>
  </object>
  <object>
    <type>bndbox</type>
    <name>follow</name>
    <pose>Unspecified</pose>
    <truncated>0</truncated>
    <difficult>0</difficult>
    <bndbox>
      <xmin>446</xmin>
      <ymin>399</ymin>
      <xmax>641</xmax>
      <ymax>453</ymax>
    </bndbox>
  </object>
  <object>
    <type>bndbox</type>
    <name>my</name>
    <pose>Unspecified</pose>
    <truncated>0</truncated>
    <difficult>0</difficult>
    <bndbox>
      <xmin>657</xmin>
      <ymin>406</ymin>
      <xmax>755</xmax>
      <ymax>463</ymax>
    </bndbox>
  </object>
  <object>
    <type>bndbox</type>
    <name>lead</name>
    <pose>Unspecified</pose>
    <truncated>0</truncated>
    <difficult>0</difficult>
    <bndbox>
      <xmin>766</xmin>
      <ymin>393</ymin>
      <xmax>899</xmax>
      <ymax>455</ymax>
    </bndbox>
  </object>
</annotation>
