<annotation verified="no">
  <folder>_dK2tDK9grQ</folder>
  <filename>04_frame_03076</filename>
  <path>/home/m_1te16262p/Downloads/annotation/&#23665;&#32291;/annotation/_dK2tDK9grQ/04_frame_03076.jpg</path>
  <source>
    <database>Unknown</database>
  </source>
  <size>
    <width>1920</width>
    <height>1080</height>
    <depth>3</depth>
  </size>
  <segmented>0</segmented>
  <object>
    <type>bndbox</type>
    <name>dont</name>
    <pose>Unspecified</pose>
    <truncated>0</truncated>
    <difficult>0</difficult>
    <bndbox>
      <xmin>807</xmin>
      <ymin>63</ymin>
      <xmax>931</xmax>
      <ymax>105</ymax>
    </bndbox>
  </object>
  <object>
    <type>bndbox</type>
    <name>mind</name>
    <pose>Unspecified</pose>
    <truncated>0</truncated>
    <difficult>0</difficult>
    <bndbox>
      <xmin>938</xmin>
      <ymin>64</ymin>
      <xmax>1053</xmax>
      <ymax>105</ymax>
    </bndbox>
  </object>
  <object>
    <type>bndbox</type>
    <name>me</name>
    <pose>Unspecified</pose>
    <truncated>0</truncated>
    <difficult>0</difficult>
    <bndbox>
      <xmin>1062</xmin>
      <ymin>72</ymin>
      <xmax>1133</xmax>
      <ymax>106</ymax>
    </bndbox>
  </object>
  <object>
    <type>bndbox</type>
    <name>say</name>
    <pose>Unspecified</pose>
    <truncated>0</truncated>
    <difficult>0</difficult>
    <bndbox>
      <xmin>663</xmin>
      <ymin>176</ymin>
      <xmax>753</xmax>
      <ymax>228</ymax>
    </bndbox>
  </object>
  <object>
    <type>bndbox</type>
    <name>boy</name>
    <pose>Unspecified</pose>
    <truncated>0</truncated>
    <difficult>0</difficult>
    <bndbox>
      <xmin>763</xmin>
      <ymin>176</ymin>
      <xmax>851</xmax>
      <ymax>227</ymax>
    </bndbox>
  </object>
  <object>
    <type>bndbox</type>
    <name>lets</name>
    <pose>Unspecified</pose>
    <truncated>0</truncated>
    <difficult>0</difficult>
    <bndbox>
      <xmin>861</xmin>
      <ymin>176</ymin>
      <xmax>944</xmax>
      <ymax>220</ymax>
    </bndbox>
  </object>
  <object>
    <type>bndbox</type>
    <name>not</name>
    <pose>Unspecified</pose>
    <truncated>0</truncated>
    <difficult>0</difficult>
    <bndbox>
      <xmin>957</xmin>
      <ymin>175</ymin>
      <xmax>1037</xmax>
      <ymax>219</ymax>
    </bndbox>
  </object>
  <object>
    <type>bndbox</type>
    <name>talk</name>
    <pose>Unspecified</pose>
    <truncated>0</truncated>
    <difficult>0</difficult>
    <bndbox>
      <xmin>662</xmin>
      <ymin>234</ymin>
      <xmax>753</xmax>
      <ymax>279</ymax>
    </bndbox>
  </object>
  <object>
    <type>bndbox</type>
    <name>too</name>
    <pose>Unspecified</pose>
    <truncated>0</truncated>
    <difficult>0</difficult>
    <bndbox>
      <xmin>751</xmin>
      <ymin>234</ymin>
      <xmax>840</xmax>
      <ymax>277</ymax>
    </bndbox>
  </object>
  <object>
    <type>bndbox</type>
    <name>much</name>
    <pose>Unspecified</pose>
    <truncated>0</truncated>
    <difficult>0</difficult>
    <bndbox>
      <xmin>854</xmin>
      <ymin>232</ymin>
      <xmax>993</xmax>
      <ymax>277</ymax>
    </bndbox>
  </object>
  <object>
    <type>bndbox</type>
    <name>grab</name>
    <pose>Unspecified</pose>
    <truncated>0</truncated>
    <difficult>0</difficult>
    <bndbox>
      <xmin>670</xmin>
      <ymin>456</ymin>
      <xmax>781</xmax>
      <ymax>501</ymax>
    </bndbox>
  </object>
  <object>
    <type>bndbox</type>
    <name>on</name>
    <pose>Unspecified</pose>
    <truncated>0</truncated>
    <difficult>0</difficult>
    <bndbox>
      <xmin>792</xmin>
      <ymin>464</ymin>
      <xmax>850</xmax>
      <ymax>499</ymax>
    </bndbox>
  </object>
  <object>
    <type>bndbox</type>
    <name>my</name>
    <pose>Unspecified</pose>
    <truncated>0</truncated>
    <difficult>0</difficult>
    <bndbox>
      <xmin>861</xmin>
      <ymin>466</ymin>
      <xmax>933</xmax>
      <ymax>507</ymax>
    </bndbox>
  </object>
  <object>
    <type>bndbox</type>
    <name>waist</name>
    <pose>Unspecified</pose>
    <truncated>0</truncated>
    <difficult>0</difficult>
    <bndbox>
      <xmin>942</xmin>
      <ymin>459</ymin>
      <xmax>1068</xmax>
      <ymax>503</ymax>
    </bndbox>
  </object>
</annotation>
