<annotation verified="no">
  <folder>LtpWJBB-nTY</folder>
  <filename>14_frame_01657</filename>
  <path>/home/baba/Desktop/&#39340;&#22580;/annotation/LtpWJBB-nTY/14_frame_01657.jpg</path>
  <source>
    <database>Unknown</database>
  </source>
  <size>
    <width>1920</width>
    <height>1080</height>
    <depth>3</depth>
  </size>
  <segmented>0</segmented>
  <object>
    <type>bndbox</type>
    <name>louboutin</name>
    <pose>Unspecified</pose>
    <truncated>0</truncated>
    <difficult>0</difficult>
    <bndbox>
      <xmin>351</xmin>
      <ymin>276</ymin>
      <xmax>1567</xmax>
      <ymax>373</ymax>
    </bndbox>
  </object>
  <object>
    <type>bndbox</type>
    <name>dolce</name>
    <pose>Unspecified</pose>
    <truncated>0</truncated>
    <difficult>0</difficult>
    <bndbox>
      <xmin>612</xmin>
      <ymin>408</ymin>
      <xmax>1310</xmax>
      <ymax>506</ymax>
    </bndbox>
  </object>
  <object>
    <type>bndbox</type>
    <name>y</name>
    <pose>Unspecified</pose>
    <truncated>0</truncated>
    <difficult>0</difficult>
    <bndbox>
      <xmin>891</xmin>
      <ymin>534</ymin>
      <xmax>1038</xmax>
      <ymax>629</ymax>
    </bndbox>
  </object>
  <object>
    <type>bndbox</type>
    <name>versace</name>
    <pose>Unspecified</pose>
    <truncated>0</truncated>
    <difficult>0</difficult>
    <bndbox>
      <xmin>476</xmin>
      <ymin>656</ymin>
      <xmax>1467</xmax>
      <ymax>801</ymax>
    </bndbox>
  </object>
</annotation>
