<annotation verified="no">
  <folder>LtpWJBB-nTY</folder>
  <filename>07_frame_00433</filename>
  <path>/home/baba/Desktop/&#39340;&#22580;/annotation/LtpWJBB-nTY/07_frame_00433.jpg</path>
  <source>
    <database>Unknown</database>
  </source>
  <size>
    <width>1920</width>
    <height>1080</height>
    <depth>3</depth>
  </size>
  <segmented>0</segmented>
  <object>
    <type>bndbox</type>
    <name>when</name>
    <pose>Unspecified</pose>
    <truncated>1</truncated>
    <difficult>0</difficult>
    <bndbox>
      <xmin>1</xmin>
      <ymin>187</ymin>
      <xmax>300</xmax>
      <ymax>278</ymax>
    </bndbox>
  </object>
  <object>
    <type>bndbox</type>
    <name>im</name>
    <pose>Unspecified</pose>
    <truncated>0</truncated>
    <difficult>0</difficult>
    <bndbox>
      <xmin>332</xmin>
      <ymin>188</ymin>
      <xmax>590</xmax>
      <ymax>277</ymax>
    </bndbox>
  </object>
  <object>
    <type>bndbox</type>
    <name>pulling</name>
    <pose>Unspecified</pose>
    <truncated>1</truncated>
    <difficult>0</difficult>
    <bndbox>
      <xmin>1</xmin>
      <ymin>295</ymin>
      <xmax>400</xmax>
      <ymax>406</ymax>
    </bndbox>
  </object>
  <object>
    <type>bndbox</type>
    <name>up</name>
    <pose>Unspecified</pose>
    <truncated>1</truncated>
    <difficult>0</difficult>
    <bndbox>
      <xmin>1</xmin>
      <ymin>424</ymin>
      <xmax>40</xmax>
      <ymax>496</ymax>
    </bndbox>
  </object>
  <object>
    <type>bndbox</type>
    <name>in</name>
    <pose>Unspecified</pose>
    <truncated>0</truncated>
    <difficult>0</difficult>
    <bndbox>
      <xmin>74</xmin>
      <ymin>404</ymin>
      <xmax>231</xmax>
      <ymax>493</ymax>
    </bndbox>
  </object>
  <object>
    <type>bndbox</type>
    <name>that</name>
    <pose>Unspecified</pose>
    <truncated>1</truncated>
    <difficult>0</difficult>
    <bndbox>
      <xmin>1</xmin>
      <ymin>516</ymin>
      <xmax>166</xmax>
      <ymax>598</ymax>
    </bndbox>
  </object>
  <object>
    <type>bndbox</type>
    <name>two</name>
    <pose>Unspecified</pose>
    <truncated>1</truncated>
    <difficult>0</difficult>
    <bndbox>
      <xmin>1</xmin>
      <ymin>640</ymin>
      <xmax>147</xmax>
      <ymax>709</ymax>
    </bndbox>
  </object>
  <object>
    <type>bndbox</type>
    <name>door</name>
    <pose>Unspecified</pose>
    <truncated>1</truncated>
    <difficult>0</difficult>
    <bndbox>
      <xmin>1</xmin>
      <ymin>742</ymin>
      <xmax>256</xmax>
      <ymax>812</ymax>
    </bndbox>
  </object>
  <object>
    <type>bndbox</type>
    <name>different</name>
    <pose>Unspecified</pose>
    <truncated>0</truncated>
    <difficult>0</difficult>
    <bndbox>
      <xmin>918</xmin>
      <ymin>272</ymin>
      <xmax>1498</xmax>
      <ymax>410</ymax>
    </bndbox>
  </object>
  <object>
    <type>bndbox</type>
    <name>color</name>
    <pose>Unspecified</pose>
    <truncated>0</truncated>
    <difficult>0</difficult>
    <bndbox>
      <xmin>1380</xmin>
      <ymin>505</ymin>
      <xmax>1536</xmax>
      <ymax>881</ymax>
    </bndbox>
  </object>
  <object>
    <type>bndbox</type>
    <name>diamonds</name>
    <pose>Unspecified</pose>
    <truncated>0</truncated>
    <difficult>0</difficult>
    <bndbox>
      <xmin>800</xmin>
      <ymin>421</ymin>
      <xmax>954</xmax>
      <ymax>1001</ymax>
    </bndbox>
  </object>
</annotation>
