<annotation verified="no">
  <folder>LtpWJBB-nTY</folder>
  <filename>08_frame_00937</filename>
  <path>/home/baba/Desktop/&#39340;&#22580;/annotation/LtpWJBB-nTY/08_frame_00937.jpg</path>
  <source>
    <database>Unknown</database>
  </source>
  <size>
    <width>1920</width>
    <height>1080</height>
    <depth>3</depth>
  </size>
  <segmented>0</segmented>
  <object>
    <type>bndbox</type>
    <name>nigga</name>
    <pose>Unspecified</pose>
    <truncated>0</truncated>
    <difficult>0</difficult>
    <bndbox>
      <xmin>19</xmin>
      <ymin>28</ymin>
      <xmax>175</xmax>
      <ymax>1053</ymax>
    </bndbox>
  </object>
  <object>
    <type>robndbox</type>
    <name>head</name>
    <pose>Unspecified</pose>
    <truncated>0</truncated>
    <difficult>0</difficult>
    <robndbox>
      <cx>546.1016</cx>
      <cy>369.3949</cy>
      <w>413.1761</w>
      <h>76.6963</h>
      <angle>2.651593</angle>
    </robndbox>
  </object>
  <object>
    <type>robndbox</type>
    <name>high</name>
    <pose>Unspecified</pose>
    <truncated>0</truncated>
    <difficult>0</difficult>
    <robndbox>
      <cx>911.5887</cx>
      <cy>175.5633</cy>
      <w>372.7677</w>
      <h>78.2458</h>
      <angle>2.661593</angle>
    </robndbox>
  </object>
  <object>
    <type>robndbox</type>
    <name>cause</name>
    <pose>Unspecified</pose>
    <truncated>0</truncated>
    <difficult>0</difficult>
    <robndbox>
      <cx>675.3333</cx>
      <cy>498.3333</cy>
      <w>520.8266</w>
      <h>71.2719</h>
      <angle>2.651593</angle>
    </robndbox>
  </object>
  <object>
    <type>robndbox</type>
    <name>im</name>
    <pose>Unspecified</pose>
    <truncated>0</truncated>
    <difficult>0</difficult>
    <robndbox>
      <cx>1012.7175</cx>
      <cy>316.8642</cy>
      <w>201.9422</w>
      <h>65.7604</h>
      <angle>2.651593</angle>
    </robndbox>
  </object>
  <object>
    <type>robndbox</type>
    <name>holding</name>
    <pose>Unspecified</pose>
    <truncated>0</truncated>
    <difficult>0</difficult>
    <robndbox>
      <cx>1170.5795</cx>
      <cy>476.9916</cy>
      <w>1442.0844</w>
      <h>155.026</h>
      <angle>2.671593</angle>
    </robndbox>
  </object>
  <object>
    <type>robndbox</type>
    <name>my</name>
    <pose>Unspecified</pose>
    <truncated>0</truncated>
    <difficult>0</difficult>
    <robndbox>
      <cx>517.7032</cx>
      <cy>954.3333</cy>
      <w>429.2603</w>
      <h>248.0</h>
      <angle>0.0</angle>
    </robndbox>
  </object>
  <object>
    <type>robndbox</type>
    <name>up</name>
    <pose>Unspecified</pose>
    <truncated>0</truncated>
    <difficult>0</difficult>
    <robndbox>
      <cx>1216.0113</cx>
      <cy>667.1048</cy>
      <w>452.8895</w>
      <h>152.0517</h>
      <angle>2.671593</angle>
    </robndbox>
  </object>
</annotation>
