<annotation verified="no">
  <folder>LtpWJBB-nTY</folder>
  <filename>13_frame_01621</filename>
  <path>/home/baba/Desktop/&#39340;&#22580;/annotation/LtpWJBB-nTY/13_frame_01621.jpg</path>
  <source>
    <database>Unknown</database>
  </source>
  <size>
    <width>1920</width>
    <height>1080</height>
    <depth>3</depth>
  </size>
  <segmented>0</segmented>
  <object>
    <type>bndbox</type>
    <name>y</name>
    <pose>Unspecified</pose>
    <truncated>0</truncated>
    <difficult>0</difficult>
    <bndbox>
      <xmin>36</xmin>
      <ymin>52</ymin>
      <xmax>151</xmax>
      <ymax>126</ymax>
    </bndbox>
  </object>
  <object>
    <type>bndbox</type>
    <name>lo</name>
    <pose>Unspecified</pose>
    <truncated>0</truncated>
    <difficult>0</difficult>
    <bndbox>
      <xmin>170</xmin>
      <ymin>54</ymin>
      <xmax>404</xmax>
      <ymax>126</ymax>
    </bndbox>
  </object>
  <object>
    <type>bndbox</type>
    <name>vendo</name>
    <pose>Unspecified</pose>
    <truncated>0</truncated>
    <difficult>0</difficult>
    <bndbox>
      <xmin>36</xmin>
      <ymin>156</ymin>
      <xmax>571</xmax>
      <ymax>230</ymax>
    </bndbox>
  </object>
  <object>
    <type>bndbox</type>
    <name>a</name>
    <pose>Unspecified</pose>
    <truncated>0</truncated>
    <difficult>0</difficult>
    <bndbox>
      <xmin>595</xmin>
      <ymin>160</ymin>
      <xmax>706</xmax>
      <ymax>228</ymax>
    </bndbox>
  </object>
  <object>
    <type>bndbox</type>
    <name>treinta</name>
    <pose>Unspecified</pose>
    <truncated>0</truncated>
    <difficult>0</difficult>
    <bndbox>
      <xmin>38</xmin>
      <ymin>260</ymin>
      <xmax>679</xmax>
      <ymax>330</ymax>
    </bndbox>
  </object>
  <object>
    <type>bndbox</type>
    <name>y</name>
    <pose>Unspecified</pose>
    <truncated>0</truncated>
    <difficult>0</difficult>
    <bndbox>
      <xmin>40</xmin>
      <ymin>360</ymin>
      <xmax>150</xmax>
      <ymax>433</ymax>
    </bndbox>
  </object>
  <object>
    <type>bndbox</type>
    <name>dos</name>
    <pose>Unspecified</pose>
    <truncated>0</truncated>
    <difficult>0</difficult>
    <bndbox>
      <xmin>167</xmin>
      <ymin>361</ymin>
      <xmax>504</xmax>
      <ymax>434</ymax>
    </bndbox>
  </object>
</annotation>
