<annotation verified="no">
  <folder>LtpWJBB-nTY</folder>
  <filename>12_frame_01873</filename>
  <path>/home/baba/Desktop/&#39340;&#22580;/annotation/LtpWJBB-nTY/12_frame_01873.jpg</path>
  <source>
    <database>Unknown</database>
  </source>
  <size>
    <width>1920</width>
    <height>1080</height>
    <depth>3</depth>
  </size>
  <segmented>0</segmented>
  <object>
    <type>robndbox</type>
    <name>y</name>
    <pose>Unspecified</pose>
    <truncated>0</truncated>
    <difficult>0</difficult>
    <robndbox>
      <cx>295.3333</cx>
      <cy>517.3333</cy>
      <w>82.0</w>
      <h>48.0</h>
      <angle>3.041593</angle>
    </robndbox>
  </object>
  <object>
    <type>robndbox</type>
    <name>tenemos</name>
    <pose>Unspecified</pose>
    <truncated>0</truncated>
    <difficult>0</difficult>
    <robndbox>
      <cx>658.735</cx>
      <cy>482.3257</cy>
      <w>601.6127</w>
      <h>54.1945</h>
      <angle>3.041593</angle>
    </robndbox>
  </object>
  <object>
    <type>robndbox</type>
    <name>trece</name>
    <pose>Unspecified</pose>
    <truncated>0</truncated>
    <difficult>0</difficult>
    <robndbox>
      <cx>1155.8333</cx>
      <cy>434.3333</cy>
      <w>353.0</w>
      <h>54.0</h>
      <angle>3.041593</angle>
    </robndbox>
  </object>
  <object>
    <type>robndbox</type>
    <name>y</name>
    <pose>Unspecified</pose>
    <truncated>0</truncated>
    <difficult>0</difficult>
    <robndbox>
      <cx>1393.3333</cx>
      <cy>409.3333</cy>
      <w>76.0</w>
      <h>50.0</h>
      <angle>3.041593</angle>
    </robndbox>
  </object>
  <object>
    <type>robndbox</type>
    <name>mil</name>
    <pose>Unspecified</pose>
    <truncated>0</truncated>
    <difficult>0</difficult>
    <robndbox>
      <cx>1541.9041</cx>
      <cy>396.6981</cy>
      <w>181.12</w>
      <h>49.7506</h>
      <angle>3.051593</angle>
    </robndbox>
  </object>
  <object>
    <type>robndbox</type>
    <name>soldados</name>
    <pose>Unspecified</pose>
    <truncated>0</truncated>
    <difficult>0</difficult>
    <robndbox>
      <cx>574.4403</cx>
      <cy>570.2948</cy>
      <w>688.3632</w>
      <h>55.7831</h>
      <angle>3.011593</angle>
    </robndbox>
  </object>
  <object>
    <type>robndbox</type>
    <name>pa</name>
    <pose>Unspecified</pose>
    <truncated>0</truncated>
    <difficult>0</difficult>
    <robndbox>
      <cx>1016.948</cx>
      <cy>551.5772</cy>
      <w>145.5911</w>
      <h>60.436</h>
      <angle>3.121593</angle>
    </robndbox>
  </object>
  <object>
    <type>robndbox</type>
    <name>to</name>
    <pose>Unspecified</pose>
    <truncated>0</truncated>
    <difficult>0</difficult>
    <robndbox>
      <cx>1219.4588</cx>
      <cy>760.315</cy>
      <w>144.47</w>
      <h>148.2216</h>
      <angle>3.071593</angle>
    </robndbox>
  </object>
</annotation>
