<annotation verified="no">
  <folder>LtpWJBB-nTY</folder>
  <filename>10_frame_01801</filename>
  <path>/home/baba/Desktop/&#39340;&#22580;/annotation/LtpWJBB-nTY/10_frame_01801.jpg</path>
  <source>
    <database>Unknown</database>
  </source>
  <size>
    <width>1920</width>
    <height>1080</height>
    <depth>3</depth>
  </size>
  <segmented>0</segmented>
  <object>
    <type>bndbox</type>
    <name>y</name>
    <pose>Unspecified</pose>
    <truncated>0</truncated>
    <difficult>0</difficult>
    <bndbox>
      <xmin>223</xmin>
      <ymin>152</ymin>
      <xmax>306</xmax>
      <ymax>205</ymax>
    </bndbox>
  </object>
  <object>
    <type>bndbox</type>
    <name>yo</name>
    <pose>Unspecified</pose>
    <truncated>0</truncated>
    <difficult>0</difficult>
    <bndbox>
      <xmin>327</xmin>
      <ymin>153</ymin>
      <xmax>475</xmax>
      <ymax>206</ymax>
    </bndbox>
  </object>
  <object>
    <type>bndbox</type>
    <name>le</name>
    <pose>Unspecified</pose>
    <truncated>0</truncated>
    <difficult>0</difficult>
    <bndbox>
      <xmin>496</xmin>
      <ymin>156</ymin>
      <xmax>622</xmax>
      <ymax>208</ymax>
    </bndbox>
  </object>
  <object>
    <type>bndbox</type>
    <name>mamo</name>
    <pose>Unspecified</pose>
    <truncated>0</truncated>
    <difficult>0</difficult>
    <bndbox>
      <xmin>638</xmin>
      <ymin>152</ymin>
      <xmax>990</xmax>
      <ymax>208</ymax>
    </bndbox>
  </object>
  <object>
    <type>bndbox</type>
    <name>ese</name>
    <pose>Unspecified</pose>
    <truncated>0</truncated>
    <difficult>0</difficult>
    <bndbox>
      <xmin>1004</xmin>
      <ymin>153</ymin>
      <xmax>1214</xmax>
      <ymax>206</ymax>
    </bndbox>
  </object>
  <object>
    <type>bndbox</type>
    <name>totito</name>
    <pose>Unspecified</pose>
    <truncated>0</truncated>
    <difficult>0</difficult>
    <bndbox>
      <xmin>1232</xmin>
      <ymin>153</ymin>
      <xmax>1631</xmax>
      <ymax>212</ymax>
    </bndbox>
  </object>
  <object>
    <type>bndbox</type>
    <name>pa</name>
    <pose>Unspecified</pose>
    <truncated>0</truncated>
    <difficult>0</difficult>
    <bndbox>
      <xmin>642</xmin>
      <ymin>854</ymin>
      <xmax>800</xmax>
      <ymax>906</ymax>
    </bndbox>
  </object>
  <object>
    <type>bndbox</type>
    <name>que</name>
    <pose>Unspecified</pose>
    <truncated>0</truncated>
    <difficult>0</difficult>
    <bndbox>
      <xmin>826</xmin>
      <ymin>850</ymin>
      <xmax>1048</xmax>
      <ymax>912</ymax>
    </bndbox>
  </object>
  <object>
    <type>bndbox</type>
    <name>no</name>
    <pose>Unspecified</pose>
    <truncated>0</truncated>
    <difficult>0</difficult>
    <bndbox>
      <xmin>1060</xmin>
      <ymin>848</ymin>
      <xmax>1239</xmax>
      <ymax>908</ymax>
    </bndbox>
  </object>
  <object>
    <type>bndbox</type>
    <name>me</name>
    <pose>Unspecified</pose>
    <truncated>0</truncated>
    <difficult>0</difficult>
    <bndbox>
      <xmin>1238</xmin>
      <ymin>846</ymin>
      <xmax>1414</xmax>
      <ymax>913</ymax>
    </bndbox>
  </object>
  <object>
    <type>bndbox</type>
    <name>bote</name>
    <pose>Unspecified</pose>
    <truncated>0</truncated>
    <difficult>0</difficult>
    <bndbox>
      <xmin>1431</xmin>
      <ymin>830</ymin>
      <xmax>1624</xmax>
      <ymax>880</ymax>
    </bndbox>
  </object>
</annotation>
