<annotation verified="no">
  <folder>LtpWJBB-nTY</folder>
  <filename>15_frame_01729</filename>
  <path>/home/baba/Desktop/&#39340;&#22580;/annotation/LtpWJBB-nTY/15_frame_01729.jpg</path>
  <source>
    <database>Unknown</database>
  </source>
  <size>
    <width>1920</width>
    <height>1080</height>
    <depth>3</depth>
  </size>
  <segmented>0</segmented>
  <object>
    <type>robndbox</type>
    <name>ls</name>
    <pose>Unspecified</pose>
    <truncated>0</truncated>
    <difficult>0</difficult>
    <robndbox>
      <cx>284.8333</cx>
      <cy>255.3333</cy>
      <w>309.0</w>
      <h>116.0</h>
      <angle>2.981593</angle>
    </robndbox>
  </object>
  <object>
    <type>robndbox</type>
    <name>glope</name>
    <pose>Unspecified</pose>
    <truncated>0</truncated>
    <difficult>0</difficult>
    <robndbox>
      <cx>896.8469</cx>
      <cy>144.1722</cy>
      <w>848.2632</w>
      <h>114.0287</h>
      <angle>2.961593</angle>
    </robndbox>
  </object>
  <object>
    <type>robndbox</type>
    <name>y</name>
    <pose>Unspecified</pose>
    <truncated>0</truncated>
    <difficult>0</difficult>
    <robndbox>
      <cx>505.2912</cx>
      <cy>361.4132</cy>
      <w>172.7181</w>
      <h>108.4106</h>
      <angle>2.951593</angle>
    </robndbox>
  </object>
  <object>
    <type>robndbox</type>
    <name>las</name>
    <pose>Unspecified</pose>
    <truncated>0</truncated>
    <difficult>0</difficult>
    <robndbox>
      <cx>851.1946</cx>
      <cy>298.5531</cy>
      <w>474.2029</w>
      <h>110.2378</h>
      <angle>2.961593</angle>
    </robndbox>
  </object>
  <object>
    <type>robndbox</type>
    <name>puta</name>
    <pose>Unspecified</pose>
    <truncated>0</truncated>
    <difficult>0</difficult>
    <robndbox>
      <cx>773.5328</cx>
      <cy>457.6519</cy>
      <w>682.3645</w>
      <h>110.255</h>
      <angle>2.961593</angle>
    </robndbox>
  </object>
  <object>
    <type>robndbox</type>
    <name>en</name>
    <pose>Unspecified</pose>
    <truncated>0</truncated>
    <difficult>0</difficult>
    <robndbox>
      <cx>602.5197</cx>
      <cy>803.5066</cy>
      <w>350.9301</w>
      <h>124.4796</h>
      <angle>0.04</angle>
    </robndbox>
  </object>
  <object>
    <type>robndbox</type>
    <name>el</name>
    <pose>Unspecified</pose>
    <truncated>0</truncated>
    <difficult>0</difficult>
    <robndbox>
      <cx>945.4356</cx>
      <cy>819.0322</cy>
      <w>294.5239</w>
      <h>114.2775</h>
      <angle>0.07</angle>
    </robndbox>
  </object>
  <object>
    <type>robndbox</type>
    <name>bote</name>
    <pose>Unspecified</pose>
    <truncated>0</truncated>
    <difficult>0</difficult>
    <robndbox>
      <cx>1474.506</cx>
      <cy>833.7419</cy>
      <w>680.4579</w>
      <h>126.7207</h>
      <angle>0.07</angle>
    </robndbox>
  </object>
</annotation>
