<annotation verified="no">
  <folder>LtpWJBB-nTY</folder>
  <filename>18_frame_00901</filename>
  <path>/home/baba/Desktop/&#39340;&#22580;/annotation/LtpWJBB-nTY/18_frame_00901.jpg</path>
  <source>
    <database>Unknown</database>
  </source>
  <size>
    <width>1920</width>
    <height>1080</height>
    <depth>3</depth>
  </size>
  <segmented>0</segmented>
  <object>
    <type>bndbox</type>
    <name>uptown</name>
    <pose>Unspecified</pose>
    <truncated>0</truncated>
    <difficult>0</difficult>
    <bndbox>
      <xmin>100</xmin>
      <ymin>64</ymin>
      <xmax>206</xmax>
      <ymax>1016</ymax>
    </bndbox>
  </object>
  <object>
    <type>bndbox</type>
    <name>nigga</name>
    <pose>Unspecified</pose>
    <truncated>0</truncated>
    <difficult>0</difficult>
    <bndbox>
      <xmin>242</xmin>
      <ymin>897</ymin>
      <xmax>951</xmax>
      <ymax>1000</ymax>
    </bndbox>
  </object>
  <object>
    <type>bndbox</type>
    <name>i</name>
    <pose>Unspecified</pose>
    <truncated>0</truncated>
    <difficult>0</difficult>
    <bndbox>
      <xmin>1066</xmin>
      <ymin>5</ymin>
      <xmax>1095</xmax>
      <ymax>45</ymax>
    </bndbox>
  </object>
  <object>
    <type>bndbox</type>
    <name>was</name>
    <pose>Unspecified</pose>
    <truncated>1</truncated>
    <difficult>0</difficult>
    <bndbox>
      <xmin>1128</xmin>
      <ymin>1</ymin>
      <xmax>1411</xmax>
      <ymax>192</ymax>
    </bndbox>
  </object>
  <object>
    <type>bndbox</type>
    <name>down</name>
    <pose>Unspecified</pose>
    <truncated>0</truncated>
    <difficult>0</difficult>
    <bndbox>
      <xmin>1412</xmin>
      <ymin>28</ymin>
      <xmax>1518</xmax>
      <ymax>94</ymax>
    </bndbox>
  </object>
</annotation>
