<annotation verified="no">
  <folder>6EYmSkM7a0E</folder>
  <filename>09_frame_01441</filename>
  <path>/home/daichi/&#12480;&#12454;&#12531;&#12525;&#12540;&#12489;/&#21407;&#21475; (1)/&#21407;&#21475;/annotation/6EYmSkM7a0E/09_frame_01441.jpg</path>
  <source>
    <database>Unknown</database>
  </source>
  <size>
    <width>1920</width>
    <height>1080</height>
    <depth>3</depth>
  </size>
  <segmented>0</segmented>
  <object>
    <type>robndbox</type>
    <name>young</name>
    <pose>Unspecified</pose>
    <truncated>0</truncated>
    <difficult>0</difficult>
    <robndbox>
      <cx>896.5714</cx>
      <cy>612.625</cy>
      <w>1793.1429</w>
      <h>771.0</h>
      <angle>0.0</angle>
    </robndbox>
  </object>
</annotation>
