<annotation verified="no">
  <folder>6EYmSkM7a0E</folder>
  <filename>08_frame_01081</filename>
  <path>/home/daichi/&#12480;&#12454;&#12531;&#12525;&#12540;&#12489;/&#21407;&#21475; (1)/&#21407;&#21475;/annotation/6EYmSkM7a0E/08_frame_01081.jpg</path>
  <source>
    <database>Unknown</database>
  </source>
  <size>
    <width>1920</width>
    <height>1080</height>
    <depth>3</depth>
  </size>
  <segmented>0</segmented>
  <object>
    <type>robndbox</type>
    <name>im</name>
    <pose>Unspecified</pose>
    <truncated>0</truncated>
    <difficult>0</difficult>
    <robndbox>
      <cx>536.1223</cx>
      <cy>574.0589</cy>
      <w>235.5775</w>
      <h>197.6904</h>
      <angle>0.31</angle>
    </robndbox>
  </object>
  <object>
    <type>robndbox</type>
    <name>a</name>
    <pose>Unspecified</pose>
    <truncated>0</truncated>
    <difficult>0</difficult>
    <robndbox>
      <cx>828.6429</cx>
      <cy>686.125</cy>
      <w>142.2381</w>
      <h>182.0696</h>
      <angle>0.31</angle>
    </robndbox>
  </object>
  <object>
    <type>robndbox</type>
    <name>rough</name>
    <pose>Unspecified</pose>
    <truncated>0</truncated>
    <difficult>0</difficult>
    <robndbox>
      <cx>1226.1429</cx>
      <cy>746.125</cy>
      <w>404.8799</w>
      <h>127.5627</h>
      <angle>0.13</angle>
    </robndbox>
  </object>
  <object>
    <type>robndbox</type>
    <name>boy</name>
    <pose>Unspecified</pose>
    <truncated>0</truncated>
    <difficult>0</difficult>
    <robndbox>
      <cx>1580.5817</cx>
      <cy>791.8539</cy>
      <w>176.6868</w>
      <h>113.8339</h>
      <angle>0.11</angle>
    </robndbox>
  </object>
</annotation>
