<annotation verified="no">
  <folder>6EYmSkM7a0E</folder>
  <filename>07_frame_00793</filename>
  <path>/home/daichi/&#12480;&#12454;&#12531;&#12525;&#12540;&#12489;/&#21407;&#21475; (1)/&#21407;&#21475;/annotation/6EYmSkM7a0E/07_frame_00793.jpg</path>
  <source>
    <database>Unknown</database>
  </source>
  <size>
    <width>1920</width>
    <height>1080</height>
    <depth>3</depth>
  </size>
  <segmented>0</segmented>
  <object>
    <type>robndbox</type>
    <name>cherry</name>
    <pose>Unspecified</pose>
    <truncated>0</truncated>
    <difficult>0</difficult>
    <robndbox>
      <cx>726.0255</cx>
      <cy>767.3498</cy>
      <w>727.4098</w>
      <h>483.5912</h>
      <angle>2.961593</angle>
    </robndbox>
  </object>
  <object>
    <type>robndbox</type>
    <name>cola</name>
    <pose>Unspecified</pose>
    <truncated>0</truncated>
    <difficult>0</difficult>
    <robndbox>
      <cx>1317.1429</cx>
      <cy>673.125</cy>
      <w>568.9637</w>
      <h>454.797</h>
      <angle>2.921593</angle>
    </robndbox>
  </object>
</annotation>
