<annotation verified="no">
  <folder>6EYmSkM7a0E</folder>
  <filename>06_frame_01801</filename>
  <path>/home/daichi/&#12480;&#12454;&#12531;&#12525;&#12540;&#12489;/&#21407;&#21475; (1)/&#21407;&#21475;/annotation/6EYmSkM7a0E/06_frame_01801.jpg</path>
  <source>
    <database>Unknown</database>
  </source>
  <size>
    <width>1920</width>
    <height>1080</height>
    <depth>3</depth>
  </size>
  <segmented>0</segmented>
  <object>
    <type>robndbox</type>
    <name>i</name>
    <pose>Unspecified</pose>
    <truncated>0</truncated>
    <difficult>0</difficult>
    <robndbox>
      <cx>330.5592</cx>
      <cy>302.4942</cy>
      <w>30.8266</w>
      <h>82.6617</h>
      <angle>0.02</angle>
    </robndbox>
  </object>
  <object>
    <type>robndbox</type>
    <name>wanna</name>
    <pose>Unspecified</pose>
    <truncated>0</truncated>
    <difficult>0</difficult>
    <robndbox>
      <cx>458.1363</cx>
      <cy>311.7255</cy>
      <w>212.1309</w>
      <h>68.0643</h>
      <angle>0.08</angle>
    </robndbox>
  </object>
  <object>
    <type>robndbox</type>
    <name>hold</name>
    <pose>Unspecified</pose>
    <truncated>0</truncated>
    <difficult>0</difficult>
    <robndbox>
      <cx>565.3422</cx>
      <cy>790.5579</cy>
      <w>183.7051</w>
      <h>112.2672</h>
      <angle>0.13</angle>
    </robndbox>
  </object>
  <object>
    <type>robndbox</type>
    <name>you</name>
    <pose>Unspecified</pose>
    <truncated>0</truncated>
    <difficult>0</difficult>
    <robndbox>
      <cx>1356.1429</cx>
      <cy>444.125</cy>
      <w>125.0472</w>
      <h>91.4942</h>
      <angle>0.22</angle>
    </robndbox>
  </object>
  <object>
    <type>robndbox</type>
    <name>like</name>
    <pose>Unspecified</pose>
    <truncated>0</truncated>
    <difficult>0</difficult>
    <robndbox>
      <cx>1510.6429</cx>
      <cy>458.625</cy>
      <w>140.5464</w>
      <h>84.1469</h>
      <angle>0.21</angle>
    </robndbox>
  </object>
</annotation>
