<annotation verified="no">
  <folder>6EYmSkM7a0E</folder>
  <filename>01_frame_02809</filename>
  <path>/home/daichi/&#12480;&#12454;&#12531;&#12525;&#12540;&#12489;/&#21407;&#21475; (1)/&#21407;&#21475;/annotation/6EYmSkM7a0E/01_frame_02809.jpg</path>
  <source>
    <database>Unknown</database>
  </source>
  <size>
    <width>1920</width>
    <height>1080</height>
    <depth>3</depth>
  </size>
  <segmented>0</segmented>
  <object>
    <type>robndbox</type>
    <name>do</name>
    <pose>Unspecified</pose>
    <truncated>0</truncated>
    <difficult>0</difficult>
    <robndbox>
      <cx>1165.6429</cx>
      <cy>225.125</cy>
      <w>101.0</w>
      <h>102.0</h>
      <angle>0.25</angle>
    </robndbox>
  </object>
  <object>
    <type>robndbox</type>
    <name>you</name>
    <pose>Unspecified</pose>
    <truncated>0</truncated>
    <difficult>0</difficult>
    <robndbox>
      <cx>1296.1362</cx>
      <cy>270.5975</cy>
      <w>150.0109</w>
      <h>101.7877</h>
      <angle>0.35</angle>
    </robndbox>
  </object>
  <object>
    <type>robndbox</type>
    <name>wanna</name>
    <pose>Unspecified</pose>
    <truncated>0</truncated>
    <difficult>0</difficult>
    <robndbox>
      <cx>1153.742</cx>
      <cy>391.4118</cy>
      <w>418.0666</w>
      <h>205.037</h>
      <angle>0.3</angle>
    </robndbox>
  </object>
  <object>
    <type>robndbox</type>
    <name>watch</name>
    <pose>Unspecified</pose>
    <truncated>0</truncated>
    <difficult>0</difficult>
    <robndbox>
      <cx>1065.4002</cx>
      <cy>501.7984</cy>
      <w>202.0296</w>
      <h>85.3736</h>
      <angle>0.37</angle>
    </robndbox>
  </object>
  <object>
    <type>robndbox</type>
    <name>the</name>
    <pose>Unspecified</pose>
    <truncated>0</truncated>
    <difficult>0</difficult>
    <robndbox>
      <cx>1233.1294</cx>
      <cy>568.4863</cy>
      <w>140.7298</w>
      <h>79.5509</h>
      <angle>0.37</angle>
    </robndbox>
  </object>
  <object>
    <type>robndbox</type>
    <name>world</name>
    <pose>Unspecified</pose>
    <truncated>0</truncated>
    <difficult>0</difficult>
    <robndbox>
      <cx>1116.7497</cx>
      <cy>610.8689</cy>
      <w>280.0261</w>
      <h>89.2931</h>
      <angle>0.37</angle>
    </robndbox>
  </object>
  <object>
    <type>robndbox</type>
    <name>fall</name>
    <pose>Unspecified</pose>
    <truncated>0</truncated>
    <difficult>0</difficult>
    <robndbox>
      <cx>1005.1429</cx>
      <cy>689.625</cy>
      <w>148.0</w>
      <h>83.0</h>
      <angle>0.52</angle>
    </robndbox>
  </object>
  <object>
    <type>robndbox</type>
    <name>to</name>
    <pose>Unspecified</pose>
    <truncated>0</truncated>
    <difficult>0</difficult>
    <robndbox>
      <cx>1143.6429</cx>
      <cy>739.625</cy>
      <w>93.0</w>
      <h>75.0</h>
      <angle>0.06</angle>
    </robndbox>
  </object>
  <object>
    <type>robndbox</type>
    <name>pieces</name>
    <pose>Unspecified</pose>
    <truncated>0</truncated>
    <difficult>0</difficult>
    <robndbox>
      <cx>1025.5366</cx>
      <cy>793.7986</cy>
      <w>367.1547</w>
      <h>140.3757</h>
      <angle>0.43</angle>
    </robndbox>
  </object>
</annotation>
