<annotation verified="no">
  <folder>6EYmSkM7a0E</folder>
  <filename>04_frame_01945</filename>
  <path>/home/daichi/&#12480;&#12454;&#12531;&#12525;&#12540;&#12489;/&#21407;&#21475; (1)/&#21407;&#21475;/annotation/6EYmSkM7a0E/04_frame_01945.jpg</path>
  <source>
    <database>Unknown</database>
  </source>
  <size>
    <width>1920</width>
    <height>1080</height>
    <depth>3</depth>
  </size>
  <segmented>0</segmented>
  <object>
    <type>robndbox</type>
    <name>well</name>
    <pose>Unspecified</pose>
    <truncated>0</truncated>
    <difficult>0</difficult>
    <robndbox>
      <cx>450.7802</cx>
      <cy>244.7011</cy>
      <w>383.5802</w>
      <h>204.7694</h>
      <angle>2.671593</angle>
    </robndbox>
  </object>
  <object>
    <type>robndbox</type>
    <name>shoot</name>
    <pose>Unspecified</pose>
    <truncated>0</truncated>
    <difficult>0</difficult>
    <robndbox>
      <cx>607.6429</cx>
      <cy>316.125</cy>
      <w>620.6442</w>
      <h>265.7326</h>
      <angle>2.671593</angle>
    </robndbox>
  </object>
  <object>
    <type>robndbox</type>
    <name>the</name>
    <pose>Unspecified</pose>
    <truncated>0</truncated>
    <difficult>0</difficult>
    <robndbox>
      <cx>520.1429</cx>
      <cy>805.125</cy>
      <w>167.4834</w>
      <h>127.88</h>
      <angle>0.14</angle>
    </robndbox>
  </object>
  <object>
    <type>robndbox</type>
    <name>moon</name>
    <pose>Unspecified</pose>
    <truncated>0</truncated>
    <difficult>0</difficult>
    <robndbox>
      <cx>799.5756</cx>
      <cy>849.3647</cy>
      <w>350.1245</w>
      <h>116.2755</h>
      <angle>3.071593</angle>
    </robndbox>
  </object>
  <object>
    <type>robndbox</type>
    <name>into</name>
    <pose>Unspecified</pose>
    <truncated>0</truncated>
    <difficult>0</difficult>
    <robndbox>
      <cx>1189.6429</cx>
      <cy>754.625</cy>
      <w>333.2661</w>
      <h>217.6412</h>
      <angle>2.991593</angle>
    </robndbox>
  </object>
  <object>
    <type>robndbox</type>
    <name>the</name>
    <pose>Unspecified</pose>
    <truncated>0</truncated>
    <difficult>0</difficult>
    <robndbox>
      <cx>1476.6063</cx>
      <cy>720.0388</cy>
      <w>162.371</w>
      <h>129.8438</h>
      <angle>2.951593</angle>
    </robndbox>
  </object>
  <object>
    <type>robndbox</type>
    <name>sun</name>
    <pose>Unspecified</pose>
    <truncated>0</truncated>
    <difficult>0</difficult>
    <robndbox>
      <cx>1489.2371</cx>
      <cy>857.493</cy>
      <w>481.2924</w>
      <h>185.4959</h>
      <angle>2.861593</angle>
    </robndbox>
  </object>
</annotation>
