<annotation verified="no">
  <folder>6EYmSkM7a0E</folder>
  <filename>05_frame_00361</filename>
  <path>/home/daichi/&#12480;&#12454;&#12531;&#12525;&#12540;&#12489;/&#21407;&#21475; (1)/&#21407;&#21475;/annotation/6EYmSkM7a0E/05_frame_00361.jpg</path>
  <source>
    <database>Unknown</database>
  </source>
  <size>
    <width>1920</width>
    <height>1080</height>
    <depth>3</depth>
  </size>
  <segmented>0</segmented>
  <object>
    <type>robndbox</type>
    <name>shes</name>
    <pose>Unspecified</pose>
    <truncated>0</truncated>
    <difficult>0</difficult>
    <robndbox>
      <cx>789.7695</cx>
      <cy>549.4983</cy>
      <w>141.974</w>
      <h>58.0184</h>
      <angle>0.11</angle>
    </robndbox>
  </object>
  <object>
    <type>robndbox</type>
    <name>my</name>
    <pose>Unspecified</pose>
    <truncated>0</truncated>
    <difficult>0</difficult>
    <robndbox>
      <cx>917.2356</cx>
      <cy>578.0497</cy>
      <w>65.6424</w>
      <h>51.4945</h>
      <angle>0.14</angle>
    </robndbox>
  </object>
  <object>
    <type>robndbox</type>
    <name>little</name>
    <pose>Unspecified</pose>
    <truncated>0</truncated>
    <difficult>0</difficult>
    <robndbox>
      <cx>1061.1429</cx>
      <cy>589.125</cy>
      <w>172.0</w>
      <h>56.0</h>
      <angle>0.0</angle>
    </robndbox>
  </object>
  <object>
    <type>robndbox</type>
    <name>young</name>
    <pose>Unspecified</pose>
    <truncated>0</truncated>
    <difficult>0</difficult>
    <robndbox>
      <cx>782.1429</cx>
      <cy>878.125</cy>
      <w>254.0</w>
      <h>80.0</h>
      <angle>2.921593</angle>
    </robndbox>
  </object>
  <object>
    <type>robndbox</type>
    <name>blood</name>
    <pose>Unspecified</pose>
    <truncated>0</truncated>
    <difficult>0</difficult>
    <robndbox>
      <cx>1279.0685</cx>
      <cy>776.4496</cy>
      <w>273.9273</w>
      <h>82.8646</h>
      <angle>2.831593</angle>
    </robndbox>
  </object>
</annotation>
