<annotation verified="no">
  <folder>6EYmSkM7a0E</folder>
  <filename>02_frame_02737</filename>
  <path>/home/daichi/&#12480;&#12454;&#12531;&#12525;&#12540;&#12489;/&#21407;&#21475; (1)/&#21407;&#21475;/annotation/6EYmSkM7a0E/02_frame_02737.jpg</path>
  <source>
    <database>Unknown</database>
  </source>
  <size>
    <width>1920</width>
    <height>1080</height>
    <depth>3</depth>
  </size>
  <segmented>0</segmented>
  <object>
    <type>robndbox</type>
    <name>do</name>
    <pose>Unspecified</pose>
    <truncated>0</truncated>
    <difficult>0</difficult>
    <robndbox>
      <cx>1084.9604</cx>
      <cy>332.1825</cy>
      <w>67.9617</w>
      <h>73.8472</h>
      <angle>0.33</angle>
    </robndbox>
  </object>
  <object>
    <type>robndbox</type>
    <name>you</name>
    <pose>Unspecified</pose>
    <truncated>0</truncated>
    <difficult>0</difficult>
    <robndbox>
      <cx>1168.2161</cx>
      <cy>361.9853</cy>
      <w>98.0781</w>
      <h>73.7961</h>
      <angle>0.34</angle>
    </robndbox>
  </object>
  <object>
    <type>robndbox</type>
    <name>wanna</name>
    <pose>Unspecified</pose>
    <truncated>0</truncated>
    <difficult>0</difficult>
    <robndbox>
      <cx>1064.2161</cx>
      <cy>431.4853</cy>
      <w>277.7269</w>
      <h>125.8663</h>
      <angle>0.34</angle>
    </robndbox>
  </object>
  <object>
    <type>robndbox</type>
    <name>watch</name>
    <pose>Unspecified</pose>
    <truncated>0</truncated>
    <difficult>0</difficult>
    <robndbox>
      <cx>1026.2161</cx>
      <cy>512.9853</cy>
      <w>130.6834</w>
      <h>58.0195</h>
      <angle>0.34</angle>
    </robndbox>
  </object>
  <object>
    <type>robndbox</type>
    <name>the</name>
    <pose>Unspecified</pose>
    <truncated>0</truncated>
    <difficult>0</difficult>
    <robndbox>
      <cx>1134.3256</cx>
      <cy>556.993</cy>
      <w>88.3529</w>
      <h>51.821</h>
      <angle>0.37</angle>
    </robndbox>
  </object>
  <object>
    <type>robndbox</type>
    <name>world</name>
    <pose>Unspecified</pose>
    <truncated>0</truncated>
    <difficult>0</difficult>
    <robndbox>
      <cx>1062.3256</cx>
      <cy>586.493</cy>
      <w>185.9472</w>
      <h>60.089</h>
      <angle>0.37</angle>
    </robndbox>
  </object>
  <object>
    <type>robndbox</type>
    <name>fall</name>
    <pose>Unspecified</pose>
    <truncated>0</truncated>
    <difficult>0</difficult>
    <robndbox>
      <cx>988.9068</cx>
      <cy>636.9063</cy>
      <w>90.7514</w>
      <h>55.9659</h>
      <angle>0.46</angle>
    </robndbox>
  </object>
  <object>
    <type>robndbox</type>
    <name>to</name>
    <pose>Unspecified</pose>
    <truncated>0</truncated>
    <difficult>0</difficult>
    <robndbox>
      <cx>1076.5114</cx>
      <cy>669.4951</cy>
      <w>70.3551</w>
      <h>45.8912</h>
      <angle>0.14</angle>
    </robndbox>
  </object>
  <object>
    <type>robndbox</type>
    <name>pieces</name>
    <pose>Unspecified</pose>
    <truncated>0</truncated>
    <difficult>0</difficult>
    <robndbox>
      <cx>1000.6245</cx>
      <cy>699.2762</cy>
      <w>231.2258</w>
      <h>98.5989</h>
      <angle>0.46</angle>
    </robndbox>
  </object>
</annotation>
