<annotation verified="no">
  <folder>-urmcz2RSwI</folder>
  <filename>09_frame_03457</filename>
  <path>/home/daichi/&#12480;&#12454;&#12531;&#12525;&#12540;&#12489;/&#21407;&#21475; (1)/&#21407;&#21475;/annotation/-urmcz2RSwI/09_frame_03457.jpg</path>
  <source>
    <database>Unknown</database>
  </source>
  <size>
    <width>1920</width>
    <height>1080</height>
    <depth>3</depth>
  </size>
  <segmented>0</segmented>
  <object>
    <type>robndbox</type>
    <name>love</name>
    <pose>Unspecified</pose>
    <truncated>0</truncated>
    <difficult>0</difficult>
    <robndbox>
      <cx>500.1429</cx>
      <cy>494.125</cy>
      <w>214.0</w>
      <h>62.0</h>
      <angle>0.0</angle>
    </robndbox>
  </object>
  <object>
    <type>robndbox</type>
    <name>if</name>
    <pose>Unspecified</pose>
    <truncated>0</truncated>
    <difficult>0</difficult>
    <robndbox>
      <cx>854.6429</cx>
      <cy>359.125</cy>
      <w>115.0</w>
      <h>80.0</h>
      <angle>0.0</angle>
    </robndbox>
  </object>
  <object>
    <type>robndbox</type>
    <name>we</name>
    <pose>Unspecified</pose>
    <truncated>0</truncated>
    <difficult>0</difficult>
    <robndbox>
      <cx>1063.1429</cx>
      <cy>360.125</cy>
      <w>154.0</w>
      <h>76.0</h>
      <angle>0.0</angle>
    </robndbox>
  </object>
  <object>
    <type>robndbox</type>
    <name>find</name>
    <pose>Unspecified</pose>
    <truncated>0</truncated>
    <difficult>0</difficult>
    <robndbox>
      <cx>749.1429</cx>
      <cy>485.125</cy>
      <w>102.0</w>
      <h>132.0</h>
      <angle>0.0</angle>
    </robndbox>
  </object>
  <object>
    <type>robndbox</type>
    <name>heaven</name>
    <pose>Unspecified</pose>
    <truncated>0</truncated>
    <difficult>0</difficult>
    <robndbox>
      <cx>1070.1429</cx>
      <cy>485.125</cy>
      <w>230.0</w>
      <h>136.0</h>
      <angle>0.0</angle>
    </robndbox>
  </object>
  <object>
    <type>robndbox</type>
    <name>walk</name>
    <pose>Unspecified</pose>
    <truncated>0</truncated>
    <difficult>0</difficult>
    <robndbox>
      <cx>878.1429</cx>
      <cy>623.625</cy>
      <w>344.0</w>
      <h>79.0</h>
      <angle>0.0</angle>
    </robndbox>
  </object>
  <object>
    <type>robndbox</type>
    <name>through</name>
    <pose>Unspecified</pose>
    <truncated>0</truncated>
    <difficult>0</difficult>
    <robndbox>
      <cx>1185.6429</cx>
      <cy>624.625</cy>
      <w>49.0</w>
      <h>79.0</h>
      <angle>0.0</angle>
    </robndbox>
  </object>
  <object>
    <type>robndbox</type>
    <name>with</name>
    <pose>Unspecified</pose>
    <truncated>0</truncated>
    <difficult>0</difficult>
    <robndbox>
      <cx>1018.1429</cx>
      <cy>734.625</cy>
      <w>322.0</w>
      <h>83.0</h>
      <angle>0.0</angle>
    </robndbox>
  </object>
</annotation>
