<annotation verified="no">
  <folder>tMui4IVW0BM</folder>
  <filename>08_frame_02026</filename>
  <path>/home/keisuke/Documents/lyric/&#31070;&#30000;/annotation/tMui4IVW0BM/08_frame_02026.jpg</path>
  <source>
    <database>Unknown</database>
  </source>
  <size>
    <width>1920</width>
    <height>1080</height>
    <depth>3</depth>
  </size>
  <segmented>0</segmented>
  <object>
    <type>bndbox</type>
    <name>to</name>
    <pose>Unspecified</pose>
    <truncated>0</truncated>
    <difficult>0</difficult>
    <bndbox>
      <xmin>689</xmin>
      <ymin>441</ymin>
      <xmax>812</xmax>
      <ymax>555</ymax>
    </bndbox>
  </object>
  <object>
    <type>bndbox</type>
    <name>see</name>
    <pose>Unspecified</pose>
    <truncated>0</truncated>
    <difficult>0</difficult>
    <bndbox>
      <xmin>804</xmin>
      <ymin>464</ymin>
      <xmax>924</xmax>
      <ymax>532</ymax>
    </bndbox>
  </object>
  <object>
    <type>bndbox</type>
    <name>the</name>
    <pose>Unspecified</pose>
    <truncated>0</truncated>
    <difficult>0</difficult>
    <bndbox>
      <xmin>932</xmin>
      <ymin>422</ymin>
      <xmax>1058</xmax>
      <ymax>522</ymax>
    </bndbox>
  </object>
  <object>
    <type>bndbox</type>
    <name>light</name>
    <pose>Unspecified</pose>
    <truncated>0</truncated>
    <difficult>0</difficult>
    <bndbox>
      <xmin>1067</xmin>
      <ymin>404</ymin>
      <xmax>1265</xmax>
      <ymax>568</ymax>
    </bndbox>
  </object>
  <object>
    <type>bndbox</type>
    <name>in</name>
    <pose>Unspecified</pose>
    <truncated>0</truncated>
    <difficult>0</difficult>
    <bndbox>
      <xmin>738</xmin>
      <ymin>541</ymin>
      <xmax>823</xmax>
      <ymax>632</ymax>
    </bndbox>
  </object>
  <object>
    <type>bndbox</type>
    <name>the</name>
    <pose>Unspecified</pose>
    <truncated>0</truncated>
    <difficult>0</difficult>
    <bndbox>
      <xmin>833</xmin>
      <ymin>526</ymin>
      <xmax>952</xmax>
      <ymax>624</ymax>
    </bndbox>
  </object>
  <object>
    <type>bndbox</type>
    <name>dark</name>
    <pose>Unspecified</pose>
    <truncated>0</truncated>
    <difficult>0</difficult>
    <bndbox>
      <xmin>935</xmin>
      <ymin>499</ymin>
      <xmax>1283</xmax>
      <ymax>666</ymax>
    </bndbox>
  </object>
</annotation>
