<annotation verified="no">
  <folder>tMui4IVW0BM</folder>
  <filename>07_frame_00751</filename>
  <path>/home/keisuke/Documents/lyric/&#31070;&#30000;/annotation/tMui4IVW0BM/07_frame_00751.jpg</path>
  <source>
    <database>Unknown</database>
  </source>
  <size>
    <width>1920</width>
    <height>1080</height>
    <depth>3</depth>
  </size>
  <segmented>0</segmented>
  <object>
    <type>bndbox</type>
    <name>have</name>
    <pose>Unspecified</pose>
    <truncated>0</truncated>
    <difficult>0</difficult>
    <bndbox>
      <xmin>132</xmin>
      <ymin>551</ymin>
      <xmax>305</xmax>
      <ymax>668</ymax>
    </bndbox>
  </object>
  <object>
    <type>bndbox</type>
    <name>you</name>
    <pose>Unspecified</pose>
    <truncated>0</truncated>
    <difficult>0</difficult>
    <bndbox>
      <xmin>294</xmin>
      <ymin>564</ymin>
      <xmax>439</xmax>
      <ymax>658</ymax>
    </bndbox>
  </object>
  <object>
    <type>bndbox</type>
    <name>ever</name>
    <pose>Unspecified</pose>
    <truncated>0</truncated>
    <difficult>0</difficult>
    <bndbox>
      <xmin>450</xmin>
      <ymin>541</ymin>
      <xmax>577</xmax>
      <ymax>614</ymax>
    </bndbox>
  </object>
  <object>
    <type>bndbox</type>
    <name>crossed</name>
    <pose>Unspecified</pose>
    <truncated>0</truncated>
    <difficult>0</difficult>
    <bndbox>
      <xmin>225</xmin>
      <ymin>614</ymin>
      <xmax>497</xmax>
      <ymax>713</ymax>
    </bndbox>
  </object>
  <object>
    <type>bndbox</type>
    <name>a</name>
    <pose>Unspecified</pose>
    <truncated>0</truncated>
    <difficult>0</difficult>
    <bndbox>
      <xmin>496</xmin>
      <ymin>635</ymin>
      <xmax>543</xmax>
      <ymax>690</ymax>
    </bndbox>
  </object>
  <object>
    <type>bndbox</type>
    <name>mountain</name>
    <pose>Unspecified</pose>
    <truncated>1</truncated>
    <difficult>0</difficult>
    <bndbox>
      <xmin>1</xmin>
      <ymin>651</ymin>
      <xmax>679</xmax>
      <ymax>852</ymax>
    </bndbox>
  </object>
  <object>
    <type>bndbox</type>
    <name>have</name>
    <pose>Unspecified</pose>
    <truncated>0</truncated>
    <difficult>0</difficult>
    <bndbox>
      <xmin>1021</xmin>
      <ymin>393</ymin>
      <xmax>1213</xmax>
      <ymax>528</ymax>
    </bndbox>
  </object>
  <object>
    <type>bndbox</type>
    <name>you</name>
    <pose>Unspecified</pose>
    <truncated>0</truncated>
    <difficult>0</difficult>
    <bndbox>
      <xmin>1211</xmin>
      <ymin>414</ymin>
      <xmax>1374</xmax>
      <ymax>517</ymax>
    </bndbox>
  </object>
  <object>
    <type>bndbox</type>
    <name>ever</name>
    <pose>Unspecified</pose>
    <truncated>0</truncated>
    <difficult>0</difficult>
    <bndbox>
      <xmin>1382</xmin>
      <ymin>387</ymin>
      <xmax>1524</xmax>
      <ymax>463</ymax>
    </bndbox>
  </object>
  <object>
    <type>bndbox</type>
    <name>crossed</name>
    <pose>Unspecified</pose>
    <truncated>0</truncated>
    <difficult>0</difficult>
    <bndbox>
      <xmin>944</xmin>
      <ymin>493</ymin>
      <xmax>1229</xmax>
      <ymax>597</ymax>
    </bndbox>
  </object>
  <object>
    <type>bndbox</type>
    <name>the</name>
    <pose>Unspecified</pose>
    <truncated>0</truncated>
    <difficult>0</difficult>
    <bndbox>
      <xmin>1231</xmin>
      <ymin>475</ymin>
      <xmax>1361</xmax>
      <ymax>574</ymax>
    </bndbox>
  </object>
  <object>
    <type>bndbox</type>
    <name>sea</name>
    <pose>Unspecified</pose>
    <truncated>0</truncated>
    <difficult>0</difficult>
    <bndbox>
      <xmin>1424</xmin>
      <ymin>525</ymin>
      <xmax>1473</xmax>
      <ymax>562</ymax>
    </bndbox>
  </object>
</annotation>
