<annotation verified="no">
  <folder>tMui4IVW0BM</folder>
  <filename>01_frame_04651</filename>
  <path>/home/keisuke/Documents/lyric/&#31070;&#30000;/annotation/tMui4IVW0BM/01_frame_04651.jpg</path>
  <source>
    <database>Unknown</database>
  </source>
  <size>
    <width>1920</width>
    <height>1080</height>
    <depth>3</depth>
  </size>
  <segmented>0</segmented>
  <object>
    <type>bndbox</type>
    <name>follow</name>
    <pose>Unspecified</pose>
    <truncated>0</truncated>
    <difficult>0</difficult>
    <bndbox>
      <xmin>745</xmin>
      <ymin>408</ymin>
      <xmax>1024</xmax>
      <ymax>514</ymax>
    </bndbox>
  </object>
  <object>
    <type>bndbox</type>
    <name>your</name>
    <pose>Unspecified</pose>
    <truncated>0</truncated>
    <difficult>0</difficult>
    <bndbox>
      <xmin>1009</xmin>
      <ymin>410</ymin>
      <xmax>1209</xmax>
      <ymax>535</ymax>
    </bndbox>
  </object>
  <object>
    <type>bndbox</type>
    <name>heart</name>
    <pose>Unspecified</pose>
    <truncated>0</truncated>
    <difficult>0</difficult>
    <bndbox>
      <xmin>805</xmin>
      <ymin>489</ymin>
      <xmax>1154</xmax>
      <ymax>687</ymax>
    </bndbox>
  </object>
</annotation>
