<annotation verified="no">
  <folder>tMui4IVW0BM</folder>
  <filename>04_frame_04726</filename>
  <path>/home/keisuke/Documents/lyric/&#31070;&#30000;/annotation/tMui4IVW0BM/04_frame_04726.jpg</path>
  <source>
    <database>Unknown</database>
  </source>
  <size>
    <width>1920</width>
    <height>1080</height>
    <depth>3</depth>
  </size>
  <segmented>0</segmented>
  <object>
    <type>bndbox</type>
    <name>heart</name>
    <pose>Unspecified</pose>
    <truncated>0</truncated>
    <difficult>0</difficult>
    <bndbox>
      <xmin>789</xmin>
      <ymin>516</ymin>
      <xmax>1186</xmax>
      <ymax>740</ymax>
    </bndbox>
  </object>
  <object>
    <type>bndbox</type>
    <name>follow</name>
    <pose>Unspecified</pose>
    <truncated>0</truncated>
    <difficult>0</difficult>
    <bndbox>
      <xmin>717</xmin>
      <ymin>428</ymin>
      <xmax>1033</xmax>
      <ymax>549</ymax>
    </bndbox>
  </object>
  <object>
    <type>bndbox</type>
    <name>your</name>
    <pose>Unspecified</pose>
    <truncated>0</truncated>
    <difficult>0</difficult>
    <bndbox>
      <xmin>1017</xmin>
      <ymin>426</ymin>
      <xmax>1243</xmax>
      <ymax>572</ymax>
    </bndbox>
  </object>
</annotation>
