<annotation verified="no">
  <folder>tMui4IVW0BM</folder>
  <filename>06_frame_03901</filename>
  <path>/home/keisuke/Documents/lyric/&#31070;&#30000;/annotation/tMui4IVW0BM/06_frame_03901.jpg</path>
  <source>
    <database>Unknown</database>
  </source>
  <size>
    <width>1920</width>
    <height>1080</height>
    <depth>3</depth>
  </size>
  <segmented>0</segmented>
  <object>
    <type>bndbox</type>
    <name>this</name>
    <pose>Unspecified</pose>
    <truncated>0</truncated>
    <difficult>0</difficult>
    <bndbox>
      <xmin>1059</xmin>
      <ymin>567</ymin>
      <xmax>1219</xmax>
      <ymax>671</ymax>
    </bndbox>
  </object>
  <object>
    <type>bndbox</type>
    <name>is</name>
    <pose>Unspecified</pose>
    <truncated>0</truncated>
    <difficult>0</difficult>
    <bndbox>
      <xmin>1228</xmin>
      <ymin>563</ymin>
      <xmax>1300</xmax>
      <ymax>647</ymax>
    </bndbox>
  </object>
  <object>
    <type>bndbox</type>
    <name>the</name>
    <pose>Unspecified</pose>
    <truncated>0</truncated>
    <difficult>0</difficult>
    <bndbox>
      <xmin>1311</xmin>
      <ymin>544</ymin>
      <xmax>1423</xmax>
      <ymax>637</ymax>
    </bndbox>
  </object>
  <object>
    <type>bndbox</type>
    <name>only</name>
    <pose>Unspecified</pose>
    <truncated>0</truncated>
    <difficult>0</difficult>
    <bndbox>
      <xmin>1435</xmin>
      <ymin>525</ymin>
      <xmax>1585</xmax>
      <ymax>651</ymax>
    </bndbox>
  </object>
  <object>
    <type>bndbox</type>
    <name>road</name>
    <pose>Unspecified</pose>
    <truncated>0</truncated>
    <difficult>0</difficult>
    <bndbox>
      <xmin>1011</xmin>
      <ymin>628</ymin>
      <xmax>1336</xmax>
      <ymax>771</ymax>
    </bndbox>
  </object>
  <object>
    <type>bndbox</type>
    <name>to</name>
    <pose>Unspecified</pose>
    <truncated>0</truncated>
    <difficult>0</difficult>
    <bndbox>
      <xmin>1350</xmin>
      <ymin>659</ymin>
      <xmax>1396</xmax>
      <ymax>736</ymax>
    </bndbox>
  </object>
  <object>
    <type>bndbox</type>
    <name>go</name>
    <pose>Unspecified</pose>
    <truncated>0</truncated>
    <difficult>0</difficult>
    <bndbox>
      <xmin>1608</xmin>
      <ymin>624</ymin>
      <xmax>1696</xmax>
      <ymax>716</ymax>
    </bndbox>
  </object>
  <object>
    <type>bndbox</type>
    <name>show</name>
    <pose>Unspecified</pose>
    <truncated>0</truncated>
    <difficult>0</difficult>
    <bndbox>
      <xmin>29</xmin>
      <ymin>324</ymin>
      <xmax>147</xmax>
      <ymax>383</ymax>
    </bndbox>
  </object>
  <object>
    <type>bndbox</type>
    <name>me</name>
    <pose>Unspecified</pose>
    <truncated>0</truncated>
    <difficult>0</difficult>
    <bndbox>
      <xmin>166</xmin>
      <ymin>329</ymin>
      <xmax>228</xmax>
      <ymax>375</ymax>
    </bndbox>
  </object>
  <object>
    <type>bndbox</type>
    <name>the</name>
    <pose>Unspecified</pose>
    <truncated>0</truncated>
    <difficult>0</difficult>
    <bndbox>
      <xmin>233</xmin>
      <ymin>299</ymin>
      <xmax>300</xmax>
      <ymax>366</ymax>
    </bndbox>
  </object>
  <object>
    <type>bndbox</type>
    <name>way</name>
    <pose>Unspecified</pose>
    <truncated>0</truncated>
    <difficult>0</difficult>
    <bndbox>
      <xmin>306</xmin>
      <ymin>313</ymin>
      <xmax>394</xmax>
      <ymax>358</ymax>
    </bndbox>
  </object>
  <object>
    <type>bndbox</type>
    <name>who</name>
    <pose>Unspecified</pose>
    <truncated>0</truncated>
    <difficult>0</difficult>
    <bndbox>
      <xmin>115</xmin>
      <ymin>372</ymin>
      <xmax>201</xmax>
      <ymax>440</ymax>
    </bndbox>
  </object>
  <object>
    <type>bndbox</type>
    <name>the</name>
    <pose>Unspecified</pose>
    <truncated>0</truncated>
    <difficult>0</difficult>
    <bndbox>
      <xmin>63</xmin>
      <ymin>429</ymin>
      <xmax>182</xmax>
      <ymax>524</ymax>
    </bndbox>
  </object>
  <object>
    <type>bndbox</type>
    <name>way</name>
    <pose>Unspecified</pose>
    <truncated>0</truncated>
    <difficult>0</difficult>
    <bndbox>
      <xmin>215</xmin>
      <ymin>409</ymin>
      <xmax>366</xmax>
      <ymax>520</ymax>
    </bndbox>
  </object>
  <object>
    <type>robndbox</type>
    <name>knows</name>
    <pose>Unspecified</pose>
    <truncated>0</truncated>
    <difficult>0</difficult>
    <robndbox>
      <cx>277.3378</cx>
      <cy>400.6757</cy>
      <w>113.0</w>
      <h>50.0</h>
      <angle>0.0</angle>
    </robndbox>
  </object>
</annotation>
