<annotation verified="no">
  <folder>tMui4IVW0BM</folder>
  <filename>10_frame_04051</filename>
  <path>/home/keisuke/Documents/lyric/&#31070;&#30000;/annotation/tMui4IVW0BM/10_frame_04051.jpg</path>
  <source>
    <database>Unknown</database>
  </source>
  <size>
    <width>1920</width>
    <height>1080</height>
    <depth>3</depth>
  </size>
  <segmented>0</segmented>
  <object>
    <type>bndbox</type>
    <name>this</name>
    <pose>Unspecified</pose>
    <truncated>0</truncated>
    <difficult>0</difficult>
    <bndbox>
      <xmin>286</xmin>
      <ymin>252</ymin>
      <xmax>556</xmax>
      <ymax>420</ymax>
    </bndbox>
  </object>
  <object>
    <type>bndbox</type>
    <name>is</name>
    <pose>Unspecified</pose>
    <truncated>0</truncated>
    <difficult>0</difficult>
    <bndbox>
      <xmin>581</xmin>
      <ymin>241</ymin>
      <xmax>693</xmax>
      <ymax>386</ymax>
    </bndbox>
  </object>
  <object>
    <type>bndbox</type>
    <name>the</name>
    <pose>Unspecified</pose>
    <truncated>0</truncated>
    <difficult>0</difficult>
    <bndbox>
      <xmin>719</xmin>
      <ymin>222</ymin>
      <xmax>894</xmax>
      <ymax>375</ymax>
    </bndbox>
  </object>
  <object>
    <type>bndbox</type>
    <name>only</name>
    <pose>Unspecified</pose>
    <truncated>0</truncated>
    <difficult>0</difficult>
    <bndbox>
      <xmin>915</xmin>
      <ymin>201</ymin>
      <xmax>1201</xmax>
      <ymax>366</ymax>
    </bndbox>
  </object>
  <object>
    <type>bndbox</type>
    <name>road</name>
    <pose>Unspecified</pose>
    <truncated>0</truncated>
    <difficult>0</difficult>
    <bndbox>
      <xmin>200</xmin>
      <ymin>348</ymin>
      <xmax>783</xmax>
      <ymax>599</ymax>
    </bndbox>
  </object>
  <object>
    <type>bndbox</type>
    <name>to</name>
    <pose>Unspecified</pose>
    <truncated>0</truncated>
    <difficult>0</difficult>
    <bndbox>
      <xmin>782</xmin>
      <ymin>362</ymin>
      <xmax>996</xmax>
      <ymax>549</ymax>
    </bndbox>
  </object>
  <object>
    <type>bndbox</type>
    <name>go</name>
    <pose>Unspecified</pose>
    <truncated>0</truncated>
    <difficult>0</difficult>
    <bndbox>
      <xmin>1011</xmin>
      <ymin>295</ymin>
      <xmax>1327</xmax>
      <ymax>578</ymax>
    </bndbox>
  </object>
  <object>
    <type>bndbox</type>
    <name>life</name>
    <pose>Unspecified</pose>
    <truncated>0</truncated>
    <difficult>0</difficult>
    <bndbox>
      <xmin>732</xmin>
      <ymin>591</ymin>
      <xmax>936</xmax>
      <ymax>718</ymax>
    </bndbox>
  </object>
  <object>
    <type>bndbox</type>
    <name>brings</name>
    <pose>Unspecified</pose>
    <truncated>0</truncated>
    <difficult>0</difficult>
    <bndbox>
      <xmin>948</xmin>
      <ymin>576</ymin>
      <xmax>1209</xmax>
      <ymax>731</ymax>
    </bndbox>
  </object>
  <object>
    <type>bndbox</type>
    <name>me</name>
    <pose>Unspecified</pose>
    <truncated>0</truncated>
    <difficult>0</difficult>
    <bndbox>
      <xmin>1224</xmin>
      <ymin>589</ymin>
      <xmax>1348</xmax>
      <ymax>659</ymax>
    </bndbox>
  </object>
  <object>
    <type>bndbox</type>
    <name>down</name>
    <pose>Unspecified</pose>
    <truncated>0</truncated>
    <difficult>0</difficult>
    <bndbox>
      <xmin>1356</xmin>
      <ymin>552</ymin>
      <xmax>1578</xmax>
      <ymax>656</ymax>
    </bndbox>
  </object>
</annotation>
