<annotation verified="no">
  <folder>d-mZwL4Bh6E</folder>
  <filename>03_frame_03451</filename>
  <path>/home/m_1te16262p/Downloads/annotation/&#23665;&#32291;/annotation/d-mZwL4Bh6E/03_frame_03451.jpg</path>
  <source>
    <database>Unknown</database>
  </source>
  <size>
    <width>1920</width>
    <height>1080</height>
    <depth>3</depth>
  </size>
  <segmented>0</segmented>
  <object>
    <type>bndbox</type>
    <name>none</name>
    <pose>Unspecified</pose>
    <truncated>0</truncated>
    <difficult>0</difficult>
    <bndbox>
      <xmin>690</xmin>
      <ymin>243</ymin>
      <xmax>914</xmax>
      <ymax>316</ymax>
    </bndbox>
  </object>
  <object>
    <type>bndbox</type>
    <name>of</name>
    <pose>Unspecified</pose>
    <truncated>0</truncated>
    <difficult>0</difficult>
    <bndbox>
      <xmin>940</xmin>
      <ymin>241</ymin>
      <xmax>1054</xmax>
      <ymax>316</ymax>
    </bndbox>
  </object>
  <object>
    <type>bndbox</type>
    <name>you</name>
    <pose>Unspecified</pose>
    <truncated>0</truncated>
    <difficult>0</difficult>
    <bndbox>
      <xmin>1076</xmin>
      <ymin>241</ymin>
      <xmax>1228</xmax>
      <ymax>317</ymax>
    </bndbox>
  </object>
  <object>
    <type>bndbox</type>
    <name>hoes</name>
    <pose>Unspecified</pose>
    <truncated>0</truncated>
    <difficult>0</difficult>
    <bndbox>
      <xmin>671</xmin>
      <ymin>332</ymin>
      <xmax>1254</xmax>
      <ymax>554</ymax>
    </bndbox>
  </object>
  <object>
    <type>bndbox</type>
    <name>will</name>
    <pose>Unspecified</pose>
    <truncated>0</truncated>
    <difficult>0</difficult>
    <bndbox>
      <xmin>675</xmin>
      <ymin>575</ymin>
      <xmax>836</xmax>
      <ymax>647</ymax>
    </bndbox>
  </object>
  <object>
    <type>bndbox</type>
    <name>ever</name>
    <pose>Unspecified</pose>
    <truncated>0</truncated>
    <difficult>0</difficult>
    <bndbox>
      <xmin>864</xmin>
      <ymin>577</ymin>
      <xmax>1066</xmax>
      <ymax>649</ymax>
    </bndbox>
  </object>
  <object>
    <type>bndbox</type>
    <name>see</name>
    <pose>Unspecified</pose>
    <truncated>0</truncated>
    <difficult>0</difficult>
    <bndbox>
      <xmin>1094</xmin>
      <ymin>575</ymin>
      <xmax>1241</xmax>
      <ymax>647</ymax>
    </bndbox>
  </object>
</annotation>
