<annotation verified="no">
  <folder>d-mZwL4Bh6E</folder>
  <filename>09_frame_00376</filename>
  <path>/home/m_1te16262p/Downloads/annotation/&#23665;&#32291;/annotation/d-mZwL4Bh6E/09_frame_00376.jpg</path>
  <source>
    <database>Unknown</database>
  </source>
  <size>
    <width>1920</width>
    <height>1080</height>
    <depth>3</depth>
  </size>
  <segmented>0</segmented>
  <object>
    <type>robndbox</type>
    <name>ooh</name>
    <pose>Unspecified</pose>
    <truncated>0</truncated>
    <difficult>0</difficult>
    <robndbox>
      <cx>510.9363</cx>
      <cy>324.1876</cy>
      <w>306.1606</w>
      <h>129.385</h>
      <angle>0.07</angle>
    </robndbox>
  </object>
  <object>
    <type>robndbox</type>
    <name>its</name>
    <pose>Unspecified</pose>
    <truncated>0</truncated>
    <difficult>0</difficult>
    <robndbox>
      <cx>836.7229</cx>
      <cy>392.7513</cy>
      <w>250.8745</w>
      <h>128.7774</h>
      <angle>0.38</angle>
    </robndbox>
  </object>
  <object>
    <type>robndbox</type>
    <name>three</name>
    <pose>Unspecified</pose>
    <truncated>0</truncated>
    <difficult>0</difficult>
    <robndbox>
      <cx>1177.9613</cx>
      <cy>554.8107</cy>
      <w>418.4214</w>
      <h>136.8967</h>
      <angle>0.41</angle>
    </robndbox>
  </object>
  <object>
    <type>robndbox</type>
    <name>in</name>
    <pose>Unspecified</pose>
    <truncated>0</truncated>
    <difficult>0</difficult>
    <robndbox>
      <cx>514.979</cx>
      <cy>537.0298</cy>
      <w>160.1248</w>
      <h>119.5029</h>
      <angle>0.11</angle>
    </robndbox>
  </object>
  <object>
    <type>robndbox</type>
    <name>the</name>
    <pose>Unspecified</pose>
    <truncated>0</truncated>
    <difficult>0</difficult>
    <robndbox>
      <cx>756.3355</cx>
      <cy>619.9399</cy>
      <w>267.1868</w>
      <h>135.7588</h>
      <angle>0.44</angle>
    </robndbox>
  </object>
  <object>
    <type>robndbox</type>
    <name>morning</name>
    <pose>Unspecified</pose>
    <truncated>0</truncated>
    <difficult>0</difficult>
    <robndbox>
      <cx>1166.2942</cx>
      <cy>791.6596</cy>
      <w>588.646</w>
      <h>150.862</h>
      <angle>0.26</angle>
    </robndbox>
  </object>
</annotation>
