<annotation verified="no">
  <folder>d-mZwL4Bh6E</folder>
  <filename>05_frame_02926</filename>
  <path>/home/m_1te16262p/Downloads/annotation/&#23665;&#32291;/annotation/d-mZwL4Bh6E/05_frame_02926.jpg</path>
  <source>
    <database>Unknown</database>
  </source>
  <size>
    <width>1920</width>
    <height>1080</height>
    <depth>3</depth>
  </size>
  <segmented>0</segmented>
  <object>
    <type>bndbox</type>
    <name>tell</name>
    <pose>Unspecified</pose>
    <truncated>0</truncated>
    <difficult>0</difficult>
    <bndbox>
      <xmin>363</xmin>
      <ymin>268</ymin>
      <xmax>651</xmax>
      <ymax>403</ymax>
    </bndbox>
  </object>
  <object>
    <type>bndbox</type>
    <name>him</name>
    <pose>Unspecified</pose>
    <truncated>0</truncated>
    <difficult>0</difficult>
    <bndbox>
      <xmin>705</xmin>
      <ymin>272</ymin>
      <xmax>981</xmax>
      <ymax>408</ymax>
    </bndbox>
  </object>
  <object>
    <type>bndbox</type>
    <name>seh</name>
    <pose>Unspecified</pose>
    <truncated>0</truncated>
    <difficult>0</difficult>
    <bndbox>
      <xmin>1041</xmin>
      <ymin>269</ymin>
      <xmax>1324</xmax>
      <ymax>405</ymax>
    </bndbox>
  </object>
  <object>
    <type>bndbox</type>
    <name>it</name>
    <pose>Unspecified</pose>
    <truncated>0</truncated>
    <difficult>0</difficult>
    <bndbox>
      <xmin>1410</xmin>
      <ymin>234</ymin>
      <xmax>1584</xmax>
      <ymax>406</ymax>
    </bndbox>
  </object>
</annotation>
