<annotation verified="no">
  <folder>d-mZwL4Bh6E</folder>
  <filename>02_frame_02026</filename>
  <path>/home/m_1te16262p/Downloads/annotation/&#23665;&#32291;/annotation/d-mZwL4Bh6E/02_frame_02026.jpg</path>
  <source>
    <database>Unknown</database>
  </source>
  <size>
    <width>1920</width>
    <height>1080</height>
    <depth>3</depth>
  </size>
  <segmented>0</segmented>
  <object>
    <type>bndbox</type>
    <name>parlez</name>
    <pose>Unspecified</pose>
    <truncated>0</truncated>
    <difficult>0</difficult>
    <bndbox>
      <xmin>546</xmin>
      <ymin>315</ymin>
      <xmax>975</xmax>
      <ymax>427</ymax>
    </bndbox>
  </object>
  <object>
    <type>bndbox</type>
    <name>vous</name>
    <pose>Unspecified</pose>
    <truncated>0</truncated>
    <difficult>0</difficult>
    <bndbox>
      <xmin>1092</xmin>
      <ymin>319</ymin>
      <xmax>1385</xmax>
      <ymax>428</ymax>
    </bndbox>
  </object>
  <object>
    <type>bndbox</type>
    <name>fran&#231;ais</name>
    <pose>Unspecified</pose>
    <truncated>0</truncated>
    <difficult>0</difficult>
    <bndbox>
      <xmin>641</xmin>
      <ymin>477</ymin>
      <xmax>1277</xmax>
      <ymax>641</ymax>
    </bndbox>
  </object>
  <object>
    <type>bndbox</type>
    <name>oui</name>
    <pose>Unspecified</pose>
    <truncated>0</truncated>
    <difficult>0</difficult>
    <bndbox>
      <xmin>627</xmin>
      <ymin>672</ymin>
      <xmax>832</xmax>
      <ymax>769</ymax>
    </bndbox>
  </object>
  <object>
    <type>bndbox</type>
    <name>oui</name>
    <pose>Unspecified</pose>
    <truncated>0</truncated>
    <difficult>0</difficult>
    <bndbox>
      <xmin>866</xmin>
      <ymin>671</ymin>
      <xmax>1064</xmax>
      <ymax>768</ymax>
    </bndbox>
  </object>
</annotation>
