<annotation verified="no">
  <folder>d-mZwL4Bh6E</folder>
  <filename>06_frame_03001</filename>
  <path>/home/m_1te16262p/Downloads/annotation/&#23665;&#32291;/annotation/d-mZwL4Bh6E/06_frame_03001.jpg</path>
  <source>
    <database>Unknown</database>
  </source>
  <size>
    <width>1920</width>
    <height>1080</height>
    <depth>3</depth>
  </size>
  <segmented>0</segmented>
  <object>
    <type>bndbox</type>
    <name>a</name>
    <pose>Unspecified</pose>
    <truncated>0</truncated>
    <difficult>0</difficult>
    <bndbox>
      <xmin>410</xmin>
      <ymin>321</ymin>
      <xmax>499</xmax>
      <ymax>456</ymax>
    </bndbox>
  </object>
  <object>
    <type>bndbox</type>
    <name>mermaid</name>
    <pose>Unspecified</pose>
    <truncated>0</truncated>
    <difficult>0</difficult>
    <bndbox>
      <xmin>550</xmin>
      <ymin>319</ymin>
      <xmax>1272</xmax>
      <ymax>463</ymax>
    </bndbox>
  </object>
  <object>
    <type>bndbox</type>
    <name>ting</name>
    <pose>Unspecified</pose>
    <truncated>0</truncated>
    <difficult>0</difficult>
    <bndbox>
      <xmin>1322</xmin>
      <ymin>323</ymin>
      <xmax>1648</xmax>
      <ymax>459</ymax>
    </bndbox>
  </object>
  <object>
    <type>bndbox</type>
    <name>and</name>
    <pose>Unspecified</pose>
    <truncated>0</truncated>
    <difficult>0</difficult>
    <bndbox>
      <xmin>718</xmin>
      <ymin>533</ymin>
      <xmax>1035</xmax>
      <ymax>675</ymax>
    </bndbox>
  </object>
  <object>
    <type>bndbox</type>
    <name>he</name>
    <pose>Unspecified</pose>
    <truncated>0</truncated>
    <difficult>0</difficult>
    <bndbox>
      <xmin>1088</xmin>
      <ymin>540</ymin>
      <xmax>1287</xmax>
      <ymax>676</ymax>
    </bndbox>
  </object>
  <object>
    <type>bndbox</type>
    <name>wanna</name>
    <pose>Unspecified</pose>
    <truncated>0</truncated>
    <difficult>0</difficult>
    <bndbox>
      <xmin>531</xmin>
      <ymin>736</ymin>
      <xmax>1018</xmax>
      <ymax>871</ymax>
    </bndbox>
  </object>
  <object>
    <type>bndbox</type>
    <name>swim</name>
    <pose>Unspecified</pose>
    <truncated>0</truncated>
    <difficult>0</difficult>
    <bndbox>
      <xmin>1061</xmin>
      <ymin>695</ymin>
      <xmax>1498</xmax>
      <ymax>869</ymax>
    </bndbox>
  </object>
</annotation>
