<annotation verified="no">
  <folder>d-mZwL4Bh6E</folder>
  <filename>08_frame_00301</filename>
  <path>/home/m_1te16262p/Downloads/annotation/&#23665;&#32291;/annotation/d-mZwL4Bh6E/08_frame_00301.jpg</path>
  <source>
    <database>Unknown</database>
  </source>
  <size>
    <width>1920</width>
    <height>1080</height>
    <depth>3</depth>
  </size>
  <segmented>0</segmented>
  <object>
    <type>bndbox</type>
    <name>i</name>
    <pose>Unspecified</pose>
    <truncated>0</truncated>
    <difficult>0</difficult>
    <bndbox>
      <xmin>896</xmin>
      <ymin>225</ymin>
      <xmax>937</xmax>
      <ymax>317</ymax>
    </bndbox>
  </object>
  <object>
    <type>bndbox</type>
    <name>need</name>
    <pose>Unspecified</pose>
    <truncated>0</truncated>
    <difficult>0</difficult>
    <bndbox>
      <xmin>974</xmin>
      <ymin>224</ymin>
      <xmax>1288</xmax>
      <ymax>320</ymax>
    </bndbox>
  </object>
  <object>
    <type>bndbox</type>
    <name>you</name>
    <pose>Unspecified</pose>
    <truncated>0</truncated>
    <difficult>0</difficult>
    <bndbox>
      <xmin>1322</xmin>
      <ymin>223</ymin>
      <xmax>1522</xmax>
      <ymax>323</ymax>
    </bndbox>
  </object>
  <object>
    <type>bndbox</type>
    <name>tonight</name>
    <pose>Unspecified</pose>
    <truncated>0</truncated>
    <difficult>0</difficult>
    <bndbox>
      <xmin>601</xmin>
      <ymin>332</ymin>
      <xmax>1372</xmax>
      <ymax>567</ymax>
    </bndbox>
  </object>
  <object>
    <type>bndbox</type>
    <name>i</name>
    <pose>Unspecified</pose>
    <truncated>0</truncated>
    <difficult>0</difficult>
    <bndbox>
      <xmin>302</xmin>
      <ymin>617</ymin>
      <xmax>344</xmax>
      <ymax>707</ymax>
    </bndbox>
  </object>
  <object>
    <type>bndbox</type>
    <name>need</name>
    <pose>Unspecified</pose>
    <truncated>0</truncated>
    <difficult>0</difficult>
    <bndbox>
      <xmin>381</xmin>
      <ymin>619</ymin>
      <xmax>694</xmax>
      <ymax>712</ymax>
    </bndbox>
  </object>
  <object>
    <type>bndbox</type>
    <name>you</name>
    <pose>Unspecified</pose>
    <truncated>0</truncated>
    <difficult>0</difficult>
    <bndbox>
      <xmin>728</xmin>
      <ymin>616</ymin>
      <xmax>927</xmax>
      <ymax>715</ymax>
    </bndbox>
  </object>
</annotation>
