<annotation verified="no">
  <folder>i95Nlb7kiPo</folder>
  <filename>15_frame_00676</filename>
  <path>/home/keisuke/Documents/lyric/&#31070;&#30000;/annotation/i95Nlb7kiPo/15_frame_00676.jpg</path>
  <source>
    <database>Unknown</database>
  </source>
  <size>
    <width>1920</width>
    <height>1080</height>
    <depth>3</depth>
  </size>
  <segmented>0</segmented>
  <object>
    <type>bndbox</type>
    <name>way</name>
    <pose>Unspecified</pose>
    <truncated>0</truncated>
    <difficult>0</difficult>
    <bndbox>
      <xmin>139</xmin>
      <ymin>11</ymin>
      <xmax>539</xmax>
      <ymax>123</ymax>
    </bndbox>
  </object>
  <object>
    <type>bndbox</type>
    <name>up</name>
    <pose>Unspecified</pose>
    <truncated>0</truncated>
    <difficult>0</difficult>
    <bndbox>
      <xmin>596</xmin>
      <ymin>12</ymin>
      <xmax>839</xmax>
      <ymax>128</ymax>
    </bndbox>
  </object>
  <object>
    <type>bndbox</type>
    <name>kissing</name>
    <pose>Unspecified</pose>
    <truncated>0</truncated>
    <difficult>0</difficult>
    <bndbox>
      <xmin>147</xmin>
      <ymin>174</ymin>
      <xmax>908</xmax>
      <ymax>291</ymax>
    </bndbox>
  </object>
  <object>
    <type>bndbox</type>
    <name>in</name>
    <pose>Unspecified</pose>
    <truncated>0</truncated>
    <difficult>0</difficult>
    <bndbox>
      <xmin>1108</xmin>
      <ymin>351</ymin>
      <xmax>1300</xmax>
      <ymax>462</ymax>
    </bndbox>
  </object>
  <object>
    <type>bndbox</type>
    <name>the</name>
    <pose>Unspecified</pose>
    <truncated>0</truncated>
    <difficult>0</difficult>
    <bndbox>
      <xmin>1359</xmin>
      <ymin>351</ymin>
      <xmax>1732</xmax>
      <ymax>464</ymax>
    </bndbox>
  </object>
  <object>
    <type>bndbox</type>
    <name>back</name>
    <pose>Unspecified</pose>
    <truncated>0</truncated>
    <difficult>0</difficult>
    <bndbox>
      <xmin>1111</xmin>
      <ymin>513</ymin>
      <xmax>1609</xmax>
      <ymax>628</ymax>
    </bndbox>
  </object>
  <object>
    <type>bndbox</type>
    <name>of</name>
    <pose>Unspecified</pose>
    <truncated>0</truncated>
    <difficult>0</difficult>
    <bndbox>
      <xmin>1112</xmin>
      <ymin>675</ymin>
      <xmax>1351</xmax>
      <ymax>790</ymax>
    </bndbox>
  </object>
  <object>
    <type>bndbox</type>
    <name>the</name>
    <pose>Unspecified</pose>
    <truncated>0</truncated>
    <difficult>0</difficult>
    <bndbox>
      <xmin>1409</xmin>
      <ymin>676</ymin>
      <xmax>1777</xmax>
      <ymax>791</ymax>
    </bndbox>
  </object>
  <object>
    <type>bndbox</type>
    <name>cab</name>
    <pose>Unspecified</pose>
    <truncated>0</truncated>
    <difficult>0</difficult>
    <bndbox>
      <xmin>1110</xmin>
      <ymin>871</ymin>
      <xmax>1475</xmax>
      <ymax>989</ymax>
    </bndbox>
  </object>
  <object>
    <type>bndbox</type>
    <name>last</name>
    <pose>Unspecified</pose>
    <truncated>0</truncated>
    <difficult>0</difficult>
    <bndbox>
      <xmin>994</xmin>
      <ymin>12</ymin>
      <xmax>1298</xmax>
      <ymax>864</ymax>
    </bndbox>
  </object>
  <object>
    <type>bndbox</type>
    <name>night</name>
    <pose>Unspecified</pose>
    <truncated>0</truncated>
    <difficult>0</difficult>
    <bndbox>
      <xmin>631</xmin>
      <ymin>13</ymin>
      <xmax>928</xmax>
      <ymax>1071</ymax>
    </bndbox>
  </object>
</annotation>
