<annotation verified="no">
  <folder>i95Nlb7kiPo</folder>
  <filename>16_frame_03601</filename>
  <path>/home/keisuke/Documents/lyric/&#31070;&#30000;/annotation/i95Nlb7kiPo/16_frame_03601.jpg</path>
  <source>
    <database>Unknown</database>
  </source>
  <size>
    <width>1920</width>
    <height>1080</height>
    <depth>3</depth>
  </size>
  <segmented>0</segmented>
  <object>
    <type>bndbox</type>
    <name>cause</name>
    <pose>Unspecified</pose>
    <truncated>0</truncated>
    <difficult>0</difficult>
    <bndbox>
      <xmin>666</xmin>
      <ymin>240</ymin>
      <xmax>1252</xmax>
      <ymax>356</ymax>
    </bndbox>
  </object>
  <object>
    <type>bndbox</type>
    <name>your</name>
    <pose>Unspecified</pose>
    <truncated>0</truncated>
    <difficult>0</difficult>
    <bndbox>
      <xmin>700</xmin>
      <ymin>404</ymin>
      <xmax>1211</xmax>
      <ymax>519</ymax>
    </bndbox>
  </object>
  <object>
    <type>bndbox</type>
    <name>songs</name>
    <pose>Unspecified</pose>
    <truncated>0</truncated>
    <difficult>0</difficult>
    <bndbox>
      <xmin>633</xmin>
      <ymin>564</ymin>
      <xmax>1278</xmax>
      <ymax>686</ymax>
    </bndbox>
  </object>
  <object>
    <type>bndbox</type>
    <name>got</name>
    <pose>Unspecified</pose>
    <truncated>0</truncated>
    <difficult>0</difficult>
    <bndbox>
      <xmin>613</xmin>
      <ymin>729</ymin>
      <xmax>983</xmax>
      <ymax>847</ymax>
    </bndbox>
  </object>
  <object>
    <type>bndbox</type>
    <name>me</name>
    <pose>Unspecified</pose>
    <truncated>0</truncated>
    <difficult>0</difficult>
    <bndbox>
      <xmin>1048</xmin>
      <ymin>730</ymin>
      <xmax>1310</xmax>
      <ymax>841</ymax>
    </bndbox>
  </object>
  <object>
    <type>bndbox</type>
    <name>your</name>
    <pose>Unspecified</pose>
    <truncated>0</truncated>
    <difficult>0</difficult>
    <bndbox>
      <xmin>266</xmin>
      <ymin>105</ymin>
      <xmax>1644</xmax>
      <ymax>537</ymax>
    </bndbox>
  </object>
  <object>
    <type>bndbox</type>
    <name>song</name>
    <pose>Unspecified</pose>
    <truncated>0</truncated>
    <difficult>0</difficult>
    <bndbox>
      <xmin>277</xmin>
      <ymin>549</ymin>
      <xmax>1665</xmax>
      <ymax>989</ymax>
    </bndbox>
  </object>
</annotation>
