<annotation verified="no">
  <folder>i95Nlb7kiPo</folder>
  <filename>22_frame_02176</filename>
  <path>/home/keisuke/Documents/lyric/&#31070;&#30000;/annotation/i95Nlb7kiPo/22_frame_02176.jpg</path>
  <source>
    <database>Unknown</database>
  </source>
  <size>
    <width>1920</width>
    <height>1080</height>
    <depth>3</depth>
  </size>
  <segmented>0</segmented>
  <object>
    <type>bndbox</type>
    <name>love</name>
    <pose>Unspecified</pose>
    <truncated>1</truncated>
    <difficult>0</difficult>
    <bndbox>
      <xmin>147</xmin>
      <ymin>1</ymin>
      <xmax>633</xmax>
      <ymax>34</ymax>
    </bndbox>
  </object>
  <object>
    <type>bndbox</type>
    <name>right</name>
    <pose>Unspecified</pose>
    <truncated>0</truncated>
    <difficult>0</difficult>
    <bndbox>
      <xmin>147</xmin>
      <ymin>85</ymin>
      <xmax>738</xmax>
      <ymax>201</ymax>
    </bndbox>
  </object>
  <object>
    <type>bndbox</type>
    <name>there</name>
    <pose>Unspecified</pose>
    <truncated>0</truncated>
    <difficult>0</difficult>
    <bndbox>
      <xmin>142</xmin>
      <ymin>260</ymin>
      <xmax>773</xmax>
      <ymax>378</ymax>
    </bndbox>
  </object>
  <object>
    <type>bndbox</type>
    <name>on</name>
    <pose>Unspecified</pose>
    <truncated>0</truncated>
    <difficult>0</difficult>
    <bndbox>
      <xmin>146</xmin>
      <ymin>428</ymin>
      <xmax>398</xmax>
      <ymax>547</ymax>
    </bndbox>
  </object>
  <object>
    <type>bndbox</type>
    <name>your</name>
    <pose>Unspecified</pose>
    <truncated>0</truncated>
    <difficult>0</difficult>
    <bndbox>
      <xmin>1015</xmin>
      <ymin>525</ymin>
      <xmax>1527</xmax>
      <ymax>643</ymax>
    </bndbox>
  </object>
  <object>
    <type>bndbox</type>
    <name>and</name>
    <pose>Unspecified</pose>
    <truncated>1</truncated>
    <difficult>0</difficult>
    <bndbox>
      <xmin>998</xmin>
      <ymin>1</ymin>
      <xmax>1294</xmax>
      <ymax>736</ymax>
    </bndbox>
  </object>
  <object>
    <type>bndbox</type>
    <name>then</name>
    <pose>Unspecified</pose>
    <truncated>0</truncated>
    <difficult>0</difficult>
    <bndbox>
      <xmin>635</xmin>
      <ymin>10</ymin>
      <xmax>932</xmax>
      <ymax>925</ymax>
    </bndbox>
  </object>
</annotation>
