<annotation verified="no">
  <folder>i95Nlb7kiPo</folder>
  <filename>21_frame_00226</filename>
  <path>/home/keisuke/Documents/lyric/&#31070;&#30000;/annotation/i95Nlb7kiPo/21_frame_00226.jpg</path>
  <source>
    <database>Unknown</database>
  </source>
  <size>
    <width>1920</width>
    <height>1080</height>
    <depth>3</depth>
  </size>
  <segmented>0</segmented>
  <object>
    <type>bndbox</type>
    <name>i</name>
    <pose>Unspecified</pose>
    <truncated>1</truncated>
    <difficult>0</difficult>
    <bndbox>
      <xmin>609</xmin>
      <ymin>1</ymin>
      <xmax>669</xmax>
      <ymax>108</ymax>
    </bndbox>
  </object>
  <object>
    <type>bndbox</type>
    <name>woke</name>
    <pose>Unspecified</pose>
    <truncated>1</truncated>
    <difficult>0</difficult>
    <bndbox>
      <xmin>746</xmin>
      <ymin>1</ymin>
      <xmax>1311</xmax>
      <ymax>106</ymax>
    </bndbox>
  </object>
  <object>
    <type>bndbox</type>
    <name>up</name>
    <pose>Unspecified</pose>
    <truncated>0</truncated>
    <difficult>0</difficult>
    <bndbox>
      <xmin>426</xmin>
      <ymin>176</ymin>
      <xmax>670</xmax>
      <ymax>293</ymax>
    </bndbox>
  </object>
  <object>
    <type>bndbox</type>
    <name>with</name>
    <pose>Unspecified</pose>
    <truncated>0</truncated>
    <difficult>0</difficult>
    <bndbox>
      <xmin>754</xmin>
      <ymin>175</ymin>
      <xmax>1278</xmax>
      <ymax>291</ymax>
    </bndbox>
  </object>
  <object>
    <type>bndbox</type>
    <name>a</name>
    <pose>Unspecified</pose>
    <truncated>0</truncated>
    <difficult>0</difficult>
    <bndbox>
      <xmin>1346</xmin>
      <ymin>176</ymin>
      <xmax>1471</xmax>
      <ymax>291</ymax>
    </bndbox>
  </object>
  <object>
    <type>bndbox</type>
    <name>fear</name>
    <pose>Unspecified</pose>
    <truncated>0</truncated>
    <difficult>0</difficult>
    <bndbox>
      <xmin>444</xmin>
      <ymin>359</ymin>
      <xmax>942</xmax>
      <ymax>476</ymax>
    </bndbox>
  </object>
  <object>
    <type>bndbox</type>
    <name>this</name>
    <pose>Unspecified</pose>
    <truncated>0</truncated>
    <difficult>0</difficult>
    <bndbox>
      <xmin>1003</xmin>
      <ymin>359</ymin>
      <xmax>1448</xmax>
      <ymax>475</ymax>
    </bndbox>
  </object>
  <object>
    <type>bndbox</type>
    <name>morning</name>
    <pose>Unspecified</pose>
    <truncated>0</truncated>
    <difficult>0</difficult>
    <bndbox>
      <xmin>509</xmin>
      <ymin>556</ymin>
      <xmax>1416</xmax>
      <ymax>676</ymax>
    </bndbox>
  </object>
</annotation>
