<annotation verified="no">
  <folder>8GIcodbY9fc</folder>
  <filename>07_frame_01081</filename>
  <path>/home/ikoma/roLabelImg/&#29983;&#39378;/annotation/8GIcodbY9fc/07_frame_01081.jpg</path>
  <source>
    <database>Unknown</database>
  </source>
  <size>
    <width>1920</width>
    <height>1080</height>
    <depth>3</depth>
  </size>
  <segmented>0</segmented>
  <object>
    <type>bndbox</type>
    <name>te</name>
    <pose>Unspecified</pose>
    <truncated>0</truncated>
    <difficult>0</difficult>
    <bndbox>
      <xmin>765</xmin>
      <ymin>563</ymin>
      <xmax>877</xmax>
      <ymax>643</ymax>
    </bndbox>
  </object>
  <object>
    <type>bndbox</type>
    <name>gusta</name>
    <pose>Unspecified</pose>
    <truncated>0</truncated>
    <difficult>0</difficult>
    <bndbox>
      <xmin>895</xmin>
      <ymin>566</ymin>
      <xmax>1195</xmax>
      <ymax>643</ymax>
    </bndbox>
  </object>
  <object>
    <type>bndbox</type>
    <name>mi</name>
    <pose>Unspecified</pose>
    <truncated>0</truncated>
    <difficult>0</difficult>
    <bndbox>
      <xmin>655</xmin>
      <ymin>661</ymin>
      <xmax>752</xmax>
      <ymax>732</ymax>
    </bndbox>
  </object>
  <object>
    <type>bndbox</type>
    <name>sensualida</name>
    <pose>Unspecified</pose>
    <truncated>0</truncated>
    <difficult>0</difficult>
    <bndbox>
      <xmin>789</xmin>
      <ymin>661</ymin>
      <xmax>1319</xmax>
      <ymax>739</ymax>
    </bndbox>
  </object>
</annotation>
