<annotation verified="no">
  <folder>8GIcodbY9fc</folder>
  <filename>00_frame_00433</filename>
  <path>/home/ikoma/roLabelImg/&#29983;&#39378;/annotation/8GIcodbY9fc/00_frame_00433.jpg</path>
  <source>
    <database>Unknown</database>
  </source>
  <size>
    <width>1920</width>
    <height>1080</height>
    <depth>3</depth>
  </size>
  <segmented>0</segmented>
  <object>
    <type>bndbox</type>
    <name>tu</name>
    <pose>Unspecified</pose>
    <truncated>0</truncated>
    <difficult>0</difficult>
    <bndbox>
      <xmin>641</xmin>
      <ymin>548</ymin>
      <xmax>770</xmax>
      <ymax>632</ymax>
    </bndbox>
  </object>
  <object>
    <type>bndbox</type>
    <name>novio</name>
    <pose>Unspecified</pose>
    <truncated>0</truncated>
    <difficult>0</difficult>
    <bndbox>
      <xmin>808</xmin>
      <ymin>551</ymin>
      <xmax>1144</xmax>
      <ymax>632</ymax>
    </bndbox>
  </object>
  <object>
    <type>bndbox</type>
    <name>me</name>
    <pose>Unspecified</pose>
    <truncated>0</truncated>
    <difficult>0</difficult>
    <bndbox>
      <xmin>841</xmin>
      <ymin>645</ymin>
      <xmax>990</xmax>
      <ymax>731</ymax>
    </bndbox>
  </object>
  <object>
    <type>bndbox</type>
    <name>ve</name>
    <pose>Unspecified</pose>
    <truncated>0</truncated>
    <difficult>0</difficult>
    <bndbox>
      <xmin>1018</xmin>
      <ymin>647</ymin>
      <xmax>1142</xmax>
      <ymax>725</ymax>
    </bndbox>
  </object>
</annotation>
