<annotation verified="no">
  <folder>8GIcodbY9fc</folder>
  <filename>01_frame_01225</filename>
  <path>/home/ikoma/roLabelImg/&#29983;&#39378;/annotation/8GIcodbY9fc/01_frame_01225.jpg</path>
  <source>
    <database>Unknown</database>
  </source>
  <size>
    <width>1920</width>
    <height>1080</height>
    <depth>3</depth>
  </size>
  <segmented>0</segmented>
  <object>
    <type>bndbox</type>
    <name>te</name>
    <pose>Unspecified</pose>
    <truncated>0</truncated>
    <difficult>0</difficult>
    <bndbox>
      <xmin>764</xmin>
      <ymin>634</ymin>
      <xmax>870</xmax>
      <ymax>706</ymax>
    </bndbox>
  </object>
  <object>
    <type>bndbox</type>
    <name>gusta</name>
    <pose>Unspecified</pose>
    <truncated>0</truncated>
    <difficult>0</difficult>
    <bndbox>
      <xmin>892</xmin>
      <ymin>631</ymin>
      <xmax>1189</xmax>
      <ymax>709</ymax>
    </bndbox>
  </object>
  <object>
    <type>bndbox</type>
    <name>mi</name>
    <pose>Unspecified</pose>
    <truncated>0</truncated>
    <difficult>0</difficult>
    <bndbox>
      <xmin>651</xmin>
      <ymin>727</ymin>
      <xmax>751</xmax>
      <ymax>804</ymax>
    </bndbox>
  </object>
  <object>
    <type>bndbox</type>
    <name>sensualida</name>
    <pose>Unspecified</pose>
    <truncated>0</truncated>
    <difficult>0</difficult>
    <bndbox>
      <xmin>784</xmin>
      <ymin>728</ymin>
      <xmax>1322</xmax>
      <ymax>805</ymax>
    </bndbox>
  </object>
</annotation>
