<annotation verified="no">
  <folder>8GIcodbY9fc</folder>
  <filename>08_frame_02881</filename>
  <path>/home/ikoma/roLabelImg/&#29983;&#39378;/annotation/8GIcodbY9fc/08_frame_02881.jpg</path>
  <source>
    <database>Unknown</database>
  </source>
  <size>
    <width>1920</width>
    <height>1080</height>
    <depth>3</depth>
  </size>
  <segmented>0</segmented>
  <object>
    <type>bndbox</type>
    <name>te</name>
    <pose>Unspecified</pose>
    <truncated>0</truncated>
    <difficult>0</difficult>
    <bndbox>
      <xmin>797</xmin>
      <ymin>672</ymin>
      <xmax>896</xmax>
      <ymax>745</ymax>
    </bndbox>
  </object>
  <object>
    <type>bndbox</type>
    <name>gusta</name>
    <pose>Unspecified</pose>
    <truncated>0</truncated>
    <difficult>0</difficult>
    <bndbox>
      <xmin>916</xmin>
      <ymin>670</ymin>
      <xmax>1197</xmax>
      <ymax>748</ymax>
    </bndbox>
  </object>
  <object>
    <type>bndbox</type>
    <name>mi</name>
    <pose>Unspecified</pose>
    <truncated>0</truncated>
    <difficult>0</difficult>
    <bndbox>
      <xmin>679</xmin>
      <ymin>766</ymin>
      <xmax>783</xmax>
      <ymax>838</ymax>
    </bndbox>
  </object>
</annotation>
