<annotation verified="no">
  <folder>8GIcodbY9fc</folder>
  <filename>06_frame_00649</filename>
  <path>/home/ikoma/roLabelImg/&#29983;&#39378;/annotation/8GIcodbY9fc/06_frame_00649.jpg</path>
  <source>
    <database>Unknown</database>
  </source>
  <size>
    <width>1920</width>
    <height>1080</height>
    <depth>3</depth>
  </size>
  <segmented>0</segmented>
  <object>
    <type>bndbox</type>
    <name>es</name>
    <pose>Unspecified</pose>
    <truncated>0</truncated>
    <difficult>0</difficult>
    <bndbox>
      <xmin>581</xmin>
      <ymin>367</ymin>
      <xmax>679</xmax>
      <ymax>442</ymax>
    </bndbox>
  </object>
  <object>
    <type>bndbox</type>
    <name>mio</name>
    <pose>Unspecified</pose>
    <truncated>0</truncated>
    <difficult>0</difficult>
    <bndbox>
      <xmin>713</xmin>
      <ymin>358</ymin>
      <xmax>901</xmax>
      <ymax>448</ymax>
    </bndbox>
  </object>
  <object>
    <type>bndbox</type>
    <name>aunque</name>
    <pose>Unspecified</pose>
    <truncated>0</truncated>
    <difficult>0</difficult>
    <bndbox>
      <xmin>916</xmin>
      <ymin>359</ymin>
      <xmax>1333</xmax>
      <ymax>455</ymax>
    </bndbox>
  </object>
  <object>
    <type>bndbox</type>
    <name>sea</name>
    <pose>Unspecified</pose>
    <truncated>0</truncated>
    <difficult>0</difficult>
    <bndbox>
      <xmin>701</xmin>
      <ymin>473</ymin>
      <xmax>870</xmax>
      <ymax>548</ymax>
    </bndbox>
  </object>
  <object>
    <type>bndbox</type>
    <name>ajeno</name>
    <pose>Unspecified</pose>
    <truncated>0</truncated>
    <difficult>0</difficult>
    <bndbox>
      <xmin>900</xmin>
      <ymin>472</ymin>
      <xmax>1194</xmax>
      <ymax>557</ymax>
    </bndbox>
  </object>
</annotation>
