<annotation verified="no">
  <folder>8GIcodbY9fc</folder>
  <filename>04_frame_00289</filename>
  <path>/home/ikoma/roLabelImg/&#29983;&#39378;/annotation/8GIcodbY9fc/04_frame_00289.jpg</path>
  <source>
    <database>Unknown</database>
  </source>
  <size>
    <width>1920</width>
    <height>1080</height>
    <depth>3</depth>
  </size>
  <segmented>0</segmented>
  <object>
    <type>bndbox</type>
    <name>siempre</name>
    <pose>Unspecified</pose>
    <truncated>0</truncated>
    <difficult>0</difficult>
    <bndbox>
      <xmin>522</xmin>
      <ymin>296</ymin>
      <xmax>1422</xmax>
      <ymax>466</ymax>
    </bndbox>
  </object>
  <object>
    <type>bndbox</type>
    <name>picante</name>
    <pose>Unspecified</pose>
    <truncated>0</truncated>
    <difficult>0</difficult>
    <bndbox>
      <xmin>466</xmin>
      <ymin>502</ymin>
      <xmax>1488</xmax>
      <ymax>715</ymax>
    </bndbox>
  </object>
</annotation>
