<annotation verified="no">
  <folder>8GIcodbY9fc</folder>
  <filename>02_frame_01369</filename>
  <path>/home/ikoma/roLabelImg/&#29983;&#39378;/annotation/8GIcodbY9fc/02_frame_01369.jpg</path>
  <source>
    <database>Unknown</database>
  </source>
  <size>
    <width>1920</width>
    <height>1080</height>
    <depth>3</depth>
  </size>
  <segmented>0</segmented>
  <object>
    <type>bndbox</type>
    <name>y</name>
    <pose>Unspecified</pose>
    <truncated>0</truncated>
    <difficult>0</difficult>
    <bndbox>
      <xmin>749</xmin>
      <ymin>438</ymin>
      <xmax>809</xmax>
      <ymax>513</ymax>
    </bndbox>
  </object>
  <object>
    <type>bndbox</type>
    <name>que</name>
    <pose>Unspecified</pose>
    <truncated>0</truncated>
    <difficult>0</difficult>
    <bndbox>
      <xmin>833</xmin>
      <ymin>436</ymin>
      <xmax>1003</xmax>
      <ymax>518</ymax>
    </bndbox>
  </object>
  <object>
    <type>bndbox</type>
    <name>soy</name>
    <pose>Unspecified</pose>
    <truncated>0</truncated>
    <difficult>0</difficult>
    <bndbox>
      <xmin>1030</xmin>
      <ymin>437</ymin>
      <xmax>1185</xmax>
      <ymax>504</ymax>
    </bndbox>
  </object>
</annotation>
