<annotation verified="no">
  <folder>8GIcodbY9fc</folder>
  <filename>09_frame_00937</filename>
  <path>/home/ikoma/roLabelImg/&#29983;&#39378;/annotation/8GIcodbY9fc/09_frame_00937.jpg</path>
  <source>
    <database>Unknown</database>
  </source>
  <size>
    <width>1920</width>
    <height>1080</height>
    <depth>3</depth>
  </size>
  <segmented>0</segmented>
  <object>
    <type>bndbox</type>
    <name>dicen</name>
    <pose>Unspecified</pose>
    <truncated>0</truncated>
    <difficult>0</difficult>
    <bndbox>
      <xmin>606</xmin>
      <ymin>213</ymin>
      <xmax>1271</xmax>
      <ymax>477</ymax>
    </bndbox>
  </object>
  <object>
    <type>bndbox</type>
    <name>anitta</name>
    <pose>Unspecified</pose>
    <truncated>0</truncated>
    <difficult>0</difficult>
    <bndbox>
      <xmin>574</xmin>
      <ymin>497</ymin>
      <xmax>1308</xmax>
      <ymax>710</ymax>
    </bndbox>
  </object>
  <object>
    <type>bndbox</type>
    <name>yeh</name>
    <pose>Unspecified</pose>
    <truncated>0</truncated>
    <difficult>0</difficult>
    <bndbox>
      <xmin>743</xmin>
      <ymin>769</ymin>
      <xmax>1147</xmax>
      <ymax>1010</ymax>
    </bndbox>
  </object>
</annotation>
