<annotation verified="no">
  <folder>8GIcodbY9fc</folder>
  <filename>05_frame_00361</filename>
  <path>/home/ikoma/roLabelImg/&#29983;&#39378;/annotation/8GIcodbY9fc/05_frame_00361.jpg</path>
  <source>
    <database>Unknown</database>
  </source>
  <size>
    <width>1920</width>
    <height>1080</height>
    <depth>3</depth>
  </size>
  <segmented>0</segmented>
  <object>
    <type>bndbox</type>
    <name>yo</name>
    <pose>Unspecified</pose>
    <truncated>0</truncated>
    <difficult>0</difficult>
    <bndbox>
      <xmin>689</xmin>
      <ymin>456</ymin>
      <xmax>821</xmax>
      <ymax>535</ymax>
    </bndbox>
  </object>
  <object>
    <type>bndbox</type>
    <name>no</name>
    <pose>Unspecified</pose>
    <truncated>0</truncated>
    <difficult>0</difficult>
    <bndbox>
      <xmin>871</xmin>
      <ymin>457</ymin>
      <xmax>1015</xmax>
      <ymax>534</ymax>
    </bndbox>
  </object>
  <object>
    <type>bndbox</type>
    <name>creo</name>
    <pose>Unspecified</pose>
    <truncated>0</truncated>
    <difficult>0</difficult>
    <bndbox>
      <xmin>1054</xmin>
      <ymin>454</ymin>
      <xmax>1293</xmax>
      <ymax>528</ymax>
    </bndbox>
  </object>
  <object>
    <type>bndbox</type>
    <name>que</name>
    <pose>Unspecified</pose>
    <truncated>0</truncated>
    <difficult>0</difficult>
    <bndbox>
      <xmin>616</xmin>
      <ymin>557</ymin>
      <xmax>817</xmax>
      <ymax>645</ymax>
    </bndbox>
  </object>
  <object>
    <type>bndbox</type>
    <name>aguantes</name>
    <pose>Unspecified</pose>
    <truncated>0</truncated>
    <difficult>0</difficult>
    <bndbox>
      <xmin>853</xmin>
      <ymin>557</ymin>
      <xmax>1346</xmax>
      <ymax>639</ymax>
    </bndbox>
  </object>
</annotation>
