<annotation verified="no">
  <folder>8GIcodbY9fc</folder>
  <filename>03_frame_02737</filename>
  <path>/home/ikoma/roLabelImg/&#29983;&#39378;/annotation/8GIcodbY9fc/03_frame_02737.jpg</path>
  <source>
    <database>Unknown</database>
  </source>
  <size>
    <width>1920</width>
    <height>1080</height>
    <depth>3</depth>
  </size>
  <segmented>0</segmented>
  <object>
    <type>bndbox</type>
    <name>te</name>
    <pose>Unspecified</pose>
    <truncated>0</truncated>
    <difficult>0</difficult>
    <bndbox>
      <xmin>766</xmin>
      <ymin>607</ymin>
      <xmax>875</xmax>
      <ymax>683</ymax>
    </bndbox>
  </object>
  <object>
    <type>bndbox</type>
    <name>gusta</name>
    <pose>Unspecified</pose>
    <truncated>0</truncated>
    <difficult>0</difficult>
    <bndbox>
      <xmin>896</xmin>
      <ymin>609</ymin>
      <xmax>1187</xmax>
      <ymax>687</ymax>
    </bndbox>
  </object>
  <object>
    <type>bndbox</type>
    <name>mi</name>
    <pose>Unspecified</pose>
    <truncated>0</truncated>
    <difficult>0</difficult>
    <bndbox>
      <xmin>651</xmin>
      <ymin>701</ymin>
      <xmax>760</xmax>
      <ymax>781</ymax>
    </bndbox>
  </object>
  <object>
    <type>robndbox</type>
    <name>sensualida</name>
    <pose>Unspecified</pose>
    <truncated>0</truncated>
    <difficult>0</difficult>
    <robndbox>
      <cx>1057.2722</cx>
      <cy>745.9892</cy>
      <w>536.5443</w>
      <h>81.6925</h>
      <angle>0.0</angle>
    </robndbox>
  </object>
</annotation>
