<annotation verified="no">
  <folder>NoBAfjvhj7o</folder>
  <filename>12_frame_00721</filename>
  <path>/home/junya/&#12480;&#12454;&#12531;&#12525;&#12540;&#12489;/&#26519;&#30000;/annotation/NoBAfjvhj7o/12_frame_00721.jpg</path>
  <source>
    <database>Unknown</database>
  </source>
  <size>
    <width>1920</width>
    <height>1080</height>
    <depth>3</depth>
  </size>
  <segmented>0</segmented>
  <object>
    <type>bndbox</type>
    <name>i</name>
    <pose>Unspecified</pose>
    <truncated>0</truncated>
    <difficult>0</difficult>
    <bndbox>
      <xmin>570</xmin>
      <ymin>319</ymin>
      <xmax>626</xmax>
      <ymax>500</ymax>
    </bndbox>
  </object>
  <object>
    <type>bndbox</type>
    <name>got</name>
    <pose>Unspecified</pose>
    <truncated>0</truncated>
    <difficult>0</difficult>
    <bndbox>
      <xmin>721</xmin>
      <ymin>320</ymin>
      <xmax>1250</xmax>
      <ymax>499</ymax>
    </bndbox>
  </object>
  <object>
    <type>bndbox</type>
    <name>your</name>
    <pose>Unspecified</pose>
    <truncated>0</truncated>
    <difficult>0</difficult>
    <bndbox>
      <xmin>1093</xmin>
      <ymin>572</ymin>
      <xmax>1752</xmax>
      <ymax>750</ymax>
    </bndbox>
  </object>
</annotation>
