<annotation verified="no">
  <folder>NoBAfjvhj7o</folder>
  <filename>08_frame_00631</filename>
  <path>/home/junya/&#12480;&#12454;&#12531;&#12525;&#12540;&#12489;/&#26519;&#30000;/annotation/NoBAfjvhj7o/08_frame_00631.jpg</path>
  <source>
    <database>Unknown</database>
  </source>
  <size>
    <width>1920</width>
    <height>1080</height>
    <depth>3</depth>
  </size>
  <segmented>0</segmented>
  <object>
    <type>bndbox</type>
    <name>making</name>
    <pose>Unspecified</pose>
    <truncated>0</truncated>
    <difficult>0</difficult>
    <bndbox>
      <xmin>298</xmin>
      <ymin>344</ymin>
      <xmax>1292</xmax>
      <ymax>524</ymax>
    </bndbox>
  </object>
  <object>
    <type>bndbox</type>
    <name>a</name>
    <pose>Unspecified</pose>
    <truncated>0</truncated>
    <difficult>0</difficult>
    <bndbox>
      <xmin>1440</xmin>
      <ymin>344</ymin>
      <xmax>1634</xmax>
      <ymax>522</ymax>
    </bndbox>
  </object>
  <object>
    <type>bndbox</type>
    <name>fool</name>
    <pose>Unspecified</pose>
    <truncated>0</truncated>
    <difficult>0</difficult>
    <bndbox>
      <xmin>612</xmin>
      <ymin>559</ymin>
      <xmax>1305</xmax>
      <ymax>736</ymax>
    </bndbox>
  </object>
</annotation>
