<annotation verified="no">
  <folder>NoBAfjvhj7o</folder>
  <filename>10_frame_00901</filename>
  <path>/home/junya/&#12480;&#12454;&#12531;&#12525;&#12540;&#12489;/&#26519;&#30000;/annotation/NoBAfjvhj7o/10_frame_00901.jpg</path>
  <source>
    <database>Unknown</database>
  </source>
  <size>
    <width>1920</width>
    <height>1080</height>
    <depth>3</depth>
  </size>
  <segmented>0</segmented>
  <object>
    <type>bndbox</type>
    <name>you</name>
    <pose>Unspecified</pose>
    <truncated>0</truncated>
    <difficult>0</difficult>
    <bndbox>
      <xmin>300</xmin>
      <ymin>338</ymin>
      <xmax>797</xmax>
      <ymax>518</ymax>
    </bndbox>
  </object>
  <object>
    <type>bndbox</type>
    <name>know</name>
    <pose>Unspecified</pose>
    <truncated>0</truncated>
    <difficult>0</difficult>
    <bndbox>
      <xmin>870</xmin>
      <ymin>339</ymin>
      <xmax>1632</xmax>
      <ymax>520</ymax>
    </bndbox>
  </object>
  <object>
    <type>bndbox</type>
    <name>where</name>
    <pose>Unspecified</pose>
    <truncated>0</truncated>
    <difficult>0</difficult>
    <bndbox>
      <xmin>502</xmin>
      <ymin>582</ymin>
      <xmax>1417</xmax>
      <ymax>758</ymax>
    </bndbox>
  </object>
</annotation>
