<annotation verified="no">
  <folder>NoBAfjvhj7o</folder>
  <filename>14_frame_05131</filename>
  <path>/home/junya/&#12480;&#12454;&#12531;&#12525;&#12540;&#12489;/&#26519;&#30000;/annotation/NoBAfjvhj7o/14_frame_05131.jpg</path>
  <source>
    <database>Unknown</database>
  </source>
  <size>
    <width>1920</width>
    <height>1080</height>
    <depth>3</depth>
  </size>
  <segmented>0</segmented>
  <object>
    <type>bndbox</type>
    <name>you</name>
    <pose>Unspecified</pose>
    <truncated>0</truncated>
    <difficult>0</difficult>
    <bndbox>
      <xmin>241</xmin>
      <ymin>440</ymin>
      <xmax>798</xmax>
      <ymax>640</ymax>
    </bndbox>
  </object>
  <object>
    <type>bndbox</type>
    <name>know</name>
    <pose>Unspecified</pose>
    <truncated>0</truncated>
    <difficult>0</difficult>
    <bndbox>
      <xmin>877</xmin>
      <ymin>439</ymin>
      <xmax>1725</xmax>
      <ymax>642</ymax>
    </bndbox>
  </object>
</annotation>
