<annotation verified="no">
  <folder>NoBAfjvhj7o</folder>
  <filename>11_frame_03601</filename>
  <path>/home/junya/&#12480;&#12454;&#12531;&#12525;&#12540;&#12489;/&#26519;&#30000;/annotation/NoBAfjvhj7o/11_frame_03601.jpg</path>
  <source>
    <database>Unknown</database>
  </source>
  <size>
    <width>1920</width>
    <height>1080</height>
    <depth>3</depth>
  </size>
  <segmented>0</segmented>
  <object>
    <type>bndbox</type>
    <name>like</name>
    <pose>Unspecified</pose>
    <truncated>0</truncated>
    <difficult>0</difficult>
    <bndbox>
      <xmin>776</xmin>
      <ymin>220</ymin>
      <xmax>1148</xmax>
      <ymax>339</ymax>
    </bndbox>
  </object>
  <object>
    <type>bndbox</type>
    <name>were</name>
    <pose>Unspecified</pose>
    <truncated>0</truncated>
    <difficult>0</difficult>
    <bndbox>
      <xmin>684</xmin>
      <ymin>442</ymin>
      <xmax>1233</xmax>
      <ymax>600</ymax>
    </bndbox>
  </object>
  <object>
    <type>bndbox</type>
    <name>still</name>
    <pose>Unspecified</pose>
    <truncated>0</truncated>
    <difficult>0</difficult>
    <bndbox>
      <xmin>715</xmin>
      <ymin>741</ymin>
      <xmax>1199</xmax>
      <ymax>861</ymax>
    </bndbox>
  </object>
</annotation>
