<annotation verified="no">
  <folder>NoBAfjvhj7o</folder>
  <filename>09_frame_01711</filename>
  <path>/home/junya/&#12480;&#12454;&#12531;&#12525;&#12540;&#12489;/&#26519;&#30000;/annotation/NoBAfjvhj7o/09_frame_01711.jpg</path>
  <source>
    <database>Unknown</database>
  </source>
  <size>
    <width>1920</width>
    <height>1080</height>
    <depth>3</depth>
  </size>
  <segmented>0</segmented>
  <object>
    <type>bndbox</type>
    <name>like</name>
    <pose>Unspecified</pose>
    <truncated>0</truncated>
    <difficult>0</difficult>
    <bndbox>
      <xmin>678</xmin>
      <ymin>190</ymin>
      <xmax>1242</xmax>
      <ymax>368</ymax>
    </bndbox>
  </object>
  <object>
    <type>bndbox</type>
    <name>were</name>
    <pose>Unspecified</pose>
    <truncated>0</truncated>
    <difficult>0</difficult>
    <bndbox>
      <xmin>550</xmin>
      <ymin>400</ymin>
      <xmax>1372</xmax>
      <ymax>636</ymax>
    </bndbox>
  </object>
  <object>
    <type>bndbox</type>
    <name>still</name>
    <pose>Unspecified</pose>
    <truncated>0</truncated>
    <difficult>0</difficult>
    <bndbox>
      <xmin>600</xmin>
      <ymin>708</ymin>
      <xmax>1322</xmax>
      <ymax>888</ymax>
    </bndbox>
  </object>
</annotation>
