<annotation verified="no">
  <folder>NoBAfjvhj7o</folder>
  <filename>13_frame_01981</filename>
  <path>/home/junya/&#12480;&#12454;&#12531;&#12525;&#12540;&#12489;/&#26519;&#30000;/annotation/NoBAfjvhj7o/13_frame_01981.jpg</path>
  <source>
    <database>Unknown</database>
  </source>
  <size>
    <width>1920</width>
    <height>1080</height>
    <depth>3</depth>
  </size>
  <segmented>0</segmented>
  <object>
    <type>bndbox</type>
    <name>17</name>
    <pose>Unspecified</pose>
    <truncated>0</truncated>
    <difficult>0</difficult>
    <bndbox>
      <xmin>676</xmin>
      <ymin>347</ymin>
      <xmax>1246</xmax>
      <ymax>735</ymax>
    </bndbox>
  </object>
</annotation>
