<annotation verified="no">
  <folder>uh4dTLJ9q9o</folder>
  <filename>09_frame_01945</filename>
  <path>/home/sakaguchi/&#12487;&#12473;&#12463;&#12488;&#12483;&#12503;/youtube_list/annotation_result/uh4dTLJ9q9o/09_frame_01945.jpg</path>
  <source>
    <database>Unknown</database>
  </source>
  <size>
    <width>1920</width>
    <height>1080</height>
    <depth>3</depth>
  </size>
  <segmented>0</segmented>
  <object>
    <type>bndbox</type>
    <name>will</name>
    <pose>Unspecified</pose>
    <truncated>0</truncated>
    <difficult>0</difficult>
    <bndbox>
      <xmin>272</xmin>
      <ymin>488</ymin>
      <xmax>450</xmax>
      <ymax>537</ymax>
    </bndbox>
  </object>
  <object>
    <type>bndbox</type>
    <name>send</name>
    <pose>Unspecified</pose>
    <truncated>0</truncated>
    <difficult>0</difficult>
    <bndbox>
      <xmin>495</xmin>
      <ymin>490</ymin>
      <xmax>694</xmax>
      <ymax>536</ymax>
    </bndbox>
  </object>
  <object>
    <type>bndbox</type>
    <name>me</name>
    <pose>Unspecified</pose>
    <truncated>0</truncated>
    <difficult>0</difficult>
    <bndbox>
      <xmin>743</xmin>
      <ymin>489</ymin>
      <xmax>840</xmax>
      <ymax>535</ymax>
    </bndbox>
  </object>
  <object>
    <type>bndbox</type>
    <name>someone</name>
    <pose>Unspecified</pose>
    <truncated>0</truncated>
    <difficult>0</difficult>
    <bndbox>
      <xmin>889</xmin>
      <ymin>488</ymin>
      <xmax>1275</xmax>
      <ymax>537</ymax>
    </bndbox>
  </object>
  <object>
    <type>bndbox</type>
    <name>to</name>
    <pose>Unspecified</pose>
    <truncated>0</truncated>
    <difficult>0</difficult>
    <bndbox>
      <xmin>1319</xmin>
      <ymin>489</ymin>
      <xmax>1409</xmax>
      <ymax>537</ymax>
    </bndbox>
  </object>
  <object>
    <type>bndbox</type>
    <name>lava</name>
    <pose>Unspecified</pose>
    <truncated>0</truncated>
    <difficult>0</difficult>
    <bndbox>
      <xmin>1457</xmin>
      <ymin>490</ymin>
      <xmax>1645</xmax>
      <ymax>538</ymax>
    </bndbox>
  </object>
</annotation>
