<annotation verified="no">
  <folder>uh4dTLJ9q9o</folder>
  <filename>06_frame_03241</filename>
  <path>/home/sakaguchi/&#12487;&#12473;&#12463;&#12488;&#12483;&#12503;/youtube_list/annotation_result/uh4dTLJ9q9o/06_frame_03241.jpg</path>
  <source>
    <database>Unknown</database>
  </source>
  <size>
    <width>1920</width>
    <height>1080</height>
    <depth>3</depth>
  </size>
  <segmented>0</segmented>
  <object>
    <type>bndbox</type>
    <name>his</name>
    <pose>Unspecified</pose>
    <truncated>0</truncated>
    <difficult>0</difficult>
    <bndbox>
      <xmin>102</xmin>
      <ymin>582</ymin>
      <xmax>184</xmax>
      <ymax>614</ymax>
    </bndbox>
  </object>
  <object>
    <type>bndbox</type>
    <name>song</name>
    <pose>Unspecified</pose>
    <truncated>0</truncated>
    <difficult>0</difficult>
    <bndbox>
      <xmin>215</xmin>
      <ymin>580</ymin>
      <xmax>363</xmax>
      <ymax>615</ymax>
    </bndbox>
  </object>
  <object>
    <type>bndbox</type>
    <name>was</name>
    <pose>Unspecified</pose>
    <truncated>0</truncated>
    <difficult>0</difficult>
    <bndbox>
      <xmin>394</xmin>
      <ymin>582</ymin>
      <xmax>502</xmax>
      <ymax>615</ymax>
    </bndbox>
  </object>
  <object>
    <type>bndbox</type>
    <name>meant</name>
    <pose>Unspecified</pose>
    <truncated>0</truncated>
    <difficult>0</difficult>
    <bndbox>
      <xmin>531</xmin>
      <ymin>582</ymin>
      <xmax>713</xmax>
      <ymax>615</ymax>
    </bndbox>
  </object>
  <object>
    <type>bndbox</type>
    <name>for</name>
    <pose>Unspecified</pose>
    <truncated>0</truncated>
    <difficult>0</difficult>
    <bndbox>
      <xmin>744</xmin>
      <ymin>582</ymin>
      <xmax>847</xmax>
      <ymax>616</ymax>
    </bndbox>
  </object>
  <object>
    <type>bndbox</type>
    <name>her</name>
    <pose>Unspecified</pose>
    <truncated>0</truncated>
    <difficult>0</difficult>
    <bndbox>
      <xmin>879</xmin>
      <ymin>581</ymin>
      <xmax>980</xmax>
      <ymax>615</ymax>
    </bndbox>
  </object>
</annotation>
