<annotation verified="no">
  <folder>uh4dTLJ9q9o</folder>
  <filename>08_frame_06625</filename>
  <path>/home/sakaguchi/&#12487;&#12473;&#12463;&#12488;&#12483;&#12503;/youtube_list/annotation_result/uh4dTLJ9q9o/08_frame_06625.jpg</path>
  <source>
    <database>Unknown</database>
  </source>
  <size>
    <width>1920</width>
    <height>1080</height>
    <depth>3</depth>
  </size>
  <segmented>0</segmented>
  <object>
    <type>bndbox</type>
    <name>to</name>
    <pose>Unspecified</pose>
    <truncated>0</truncated>
    <difficult>0</difficult>
    <bndbox>
      <xmin>169</xmin>
      <ymin>781</ymin>
      <xmax>270</xmax>
      <ymax>829</ymax>
    </bndbox>
  </object>
  <object>
    <type>bndbox</type>
    <name>finally</name>
    <pose>Unspecified</pose>
    <truncated>0</truncated>
    <difficult>0</difficult>
    <bndbox>
      <xmin>326</xmin>
      <ymin>780</ymin>
      <xmax>674</xmax>
      <ymax>829</ymax>
    </bndbox>
  </object>
  <object>
    <type>bndbox</type>
    <name>meet</name>
    <pose>Unspecified</pose>
    <truncated>0</truncated>
    <difficult>0</difficult>
    <bndbox>
      <xmin>726</xmin>
      <ymin>781</ymin>
      <xmax>940</xmax>
      <ymax>831</ymax>
    </bndbox>
  </object>
  <object>
    <type>bndbox</type>
    <name>above</name>
    <pose>Unspecified</pose>
    <truncated>0</truncated>
    <difficult>0</difficult>
    <bndbox>
      <xmin>987</xmin>
      <ymin>780</ymin>
      <xmax>1276</xmax>
      <ymax>831</ymax>
    </bndbox>
  </object>
  <object>
    <type>bndbox</type>
    <name>the</name>
    <pose>Unspecified</pose>
    <truncated>0</truncated>
    <difficult>0</difficult>
    <bndbox>
      <xmin>1326</xmin>
      <ymin>781</ymin>
      <xmax>1478</xmax>
      <ymax>831</ymax>
    </bndbox>
  </object>
  <object>
    <type>bndbox</type>
    <name>sea</name>
    <pose>Unspecified</pose>
    <truncated>0</truncated>
    <difficult>0</difficult>
    <bndbox>
      <xmin>1529</xmin>
      <ymin>779</ymin>
      <xmax>1679</xmax>
      <ymax>831</ymax>
    </bndbox>
  </object>
</annotation>
