<annotation verified="no">
  <folder>uh4dTLJ9q9o</folder>
  <filename>07_frame_06193</filename>
  <path>/home/sakaguchi/&#12487;&#12473;&#12463;&#12488;&#12483;&#12503;/youtube_list/annotation_result/uh4dTLJ9q9o/07_frame_06193.jpg</path>
  <source>
    <database>Unknown</database>
  </source>
  <size>
    <width>1920</width>
    <height>1080</height>
    <depth>3</depth>
  </size>
  <segmented>0</segmented>
  <object>
    <type>bndbox</type>
    <name>will</name>
    <pose>Unspecified</pose>
    <truncated>0</truncated>
    <difficult>0</difficult>
    <bndbox>
      <xmin>201</xmin>
      <ymin>829</ymin>
      <xmax>396</xmax>
      <ymax>877</ymax>
    </bndbox>
  </object>
  <object>
    <type>bndbox</type>
    <name>send</name>
    <pose>Unspecified</pose>
    <truncated>0</truncated>
    <difficult>0</difficult>
    <bndbox>
      <xmin>447</xmin>
      <ymin>828</ymin>
      <xmax>670</xmax>
      <ymax>879</ymax>
    </bndbox>
  </object>
  <object>
    <type>bndbox</type>
    <name>me</name>
    <pose>Unspecified</pose>
    <truncated>0</truncated>
    <difficult>0</difficult>
    <bndbox>
      <xmin>720</xmin>
      <ymin>827</ymin>
      <xmax>831</xmax>
      <ymax>879</ymax>
    </bndbox>
  </object>
  <object>
    <type>bndbox</type>
    <name>someone</name>
    <pose>Unspecified</pose>
    <truncated>0</truncated>
    <difficult>0</difficult>
    <bndbox>
      <xmin>882</xmin>
      <ymin>827</ymin>
      <xmax>1314</xmax>
      <ymax>882</ymax>
    </bndbox>
  </object>
  <object>
    <type>bndbox</type>
    <name>to</name>
    <pose>Unspecified</pose>
    <truncated>0</truncated>
    <difficult>0</difficult>
    <bndbox>
      <xmin>1363</xmin>
      <ymin>830</ymin>
      <xmax>1463</xmax>
      <ymax>880</ymax>
    </bndbox>
  </object>
  <object>
    <type>bndbox</type>
    <name>lava</name>
    <pose>Unspecified</pose>
    <truncated>0</truncated>
    <difficult>0</difficult>
    <bndbox>
      <xmin>1513</xmin>
      <ymin>827</ymin>
      <xmax>1726</xmax>
      <ymax>880</ymax>
    </bndbox>
  </object>
</annotation>
