<annotation verified="no">
  <folder>uh4dTLJ9q9o</folder>
  <filename>04_frame_01225</filename>
  <path>/home/sakaguchi/&#12487;&#12473;&#12463;&#12488;&#12483;&#12503;/youtube_list/annotation_result/uh4dTLJ9q9o/04_frame_01225.jpg</path>
  <source>
    <database>Unknown</database>
  </source>
  <size>
    <width>1920</width>
    <height>1080</height>
    <depth>3</depth>
  </size>
  <segmented>0</segmented>
  <object>
    <type>bndbox</type>
    <name>this</name>
    <pose>Unspecified</pose>
    <truncated>0</truncated>
    <difficult>0</difficult>
    <bndbox>
      <xmin>1089</xmin>
      <ymin>289</ymin>
      <xmax>1190</xmax>
      <ymax>320</ymax>
    </bndbox>
  </object>
  <object>
    <type>bndbox</type>
    <name>song</name>
    <pose>Unspecified</pose>
    <truncated>0</truncated>
    <difficult>0</difficult>
    <bndbox>
      <xmin>1216</xmin>
      <ymin>289</ymin>
      <xmax>1344</xmax>
      <ymax>321</ymax>
    </bndbox>
  </object>
  <object>
    <type>bndbox</type>
    <name>of</name>
    <pose>Unspecified</pose>
    <truncated>0</truncated>
    <difficult>0</difficult>
    <bndbox>
      <xmin>1367</xmin>
      <ymin>288</ymin>
      <xmax>1424</xmax>
      <ymax>321</ymax>
    </bndbox>
  </object>
  <object>
    <type>bndbox</type>
    <name>hope</name>
    <pose>Unspecified</pose>
    <truncated>0</truncated>
    <difficult>0</difficult>
    <bndbox>
      <xmin>1450</xmin>
      <ymin>290</ymin>
      <xmax>1574</xmax>
      <ymax>323</ymax>
    </bndbox>
  </object>
  <object>
    <type>bndbox</type>
    <name>that</name>
    <pose>Unspecified</pose>
    <truncated>0</truncated>
    <difficult>0</difficult>
    <bndbox>
      <xmin>1598</xmin>
      <ymin>292</ymin>
      <xmax>1709</xmax>
      <ymax>322</ymax>
    </bndbox>
  </object>
  <object>
    <type>bndbox</type>
    <name>he</name>
    <pose>Unspecified</pose>
    <truncated>0</truncated>
    <difficult>0</difficult>
    <bndbox>
      <xmin>1733</xmin>
      <ymin>294</ymin>
      <xmax>1785</xmax>
      <ymax>321</ymax>
    </bndbox>
  </object>
  <object>
    <type>bndbox</type>
    <name>sang</name>
    <pose>Unspecified</pose>
    <truncated>1</truncated>
    <difficult>0</difficult>
    <bndbox>
      <xmin>1813</xmin>
      <ymin>293</ymin>
      <xmax>1920</xmax>
      <ymax>324</ymax>
    </bndbox>
  </object>
</annotation>
