<annotation verified="no">
  <folder>uh4dTLJ9q9o</folder>
  <filename>03_frame_04969</filename>
  <path>/home/sakaguchi/&#12487;&#12473;&#12463;&#12488;&#12483;&#12503;/youtube_list/annotation_result/uh4dTLJ9q9o/03_frame_04969.jpg</path>
  <source>
    <database>Unknown</database>
  </source>
  <size>
    <width>1920</width>
    <height>1080</height>
    <depth>3</depth>
  </size>
  <segmented>0</segmented>
  <object>
    <type>bndbox</type>
    <name>he</name>
    <pose>Unspecified</pose>
    <truncated>0</truncated>
    <difficult>0</difficult>
    <bndbox>
      <xmin>336</xmin>
      <ymin>701</ymin>
      <xmax>420</xmax>
      <ymax>743</ymax>
    </bndbox>
  </object>
  <object>
    <type>bndbox</type>
    <name>tried</name>
    <pose>Unspecified</pose>
    <truncated>0</truncated>
    <difficult>0</difficult>
    <bndbox>
      <xmin>463</xmin>
      <ymin>699</ymin>
      <xmax>678</xmax>
      <ymax>742</ymax>
    </bndbox>
  </object>
  <object>
    <type>bndbox</type>
    <name>to</name>
    <pose>Unspecified</pose>
    <truncated>0</truncated>
    <difficult>0</difficult>
    <bndbox>
      <xmin>722</xmin>
      <ymin>698</ymin>
      <xmax>808</xmax>
      <ymax>741</ymax>
    </bndbox>
  </object>
  <object>
    <type>bndbox</type>
    <name>sing</name>
    <pose>Unspecified</pose>
    <truncated>0</truncated>
    <difficult>0</difficult>
    <bndbox>
      <xmin>852</xmin>
      <ymin>699</ymin>
      <xmax>1025</xmax>
      <ymax>742</ymax>
    </bndbox>
  </object>
  <object>
    <type>bndbox</type>
    <name>to</name>
    <pose>Unspecified</pose>
    <truncated>0</truncated>
    <difficult>0</difficult>
    <bndbox>
      <xmin>1069</xmin>
      <ymin>700</ymin>
      <xmax>1156</xmax>
      <ymax>742</ymax>
    </bndbox>
  </object>
  <object>
    <type>bndbox</type>
    <name>let</name>
    <pose>Unspecified</pose>
    <truncated>0</truncated>
    <difficult>0</difficult>
    <bndbox>
      <xmin>1202</xmin>
      <ymin>699</ymin>
      <xmax>1313</xmax>
      <ymax>744</ymax>
    </bndbox>
  </object>
  <object>
    <type>bndbox</type>
    <name>her</name>
    <pose>Unspecified</pose>
    <truncated>0</truncated>
    <difficult>0</difficult>
    <bndbox>
      <xmin>1360</xmin>
      <ymin>697</ymin>
      <xmax>1499</xmax>
      <ymax>745</ymax>
    </bndbox>
  </object>
  <object>
    <type>bndbox</type>
    <name>know</name>
    <pose>Unspecified</pose>
    <truncated>0</truncated>
    <difficult>0</difficult>
    <bndbox>
      <xmin>1546</xmin>
      <ymin>696</ymin>
      <xmax>1767</xmax>
      <ymax>745</ymax>
    </bndbox>
  </object>
</annotation>
