<annotation verified="no">
  <folder>uh4dTLJ9q9o</folder>
  <filename>00_frame_04105</filename>
  <path>/home/sakaguchi/&#12487;&#12473;&#12463;&#12488;&#12483;&#12503;/youtube_list/annotation_result/uh4dTLJ9q9o/00_frame_04105.jpg</path>
  <source>
    <database>Unknown</database>
  </source>
  <size>
    <width>1920</width>
    <height>1080</height>
    <depth>3</depth>
  </size>
  <segmented>0</segmented>
  <object>
    <type>bndbox</type>
    <name>i</name>
    <pose>Unspecified</pose>
    <truncated>0</truncated>
    <difficult>0</difficult>
    <bndbox>
      <xmin>427</xmin>
      <ymin>776</ymin>
      <xmax>437</xmax>
      <ymax>827</ymax>
    </bndbox>
  </object>
  <object>
    <type>bndbox</type>
    <name>wish</name>
    <pose>Unspecified</pose>
    <truncated>0</truncated>
    <difficult>0</difficult>
    <bndbox>
      <xmin>489</xmin>
      <ymin>777</ymin>
      <xmax>694</xmax>
      <ymax>826</ymax>
    </bndbox>
  </object>
  <object>
    <type>bndbox</type>
    <name>that</name>
    <pose>Unspecified</pose>
    <truncated>0</truncated>
    <difficult>0</difficult>
    <bndbox>
      <xmin>746</xmin>
      <ymin>778</ymin>
      <xmax>950</xmax>
      <ymax>826</ymax>
    </bndbox>
  </object>
  <object>
    <type>bndbox</type>
    <name>the</name>
    <pose>Unspecified</pose>
    <truncated>0</truncated>
    <difficult>0</difficult>
    <bndbox>
      <xmin>997</xmin>
      <ymin>776</ymin>
      <xmax>1146</xmax>
      <ymax>826</ymax>
    </bndbox>
  </object>
  <object>
    <type>bndbox</type>
    <name>earth</name>
    <pose>Unspecified</pose>
    <truncated>0</truncated>
    <difficult>0</difficult>
    <bndbox>
      <xmin>1199</xmin>
      <ymin>777</ymin>
      <xmax>1464</xmax>
      <ymax>826</ymax>
    </bndbox>
  </object>
  <object>
    <type>bndbox</type>
    <name>sea</name>
    <pose>Unspecified</pose>
    <truncated>0</truncated>
    <difficult>0</difficult>
    <bndbox>
      <xmin>298</xmin>
      <ymin>854</ymin>
      <xmax>444</xmax>
      <ymax>906</ymax>
    </bndbox>
  </object>
  <object>
    <type>bndbox</type>
    <name>and</name>
    <pose>Unspecified</pose>
    <truncated>0</truncated>
    <difficult>0</difficult>
    <bndbox>
      <xmin>492</xmin>
      <ymin>855</ymin>
      <xmax>663</xmax>
      <ymax>905</ymax>
    </bndbox>
  </object>
  <object>
    <type>bndbox</type>
    <name>the</name>
    <pose>Unspecified</pose>
    <truncated>0</truncated>
    <difficult>0</difficult>
    <bndbox>
      <xmin>712</xmin>
      <ymin>857</ymin>
      <xmax>863</xmax>
      <ymax>905</ymax>
    </bndbox>
  </object>
  <object>
    <type>bndbox</type>
    <name>sky</name>
    <pose>Unspecified</pose>
    <truncated>0</truncated>
    <difficult>0</difficult>
    <bndbox>
      <xmin>912</xmin>
      <ymin>853</ymin>
      <xmax>1060</xmax>
      <ymax>906</ymax>
    </bndbox>
  </object>
  <object>
    <type>bndbox</type>
    <name>up</name>
    <pose>Unspecified</pose>
    <truncated>0</truncated>
    <difficult>0</difficult>
    <bndbox>
      <xmin>1106</xmin>
      <ymin>856</ymin>
      <xmax>1205</xmax>
      <ymax>905</ymax>
    </bndbox>
  </object>
  <object>
    <type>bndbox</type>
    <name>above</name>
    <pose>Unspecified</pose>
    <truncated>0</truncated>
    <difficult>0</difficult>
    <bndbox>
      <xmin>1251</xmin>
      <ymin>856</ymin>
      <xmax>1533</xmax>
      <ymax>904</ymax>
    </bndbox>
  </object>
  <object>
    <type>bndbox</type>
    <name>a</name>
    <pose>Unspecified</pose>
    <truncated>0</truncated>
    <difficult>0</difficult>
    <bndbox>
      <xmin>1579</xmin>
      <ymin>855</ymin>
      <xmax>1627</xmax>
      <ymax>906</ymax>
    </bndbox>
  </object>
</annotation>
