<annotation verified="no">
  <folder>ApXoWvfEYVU</folder>
  <filename>08_frame_01225</filename>
  <path>/home/junya/&#12480;&#12454;&#12531;&#12525;&#12540;&#12489;/&#26519;&#30000;/annotation/ApXoWvfEYVU/08_frame_01225.jpg</path>
  <source>
    <database>Unknown</database>
  </source>
  <size>
    <width>1920</width>
    <height>1080</height>
    <depth>3</depth>
  </size>
  <segmented>0</segmented>
  <object>
    <type>bndbox</type>
    <name>losing</name>
    <pose>Unspecified</pose>
    <truncated>0</truncated>
    <difficult>0</difficult>
    <bndbox>
      <xmin>1264</xmin>
      <ymin>213</ymin>
      <xmax>1557</xmax>
      <ymax>295</ymax>
    </bndbox>
  </object>
  <object>
    <type>bndbox</type>
    <name>grip</name>
    <pose>Unspecified</pose>
    <truncated>0</truncated>
    <difficult>0</difficult>
    <bndbox>
      <xmin>1264</xmin>
      <ymin>394</ymin>
      <xmax>1552</xmax>
      <ymax>512</ymax>
    </bndbox>
  </object>
  <object>
    <type>robndbox</type>
    <name>your</name>
    <pose>Unspecified</pose>
    <truncated>0</truncated>
    <difficult>0</difficult>
    <robndbox>
      <cx>1407.8333</cx>
      <cy>343.3333</cy>
      <w>291.0</w>
      <h>102.0</h>
      <angle>0.0</angle>
    </robndbox>
  </object>
</annotation>
