<annotation verified="no">
  <folder>ApXoWvfEYVU</folder>
  <filename>07_frame_03097</filename>
  <path>/home/junya/&#12480;&#12454;&#12531;&#12525;&#12540;&#12489;/&#26519;&#30000;/annotation/ApXoWvfEYVU/07_frame_03097.jpg</path>
  <source>
    <database>Unknown</database>
  </source>
  <size>
    <width>1920</width>
    <height>1080</height>
    <depth>3</depth>
  </size>
  <segmented>0</segmented>
  <object>
    <type>bndbox</type>
    <name>unless</name>
    <pose>Unspecified</pose>
    <truncated>0</truncated>
    <difficult>0</difficult>
    <bndbox>
      <xmin>1314</xmin>
      <ymin>687</ymin>
      <xmax>1533</xmax>
      <ymax>755</ymax>
    </bndbox>
  </object>
  <object>
    <type>bndbox</type>
    <name>i</name>
    <pose>Unspecified</pose>
    <truncated>0</truncated>
    <difficult>0</difficult>
    <bndbox>
      <xmin>1378</xmin>
      <ymin>751</ymin>
      <xmax>1433</xmax>
      <ymax>819</ymax>
    </bndbox>
  </object>
  <object>
    <type>bndbox</type>
    <name>stuck</name>
    <pose>Unspecified</pose>
    <truncated>0</truncated>
    <difficult>0</difficult>
    <bndbox>
      <xmin>1285</xmin>
      <ymin>822</ymin>
      <xmax>1490</xmax>
      <ymax>880</ymax>
    </bndbox>
  </object>
  <object>
    <type>bndbox</type>
    <name>by</name>
    <pose>Unspecified</pose>
    <truncated>0</truncated>
    <difficult>0</difficult>
    <bndbox>
      <xmin>1284</xmin>
      <ymin>882</ymin>
      <xmax>1373</xmax>
      <ymax>939</ymax>
    </bndbox>
  </object>
  <object>
    <type>bndbox</type>
    <name>ya</name>
    <pose>Unspecified</pose>
    <truncated>0</truncated>
    <difficult>0</difficult>
    <bndbox>
      <xmin>1388</xmin>
      <ymin>884</ymin>
      <xmax>1462</xmax>
      <ymax>938</ymax>
    </bndbox>
  </object>
</annotation>
