<annotation verified="no">
  <folder>ApXoWvfEYVU</folder>
  <filename>01_frame_02305</filename>
  <path>/home/junya/&#12480;&#12454;&#12531;&#12525;&#12540;&#12489;/&#26519;&#30000;/annotation/ApXoWvfEYVU/01_frame_02305.jpg</path>
  <source>
    <database>Unknown</database>
  </source>
  <size>
    <width>1920</width>
    <height>1080</height>
    <depth>3</depth>
  </size>
  <segmented>0</segmented>
  <object>
    <type>robndbox</type>
    <name>you</name>
    <pose>Unspecified</pose>
    <truncated>0</truncated>
    <difficult>0</difficult>
    <robndbox>
      <cx>437.2174</cx>
      <cy>445.5726</cy>
      <w>88.1214</w>
      <h>66.4078</h>
      <angle>2.881593</angle>
    </robndbox>
  </object>
  <object>
    <type>robndbox</type>
    <name>dont</name>
    <pose>Unspecified</pose>
    <truncated>0</truncated>
    <difficult>0</difficult>
    <robndbox>
      <cx>365.8333</cx>
      <cy>568.3333</cy>
      <w>132.6985</w>
      <h>79.8505</h>
      <angle>2.911593</angle>
    </robndbox>
  </object>
  <object>
    <type>robndbox</type>
    <name>make</name>
    <pose>Unspecified</pose>
    <truncated>0</truncated>
    <difficult>0</difficult>
    <robndbox>
      <cx>491.3333</cx>
      <cy>528.8333</cy>
      <w>137.3639</w>
      <h>66.0315</h>
      <angle>2.871593</angle>
    </robndbox>
  </object>
  <object>
    <type>robndbox</type>
    <name>it</name>
    <pose>Unspecified</pose>
    <truncated>0</truncated>
    <difficult>0</difficult>
    <robndbox>
      <cx>328.5126</cx>
      <cy>693.2778</cy>
      <w>51.5118</w>
      <h>53.9517</h>
      <angle>2.961593</angle>
    </robndbox>
  </object>
  <object>
    <type>robndbox</type>
    <name>easy</name>
    <pose>Unspecified</pose>
    <truncated>0</truncated>
    <difficult>0</difficult>
    <robndbox>
      <cx>398.8333</cx>
      <cy>663.3333</cy>
      <w>109.1239</w>
      <h>75.6371</h>
      <angle>2.921593</angle>
    </robndbox>
  </object>
  <object>
    <type>robndbox</type>
    <name>no</name>
    <pose>Unspecified</pose>
    <truncated>0</truncated>
    <difficult>0</difficult>
    <robndbox>
      <cx>503.7181</cx>
      <cy>637.5938</cy>
      <w>67.8325</w>
      <h>59.7215</h>
      <angle>2.921593</angle>
    </robndbox>
  </object>
</annotation>
