<annotation verified="no">
  <folder>ApXoWvfEYVU</folder>
  <filename>06_frame_02161</filename>
  <path>/home/junya/&#12480;&#12454;&#12531;&#12525;&#12540;&#12489;/&#26519;&#30000;/annotation/ApXoWvfEYVU/06_frame_02161.jpg</path>
  <source>
    <database>Unknown</database>
  </source>
  <size>
    <width>1920</width>
    <height>1080</height>
    <depth>3</depth>
  </size>
  <segmented>0</segmented>
  <object>
    <type>robndbox</type>
    <name>youre</name>
    <pose>Unspecified</pose>
    <truncated>0</truncated>
    <difficult>0</difficult>
    <robndbox>
      <cx>293.3501</cx>
      <cy>264.5646</cy>
      <w>402.3385</w>
      <h>164.0398</h>
      <angle>0.09</angle>
    </robndbox>
  </object>
  <object>
    <type>robndbox</type>
    <name>the</name>
    <pose>Unspecified</pose>
    <truncated>0</truncated>
    <difficult>0</difficult>
    <robndbox>
      <cx>391.5403</cx>
      <cy>449.2645</cy>
      <w>207.2217</w>
      <h>166.2808</h>
      <angle>0.1</angle>
    </robndbox>
  </object>
  <object>
    <type>robndbox</type>
    <name>sun</name>
    <pose>Unspecified</pose>
    <truncated>0</truncated>
    <difficult>0</difficult>
    <robndbox>
      <cx>1551.5038</cx>
      <cy>329.3817</cy>
      <w>416.5771</w>
      <h>258.2859</h>
      <angle>3.121593</angle>
    </robndbox>
  </object>
  <object>
    <type>robndbox</type>
    <name>flower</name>
    <pose>Unspecified</pose>
    <truncated>0</truncated>
    <difficult>0</difficult>
    <robndbox>
      <cx>1554.5262</cx>
      <cy>556.4049</cy>
      <w>418.3948</w>
      <h>124.047</h>
      <angle>3.131593</angle>
    </robndbox>
  </object>
</annotation>
