<annotation verified="no">
  <folder>ApXoWvfEYVU</folder>
  <filename>03_frame_00865</filename>
  <path>/home/junya/&#12480;&#12454;&#12531;&#12525;&#12540;&#12489;/&#26519;&#30000;/annotation/ApXoWvfEYVU/03_frame_00865.jpg</path>
  <source>
    <database>Unknown</database>
  </source>
  <size>
    <width>1920</width>
    <height>1080</height>
    <depth>3</depth>
  </size>
  <segmented>0</segmented>
  <object>
    <type>robndbox</type>
    <name>crash</name>
    <pose>Unspecified</pose>
    <truncated>0</truncated>
    <difficult>0</difficult>
    <robndbox>
      <cx>1031.8887</cx>
      <cy>274.411</cy>
      <w>94.3142</w>
      <h>50.5908</h>
      <angle>0.06</angle>
    </robndbox>
  </object>
  <object>
    <type>robndbox</type>
    <name>it</name>
    <pose>Unspecified</pose>
    <truncated>0</truncated>
    <difficult>0</difficult>
    <robndbox>
      <cx>1176.8638</cx>
      <cy>302.8139</cy>
      <w>48.8626</w>
      <h>47.1226</h>
      <angle>0.04</angle>
    </robndbox>
  </object>
  <object>
    <type>robndbox</type>
    <name>quits</name>
    <pose>Unspecified</pose>
    <truncated>0</truncated>
    <difficult>0</difficult>
    <robndbox>
      <cx>1355.8333</cx>
      <cy>280.3333</cy>
      <w>173.2626</w>
      <h>53.1138</h>
      <angle>0.05</angle>
    </robndbox>
  </object>
  <object>
    <type>robndbox</type>
    <name>now</name>
    <pose>Unspecified</pose>
    <truncated>0</truncated>
    <difficult>0</difficult>
    <robndbox>
      <cx>1534.4692</cx>
      <cy>317.7979</cy>
      <w>76.4293</w>
      <h>34.0128</h>
      <angle>0.04</angle>
    </robndbox>
  </object>
  <object>
    <type>robndbox</type>
    <name>baby</name>
    <pose>Unspecified</pose>
    <truncated>0</truncated>
    <difficult>0</difficult>
    <robndbox>
      <cx>1018.1099</cx>
      <cy>447.9906</cy>
      <w>127.5275</w>
      <h>47.2453</h>
      <angle>3.121593</angle>
    </robndbox>
  </object>
  <object>
    <type>robndbox</type>
    <name>im</name>
    <pose>Unspecified</pose>
    <truncated>0</truncated>
    <difficult>0</difficult>
    <robndbox>
      <cx>1166.3333</cx>
      <cy>492.3333</cy>
      <w>48.0</w>
      <h>44.0</h>
      <angle>0.0</angle>
    </robndbox>
  </object>
  <object>
    <type>robndbox</type>
    <name>a</name>
    <pose>Unspecified</pose>
    <truncated>0</truncated>
    <difficult>0</difficult>
    <robndbox>
      <cx>1214.394</cx>
      <cy>492.9098</cy>
      <w>31.7828</w>
      <h>37.3053</h>
      <angle>0.05</angle>
    </robndbox>
  </object>
  <object>
    <type>robndbox</type>
    <name>wreck</name>
    <pose>Unspecified</pose>
    <truncated>0</truncated>
    <difficult>0</difficult>
    <robndbox>
      <cx>1409.0627</cx>
      <cy>442.2711</cy>
      <w>181.5023</w>
      <h>53.7651</h>
      <angle>3.121593</angle>
    </robndbox>
  </object>
</annotation>
