<annotation verified="no">
  <folder>ApXoWvfEYVU</folder>
  <filename>04_frame_02809</filename>
  <path>/home/junya/&#12480;&#12454;&#12531;&#12525;&#12540;&#12489;/&#26519;&#30000;/annotation/ApXoWvfEYVU/04_frame_02809.jpg</path>
  <source>
    <database>Unknown</database>
  </source>
  <size>
    <width>1920</width>
    <height>1080</height>
    <depth>3</depth>
  </size>
  <segmented>0</segmented>
  <object>
    <type>robndbox</type>
    <name>you</name>
    <pose>Unspecified</pose>
    <truncated>0</truncated>
    <difficult>0</difficult>
    <robndbox>
      <cx>67.8333</cx>
      <cy>417.8333</cy>
      <w>87.3062</w>
      <h>45.0292</h>
      <angle>3.051593</angle>
    </robndbox>
  </object>
  <object>
    <type>robndbox</type>
    <name>dont</name>
    <pose>Unspecified</pose>
    <truncated>0</truncated>
    <difficult>0</difficult>
    <robndbox>
      <cx>203.1741</cx>
      <cy>406.3613</cy>
      <w>146.9652</w>
      <h>47.8417</h>
      <angle>3.061593</angle>
    </robndbox>
  </object>
  <object>
    <type>robndbox</type>
    <name>want</name>
    <pose>Unspecified</pose>
    <truncated>0</truncated>
    <difficult>0</difficult>
    <robndbox>
      <cx>365.2147</cx>
      <cy>394.1659</cy>
      <w>133.5021</w>
      <h>43.7795</h>
      <angle>3.071593</angle>
    </robndbox>
  </object>
  <object>
    <type>robndbox</type>
    <name>to</name>
    <pose>Unspecified</pose>
    <truncated>0</truncated>
    <difficult>0</difficult>
    <robndbox>
      <cx>480.5801</cx>
      <cy>383.3763</cy>
      <w>60.9948</w>
      <h>42.0348</h>
      <angle>3.041593</angle>
    </robndbox>
  </object>
  <object>
    <type>robndbox</type>
    <name>be</name>
    <pose>Unspecified</pose>
    <truncated>0</truncated>
    <difficult>0</difficult>
    <robndbox>
      <cx>562.4723</cx>
      <cy>376.6275</cy>
      <w>59.0697</w>
      <h>49.5565</h>
      <angle>3.041593</angle>
    </robndbox>
  </object>
  <object>
    <type>robndbox</type>
    <name>alone</name>
    <pose>Unspecified</pose>
    <truncated>0</truncated>
    <difficult>0</difficult>
    <robndbox>
      <cx>317.1162</cx>
      <cy>518.9986</cy>
      <w>602.3465</w>
      <h>175.3666</h>
      <angle>3.061593</angle>
    </robndbox>
  </object>
</annotation>
