<annotation verified="no">
  <folder>ApXoWvfEYVU</folder>
  <filename>05_frame_00937</filename>
  <path>/home/junya/&#12480;&#12454;&#12531;&#12525;&#12540;&#12489;/&#26519;&#30000;/annotation/ApXoWvfEYVU/05_frame_00937.jpg</path>
  <source>
    <database>Unknown</database>
  </source>
  <size>
    <width>1920</width>
    <height>1080</height>
    <depth>3</depth>
  </size>
  <segmented>0</segmented>
  <object>
    <type>robndbox</type>
    <name>needless</name>
    <pose>Unspecified</pose>
    <truncated>0</truncated>
    <difficult>0</difficult>
    <robndbox>
      <cx>1018.3109</cx>
      <cy>331.3937</cy>
      <w>440.6338</w>
      <h>76.2502</h>
      <angle>3.041593</angle>
    </robndbox>
  </object>
  <object>
    <type>robndbox</type>
    <name>to</name>
    <pose>Unspecified</pose>
    <truncated>0</truncated>
    <difficult>0</difficult>
    <robndbox>
      <cx>1329.5268</cx>
      <cy>305.603</cy>
      <w>109.716</w>
      <h>77.9764</h>
      <angle>3.031593</angle>
    </robndbox>
  </object>
</annotation>
