<annotation verified="no">
  <folder>PxN6X6FevFw</folder>
  <filename>15_frame_06151</filename>
  <path>/home/junya/&#12480;&#12454;&#12531;&#12525;&#12540;&#12489;/&#26519;&#30000;/annotation/PxN6X6FevFw/15_frame_06151.jpg</path>
  <source>
    <database>Unknown</database>
  </source>
  <size>
    <width>1920</width>
    <height>1080</height>
    <depth>3</depth>
  </size>
  <segmented>0</segmented>
  <object>
    <type>bndbox</type>
    <name>go</name>
    <pose>Unspecified</pose>
    <truncated>0</truncated>
    <difficult>0</difficult>
    <bndbox>
      <xmin>324</xmin>
      <ymin>234</ymin>
      <xmax>413</xmax>
      <ymax>367</ymax>
    </bndbox>
  </object>
  <object>
    <type>bndbox</type>
    <name>anyware</name>
    <pose>Unspecified</pose>
    <truncated>0</truncated>
    <difficult>0</difficult>
    <bndbox>
      <xmin>456</xmin>
      <ymin>238</ymin>
      <xmax>864</xmax>
      <ymax>366</ymax>
    </bndbox>
  </object>
  <object>
    <type>bndbox</type>
    <name>for</name>
    <pose>Unspecified</pose>
    <truncated>0</truncated>
    <difficult>0</difficult>
    <bndbox>
      <xmin>433</xmin>
      <ymin>391</ymin>
      <xmax>568</xmax>
      <ymax>518</ymax>
    </bndbox>
  </object>
  <object>
    <type>bndbox</type>
    <name>you</name>
    <pose>Unspecified</pose>
    <truncated>0</truncated>
    <difficult>0</difficult>
    <bndbox>
      <xmin>606</xmin>
      <ymin>392</ymin>
      <xmax>745</xmax>
      <ymax>518</ymax>
    </bndbox>
  </object>
</annotation>
