<annotation verified="no">
  <folder>PxN6X6FevFw</folder>
  <filename>12_frame_05701</filename>
  <path>/home/junya/&#12480;&#12454;&#12531;&#12525;&#12540;&#12489;/&#26519;&#30000;/annotation/PxN6X6FevFw/12_frame_05701.jpg</path>
  <source>
    <database>Unknown</database>
  </source>
  <size>
    <width>1920</width>
    <height>1080</height>
    <depth>3</depth>
  </size>
  <segmented>0</segmented>
  <object>
    <type>bndbox</type>
    <name>if</name>
    <pose>Unspecified</pose>
    <truncated>0</truncated>
    <difficult>0</difficult>
    <bndbox>
      <xmin>338</xmin>
      <ymin>311</ymin>
      <xmax>432</xmax>
      <ymax>503</ymax>
    </bndbox>
  </object>
  <object>
    <type>bndbox</type>
    <name>you</name>
    <pose>Unspecified</pose>
    <truncated>0</truncated>
    <difficult>0</difficult>
    <bndbox>
      <xmin>481</xmin>
      <ymin>326</ymin>
      <xmax>669</xmax>
      <ymax>503</ymax>
    </bndbox>
  </object>
  <object>
    <type>bndbox</type>
    <name>need</name>
    <pose>Unspecified</pose>
    <truncated>0</truncated>
    <difficult>0</difficult>
    <bndbox>
      <xmin>716</xmin>
      <ymin>323</ymin>
      <xmax>956</xmax>
      <ymax>507</ymax>
    </bndbox>
  </object>
  <object>
    <type>bndbox</type>
    <name>me</name>
    <pose>Unspecified</pose>
    <truncated>0</truncated>
    <difficult>0</difficult>
    <bndbox>
      <xmin>1016</xmin>
      <ymin>323</ymin>
      <xmax>1146</xmax>
      <ymax>504</ymax>
    </bndbox>
  </object>
  <object>
    <type>bndbox</type>
    <name>closer</name>
    <pose>Unspecified</pose>
    <truncated>0</truncated>
    <difficult>0</difficult>
    <bndbox>
      <xmin>1204</xmin>
      <ymin>326</ymin>
      <xmax>1577</xmax>
      <ymax>503</ymax>
    </bndbox>
  </object>
  <object>
    <type>bndbox</type>
    <name>ill</name>
    <pose>Unspecified</pose>
    <truncated>0</truncated>
    <difficult>0</difficult>
    <bndbox>
      <xmin>337</xmin>
      <ymin>522</ymin>
      <xmax>590</xmax>
      <ymax>763</ymax>
    </bndbox>
  </object>
  <object>
    <type>bndbox</type>
    <name>be</name>
    <pose>Unspecified</pose>
    <truncated>0</truncated>
    <difficult>0</difficult>
    <bndbox>
      <xmin>652</xmin>
      <ymin>546</ymin>
      <xmax>808</xmax>
      <ymax>764</ymax>
    </bndbox>
  </object>
  <object>
    <type>bndbox</type>
    <name>right</name>
    <pose>Unspecified</pose>
    <truncated>0</truncated>
    <difficult>0</difficult>
    <bndbox>
      <xmin>856</xmin>
      <ymin>544</ymin>
      <xmax>1221</xmax>
      <ymax>766</ymax>
    </bndbox>
  </object>
  <object>
    <type>bndbox</type>
    <name>over</name>
    <pose>Unspecified</pose>
    <truncated>0</truncated>
    <difficult>0</difficult>
    <bndbox>
      <xmin>1273</xmin>
      <ymin>543</ymin>
      <xmax>1573</xmax>
      <ymax>764</ymax>
    </bndbox>
  </object>
</annotation>
