<annotation verified="no">
  <folder>PxN6X6FevFw</folder>
  <filename>07_frame_01051</filename>
  <path>/home/junya/&#12480;&#12454;&#12531;&#12525;&#12540;&#12489;/&#26519;&#30000;/annotation/PxN6X6FevFw/07_frame_01051.jpg</path>
  <source>
    <database>Unknown</database>
  </source>
  <size>
    <width>1920</width>
    <height>1080</height>
    <depth>3</depth>
  </size>
  <segmented>0</segmented>
  <object>
    <type>bndbox</type>
    <name>youre</name>
    <pose>Unspecified</pose>
    <truncated>0</truncated>
    <difficult>0</difficult>
    <bndbox>
      <xmin>200</xmin>
      <ymin>647</ymin>
      <xmax>374</xmax>
      <ymax>744</ymax>
    </bndbox>
  </object>
  <object>
    <type>bndbox</type>
    <name>my</name>
    <pose>Unspecified</pose>
    <truncated>0</truncated>
    <difficult>0</difficult>
    <bndbox>
      <xmin>397</xmin>
      <ymin>654</ymin>
      <xmax>470</xmax>
      <ymax>746</ymax>
    </bndbox>
  </object>
  <object>
    <type>bndbox</type>
    <name>circle</name>
    <pose>Unspecified</pose>
    <truncated>0</truncated>
    <difficult>0</difficult>
    <bndbox>
      <xmin>501</xmin>
      <ymin>655</ymin>
      <xmax>685</xmax>
      <ymax>743</ymax>
    </bndbox>
  </object>
  <object>
    <type>bndbox</type>
    <name>of</name>
    <pose>Unspecified</pose>
    <truncated>0</truncated>
    <difficult>0</difficult>
    <bndbox>
      <xmin>714</xmin>
      <ymin>654</ymin>
      <xmax>769</xmax>
      <ymax>743</ymax>
    </bndbox>
  </object>
  <object>
    <type>bndbox</type>
    <name>life</name>
    <pose>Unspecified</pose>
    <truncated>0</truncated>
    <difficult>0</difficult>
    <bndbox>
      <xmin>797</xmin>
      <ymin>656</ymin>
      <xmax>909</xmax>
      <ymax>743</ymax>
    </bndbox>
  </object>
  <object>
    <type>bndbox</type>
    <name>compass</name>
    <pose>Unspecified</pose>
    <truncated>0</truncated>
    <difficult>0</difficult>
    <bndbox>
      <xmin>224</xmin>
      <ymin>763</ymin>
      <xmax>460</xmax>
      <ymax>856</ymax>
    </bndbox>
  </object>
  <object>
    <type>bndbox</type>
    <name>and</name>
    <pose>Unspecified</pose>
    <truncated>0</truncated>
    <difficult>0</difficult>
    <bndbox>
      <xmin>484</xmin>
      <ymin>768</ymin>
      <xmax>586</xmax>
      <ymax>858</ymax>
    </bndbox>
  </object>
  <object>
    <type>bndbox</type>
    <name>guide</name>
    <pose>Unspecified</pose>
    <truncated>0</truncated>
    <difficult>0</difficult>
    <bndbox>
      <xmin>617</xmin>
      <ymin>768</ymin>
      <xmax>781</xmax>
      <ymax>856</ymax>
    </bndbox>
  </object>
  <object>
    <type>bndbox</type>
    <name>there</name>
    <pose>Unspecified</pose>
    <truncated>0</truncated>
    <difficult>0</difficult>
    <bndbox>
      <xmin>244</xmin>
      <ymin>876</ymin>
      <xmax>409</xmax>
      <ymax>971</ymax>
    </bndbox>
  </object>
  <object>
    <type>bndbox</type>
    <name>behind</name>
    <pose>Unspecified</pose>
    <truncated>0</truncated>
    <difficult>0</difficult>
    <bndbox>
      <xmin>433</xmin>
      <ymin>882</ymin>
      <xmax>634</xmax>
      <ymax>968</ymax>
    </bndbox>
  </object>
  <object>
    <type>bndbox</type>
    <name>me</name>
    <pose>Unspecified</pose>
    <truncated>0</truncated>
    <difficult>0</difficult>
    <bndbox>
      <xmin>661</xmin>
      <ymin>880</ymin>
      <xmax>737</xmax>
      <ymax>968</ymax>
    </bndbox>
  </object>
</annotation>
