<annotation verified="no">
  <folder>PxN6X6FevFw</folder>
  <filename>04_frame_03301</filename>
  <path>/home/junya/&#12480;&#12454;&#12531;&#12525;&#12540;&#12489;/&#26519;&#30000;/annotation/PxN6X6FevFw/04_frame_03301.jpg</path>
  <source>
    <database>Unknown</database>
  </source>
  <size>
    <width>1920</width>
    <height>1080</height>
    <depth>3</depth>
  </size>
  <segmented>0</segmented>
  <object>
    <type>bndbox</type>
    <name>youre</name>
    <pose>Unspecified</pose>
    <truncated>0</truncated>
    <difficult>0</difficult>
    <bndbox>
      <xmin>488</xmin>
      <ymin>362</ymin>
      <xmax>689</xmax>
      <ymax>463</ymax>
    </bndbox>
  </object>
  <object>
    <type>bndbox</type>
    <name>my</name>
    <pose>Unspecified</pose>
    <truncated>0</truncated>
    <difficult>0</difficult>
    <bndbox>
      <xmin>710</xmin>
      <ymin>370</ymin>
      <xmax>792</xmax>
      <ymax>462</ymax>
    </bndbox>
  </object>
  <object>
    <type>bndbox</type>
    <name>heat</name>
    <pose>Unspecified</pose>
    <truncated>0</truncated>
    <difficult>0</difficult>
    <bndbox>
      <xmin>824</xmin>
      <ymin>370</ymin>
      <xmax>965</xmax>
      <ymax>464</ymax>
    </bndbox>
  </object>
  <object>
    <type>bndbox</type>
    <name>when</name>
    <pose>Unspecified</pose>
    <truncated>0</truncated>
    <difficult>0</difficult>
    <bndbox>
      <xmin>986</xmin>
      <ymin>370</ymin>
      <xmax>1138</xmax>
      <ymax>462</ymax>
    </bndbox>
  </object>
  <object>
    <type>bndbox</type>
    <name>im</name>
    <pose>Unspecified</pose>
    <truncated>0</truncated>
    <difficult>0</difficult>
    <bndbox>
      <xmin>1164</xmin>
      <ymin>360</ymin>
      <xmax>1258</xmax>
      <ymax>463</ymax>
    </bndbox>
  </object>
  <object>
    <type>bndbox</type>
    <name>cold</name>
    <pose>Unspecified</pose>
    <truncated>0</truncated>
    <difficult>0</difficult>
    <bndbox>
      <xmin>1290</xmin>
      <ymin>371</ymin>
      <xmax>1425</xmax>
      <ymax>464</ymax>
    </bndbox>
  </object>
  <object>
    <type>bndbox</type>
    <name>the</name>
    <pose>Unspecified</pose>
    <truncated>0</truncated>
    <difficult>0</difficult>
    <bndbox>
      <xmin>614</xmin>
      <ymin>487</ymin>
      <xmax>726</xmax>
      <ymax>584</ymax>
    </bndbox>
  </object>
  <object>
    <type>bndbox</type>
    <name>place</name>
    <pose>Unspecified</pose>
    <truncated>0</truncated>
    <difficult>0</difficult>
    <bndbox>
      <xmin>750</xmin>
      <ymin>492</ymin>
      <xmax>921</xmax>
      <ymax>586</ymax>
    </bndbox>
  </object>
  <object>
    <type>bndbox</type>
    <name>i</name>
    <pose>Unspecified</pose>
    <truncated>0</truncated>
    <difficult>0</difficult>
    <bndbox>
      <xmin>942</xmin>
      <ymin>487</ymin>
      <xmax>966</xmax>
      <ymax>584</ymax>
    </bndbox>
  </object>
  <object>
    <type>bndbox</type>
    <name>call</name>
    <pose>Unspecified</pose>
    <truncated>0</truncated>
    <difficult>0</difficult>
    <bndbox>
      <xmin>996</xmin>
      <ymin>491</ymin>
      <xmax>1128</xmax>
      <ymax>586</ymax>
    </bndbox>
  </object>
  <object>
    <type>bndbox</type>
    <name>home</name>
    <pose>Unspecified</pose>
    <truncated>0</truncated>
    <difficult>0</difficult>
    <bndbox>
      <xmin>1157</xmin>
      <ymin>491</ymin>
      <xmax>1305</xmax>
      <ymax>584</ymax>
    </bndbox>
  </object>
</annotation>
