<annotation verified="no">
  <folder>PxN6X6FevFw</folder>
  <filename>11_frame_03751</filename>
  <path>/home/junya/&#12480;&#12454;&#12531;&#12525;&#12540;&#12489;/&#26519;&#30000;/annotation/PxN6X6FevFw/11_frame_03751.jpg</path>
  <source>
    <database>Unknown</database>
  </source>
  <size>
    <width>1920</width>
    <height>1080</height>
    <depth>3</depth>
  </size>
  <segmented>0</segmented>
  <object>
    <type>bndbox</type>
    <name>anytime</name>
    <pose>Unspecified</pose>
    <truncated>0</truncated>
    <difficult>0</difficult>
    <bndbox>
      <xmin>364</xmin>
      <ymin>322</ymin>
      <xmax>830</xmax>
      <ymax>504</ymax>
    </bndbox>
  </object>
  <object>
    <type>bndbox</type>
    <name>you</name>
    <pose>Unspecified</pose>
    <truncated>0</truncated>
    <difficult>0</difficult>
    <bndbox>
      <xmin>878</xmin>
      <ymin>322</ymin>
      <xmax>1068</xmax>
      <ymax>504</ymax>
    </bndbox>
  </object>
  <object>
    <type>bndbox</type>
    <name>call</name>
    <pose>Unspecified</pose>
    <truncated>0</truncated>
    <difficult>0</difficult>
    <bndbox>
      <xmin>1129</xmin>
      <ymin>323</ymin>
      <xmax>1372</xmax>
      <ymax>506</ymax>
    </bndbox>
  </object>
  <object>
    <type>bndbox</type>
    <name>me</name>
    <pose>Unspecified</pose>
    <truncated>0</truncated>
    <difficult>0</difficult>
    <bndbox>
      <xmin>1420</xmin>
      <ymin>320</ymin>
      <xmax>1553</xmax>
      <ymax>504</ymax>
    </bndbox>
  </object>
  <object>
    <type>bndbox</type>
    <name>it</name>
    <pose>Unspecified</pose>
    <truncated>0</truncated>
    <difficult>0</difficult>
    <bndbox>
      <xmin>345</xmin>
      <ymin>574</ymin>
      <xmax>428</xmax>
      <ymax>730</ymax>
    </bndbox>
  </object>
  <object>
    <type>bndbox</type>
    <name>dont</name>
    <pose>Unspecified</pose>
    <truncated>0</truncated>
    <difficult>0</difficult>
    <bndbox>
      <xmin>466</xmin>
      <ymin>571</ymin>
      <xmax>714</xmax>
      <ymax>731</ymax>
    </bndbox>
  </object>
  <object>
    <type>bndbox</type>
    <name>matter</name>
    <pose>Unspecified</pose>
    <truncated>0</truncated>
    <difficult>0</difficult>
    <bndbox>
      <xmin>745</xmin>
      <ymin>584</ymin>
      <xmax>1064</xmax>
      <ymax>728</ymax>
    </bndbox>
  </object>
  <object>
    <type>bndbox</type>
    <name>where</name>
    <pose>Unspecified</pose>
    <truncated>0</truncated>
    <difficult>0</difficult>
    <bndbox>
      <xmin>1092</xmin>
      <ymin>584</ymin>
      <xmax>1356</xmax>
      <ymax>730</ymax>
    </bndbox>
  </object>
  <object>
    <type>bndbox</type>
    <name>i</name>
    <pose>Unspecified</pose>
    <truncated>0</truncated>
    <difficult>0</difficult>
    <bndbox>
      <xmin>1386</xmin>
      <ymin>576</ymin>
      <xmax>1414</xmax>
      <ymax>727</ymax>
    </bndbox>
  </object>
  <object>
    <type>bndbox</type>
    <name>am</name>
    <pose>Unspecified</pose>
    <truncated>0</truncated>
    <difficult>0</difficult>
    <bndbox>
      <xmin>1446</xmin>
      <ymin>587</ymin>
      <xmax>1564</xmax>
      <ymax>727</ymax>
    </bndbox>
  </object>
</annotation>
