<annotation verified="no">
  <folder>PxN6X6FevFw</folder>
  <filename>17_frame_01726</filename>
  <path>/home/junya/&#12480;&#12454;&#12531;&#12525;&#12540;&#12489;/&#26519;&#30000;/annotation/PxN6X6FevFw/17_frame_01726.jpg</path>
  <source>
    <database>Unknown</database>
  </source>
  <size>
    <width>1920</width>
    <height>1080</height>
    <depth>3</depth>
  </size>
  <segmented>0</segmented>
  <object>
    <type>bndbox</type>
    <name>anytime</name>
    <pose>Unspecified</pose>
    <truncated>0</truncated>
    <difficult>0</difficult>
    <bndbox>
      <xmin>372</xmin>
      <ymin>322</ymin>
      <xmax>832</xmax>
      <ymax>504</ymax>
    </bndbox>
  </object>
  <object>
    <type>bndbox</type>
    <name>you</name>
    <pose>Unspecified</pose>
    <truncated>0</truncated>
    <difficult>0</difficult>
    <bndbox>
      <xmin>876</xmin>
      <ymin>326</ymin>
      <xmax>1066</xmax>
      <ymax>504</ymax>
    </bndbox>
  </object>
  <object>
    <type>bndbox</type>
    <name>call</name>
    <pose>Unspecified</pose>
    <truncated>0</truncated>
    <difficult>0</difficult>
    <bndbox>
      <xmin>1130</xmin>
      <ymin>327</ymin>
      <xmax>1370</xmax>
      <ymax>503</ymax>
    </bndbox>
  </object>
  <object>
    <type>bndbox</type>
    <name>me</name>
    <pose>Unspecified</pose>
    <truncated>0</truncated>
    <difficult>0</difficult>
    <bndbox>
      <xmin>1418</xmin>
      <ymin>323</ymin>
      <xmax>1549</xmax>
      <ymax>503</ymax>
    </bndbox>
  </object>
  <object>
    <type>bndbox</type>
    <name>it</name>
    <pose>Unspecified</pose>
    <truncated>0</truncated>
    <difficult>0</difficult>
    <bndbox>
      <xmin>361</xmin>
      <ymin>579</ymin>
      <xmax>436</xmax>
      <ymax>728</ymax>
    </bndbox>
  </object>
  <object>
    <type>bndbox</type>
    <name>dont</name>
    <pose>Unspecified</pose>
    <truncated>0</truncated>
    <difficult>0</difficult>
    <bndbox>
      <xmin>477</xmin>
      <ymin>574</ymin>
      <xmax>717</xmax>
      <ymax>727</ymax>
    </bndbox>
  </object>
  <object>
    <type>bndbox</type>
    <name>matter</name>
    <pose>Unspecified</pose>
    <truncated>0</truncated>
    <difficult>0</difficult>
    <bndbox>
      <xmin>753</xmin>
      <ymin>588</ymin>
      <xmax>1060</xmax>
      <ymax>728</ymax>
    </bndbox>
  </object>
  <object>
    <type>bndbox</type>
    <name>where</name>
    <pose>Unspecified</pose>
    <truncated>0</truncated>
    <difficult>0</difficult>
    <bndbox>
      <xmin>1092</xmin>
      <ymin>590</ymin>
      <xmax>1354</xmax>
      <ymax>727</ymax>
    </bndbox>
  </object>
  <object>
    <type>bndbox</type>
    <name>i</name>
    <pose>Unspecified</pose>
    <truncated>0</truncated>
    <difficult>0</difficult>
    <bndbox>
      <xmin>1381</xmin>
      <ymin>579</ymin>
      <xmax>1409</xmax>
      <ymax>727</ymax>
    </bndbox>
  </object>
  <object>
    <type>bndbox</type>
    <name>am</name>
    <pose>Unspecified</pose>
    <truncated>0</truncated>
    <difficult>0</difficult>
    <bndbox>
      <xmin>1444</xmin>
      <ymin>590</ymin>
      <xmax>1557</xmax>
      <ymax>727</ymax>
    </bndbox>
  </object>
</annotation>
