<annotation verified="no">
  <folder>PxN6X6FevFw</folder>
  <filename>03_frame_05551</filename>
  <path>/home/junya/&#12480;&#12454;&#12531;&#12525;&#12540;&#12489;/&#26519;&#30000;/annotation/PxN6X6FevFw/03_frame_05551.jpg</path>
  <source>
    <database>Unknown</database>
  </source>
  <size>
    <width>1920</width>
    <height>1080</height>
    <depth>3</depth>
  </size>
  <segmented>0</segmented>
  <object>
    <type>bndbox</type>
    <name>like</name>
    <pose>Unspecified</pose>
    <truncated>0</truncated>
    <difficult>0</difficult>
    <bndbox>
      <xmin>1150</xmin>
      <ymin>431</ymin>
      <xmax>1290</xmax>
      <ymax>538</ymax>
    </bndbox>
  </object>
  <object>
    <type>bndbox</type>
    <name>youve</name>
    <pose>Unspecified</pose>
    <truncated>0</truncated>
    <difficult>0</difficult>
    <bndbox>
      <xmin>1317</xmin>
      <ymin>428</ymin>
      <xmax>1532</xmax>
      <ymax>538</ymax>
    </bndbox>
  </object>
  <object>
    <type>bndbox</type>
    <name>been</name>
    <pose>Unspecified</pose>
    <truncated>0</truncated>
    <difficult>0</difficult>
    <bndbox>
      <xmin>1158</xmin>
      <ymin>550</ymin>
      <xmax>1310</xmax>
      <ymax>650</ymax>
    </bndbox>
  </object>
  <object>
    <type>bndbox</type>
    <name>there</name>
    <pose>Unspecified</pose>
    <truncated>0</truncated>
    <difficult>0</difficult>
    <bndbox>
      <xmin>1336</xmin>
      <ymin>550</ymin>
      <xmax>1525</xmax>
      <ymax>651</ymax>
    </bndbox>
  </object>
</annotation>
