<annotation verified="no">
  <folder>SMs0GnYze34</folder>
  <filename>03_frame_02701</filename>
  <path>/home/mitsuo/roLabelImg-master/&#28288;&#23614;/annotation/SMs0GnYze34/03_frame_02701.jpg</path>
  <source>
    <database>Unknown</database>
  </source>
  <size>
    <width>1920</width>
    <height>1080</height>
    <depth>3</depth>
  </size>
  <segmented>0</segmented>
  <object>
    <type>bndbox</type>
    <name>at</name>
    <pose>Unspecified</pose>
    <truncated>0</truncated>
    <difficult>0</difficult>
    <bndbox>
      <xmin>546</xmin>
      <ymin>248</ymin>
      <xmax>681</xmax>
      <ymax>348</ymax>
    </bndbox>
  </object>
  <object>
    <type>bndbox</type>
    <name>the</name>
    <pose>Unspecified</pose>
    <truncated>0</truncated>
    <difficult>0</difficult>
    <bndbox>
      <xmin>710</xmin>
      <ymin>244</ymin>
      <xmax>903</xmax>
      <ymax>343</ymax>
    </bndbox>
  </object>
  <object>
    <type>bndbox</type>
    <name>wheel</name>
    <pose>Unspecified</pose>
    <truncated>0</truncated>
    <difficult>0</difficult>
    <bndbox>
      <xmin>937</xmin>
      <ymin>251</ymin>
      <xmax>1301</xmax>
      <ymax>355</ymax>
    </bndbox>
  </object>
  <object>
    <type>bndbox</type>
    <name>weve</name>
    <pose>Unspecified</pose>
    <truncated>0</truncated>
    <difficult>0</difficult>
    <bndbox>
      <xmin>470</xmin>
      <ymin>367</ymin>
      <xmax>1009</xmax>
      <ymax>511</ymax>
    </bndbox>
  </object>
  <object>
    <type>bndbox</type>
    <name>got</name>
    <pose>Unspecified</pose>
    <truncated>0</truncated>
    <difficult>0</difficult>
    <bndbox>
      <xmin>1071</xmin>
      <ymin>371</ymin>
      <xmax>1391</xmax>
      <ymax>513</ymax>
    </bndbox>
  </object>
  <object>
    <type>bndbox</type>
    <name>a</name>
    <pose>Unspecified</pose>
    <truncated>0</truncated>
    <difficult>0</difficult>
    <bndbox>
      <xmin>394</xmin>
      <ymin>539</ymin>
      <xmax>493</xmax>
      <ymax>649</ymax>
    </bndbox>
  </object>
  <object>
    <type>bndbox</type>
    <name>million</name>
    <pose>Unspecified</pose>
    <truncated>0</truncated>
    <difficult>0</difficult>
    <bndbox>
      <xmin>534</xmin>
      <ymin>532</ymin>
      <xmax>1066</xmax>
      <ymax>652</ymax>
    </bndbox>
  </object>
</annotation>
