<annotation verified="no">
  <folder>SMs0GnYze34</folder>
  <filename>05_frame_00901</filename>
  <path>/home/mitsuo/roLabelImg-master/&#28288;&#23614;/annotation/SMs0GnYze34/05_frame_00901.jpg</path>
  <source>
    <database>Unknown</database>
  </source>
  <size>
    <width>1920</width>
    <height>1080</height>
    <depth>3</depth>
  </size>
  <segmented>0</segmented>
  <object>
    <type>bndbox</type>
    <name>go</name>
    <pose>Unspecified</pose>
    <truncated>0</truncated>
    <difficult>0</difficult>
    <bndbox>
      <xmin>573</xmin>
      <ymin>407</ymin>
      <xmax>749</xmax>
      <ymax>521</ymax>
    </bndbox>
  </object>
  <object>
    <type>bndbox</type>
    <name>darkest</name>
    <pose>Unspecified</pose>
    <truncated>0</truncated>
    <difficult>0</difficult>
    <bndbox>
      <xmin>725</xmin>
      <ymin>553</ymin>
      <xmax>1302</xmax>
      <ymax>676</ymax>
    </bndbox>
  </object>
  <object>
    <type>robndbox</type>
    <name>through</name>
    <pose>Unspecified</pose>
    <truncated>0</truncated>
    <difficult>0</difficult>
    <robndbox>
      <cx>1080.7038</cx>
      <cy>462.0733</cy>
      <w>595.2307</w>
      <h>125.9748</h>
      <angle>0.02</angle>
    </robndbox>
  </object>
  <object>
    <type>robndbox</type>
    <name>the</name>
    <pose>Unspecified</pose>
    <truncated>0</truncated>
    <difficult>0</difficult>
    <robndbox>
      <cx>545.7154</cx>
      <cy>626.1191</cy>
      <w>250.8626</w>
      <h>120.4502</h>
      <angle>3.091593</angle>
    </robndbox>
  </object>
</annotation>
