<annotation verified="no">
  <folder>SMs0GnYze34</folder>
  <filename>02_frame_00721</filename>
  <path>/home/mitsuo/roLabelImg-master/&#28288;&#23614;/annotation/SMs0GnYze34/02_frame_00721.jpg</path>
  <source>
    <database>Unknown</database>
  </source>
  <size>
    <width>1920</width>
    <height>1080</height>
    <depth>3</depth>
  </size>
  <segmented>0</segmented>
  <object>
    <type>bndbox</type>
    <name>smoke</name>
    <pose>Unspecified</pose>
    <truncated>0</truncated>
    <difficult>0</difficult>
    <bndbox>
      <xmin>503</xmin>
      <ymin>225</ymin>
      <xmax>1013</xmax>
      <ymax>377</ymax>
    </bndbox>
  </object>
  <object>
    <type>bndbox</type>
    <name>and</name>
    <pose>Unspecified</pose>
    <truncated>0</truncated>
    <difficult>0</difficult>
    <bndbox>
      <xmin>1062</xmin>
      <ymin>225</ymin>
      <xmax>1374</xmax>
      <ymax>375</ymax>
    </bndbox>
  </object>
  <object>
    <type>bndbox</type>
    <name>a</name>
    <pose>Unspecified</pose>
    <truncated>0</truncated>
    <difficult>0</difficult>
    <bndbox>
      <xmin>1326</xmin>
      <ymin>513</ymin>
      <xmax>1426</xmax>
      <ymax>625</ymax>
    </bndbox>
  </object>
  <object>
    <type>robndbox</type>
    <name>mirrors</name>
    <pose>Unspecified</pose>
    <truncated>0</truncated>
    <difficult>0</difficult>
    <robndbox>
      <cx>710.7986</cx>
      <cy>435.46</cy>
      <w>514.8632</w>
      <h>110.2875</h>
      <angle>0.08</angle>
    </robndbox>
  </object>
  <object>
    <type>robndbox</type>
    <name>keep</name>
    <pose>Unspecified</pose>
    <truncated>0</truncated>
    <difficult>0</difficult>
    <robndbox>
      <cx>1153.2641</cx>
      <cy>449.6567</cy>
      <w>292.4986</w>
      <h>103.5069</h>
      <angle>3.111593</angle>
    </robndbox>
  </object>
  <object>
    <type>robndbox</type>
    <name>us</name>
    <pose>Unspecified</pose>
    <truncated>0</truncated>
    <difficult>0</difficult>
    <robndbox>
      <cx>1392.5</cx>
      <cy>439.5</cy>
      <w>152.0825</w>
      <h>100.4834</h>
      <angle>3.111593</angle>
    </robndbox>
  </object>
  <object>
    <type>robndbox</type>
    <name>waiting</name>
    <pose>Unspecified</pose>
    <truncated>0</truncated>
    <difficult>0</difficult>
    <robndbox>
      <cx>743.4592</cx>
      <cy>579.5166</cy>
      <w>581.5826</w>
      <h>124.3165</h>
      <angle>0.06</angle>
    </robndbox>
  </object>
  <object>
    <type>robndbox</type>
    <name>on</name>
    <pose>Unspecified</pose>
    <truncated>0</truncated>
    <difficult>0</difficult>
    <robndbox>
      <cx>1199.5912</cx>
      <cy>578.1096</cy>
      <w>186.0724</w>
      <h>119.8032</h>
      <angle>3.041593</angle>
    </robndbox>
  </object>
</annotation>
