<annotation verified="no">
  <folder>SMs0GnYze34</folder>
  <filename>07_frame_01171</filename>
  <path>/home/mitsuo/roLabelImg-master/&#28288;&#23614;/annotation/SMs0GnYze34/07_frame_01171.jpg</path>
  <source>
    <database>Unknown</database>
  </source>
  <size>
    <width>1920</width>
    <height>1080</height>
    <depth>1</depth>
  </size>
  <segmented>0</segmented>
  <object>
    <type>bndbox</type>
    <name>its</name>
    <pose>Unspecified</pose>
    <truncated>0</truncated>
    <difficult>0</difficult>
    <bndbox>
      <xmin>739</xmin>
      <ymin>396</ymin>
      <xmax>970</xmax>
      <ymax>516</ymax>
    </bndbox>
  </object>
  <object>
    <type>bndbox</type>
    <name>a</name>
    <pose>Unspecified</pose>
    <truncated>0</truncated>
    <difficult>0</difficult>
    <bndbox>
      <xmin>534</xmin>
      <ymin>576</ymin>
      <xmax>627</xmax>
      <ymax>689</ymax>
    </bndbox>
  </object>
  <object>
    <type>robndbox</type>
    <name>oh</name>
    <pose>Unspecified</pose>
    <truncated>0</truncated>
    <difficult>0</difficult>
    <robndbox>
      <cx>578.168</cx>
      <cy>480.5774</cy>
      <w>179.9654</w>
      <h>127.5156</h>
      <angle>3.041593</angle>
    </robndbox>
  </object>
  <object>
    <type>robndbox</type>
    <name>been</name>
    <pose>Unspecified</pose>
    <truncated>0</truncated>
    <difficult>0</difficult>
    <robndbox>
      <cx>1186.2728</cx>
      <cy>457.1071</cy>
      <w>340.1798</w>
      <h>130.4764</h>
      <angle>0.1</angle>
    </robndbox>
  </object>
</annotation>
