<annotation verified="no">
  <folder>SMs0GnYze34</folder>
  <filename>00_frame_00451</filename>
  <path>/home/mitsuo/roLabelImg-master/&#28288;&#23614;/annotation/SMs0GnYze34/00_frame_00451.jpg</path>
  <source>
    <database>Unknown</database>
  </source>
  <size>
    <width>1920</width>
    <height>1080</height>
    <depth>3</depth>
  </size>
  <segmented>0</segmented>
  <object>
    <type>bndbox</type>
    <name>we</name>
    <pose>Unspecified</pose>
    <truncated>0</truncated>
    <difficult>0</difficult>
    <bndbox>
      <xmin>467</xmin>
      <ymin>291</ymin>
      <xmax>631</xmax>
      <ymax>381</ymax>
    </bndbox>
  </object>
  <object>
    <type>bndbox</type>
    <name>were</name>
    <pose>Unspecified</pose>
    <truncated>0</truncated>
    <difficult>0</difficult>
    <bndbox>
      <xmin>659</xmin>
      <ymin>280</ymin>
      <xmax>946</xmax>
      <ymax>375</ymax>
    </bndbox>
  </object>
  <object>
    <type>bndbox</type>
    <name>burning</name>
    <pose>Unspecified</pose>
    <truncated>0</truncated>
    <difficult>0</difficult>
    <bndbox>
      <xmin>981</xmin>
      <ymin>277</ymin>
      <xmax>1393</xmax>
      <ymax>372</ymax>
    </bndbox>
  </object>
  <object>
    <type>bndbox</type>
    <name>on</name>
    <pose>Unspecified</pose>
    <truncated>0</truncated>
    <difficult>0</difficult>
    <bndbox>
      <xmin>533</xmin>
      <ymin>401</ymin>
      <xmax>722</xmax>
      <ymax>527</ymax>
    </bndbox>
  </object>
  <object>
    <type>bndbox</type>
    <name>the</name>
    <pose>Unspecified</pose>
    <truncated>0</truncated>
    <difficult>0</difficult>
    <bndbox>
      <xmin>785</xmin>
      <ymin>392</ymin>
      <xmax>1014</xmax>
      <ymax>503</ymax>
    </bndbox>
  </object>
  <object>
    <type>bndbox</type>
    <name>edge</name>
    <pose>Unspecified</pose>
    <truncated>0</truncated>
    <difficult>0</difficult>
    <bndbox>
      <xmin>1042</xmin>
      <ymin>391</ymin>
      <xmax>1355</xmax>
      <ymax>500</ymax>
    </bndbox>
  </object>
  <object>
    <type>bndbox</type>
    <name>of</name>
    <pose>Unspecified</pose>
    <truncated>0</truncated>
    <difficult>0</difficult>
    <bndbox>
      <xmin>542</xmin>
      <ymin>555</ymin>
      <xmax>683</xmax>
      <ymax>651</ymax>
    </bndbox>
  </object>
  <object>
    <type>bndbox</type>
    <name>something</name>
    <pose>Unspecified</pose>
    <truncated>0</truncated>
    <difficult>0</difficult>
    <bndbox>
      <xmin>717</xmin>
      <ymin>517</ymin>
      <xmax>1378</xmax>
      <ymax>633</ymax>
    </bndbox>
  </object>
  <object>
    <type>bndbox</type>
    <name>beautifull</name>
    <pose>Unspecified</pose>
    <truncated>0</truncated>
    <difficult>0</difficult>
    <bndbox>
      <xmin>497</xmin>
      <ymin>640</ymin>
      <xmax>1442</xmax>
      <ymax>824</ymax>
    </bndbox>
  </object>
</annotation>
