<annotation verified="no">
  <folder>SMs0GnYze34</folder>
  <filename>06_frame_01081</filename>
  <path>/home/mitsuo/roLabelImg-master/&#28288;&#23614;/annotation/SMs0GnYze34/06_frame_01081.jpg</path>
  <source>
    <database>Unknown</database>
  </source>
  <size>
    <width>1920</width>
    <height>1080</height>
    <depth>3</depth>
  </size>
  <segmented>0</segmented>
  <object>
    <type>bndbox</type>
    <name>never</name>
    <pose>Unspecified</pose>
    <truncated>0</truncated>
    <difficult>0</difficult>
    <bndbox>
      <xmin>393</xmin>
      <ymin>493</ymin>
      <xmax>759</xmax>
      <ymax>603</ymax>
    </bndbox>
  </object>
  <object>
    <type>bndbox</type>
    <name>let</name>
    <pose>Unspecified</pose>
    <truncated>0</truncated>
    <difficult>0</difficult>
    <bndbox>
      <xmin>817</xmin>
      <ymin>487</ymin>
      <xmax>1013</xmax>
      <ymax>589</ymax>
    </bndbox>
  </object>
  <object>
    <type>bndbox</type>
    <name>me</name>
    <pose>Unspecified</pose>
    <truncated>0</truncated>
    <difficult>0</difficult>
    <bndbox>
      <xmin>1069</xmin>
      <ymin>471</ymin>
      <xmax>1231</xmax>
      <ymax>577</ymax>
    </bndbox>
  </object>
  <object>
    <type>robndbox</type>
    <name>down</name>
    <pose>Unspecified</pose>
    <truncated>0</truncated>
    <difficult>0</difficult>
    <robndbox>
      <cx>1450.6732</cx>
      <cy>501.4893</cy>
      <w>343.8015</w>
      <h>105.8731</h>
      <angle>3.041593</angle>
    </robndbox>
  </object>
</annotation>
