<annotation verified="no">
  <folder>SMs0GnYze34</folder>
  <filename>04_frame_01261</filename>
  <path>/home/mitsuo/roLabelImg-master/&#28288;&#23614;/annotation/SMs0GnYze34/04_frame_01261.jpg</path>
  <source>
    <database>Unknown</database>
  </source>
  <size>
    <width>1920</width>
    <height>1080</height>
    <depth>1</depth>
  </size>
  <segmented>0</segmented>
  <object>
    <type>bndbox</type>
    <name>of</name>
    <pose>Unspecified</pose>
    <truncated>0</truncated>
    <difficult>0</difficult>
    <bndbox>
      <xmin>989</xmin>
      <ymin>545</ymin>
      <xmax>1147</xmax>
      <ymax>663</ymax>
    </bndbox>
  </object>
  <object>
    <type>bndbox</type>
    <name>a</name>
    <pose>Unspecified</pose>
    <truncated>0</truncated>
    <difficult>0</difficult>
    <bndbox>
      <xmin>1182</xmin>
      <ymin>549</ymin>
      <xmax>1277</xmax>
      <ymax>663</ymax>
    </bndbox>
  </object>
  <object>
    <type>robndbox</type>
    <name>driving</name>
    <pose>Unspecified</pose>
    <truncated>0</truncated>
    <difficult>0</difficult>
    <robndbox>
      <cx>803.6391</cx>
      <cy>463.0082</cy>
      <w>512.7102</w>
      <h>125.581</h>
      <angle>3.101593</angle>
    </robndbox>
  </object>
  <object>
    <type>robndbox</type>
    <name>the</name>
    <pose>Unspecified</pose>
    <truncated>0</truncated>
    <difficult>0</difficult>
    <robndbox>
      <cx>1243.4152</cx>
      <cy>461.303</cy>
      <w>238.0782</w>
      <h>119.0336</h>
      <angle>0.07</angle>
    </robndbox>
  </object>
  <object>
    <type>robndbox</type>
    <name>edge</name>
    <pose>Unspecified</pose>
    <truncated>0</truncated>
    <difficult>0</difficult>
    <robndbox>
      <cx>779.4549</cx>
      <cy>616.6485</cy>
      <w>329.5384</w>
      <h>119.3221</h>
      <angle>3.091593</angle>
    </robndbox>
  </object>
</annotation>
