<annotation verified="no">
  <folder>RbWQV3OiRqA</folder>
  <filename>09_frame_00577</filename>
  <path>/home/m_1te16262p/Downloads/annotation/&#23665;&#32291;/annotation/RbWQV3OiRqA/09_frame_00577.jpg</path>
  <source>
    <database>Unknown</database>
  </source>
  <size>
    <width>1920</width>
    <height>1080</height>
    <depth>3</depth>
  </size>
  <segmented>0</segmented>
  <object>
    <type>bndbox</type>
    <name>i</name>
    <pose>Unspecified</pose>
    <truncated>0</truncated>
    <difficult>0</difficult>
    <bndbox>
      <xmin>329</xmin>
      <ymin>62</ymin>
      <xmax>364</xmax>
      <ymax>198</ymax>
    </bndbox>
  </object>
  <object>
    <type>bndbox</type>
    <name>will</name>
    <pose>Unspecified</pose>
    <truncated>0</truncated>
    <difficult>0</difficult>
    <bndbox>
      <xmin>505</xmin>
      <ymin>58</ymin>
      <xmax>964</xmax>
      <ymax>197</ymax>
    </bndbox>
  </object>
  <object>
    <type>bndbox</type>
    <name>lift</name>
    <pose>Unspecified</pose>
    <truncated>0</truncated>
    <difficult>0</difficult>
    <bndbox>
      <xmin>1048</xmin>
      <ymin>53</ymin>
      <xmax>1479</xmax>
      <ymax>195</ymax>
    </bndbox>
  </object>
  <object>
    <type>bndbox</type>
    <name>my</name>
    <pose>Unspecified</pose>
    <truncated>0</truncated>
    <difficult>0</difficult>
    <bndbox>
      <xmin>338</xmin>
      <ymin>259</ymin>
      <xmax>609</xmax>
      <ymax>397</ymax>
    </bndbox>
  </object>
  <object>
    <type>bndbox</type>
    <name>arms</name>
    <pose>Unspecified</pose>
    <truncated>0</truncated>
    <difficult>0</difficult>
    <bndbox>
      <xmin>901</xmin>
      <ymin>258</ymin>
      <xmax>1446</xmax>
      <ymax>399</ymax>
    </bndbox>
  </object>
</annotation>
