<annotation verified="no">
  <folder>RbWQV3OiRqA</folder>
  <filename>00_frame_00865</filename>
  <path>/home/m_1te16262p/Downloads/annotation/&#23665;&#32291;/annotation/RbWQV3OiRqA/00_frame_00865.jpg</path>
  <source>
    <database>Unknown</database>
  </source>
  <size>
    <width>1920</width>
    <height>1080</height>
    <depth>3</depth>
  </size>
  <segmented>0</segmented>
  <object>
    <type>bndbox</type>
    <name>in</name>
    <pose>Unspecified</pose>
    <truncated>0</truncated>
    <difficult>0</difficult>
    <bndbox>
      <xmin>554</xmin>
      <ymin>73</ymin>
      <xmax>719</xmax>
      <ymax>217</ymax>
    </bndbox>
  </object>
  <object>
    <type>bndbox</type>
    <name>every</name>
    <pose>Unspecified</pose>
    <truncated>0</truncated>
    <difficult>0</difficult>
    <bndbox>
      <xmin>857</xmin>
      <ymin>67</ymin>
      <xmax>1449</xmax>
      <ymax>215</ymax>
    </bndbox>
  </object>
  <object>
    <type>bndbox</type>
    <name>moment</name>
    <pose>Unspecified</pose>
    <truncated>0</truncated>
    <difficult>0</difficult>
    <bndbox>
      <xmin>555</xmin>
      <ymin>282</ymin>
      <xmax>1340</xmax>
      <ymax>429</ymax>
    </bndbox>
  </object>
</annotation>
