<annotation verified="no">
  <folder>RbWQV3OiRqA</folder>
  <filename>06_frame_03601</filename>
  <path>/home/m_1te16262p/Downloads/annotation/&#23665;&#32291;/annotation/RbWQV3OiRqA/06_frame_03601.jpg</path>
  <source>
    <database>Unknown</database>
  </source>
  <size>
    <width>1920</width>
    <height>1080</height>
    <depth>3</depth>
  </size>
  <segmented>0</segmented>
  <object>
    <type>bndbox</type>
    <name>let</name>
    <pose>Unspecified</pose>
    <truncated>0</truncated>
    <difficult>0</difficult>
    <bndbox>
      <xmin>561</xmin>
      <ymin>95</ymin>
      <xmax>906</xmax>
      <ymax>234</ymax>
    </bndbox>
  </object>
  <object>
    <type>bndbox</type>
    <name>nothing</name>
    <pose>Unspecified</pose>
    <truncated>0</truncated>
    <difficult>0</difficult>
    <bndbox>
      <xmin>550</xmin>
      <ymin>276</ymin>
      <xmax>1412</xmax>
      <ymax>423</ymax>
    </bndbox>
  </object>
  <object>
    <type>bndbox</type>
    <name>ever</name>
    <pose>Unspecified</pose>
    <truncated>0</truncated>
    <difficult>0</difficult>
    <bndbox>
      <xmin>536</xmin>
      <ymin>468</ymin>
      <xmax>1031</xmax>
      <ymax>605</ymax>
    </bndbox>
  </object>
  <object>
    <type>bndbox</type>
    <name>come</name>
    <pose>Unspecified</pose>
    <truncated>0</truncated>
    <difficult>0</difficult>
    <bndbox>
      <xmin>1094</xmin>
      <ymin>453</ymin>
      <xmax>1645</xmax>
      <ymax>593</ymax>
    </bndbox>
  </object>
  <object>
    <type>bndbox</type>
    <name>before</name>
    <pose>Unspecified</pose>
    <truncated>0</truncated>
    <difficult>0</difficult>
    <bndbox>
      <xmin>535</xmin>
      <ymin>671</ymin>
      <xmax>1319</xmax>
      <ymax>811</ymax>
    </bndbox>
  </object>
</annotation>
