<annotation verified="no">
  <folder>RbWQV3OiRqA</folder>
  <filename>03_frame_00433</filename>
  <path>/home/m_1te16262p/Downloads/annotation/&#23665;&#32291;/annotation/RbWQV3OiRqA/03_frame_00433.jpg</path>
  <source>
    <database>Unknown</database>
  </source>
  <size>
    <width>1920</width>
    <height>1080</height>
    <depth>3</depth>
  </size>
  <segmented>0</segmented>
  <object>
    <type>bndbox</type>
    <name>i</name>
    <pose>Unspecified</pose>
    <truncated>0</truncated>
    <difficult>0</difficult>
    <bndbox>
      <xmin>372</xmin>
      <ymin>151</ymin>
      <xmax>410</xmax>
      <ymax>282</ymax>
    </bndbox>
  </object>
  <object>
    <type>bndbox</type>
    <name>will</name>
    <pose>Unspecified</pose>
    <truncated>0</truncated>
    <difficult>0</difficult>
    <bndbox>
      <xmin>487</xmin>
      <ymin>145</ymin>
      <xmax>968</xmax>
      <ymax>286</ymax>
    </bndbox>
  </object>
  <object>
    <type>robndbox</type>
    <name>bring</name>
    <pose>Unspecified</pose>
    <truncated>0</truncated>
    <difficult>0</difficult>
    <robndbox>
      <cx>704.9828</cx>
      <cy>402.0488</cy>
      <w>657.8782</w>
      <h>144.3009</h>
      <angle>0.05</angle>
    </robndbox>
  </object>
  <object>
    <type>robndbox</type>
    <name>my</name>
    <pose>Unspecified</pose>
    <truncated>0</truncated>
    <difficult>0</difficult>
    <robndbox>
      <cx>521.8699</cx>
      <cy>612.5666</cy>
      <w>253.5574</w>
      <h>128.5185</h>
      <angle>0.04</angle>
    </robndbox>
  </object>
  <object>
    <type>robndbox</type>
    <name>heart</name>
    <pose>Unspecified</pose>
    <truncated>0</truncated>
    <difficult>0</difficult>
    <robndbox>
      <cx>1081.1393</cx>
      <cy>633.7068</cy>
      <w>612.3773</w>
      <h>134.1389</h>
      <angle>0.09</angle>
    </robndbox>
  </object>
</annotation>
