<annotation verified="no">
  <folder>RbWQV3OiRqA</folder>
  <filename>05_frame_04033</filename>
  <path>/home/m_1te16262p/Downloads/annotation/&#23665;&#32291;/annotation/RbWQV3OiRqA/05_frame_04033.jpg</path>
  <source>
    <database>Unknown</database>
  </source>
  <size>
    <width>1920</width>
    <height>1080</height>
    <depth>3</depth>
  </size>
  <segmented>0</segmented>
  <object>
    <type>bndbox</type>
    <name>let</name>
    <pose>Unspecified</pose>
    <truncated>0</truncated>
    <difficult>0</difficult>
    <bndbox>
      <xmin>567</xmin>
      <ymin>94</ymin>
      <xmax>910</xmax>
      <ymax>234</ymax>
    </bndbox>
  </object>
  <object>
    <type>bndbox</type>
    <name>nothing</name>
    <pose>Unspecified</pose>
    <truncated>0</truncated>
    <difficult>0</difficult>
    <bndbox>
      <xmin>557</xmin>
      <ymin>290</ymin>
      <xmax>1420</xmax>
      <ymax>434</ymax>
    </bndbox>
  </object>
  <object>
    <type>bndbox</type>
    <name>ever</name>
    <pose>Unspecified</pose>
    <truncated>0</truncated>
    <difficult>0</difficult>
    <bndbox>
      <xmin>542</xmin>
      <ymin>469</ymin>
      <xmax>1036</xmax>
      <ymax>602</ymax>
    </bndbox>
  </object>
  <object>
    <type>bndbox</type>
    <name>come</name>
    <pose>Unspecified</pose>
    <truncated>0</truncated>
    <difficult>0</difficult>
    <bndbox>
      <xmin>1101</xmin>
      <ymin>443</ymin>
      <xmax>1653</xmax>
      <ymax>590</ymax>
    </bndbox>
  </object>
  <object>
    <type>bndbox</type>
    <name>before</name>
    <pose>Unspecified</pose>
    <truncated>0</truncated>
    <difficult>0</difficult>
    <bndbox>
      <xmin>541</xmin>
      <ymin>671</ymin>
      <xmax>1325</xmax>
      <ymax>811</ymax>
    </bndbox>
  </object>
</annotation>
