<annotation verified="no">
  <folder>RbWQV3OiRqA</folder>
  <filename>08_frame_00505</filename>
  <path>/home/m_1te16262p/Downloads/annotation/&#23665;&#32291;/annotation/RbWQV3OiRqA/08_frame_00505.jpg</path>
  <source>
    <database>Unknown</database>
  </source>
  <size>
    <width>1920</width>
    <height>1080</height>
    <depth>3</depth>
  </size>
  <segmented>0</segmented>
  <object>
    <type>bndbox</type>
    <name>cares</name>
    <pose>Unspecified</pose>
    <truncated>0</truncated>
    <difficult>0</difficult>
    <bndbox>
      <xmin>810</xmin>
      <ymin>501</ymin>
      <xmax>1466</xmax>
      <ymax>638</ymax>
    </bndbox>
  </object>
  <object>
    <type>robndbox</type>
    <name>before</name>
    <pose>Unspecified</pose>
    <truncated>0</truncated>
    <difficult>0</difficult>
    <robndbox>
      <cx>827.2286</cx>
      <cy>197.3294</cy>
      <w>797.0607</w>
      <h>143.7706</h>
      <angle>0.02</angle>
    </robndbox>
  </object>
  <object>
    <type>robndbox</type>
    <name>i</name>
    <pose>Unspecified</pose>
    <truncated>0</truncated>
    <difficult>0</difficult>
    <robndbox>
      <cx>453.6701</cx>
      <cy>376.4632</cy>
      <w>32.9155</w>
      <h>133.1166</h>
      <angle>0.03</angle>
    </robndbox>
  </object>
  <object>
    <type>robndbox</type>
    <name>lift</name>
    <pose>Unspecified</pose>
    <truncated>0</truncated>
    <difficult>0</difficult>
    <robndbox>
      <cx>974.0282</cx>
      <cy>395.8528</cy>
      <w>523.9548</w>
      <h>148.6317</h>
      <angle>0.03</angle>
    </robndbox>
  </object>
  <object>
    <type>robndbox</type>
    <name>my</name>
    <pose>Unspecified</pose>
    <truncated>0</truncated>
    <difficult>0</difficult>
    <robndbox>
      <cx>575.5569</cx>
      <cy>569.661</cy>
      <w>279.2599</w>
      <h>139.4613</h>
      <angle>0.06</angle>
    </robndbox>
  </object>
</annotation>
