<annotation verified="no">
  <folder>RbWQV3OiRqA</folder>
  <filename>02_frame_03673</filename>
  <path>/home/m_1te16262p/Downloads/annotation/&#23665;&#32291;/annotation/RbWQV3OiRqA/02_frame_03673.jpg</path>
  <source>
    <database>Unknown</database>
  </source>
  <size>
    <width>1920</width>
    <height>1080</height>
    <depth>3</depth>
  </size>
  <segmented>0</segmented>
  <object>
    <type>bndbox</type>
    <name>let</name>
    <pose>Unspecified</pose>
    <truncated>0</truncated>
    <difficult>0</difficult>
    <bndbox>
      <xmin>558</xmin>
      <ymin>97</ymin>
      <xmax>901</xmax>
      <ymax>236</ymax>
    </bndbox>
  </object>
  <object>
    <type>bndbox</type>
    <name>nothing</name>
    <pose>Unspecified</pose>
    <truncated>0</truncated>
    <difficult>0</difficult>
    <bndbox>
      <xmin>546</xmin>
      <ymin>290</ymin>
      <xmax>1409</xmax>
      <ymax>434</ymax>
    </bndbox>
  </object>
  <object>
    <type>bndbox</type>
    <name>ever</name>
    <pose>Unspecified</pose>
    <truncated>0</truncated>
    <difficult>0</difficult>
    <bndbox>
      <xmin>533</xmin>
      <ymin>468</ymin>
      <xmax>1027</xmax>
      <ymax>599</ymax>
    </bndbox>
  </object>
  <object>
    <type>bndbox</type>
    <name>come</name>
    <pose>Unspecified</pose>
    <truncated>0</truncated>
    <difficult>0</difficult>
    <bndbox>
      <xmin>1089</xmin>
      <ymin>443</ymin>
      <xmax>1642</xmax>
      <ymax>588</ymax>
    </bndbox>
  </object>
  <object>
    <type>bndbox</type>
    <name>before</name>
    <pose>Unspecified</pose>
    <truncated>0</truncated>
    <difficult>0</difficult>
    <bndbox>
      <xmin>531</xmin>
      <ymin>671</ymin>
      <xmax>1315</xmax>
      <ymax>808</ymax>
    </bndbox>
  </object>
</annotation>
