<annotation verified="no">
  <folder>RbWQV3OiRqA</folder>
  <filename>01_frame_02377</filename>
  <path>/home/m_1te16262p/Downloads/annotation/&#23665;&#32291;/annotation/RbWQV3OiRqA/01_frame_02377.jpg</path>
  <source>
    <database>Unknown</database>
  </source>
  <size>
    <width>1920</width>
    <height>1080</height>
    <depth>3</depth>
  </size>
  <segmented>0</segmented>
  <object>
    <type>bndbox</type>
    <name>in</name>
    <pose>Unspecified</pose>
    <truncated>0</truncated>
    <difficult>0</difficult>
    <bndbox>
      <xmin>557</xmin>
      <ymin>72</ymin>
      <xmax>722</xmax>
      <ymax>217</ymax>
    </bndbox>
  </object>
  <object>
    <type>bndbox</type>
    <name>every</name>
    <pose>Unspecified</pose>
    <truncated>0</truncated>
    <difficult>0</difficult>
    <bndbox>
      <xmin>858</xmin>
      <ymin>66</ymin>
      <xmax>1453</xmax>
      <ymax>216</ymax>
    </bndbox>
  </object>
  <object>
    <type>bndbox</type>
    <name>moment</name>
    <pose>Unspecified</pose>
    <truncated>0</truncated>
    <difficult>0</difficult>
    <bndbox>
      <xmin>558</xmin>
      <ymin>282</ymin>
      <xmax>1344</xmax>
      <ymax>429</ymax>
    </bndbox>
  </object>
</annotation>
