<annotation verified="no">
  <folder>RbmS3tQJ7Os</folder>
  <filename>02_frame_01441</filename>
  <path>/home/uchidalab/&#12487;&#12473;&#12463;&#12488;&#12483;&#12503;/&#24029;&#19978; (1)/&#24029;&#19978;/annotation/RbmS3tQJ7Os/02_frame_01441.jpg</path>
  <source>
    <database>Unknown</database>
  </source>
  <size>
    <width>1920</width>
    <height>1080</height>
    <depth>3</depth>
  </size>
  <segmented>0</segmented>
  <object>
    <type>robndbox</type>
    <name>if</name>
    <pose>Unspecified</pose>
    <truncated>0</truncated>
    <difficult>0</difficult>
    <robndbox>
      <cx>208.0606</cx>
      <cy>557.3788</cy>
      <w>118.0</w>
      <h>137.0</h>
      <angle>0.0</angle>
    </robndbox>
  </object>
  <object>
    <type>robndbox</type>
    <name>i</name>
    <pose>Unspecified</pose>
    <truncated>0</truncated>
    <difficult>0</difficult>
    <robndbox>
      <cx>313.5606</cx>
      <cy>522.3788</cy>
      <w>49.0</w>
      <h>111.0</h>
      <angle>0.0</angle>
    </robndbox>
  </object>
  <object>
    <type>robndbox</type>
    <name>dont</name>
    <pose>Unspecified</pose>
    <truncated>0</truncated>
    <difficult>0</difficult>
    <robndbox>
      <cx>557.0606</cx>
      <cy>553.3788</cy>
      <w>398.0</w>
      <h>139.0</h>
      <angle>0.0</angle>
    </robndbox>
  </object>
  <object>
    <type>robndbox</type>
    <name>get</name>
    <pose>Unspecified</pose>
    <truncated>0</truncated>
    <difficult>0</difficult>
    <robndbox>
      <cx>909.0606</cx>
      <cy>569.8788</cy>
      <w>236.0</w>
      <h>144.0</h>
      <angle>0.0</angle>
    </robndbox>
  </object>
  <object>
    <type>robndbox</type>
    <name>some</name>
    <pose>Unspecified</pose>
    <truncated>0</truncated>
    <difficult>0</difficult>
    <robndbox>
      <cx>1245.5606</cx>
      <cy>558.8788</cy>
      <w>375.0</w>
      <h>144.0</h>
      <angle>0.0</angle>
    </robndbox>
  </object>
  <object>
    <type>robndbox</type>
    <name>shelter</name>
    <pose>Unspecified</pose>
    <truncated>0</truncated>
    <difficult>0</difficult>
    <robndbox>
      <cx>1695.0303</cx>
      <cy>507.359</cy>
      <w>449.9394</w>
      <h>118.9605</h>
      <angle>0.0</angle>
    </robndbox>
  </object>
</annotation>
