<annotation verified="no">
  <folder>RbmS3tQJ7Os</folder>
  <filename>05_frame_02953</filename>
  <path>/home/uchidalab/&#12487;&#12473;&#12463;&#12488;&#12483;&#12503;/&#24029;&#19978; (1)/&#24029;&#19978;/annotation/RbmS3tQJ7Os/05_frame_02953.jpg</path>
  <source>
    <database>Unknown</database>
  </source>
  <size>
    <width>1920</width>
    <height>1080</height>
    <depth>3</depth>
  </size>
  <segmented>0</segmented>
  <object>
    <type>robndbox</type>
    <name>its</name>
    <pose>Unspecified</pose>
    <truncated>0</truncated>
    <difficult>0</difficult>
    <robndbox>
      <cx>560.7031</cx>
      <cy>302.3581</cy>
      <w>537.5237</w>
      <h>288.9267</h>
      <angle>3.061593</angle>
    </robndbox>
  </object>
  <object>
    <type>robndbox</type>
    <name>just</name>
    <pose>Unspecified</pose>
    <truncated>0</truncated>
    <difficult>0</difficult>
    <robndbox>
      <cx>1270.8052</cx>
      <cy>227.4945</cy>
      <w>723.4479</w>
      <h>289.3801</h>
      <angle>3.051593</angle>
    </robndbox>
  </object>
  <object>
    <type>robndbox</type>
    <name>a</name>
    <pose>Unspecified</pose>
    <truncated>0</truncated>
    <difficult>0</difficult>
    <robndbox>
      <cx>542.5757</cx>
      <cy>615.9367</cy>
      <w>231.9313</w>
      <h>272.0588</h>
      <angle>2.921593</angle>
    </robndbox>
  </object>
  <object>
    <type>robndbox</type>
    <name>shot</name>
    <pose>Unspecified</pose>
    <truncated>0</truncated>
    <difficult>0</difficult>
    <robndbox>
      <cx>1143.8448</cx>
      <cy>541.076</cy>
      <w>816.3859</w>
      <h>284.7105</h>
      <angle>3.021593</angle>
    </robndbox>
  </object>
  <object>
    <type>robndbox</type>
    <name>away</name>
    <pose>Unspecified</pose>
    <truncated>0</truncated>
    <difficult>0</difficult>
    <robndbox>
      <cx>984.847</cx>
      <cy>859.953</cy>
      <w>825.883</w>
      <h>281.4608</h>
      <angle>3.011593</angle>
    </robndbox>
  </object>
</annotation>
