<annotation verified="no">
  <folder>RbmS3tQJ7Os</folder>
  <filename>08_frame_05329</filename>
  <path>/home/uchidalab/&#12487;&#12473;&#12463;&#12488;&#12483;&#12503;/&#24029;&#19978; (1)/&#24029;&#19978;/annotation/RbmS3tQJ7Os/08_frame_05329.jpg</path>
  <source>
    <database>Unknown</database>
  </source>
  <size>
    <width>1920</width>
    <height>1080</height>
    <depth>3</depth>
  </size>
  <segmented>0</segmented>
  <object>
    <type>robndbox</type>
    <name>its</name>
    <pose>Unspecified</pose>
    <truncated>0</truncated>
    <difficult>0</difficult>
    <robndbox>
      <cx>558.9882</cx>
      <cy>298.3244</cy>
      <w>533.6566</w>
      <h>282.0686</h>
      <angle>3.051593</angle>
    </robndbox>
  </object>
  <object>
    <type>robndbox</type>
    <name>just</name>
    <pose>Unspecified</pose>
    <truncated>0</truncated>
    <difficult>0</difficult>
    <robndbox>
      <cx>1275.9504</cx>
      <cy>221.4559</cy>
      <w>727.8957</w>
      <h>276.2846</h>
      <angle>3.001593</angle>
    </robndbox>
  </object>
  <object>
    <type>robndbox</type>
    <name>a</name>
    <pose>Unspecified</pose>
    <truncated>0</truncated>
    <difficult>0</difficult>
    <robndbox>
      <cx>541.9049</cx>
      <cy>616.2892</cy>
      <w>222.4897</w>
      <h>271.3729</h>
      <angle>2.961593</angle>
    </robndbox>
  </object>
  <object>
    <type>robndbox</type>
    <name>shot</name>
    <pose>Unspecified</pose>
    <truncated>0</truncated>
    <difficult>0</difficult>
    <robndbox>
      <cx>1142.6471</cx>
      <cy>536.9654</cy>
      <w>817.4625</w>
      <h>285.9919</h>
      <angle>3.041593</angle>
    </robndbox>
  </object>
  <object>
    <type>robndbox</type>
    <name>away</name>
    <pose>Unspecified</pose>
    <truncated>0</truncated>
    <difficult>0</difficult>
    <robndbox>
      <cx>986.0442</cx>
      <cy>861.2567</cy>
      <w>834.4492</w>
      <h>272.8853</h>
      <angle>3.011593</angle>
    </robndbox>
  </object>
</annotation>
