<annotation verified="no">
  <folder>RbmS3tQJ7Os</folder>
  <filename>07_frame_04537</filename>
  <path>/home/uchidalab/&#12487;&#12473;&#12463;&#12488;&#12483;&#12503;/&#24029;&#19978; (1)/&#24029;&#19978;/annotation/RbmS3tQJ7Os/07_frame_04537.jpg</path>
  <source>
    <database>Unknown</database>
  </source>
  <size>
    <width>1920</width>
    <height>1080</height>
    <depth>3</depth>
  </size>
  <segmented>0</segmented>
  <object>
    <type>robndbox</type>
    <name>its</name>
    <pose>Unspecified</pose>
    <truncated>0</truncated>
    <difficult>0</difficult>
    <robndbox>
      <cx>561.0006</cx>
      <cy>304.2865</cy>
      <w>530.7784</w>
      <h>287.3173</h>
      <angle>3.061593</angle>
    </robndbox>
  </object>
  <object>
    <type>robndbox</type>
    <name>just</name>
    <pose>Unspecified</pose>
    <truncated>0</truncated>
    <difficult>0</difficult>
    <robndbox>
      <cx>1278.1878</cx>
      <cy>219.1686</cy>
      <w>733.8377</w>
      <h>285.4482</h>
      <angle>2.991593</angle>
    </robndbox>
  </object>
  <object>
    <type>robndbox</type>
    <name>a</name>
    <pose>Unspecified</pose>
    <truncated>0</truncated>
    <difficult>0</difficult>
    <robndbox>
      <cx>542.1838</cx>
      <cy>616.3977</cy>
      <w>222.8559</w>
      <h>271.2447</h>
      <angle>2.971593</angle>
    </robndbox>
  </object>
  <object>
    <type>robndbox</type>
    <name>shot</name>
    <pose>Unspecified</pose>
    <truncated>0</truncated>
    <difficult>0</difficult>
    <robndbox>
      <cx>1143.5349</cx>
      <cy>537.8839</cy>
      <w>814.7424</w>
      <h>280.263</h>
      <angle>3.031593</angle>
    </robndbox>
  </object>
  <object>
    <type>robndbox</type>
    <name>away</name>
    <pose>Unspecified</pose>
    <truncated>0</truncated>
    <difficult>0</difficult>
    <robndbox>
      <cx>982.1941</cx>
      <cy>858.9215</cy>
      <w>819.2372</w>
      <h>282.2661</h>
      <angle>3.011593</angle>
    </robndbox>
  </object>
</annotation>
