<annotation verified="no">
  <folder>RbmS3tQJ7Os</folder>
  <filename>09_frame_05041</filename>
  <path>/home/uchidalab/&#12487;&#12473;&#12463;&#12488;&#12483;&#12503;/&#24029;&#19978; (1)/&#24029;&#19978;/annotation/RbmS3tQJ7Os/09_frame_05041.jpg</path>
  <source>
    <database>Unknown</database>
  </source>
  <size>
    <width>1920</width>
    <height>1080</height>
    <depth>3</depth>
  </size>
  <segmented>0</segmented>
  <object>
    <type>robndbox</type>
    <name>or</name>
    <pose>Unspecified</pose>
    <truncated>0</truncated>
    <difficult>0</difficult>
    <robndbox>
      <cx>136.0606</cx>
      <cy>662.8788</cy>
      <w>200.0</w>
      <h>136.0</h>
      <angle>0.0</angle>
    </robndbox>
  </object>
  <object>
    <type>robndbox</type>
    <name>im</name>
    <pose>Unspecified</pose>
    <truncated>0</truncated>
    <difficult>0</difficult>
    <robndbox>
      <cx>363.0606</cx>
      <cy>643.3788</cy>
      <w>198.0</w>
      <h>127.0</h>
      <angle>0.0</angle>
    </robndbox>
  </object>
  <object>
    <type>robndbox</type>
    <name>gonna</name>
    <pose>Unspecified</pose>
    <truncated>0</truncated>
    <difficult>0</difficult>
    <robndbox>
      <cx>698.5606</cx>
      <cy>672.3788</cy>
      <w>437.0</w>
      <h>129.0</h>
      <angle>0.0</angle>
    </robndbox>
  </object>
  <object>
    <type>robndbox</type>
    <name>fade</name>
    <pose>Unspecified</pose>
    <truncated>0</truncated>
    <difficult>0</difficult>
    <robndbox>
      <cx>1113.0606</cx>
      <cy>700.3788</cy>
      <w>326.0</w>
      <h>133.0</h>
      <angle>0.0</angle>
    </robndbox>
  </object>
  <object>
    <type>robndbox</type>
    <name>away</name>
    <pose>Unspecified</pose>
    <truncated>0</truncated>
    <difficult>0</difficult>
    <robndbox>
      <cx>1467.5606</cx>
      <cy>732.8788</cy>
      <w>371.0</w>
      <h>132.0</h>
      <angle>0.0</angle>
    </robndbox>
  </object>
</annotation>
