<annotation verified="no">
  <folder>RbmS3tQJ7Os</folder>
  <filename>04_frame_02737</filename>
  <path>/home/uchidalab/&#12487;&#12473;&#12463;&#12488;&#12483;&#12503;/&#24029;&#19978; (1)/&#24029;&#19978;/annotation/RbmS3tQJ7Os/04_frame_02737.jpg</path>
  <source>
    <database>Unknown</database>
  </source>
  <size>
    <width>1920</width>
    <height>1080</height>
    <depth>3</depth>
  </size>
  <segmented>0</segmented>
  <object>
    <type>robndbox</type>
    <name>its</name>
    <pose>Unspecified</pose>
    <truncated>0</truncated>
    <difficult>0</difficult>
    <robndbox>
      <cx>583.0083</cx>
      <cy>299.4423</cy>
      <w>539.2359</w>
      <h>276.086</h>
      <angle>3.041593</angle>
    </robndbox>
  </object>
  <object>
    <type>robndbox</type>
    <name>just</name>
    <pose>Unspecified</pose>
    <truncated>0</truncated>
    <difficult>0</difficult>
    <robndbox>
      <cx>1288.4252</cx>
      <cy>217.6277</cy>
      <w>723.5293</w>
      <h>296.7329</h>
      <angle>3.051593</angle>
    </robndbox>
  </object>
  <object>
    <type>robndbox</type>
    <name>a</name>
    <pose>Unspecified</pose>
    <truncated>0</truncated>
    <difficult>0</difficult>
    <robndbox>
      <cx>561.9714</cx>
      <cy>609.3197</cy>
      <w>205.5045</w>
      <h>274.5583</h>
      <angle>3.011593</angle>
    </robndbox>
  </object>
  <object>
    <type>robndbox</type>
    <name>shot</name>
    <pose>Unspecified</pose>
    <truncated>0</truncated>
    <difficult>0</difficult>
    <robndbox>
      <cx>1166.4593</cx>
      <cy>536.073</cy>
      <w>822.6364</w>
      <h>293.7292</h>
      <angle>3.041593</angle>
    </robndbox>
  </object>
  <object>
    <type>robndbox</type>
    <name>away</name>
    <pose>Unspecified</pose>
    <truncated>0</truncated>
    <difficult>0</difficult>
    <robndbox>
      <cx>1001.7887</cx>
      <cy>855.5771</cy>
      <w>826.1293</w>
      <h>283.1205</h>
      <angle>2.991593</angle>
    </robndbox>
  </object>
</annotation>
