<annotation verified="no">
  <folder>RbmS3tQJ7Os</folder>
  <filename>01_frame_02449</filename>
  <path>/home/uchidalab/&#12487;&#12473;&#12463;&#12488;&#12483;&#12503;/&#24029;&#19978; (1)/&#24029;&#19978;/annotation/RbmS3tQJ7Os/01_frame_02449.jpg</path>
  <source>
    <database>Unknown</database>
  </source>
  <size>
    <width>1920</width>
    <height>1080</height>
    <depth>3</depth>
  </size>
  <segmented>0</segmented>
  <object>
    <type>robndbox</type>
    <name>like</name>
    <pose>Unspecified</pose>
    <truncated>0</truncated>
    <difficult>0</difficult>
    <robndbox>
      <cx>273.5606</cx>
      <cy>774.8788</cy>
      <w>265.0</w>
      <h>134.0</h>
      <angle>0.0</angle>
    </robndbox>
  </object>
  <object>
    <type>robndbox</type>
    <name>a</name>
    <pose>Unspecified</pose>
    <truncated>0</truncated>
    <difficult>0</difficult>
    <robndbox>
      <cx>481.5606</cx>
      <cy>769.8788</cy>
      <w>91.0</w>
      <h>120.0</h>
      <angle>0.0</angle>
    </robndbox>
  </object>
  <object>
    <type>robndbox</type>
    <name>red</name>
    <pose>Unspecified</pose>
    <truncated>0</truncated>
    <difficult>0</difficult>
    <robndbox>
      <cx>701.0606</cx>
      <cy>754.3788</cy>
      <w>256.0</w>
      <h>123.0</h>
      <angle>0.0</angle>
    </robndbox>
  </object>
  <object>
    <type>robndbox</type>
    <name>coat</name>
    <pose>Unspecified</pose>
    <truncated>0</truncated>
    <difficult>0</difficult>
    <robndbox>
      <cx>1036.0606</cx>
      <cy>757.3788</cy>
      <w>344.0</w>
      <h>131.0</h>
      <angle>0.0</angle>
    </robndbox>
  </object>
  <object>
    <type>robndbox</type>
    <name>carpet</name>
    <pose>Unspecified</pose>
    <truncated>0</truncated>
    <difficult>0</difficult>
    <robndbox>
      <cx>1482.5606</cx>
      <cy>772.8788</cy>
      <w>505.0</w>
      <h>134.0</h>
      <angle>0.0</angle>
    </robndbox>
  </object>
</annotation>
