<annotation verified="no">
  <folder>pwGS4Yn5qLo</folder>
  <filename>09_frame_02953</filename>
  <path>/Users/KengoAraki/Desktop/annotation_&#21407;&#21475;/annotation/pwGS4Yn5qLo/09_frame_02953.jpg</path>
  <source>
    <database>Unknown</database>
  </source>
  <size>
    <width>1920</width>
    <height>1080</height>
    <depth>3</depth>
  </size>
  <segmented>0</segmented>
  <object>
    <type>robndbox</type>
    <name>so</name>
    <pose>Unspecified</pose>
    <truncated>0</truncated>
    <difficult>0</difficult>
    <robndbox>
      <cx>334.859</cx>
      <cy>351.5332</cy>
      <w>148.504</w>
      <h>77.1895</h>
      <angle>3.101593</angle>
    </robndbox>
  </object>
  <object>
    <type>robndbox</type>
    <name>doesnt</name>
    <pose>Unspecified</pose>
    <truncated>0</truncated>
    <difficult>0</difficult>
    <robndbox>
      <cx>675.5082</cx>
      <cy>354.5</cy>
      <w>450.0</w>
      <h>85.0</h>
      <angle>0.0</angle>
    </robndbox>
  </object>
  <object>
    <type>robndbox</type>
    <name>even</name>
    <pose>Unspecified</pose>
    <truncated>0</truncated>
    <difficult>0</difficult>
    <robndbox>
      <cx>1075.5082</cx>
      <cy>361.5</cy>
      <w>248.0</w>
      <h>75.0</h>
      <angle>3.131593</angle>
    </robndbox>
  </object>
  <object>
    <type>robndbox</type>
    <name>matter</name>
    <pose>Unspecified</pose>
    <truncated>0</truncated>
    <difficult>0</difficult>
    <robndbox>
      <cx>1475.5082</cx>
      <cy>371.0</cy>
      <w>444.0</w>
      <h>88.0</h>
      <angle>0.0</angle>
    </robndbox>
  </object>
  <object>
    <type>robndbox</type>
    <name>what</name>
    <pose>Unspecified</pose>
    <truncated>0</truncated>
    <difficult>0</difficult>
    <robndbox>
      <cx>681.0082</cx>
      <cy>452.5</cy>
      <w>285.0</w>
      <h>87.0</h>
      <angle>0.0</angle>
    </robndbox>
  </object>
  <object>
    <type>robndbox</type>
    <name>they</name>
    <pose>Unspecified</pose>
    <truncated>0</truncated>
    <difficult>0</difficult>
    <robndbox>
      <cx>1019.0082</cx>
      <cy>462.5</cy>
      <w>285.0</w>
      <h>87.0</h>
      <angle>0.0</angle>
    </robndbox>
  </object>
  <object>
    <type>robndbox</type>
    <name>say</name>
    <pose>Unspecified</pose>
    <truncated>0</truncated>
    <difficult>0</difficult>
    <robndbox>
      <cx>1303.5082</cx>
      <cy>472.0</cy>
      <w>208.0</w>
      <h>80.0</h>
      <angle>0.0</angle>
    </robndbox>
  </object>
</annotation>
