<annotation verified="no">
  <folder>pwGS4Yn5qLo</folder>
  <filename>05_frame_01369</filename>
  <path>/Users/KengoAraki/Desktop/annotation_&#21407;&#21475;/annotation/pwGS4Yn5qLo/05_frame_01369.jpg</path>
  <source>
    <database>Unknown</database>
  </source>
  <size>
    <width>1920</width>
    <height>1080</height>
    <depth>3</depth>
  </size>
  <segmented>0</segmented>
  <object>
    <type>robndbox</type>
    <name>they</name>
    <pose>Unspecified</pose>
    <truncated>0</truncated>
    <difficult>0</difficult>
    <robndbox>
      <cx>424.5789</cx>
      <cy>207.9332</cy>
      <w>197.5509</w>
      <h>76.6884</h>
      <angle>0.09</angle>
    </robndbox>
  </object>
  <object>
    <type>robndbox</type>
    <name>dont</name>
    <pose>Unspecified</pose>
    <truncated>0</truncated>
    <difficult>0</difficult>
    <robndbox>
      <cx>667.9718</cx>
      <cy>233.6938</cy>
      <w>217.2275</w>
      <h>69.4209</h>
      <angle>0.1</angle>
    </robndbox>
  </object>
  <object>
    <type>robndbox</type>
    <name>know</name>
    <pose>Unspecified</pose>
    <truncated>0</truncated>
    <difficult>0</difficult>
    <robndbox>
      <cx>911.1729</cx>
      <cy>259.7567</cy>
      <w>203.0163</w>
      <h>72.0518</h>
      <angle>0.09</angle>
    </robndbox>
  </object>
  <object>
    <type>robndbox</type>
    <name>nothing</name>
    <pose>Unspecified</pose>
    <truncated>0</truncated>
    <difficult>0</difficult>
    <robndbox>
      <cx>1213.5962</cx>
      <cy>292.728</cy>
      <w>326.1457</w>
      <h>69.6808</h>
      <angle>0.1</angle>
    </robndbox>
  </object>
  <object>
    <type>robndbox</type>
    <name>bout</name>
    <pose>Unspecified</pose>
    <truncated>0</truncated>
    <difficult>0</difficult>
    <robndbox>
      <cx>549.8885</cx>
      <cy>357.8106</cy>
      <w>187.44</w>
      <h>68.985</h>
      <angle>0.06</angle>
    </robndbox>
  </object>
  <object>
    <type>robndbox</type>
    <name>what</name>
    <pose>Unspecified</pose>
    <truncated>0</truncated>
    <difficult>0</difficult>
    <robndbox>
      <cx>783.4861</cx>
      <cy>371.0585</cy>
      <w>208.2976</w>
      <h>68.7309</h>
      <angle>0.06</angle>
    </robndbox>
  </object>
  <object>
    <type>robndbox</type>
    <name>we</name>
    <pose>Unspecified</pose>
    <truncated>0</truncated>
    <difficult>0</difficult>
    <robndbox>
      <cx>976.7133</cx>
      <cy>383.3407</cy>
      <w>108.0396</w>
      <h>70.9679</h>
      <angle>0.06</angle>
    </robndbox>
  </object>
  <object>
    <type>robndbox</type>
    <name>have</name>
    <pose>Unspecified</pose>
    <truncated>0</truncated>
    <difficult>0</difficult>
    <robndbox>
      <cx>1158.4054</cx>
      <cy>393.0941</cy>
      <w>180.3461</w>
      <h>69.6222</h>
      <angle>0.08</angle>
    </robndbox>
  </object>
  <object>
    <type>robndbox</type>
    <name>we</name>
    <pose>Unspecified</pose>
    <truncated>0</truncated>
    <difficult>0</difficult>
    <robndbox>
      <cx>730.5082</cx>
      <cy>489.0</cy>
      <w>108.0</w>
      <h>70.0</h>
      <angle>0.0</angle>
    </robndbox>
  </object>
  <object>
    <type>robndbox</type>
    <name>have</name>
    <pose>Unspecified</pose>
    <truncated>0</truncated>
    <difficult>0</difficult>
    <robndbox>
      <cx>915.5273</cx>
      <cy>489.3977</cy>
      <w>180.1376</w>
      <h>69.8327</h>
      <angle>0.03</angle>
    </robndbox>
  </object>
</annotation>
