<annotation verified="no">
  <folder>pwGS4Yn5qLo</folder>
  <filename>07_frame_01081</filename>
  <path>/Users/KengoAraki/Desktop/annotation_&#21407;&#21475;/annotation/pwGS4Yn5qLo/07_frame_01081.jpg</path>
  <source>
    <database>Unknown</database>
  </source>
  <size>
    <width>1920</width>
    <height>1080</height>
    <depth>3</depth>
  </size>
  <segmented>0</segmented>
  <object>
    <type>robndbox</type>
    <name>dont</name>
    <pose>Unspecified</pose>
    <truncated>0</truncated>
    <difficult>0</difficult>
    <robndbox>
      <cx>406.5199</cx>
      <cy>602.9315</cy>
      <w>267.7981</w>
      <h>78.2049</h>
      <angle>0.03</angle>
    </robndbox>
  </object>
  <object>
    <type>robndbox</type>
    <name>stress</name>
    <pose>Unspecified</pose>
    <truncated>0</truncated>
    <difficult>0</difficult>
    <robndbox>
      <cx>742.6272</cx>
      <cy>615.4403</cy>
      <w>348.3397</w>
      <h>80.707</h>
      <angle>0.03</angle>
    </robndbox>
  </object>
  <object>
    <type>robndbox</type>
    <name>dont</name>
    <pose>Unspecified</pose>
    <truncated>0</truncated>
    <difficult>0</difficult>
    <robndbox>
      <cx>453.0362</cx>
      <cy>735.3048</cy>
      <w>271.4616</w>
      <h>76.8347</h>
      <angle>3.121593</angle>
    </robndbox>
  </object>
  <object>
    <type>robndbox</type>
    <name>stress</name>
    <pose>Unspecified</pose>
    <truncated>0</truncated>
    <difficult>0</difficult>
    <robndbox>
      <cx>791.4558</cx>
      <cy>724.6785</cy>
      <w>347.9482</w>
      <h>77.1146</h>
      <angle>3.111593</angle>
    </robndbox>
  </object>
  <object>
    <type>robndbox</type>
    <name>no</name>
    <pose>Unspecified</pose>
    <truncated>0</truncated>
    <difficult>0</difficult>
    <robndbox>
      <cx>1442.5082</cx>
      <cy>217.0</cy>
      <w>116.0</w>
      <h>72.0</h>
      <angle>0.06</angle>
    </robndbox>
  </object>
  <object>
    <type>robndbox</type>
    <name>one</name>
    <pose>Unspecified</pose>
    <truncated>0</truncated>
    <difficult>0</difficult>
    <robndbox>
      <cx>1613.3317</cx>
      <cy>232.5129</cy>
      <w>165.9973</w>
      <h>68.7638</h>
      <angle>0.05</angle>
    </robndbox>
  </object>
  <object>
    <type>robndbox</type>
    <name>what</name>
    <pose>Unspecified</pose>
    <truncated>0</truncated>
    <difficult>0</difficult>
    <robndbox>
      <cx>1502.8644</cx>
      <cy>322.8327</cy>
      <w>233.9325</w>
      <h>60.6139</h>
      <angle>0.1</angle>
    </robndbox>
  </object>
  <object>
    <type>robndbox</type>
    <name>goes</name>
    <pose>Unspecified</pose>
    <truncated>0</truncated>
    <difficult>0</difficult>
    <robndbox>
      <cx>1753.9058</cx>
      <cy>354.121</cy>
      <w>228.9352</w>
      <h>66.1239</h>
      <angle>0.12</angle>
    </robndbox>
  </object>
  <object>
    <type>robndbox</type>
    <name>in</name>
    <pose>Unspecified</pose>
    <truncated>0</truncated>
    <difficult>0</difficult>
    <robndbox>
      <cx>1437.77</cx>
      <cy>410.9094</cy>
      <w>79.6916</w>
      <h>67.5771</h>
      <angle>0.180408</angle>
    </robndbox>
  </object>
  <object>
    <type>robndbox</type>
    <name>our</name>
    <pose>Unspecified</pose>
    <truncated>0</truncated>
    <difficult>0</difficult>
    <robndbox>
      <cx>1581.5698</cx>
      <cy>439.0604</cy>
      <w>161.0235</w>
      <h>63.9826</h>
      <angle>0.18</angle>
    </robndbox>
  </object>
  <object>
    <type>robndbox</type>
    <name>our</name>
    <pose>Unspecified</pose>
    <truncated>0</truncated>
    <difficult>0</difficult>
    <robndbox>
      <cx>1512.8543</cx>
      <cy>536.8546</cy>
      <w>156.6614</w>
      <h>64.9304</h>
      <angle>0.12</angle>
    </robndbox>
  </object>
  <object>
    <type>robndbox</type>
    <name>heads</name>
    <pose>Unspecified</pose>
    <truncated>0</truncated>
    <difficult>0</difficult>
    <robndbox>
      <cx>1745.9098</cx>
      <cy>561.9157</cy>
      <w>248.864</w>
      <h>74.1009</h>
      <angle>0.09</angle>
    </robndbox>
  </object>
</annotation>
