<annotation verified="no">
  <folder>pwGS4Yn5qLo</folder>
  <filename>01_frame_01225</filename>
  <path>/Users/KengoAraki/Desktop/annotation_&#21407;&#21475;/annotation/pwGS4Yn5qLo/01_frame_01225.jpg</path>
  <source>
    <database>Unknown</database>
  </source>
  <size>
    <width>1920</width>
    <height>1080</height>
    <depth>3</depth>
  </size>
  <segmented>0</segmented>
  <object>
    <type>robndbox</type>
    <name>we</name>
    <pose>Unspecified</pose>
    <truncated>0</truncated>
    <difficult>0</difficult>
    <robndbox>
      <cx>801.598</cx>
      <cy>550.1767</cy>
      <w>115.793</w>
      <h>75.8017</h>
      <angle>2.991593</angle>
    </robndbox>
  </object>
  <object>
    <type>robndbox</type>
    <name>are</name>
    <pose>Unspecified</pose>
    <truncated>0</truncated>
    <difficult>0</difficult>
    <robndbox>
      <cx>950.8132</cx>
      <cy>529.0927</cy>
      <w>140.7672</w>
      <h>78.6005</h>
      <angle>3.011593</angle>
    </robndbox>
  </object>
  <object>
    <type>robndbox</type>
    <name>invisible</name>
    <pose>Unspecified</pose>
    <truncated>0</truncated>
    <difficult>0</difficult>
    <robndbox>
      <cx>1230.4146</cx>
      <cy>489.995</cy>
      <w>348.4986</w>
      <h>78.1238</h>
      <angle>3.001593</angle>
    </robndbox>
  </object>
  <object>
    <type>robndbox</type>
    <name>to</name>
    <pose>Unspecified</pose>
    <truncated>0</truncated>
    <difficult>0</difficult>
    <robndbox>
      <cx>906.3175</cx>
      <cy>658.6998</cy>
      <w>91.4532</w>
      <h>74.2495</h>
      <angle>2.941593</angle>
    </robndbox>
  </object>
  <object>
    <type>robndbox</type>
    <name>the</name>
    <pose>Unspecified</pose>
    <truncated>0</truncated>
    <difficult>0</difficult>
    <robndbox>
      <cx>1043.0007</cx>
      <cy>631.0258</cy>
      <w>141.2336</w>
      <h>73.4716</h>
      <angle>2.941593</angle>
    </robndbox>
  </object>
  <object>
    <type>robndbox</type>
    <name>rest</name>
    <pose>Unspecified</pose>
    <truncated>0</truncated>
    <difficult>0</difficult>
    <robndbox>
      <cx>1226.7932</cx>
      <cy>592.1088</cy>
      <w>176.0279</w>
      <h>68.4017</h>
      <angle>2.961593</angle>
    </robndbox>
  </object>
  <object>
    <type>robndbox</type>
    <name>the</name>
    <pose>Unspecified</pose>
    <truncated>0</truncated>
    <difficult>0</difficult>
    <robndbox>
      <cx>1021.4682</cx>
      <cy>761.4095</cy>
      <w>146.4395</w>
      <h>71.2736</h>
      <angle>2.931593</angle>
    </robndbox>
  </object>
  <object>
    <type>robndbox</type>
    <name>rest</name>
    <pose>Unspecified</pose>
    <truncated>0</truncated>
    <difficult>0</difficult>
    <robndbox>
      <cx>1201.3992</cx>
      <cy>713.0983</cy>
      <w>174.0638</w>
      <h>73.4195</h>
      <angle>2.911593</angle>
    </robndbox>
  </object>
</annotation>
