<annotation verified="no">
  <folder>pwGS4Yn5qLo</folder>
  <filename>00_frame_01153</filename>
  <path>/Users/KengoAraki/Desktop/annotation_&#21407;&#21475;/annotation/pwGS4Yn5qLo/00_frame_01153.jpg</path>
  <source>
    <database>Unknown</database>
  </source>
  <size>
    <width>1920</width>
    <height>1080</height>
    <depth>3</depth>
  </size>
  <segmented>0</segmented>
  <object>
    <type>robndbox</type>
    <name>no</name>
    <pose>Unspecified</pose>
    <truncated>0</truncated>
    <difficult>0</difficult>
    <robndbox>
      <cx>568.0082</cx>
      <cy>218.0</cy>
      <w>118.3165</w>
      <h>67.3959</h>
      <angle>0.11</angle>
    </robndbox>
  </object>
  <object>
    <type>robndbox</type>
    <name>one</name>
    <pose>Unspecified</pose>
    <truncated>0</truncated>
    <difficult>0</difficult>
    <robndbox>
      <cx>731.9031</cx>
      <cy>233.6452</cy>
      <w>161.7438</w>
      <h>68.1033</h>
      <angle>0.09</angle>
    </robndbox>
  </object>
  <object>
    <type>robndbox</type>
    <name>knows</name>
    <pose>Unspecified</pose>
    <truncated>0</truncated>
    <difficult>0</difficult>
    <robndbox>
      <cx>986.0457</cx>
      <cy>259.2179</cy>
      <w>299.6252</w>
      <h>71.8496</h>
      <angle>0.08</angle>
    </robndbox>
  </object>
  <object>
    <type>robndbox</type>
    <name>what</name>
    <pose>Unspecified</pose>
    <truncated>0</truncated>
    <difficult>0</difficult>
    <robndbox>
      <cx>619.6514</cx>
      <cy>320.9095</cy>
      <w>245.376</w>
      <h>67.6802</h>
      <angle>0.12</angle>
    </robndbox>
  </object>
  <object>
    <type>robndbox</type>
    <name>goes</name>
    <pose>Unspecified</pose>
    <truncated>0</truncated>
    <difficult>0</difficult>
    <robndbox>
      <cx>869.3715</cx>
      <cy>355.1447</cy>
      <w>223.626</w>
      <h>65.8344</h>
      <angle>0.13</angle>
    </robndbox>
  </object>
  <object>
    <type>robndbox</type>
    <name>on</name>
    <pose>Unspecified</pose>
    <truncated>0</truncated>
    <difficult>0</difficult>
    <robndbox>
      <cx>1056.5912</cx>
      <cy>383.4705</cy>
      <w>117.6914</w>
      <h>68.3792</h>
      <angle>0.13</angle>
    </robndbox>
  </object>
  <object>
    <type>robndbox</type>
    <name>in</name>
    <pose>Unspecified</pose>
    <truncated>0</truncated>
    <difficult>0</difficult>
    <robndbox>
      <cx>561.2641</cx>
      <cy>413.5459</cy>
      <w>77.2467</w>
      <h>66.8842</h>
      <angle>0.19</angle>
    </robndbox>
  </object>
  <object>
    <type>robndbox</type>
    <name>our</name>
    <pose>Unspecified</pose>
    <truncated>0</truncated>
    <difficult>0</difficult>
    <robndbox>
      <cx>703.1344</cx>
      <cy>437.228</cy>
      <w>169.3265</w>
      <h>70.1138</h>
      <angle>0.17</angle>
    </robndbox>
  </object>
  <object>
    <type>robndbox</type>
    <name>heads</name>
    <pose>Unspecified</pose>
    <truncated>0</truncated>
    <difficult>0</difficult>
    <robndbox>
      <cx>936.4242</cx>
      <cy>477.2314</cy>
      <w>268.7433</w>
      <h>68.1489</h>
      <angle>0.16</angle>
    </robndbox>
  </object>
  <object>
    <type>robndbox</type>
    <name>our</name>
    <pose>Unspecified</pose>
    <truncated>0</truncated>
    <difficult>0</difficult>
    <robndbox>
      <cx>636.5087</cx>
      <cy>536.7844</cy>
      <w>164.828</w>
      <h>69.8026</h>
      <angle>0.12</angle>
    </robndbox>
  </object>
  <object>
    <type>robndbox</type>
    <name>heads</name>
    <pose>Unspecified</pose>
    <truncated>0</truncated>
    <difficult>0</difficult>
    <robndbox>
      <cx>870.815</cx>
      <cy>562.336</cy>
      <w>267.7605</w>
      <h>69.752</h>
      <angle>0.1</angle>
    </robndbox>
  </object>
</annotation>
