<annotation verified="no">
  <folder>pwGS4Yn5qLo</folder>
  <filename>06_frame_04609</filename>
  <path>/Users/KengoAraki/Desktop/annotation_&#21407;&#21475;/annotation/pwGS4Yn5qLo/06_frame_04609.jpg</path>
  <source>
    <database>Unknown</database>
  </source>
  <size>
    <width>1920</width>
    <height>1080</height>
    <depth>3</depth>
  </size>
  <segmented>0</segmented>
  <object>
    <type>robndbox</type>
    <name>i</name>
    <pose>Unspecified</pose>
    <truncated>0</truncated>
    <difficult>0</difficult>
    <robndbox>
      <cx>1184.5082</cx>
      <cy>486.0</cy>
      <w>16.0</w>
      <h>66.0</h>
      <angle>0.0</angle>
    </robndbox>
  </object>
  <object>
    <type>robndbox</type>
    <name>know</name>
    <pose>Unspecified</pose>
    <truncated>0</truncated>
    <difficult>0</difficult>
    <robndbox>
      <cx>1295.5082</cx>
      <cy>486.0</cy>
      <w>182.0</w>
      <h>62.0</h>
      <angle>0.0</angle>
    </robndbox>
  </object>
  <object>
    <type>robndbox</type>
    <name>that</name>
    <pose>Unspecified</pose>
    <truncated>0</truncated>
    <difficult>0</difficult>
    <robndbox>
      <cx>1487.5082</cx>
      <cy>483.5</cy>
      <w>164.0</w>
      <h>71.0</h>
      <angle>0.0</angle>
    </robndbox>
  </object>
  <object>
    <type>robndbox</type>
    <name>youre</name>
    <pose>Unspecified</pose>
    <truncated>0</truncated>
    <difficult>0</difficult>
    <robndbox>
      <cx>1736.0082</cx>
      <cy>478.5</cy>
      <w>275.0</w>
      <h>75.0</h>
      <angle>0.0</angle>
    </robndbox>
  </object>
  <object>
    <type>robndbox</type>
    <name>burning</name>
    <pose>Unspecified</pose>
    <truncated>0</truncated>
    <difficult>0</difficult>
    <robndbox>
      <cx>1346.3088</cx>
      <cy>648.017</cy>
      <w>255.9245</w>
      <h>59.7374</h>
      <angle>3.111593</angle>
    </robndbox>
  </object>
  <object>
    <type>robndbox</type>
    <name>up</name>
    <pose>Unspecified</pose>
    <truncated>0</truncated>
    <difficult>0</difficult>
    <robndbox>
      <cx>1536.0228</cx>
      <cy>643.1448</cy>
      <w>88.9588</w>
      <h>68.4095</h>
      <angle>3.111593</angle>
    </robndbox>
  </object>
  <object>
    <type>robndbox</type>
    <name>for</name>
    <pose>Unspecified</pose>
    <truncated>0</truncated>
    <difficult>0</difficult>
    <robndbox>
      <cx>1674.1357</cx>
      <cy>639.2488</cy>
      <w>151.3645</w>
      <h>70.5437</h>
      <angle>3.121593</angle>
    </robndbox>
  </object>
  <object>
    <type>robndbox</type>
    <name>me</name>
    <pose>Unspecified</pose>
    <truncated>0</truncated>
    <difficult>0</difficult>
    <robndbox>
      <cx>1841.5082</cx>
      <cy>633.0</cy>
      <w>136.0</w>
      <h>74.0</h>
      <angle>3.111593</angle>
    </robndbox>
  </object>
</annotation>
