<annotation verified="no">
  <folder>pwGS4Yn5qLo</folder>
  <filename>03_frame_02881</filename>
  <path>/Users/KengoAraki/Desktop/annotation_&#21407;&#21475;/annotation/pwGS4Yn5qLo/03_frame_02881.jpg</path>
  <source>
    <database>Unknown</database>
  </source>
  <size>
    <width>1920</width>
    <height>1080</height>
    <depth>3</depth>
  </size>
  <segmented>0</segmented>
  <object>
    <type>robndbox</type>
    <name>doesnt</name>
    <pose>Unspecified</pose>
    <truncated>0</truncated>
    <difficult>0</difficult>
    <robndbox>
      <cx>720.0082</cx>
      <cy>67.0</cy>
      <w>369.0</w>
      <h>80.0</h>
      <angle>0.0</angle>
    </robndbox>
  </object>
  <object>
    <type>robndbox</type>
    <name>even</name>
    <pose>Unspecified</pose>
    <truncated>0</truncated>
    <difficult>0</difficult>
    <robndbox>
      <cx>1062.5082</cx>
      <cy>69.5</cy>
      <w>208.0</w>
      <h>65.0</h>
      <angle>0.0</angle>
    </robndbox>
  </object>
  <object>
    <type>robndbox</type>
    <name>matter</name>
    <pose>Unspecified</pose>
    <truncated>0</truncated>
    <difficult>0</difficult>
    <robndbox>
      <cx>1412.0082</cx>
      <cy>77.5</cy>
      <w>405.0</w>
      <h>85.0</h>
      <angle>0.0</angle>
    </robndbox>
  </object>
  <object>
    <type>robndbox</type>
    <name>what</name>
    <pose>Unspecified</pose>
    <truncated>0</truncated>
    <difficult>0</difficult>
    <robndbox>
      <cx>724.5082</cx>
      <cy>145.0</cy>
      <w>254.0</w>
      <h>72.0</h>
      <angle>0.0</angle>
    </robndbox>
  </object>
  <object>
    <type>robndbox</type>
    <name>they</name>
    <pose>Unspecified</pose>
    <truncated>0</truncated>
    <difficult>0</difficult>
    <robndbox>
      <cx>1011.5082</cx>
      <cy>146.5</cy>
      <w>234.0</w>
      <h>65.0</h>
      <angle>0.0</angle>
    </robndbox>
  </object>
  <object>
    <type>robndbox</type>
    <name>say</name>
    <pose>Unspecified</pose>
    <truncated>0</truncated>
    <difficult>0</difficult>
    <robndbox>
      <cx>1250.0082</cx>
      <cy>152.0</cy>
      <w>167.0</w>
      <h>54.0</h>
      <angle>0.0</angle>
    </robndbox>
  </object>
  <object>
    <type>robndbox</type>
    <name>you</name>
    <pose>Unspecified</pose>
    <truncated>0</truncated>
    <difficult>0</difficult>
    <robndbox>
      <cx>579.0082</cx>
      <cy>696.5</cy>
      <w>283.0</w>
      <h>107.0</h>
      <angle>0.0</angle>
    </robndbox>
  </object>
  <object>
    <type>robndbox</type>
    <name>and</name>
    <pose>Unspecified</pose>
    <truncated>0</truncated>
    <difficult>0</difficult>
    <robndbox>
      <cx>888.5551</cx>
      <cy>683.878</cy>
      <w>254.0511</w>
      <h>108.9374</h>
      <angle>3.041593</angle>
    </robndbox>
  </object>
  <object>
    <type>robndbox</type>
    <name>i</name>
    <pose>Unspecified</pose>
    <truncated>0</truncated>
    <difficult>0</difficult>
    <robndbox>
      <cx>1123.8288</cx>
      <cy>670.5331</cy>
      <w>72.436</w>
      <h>110.2228</h>
      <angle>2.831593</angle>
    </robndbox>
  </object>
  <object>
    <type>robndbox</type>
    <name>are</name>
    <pose>Unspecified</pose>
    <truncated>0</truncated>
    <difficult>0</difficult>
    <robndbox>
      <cx>1360.1641</cx>
      <cy>681.6816</cy>
      <w>280.9915</w>
      <h>96.6878</h>
      <angle>3.081593</angle>
    </robndbox>
  </object>
  <object>
    <type>robndbox</type>
    <name>on</name>
    <pose>Unspecified</pose>
    <truncated>0</truncated>
    <difficult>0</difficult>
    <robndbox>
      <cx>323.0082</cx>
      <cy>803.0</cy>
      <w>165.0</w>
      <h>110.0</h>
      <angle>0.0</angle>
    </robndbox>
  </object>
  <object>
    <type>robndbox</type>
    <name>a</name>
    <pose>Unspecified</pose>
    <truncated>0</truncated>
    <difficult>0</difficult>
    <robndbox>
      <cx>520.5082</cx>
      <cy>825.0</cy>
      <w>112.0</w>
      <h>122.0</h>
      <angle>2.791593</angle>
    </robndbox>
  </object>
  <object>
    <type>robndbox</type>
    <name>different</name>
    <pose>Unspecified</pose>
    <truncated>0</truncated>
    <difficult>0</difficult>
    <robndbox>
      <cx>971.0082</cx>
      <cy>797.5</cy>
      <w>761.0</w>
      <h>111.0</h>
      <angle>0.0</angle>
    </robndbox>
  </object>
  <object>
    <type>robndbox</type>
    <name>wave</name>
    <pose>Unspecified</pose>
    <truncated>0</truncated>
    <difficult>0</difficult>
    <robndbox>
      <cx>1563.5082</cx>
      <cy>794.0</cy>
      <w>334.0</w>
      <h>114.0</h>
      <angle>0.0</angle>
    </robndbox>
  </object>
</annotation>
