<annotation verified="no">
  <folder>pwGS4Yn5qLo</folder>
  <filename>02_frame_01297</filename>
  <path>/Users/KengoAraki/Desktop/annotation_&#21407;&#21475;/annotation/pwGS4Yn5qLo/02_frame_01297.jpg</path>
  <source>
    <database>Unknown</database>
  </source>
  <size>
    <width>1920</width>
    <height>1080</height>
    <depth>3</depth>
  </size>
  <segmented>0</segmented>
  <object>
    <type>robndbox</type>
    <name>we</name>
    <pose>Unspecified</pose>
    <truncated>0</truncated>
    <difficult>0</difficult>
    <robndbox>
      <cx>92.9443</cx>
      <cy>551.3202</cy>
      <w>116.643</w>
      <h>77.8832</h>
      <angle>3.021593</angle>
    </robndbox>
  </object>
  <object>
    <type>robndbox</type>
    <name>are</name>
    <pose>Unspecified</pose>
    <truncated>0</truncated>
    <difficult>0</difficult>
    <robndbox>
      <cx>238.5</cx>
      <cy>527.2848</cy>
      <w>133.3732</w>
      <h>75.356</h>
      <angle>3.011593</angle>
    </robndbox>
  </object>
  <object>
    <type>robndbox</type>
    <name>invisible</name>
    <pose>Unspecified</pose>
    <truncated>0</truncated>
    <difficult>0</difficult>
    <robndbox>
      <cx>515.5277</cx>
      <cy>489.8348</cy>
      <w>349.5885</w>
      <h>78.3071</h>
      <angle>3.001593</angle>
    </robndbox>
  </object>
  <object>
    <type>robndbox</type>
    <name>to</name>
    <pose>Unspecified</pose>
    <truncated>0</truncated>
    <difficult>0</difficult>
    <robndbox>
      <cx>191.6308</cx>
      <cy>656.1957</cy>
      <w>87.7987</w>
      <h>74.9527</h>
      <angle>2.931593</angle>
    </robndbox>
  </object>
  <object>
    <type>robndbox</type>
    <name>the</name>
    <pose>Unspecified</pose>
    <truncated>0</truncated>
    <difficult>0</difficult>
    <robndbox>
      <cx>330.6067</cx>
      <cy>630.3082</cy>
      <w>136.5738</w>
      <h>75.0469</h>
      <angle>2.961593</angle>
    </robndbox>
  </object>
  <object>
    <type>robndbox</type>
    <name>rest</name>
    <pose>Unspecified</pose>
    <truncated>0</truncated>
    <difficult>0</difficult>
    <robndbox>
      <cx>513.8305</cx>
      <cy>592.3456</cy>
      <w>175.8113</w>
      <h>75.747</h>
      <angle>2.941593</angle>
    </robndbox>
  </object>
  <object>
    <type>robndbox</type>
    <name>the</name>
    <pose>Unspecified</pose>
    <truncated>0</truncated>
    <difficult>0</difficult>
    <robndbox>
      <cx>311.5203</cx>
      <cy>758.904</cy>
      <w>135.5127</w>
      <h>74.0682</h>
      <angle>2.911593</angle>
    </robndbox>
  </object>
  <object>
    <type>robndbox</type>
    <name>rest</name>
    <pose>Unspecified</pose>
    <truncated>0</truncated>
    <difficult>0</difficult>
    <robndbox>
      <cx>490.254</cx>
      <cy>713.8651</cy>
      <w>175.4348</w>
      <h>76.1538</h>
      <angle>2.901593</angle>
    </robndbox>
  </object>
  <object>
    <type>robndbox</type>
    <name>they</name>
    <pose>Unspecified</pose>
    <truncated>0</truncated>
    <difficult>0</difficult>
    <robndbox>
      <cx>998.069</cx>
      <cy>210.4605</cy>
      <w>171.9237</w>
      <h>68.8806</h>
      <angle>0.08</angle>
    </robndbox>
  </object>
  <object>
    <type>robndbox</type>
    <name>dont</name>
    <pose>Unspecified</pose>
    <truncated>0</truncated>
    <difficult>0</difficult>
    <robndbox>
      <cx>1226.2355</cx>
      <cy>233.849</cy>
      <w>197.874</w>
      <h>73.7183</h>
      <angle>0.07</angle>
    </robndbox>
  </object>
  <object>
    <type>robndbox</type>
    <name>know</name>
    <pose>Unspecified</pose>
    <truncated>0</truncated>
    <difficult>0</difficult>
    <robndbox>
      <cx>1478.5624</cx>
      <cy>258.5157</cy>
      <w>192.7188</w>
      <h>58.6933</h>
      <angle>0.06</angle>
    </robndbox>
  </object>
  <object>
    <type>robndbox</type>
    <name>nothing</name>
    <pose>Unspecified</pose>
    <truncated>0</truncated>
    <difficult>0</difficult>
    <robndbox>
      <cx>1745.5082</cx>
      <cy>282.5</cy>
      <w>246.0</w>
      <h>79.0</h>
      <angle>0.07</angle>
    </robndbox>
  </object>
  <object>
    <type>robndbox</type>
    <name>bout</name>
    <pose>Unspecified</pose>
    <truncated>0</truncated>
    <difficult>0</difficult>
    <robndbox>
      <cx>1112.6261</cx>
      <cy>356.8928</cy>
      <w>182.4445</w>
      <h>60.8351</h>
      <angle>0.06</angle>
    </robndbox>
  </object>
  <object>
    <type>robndbox</type>
    <name>what</name>
    <pose>Unspecified</pose>
    <truncated>0</truncated>
    <difficult>0</difficult>
    <robndbox>
      <cx>1350.0082</cx>
      <cy>369.5</cy>
      <w>203.0</w>
      <h>69.0</h>
      <angle>0.05</angle>
    </robndbox>
  </object>
  <object>
    <type>robndbox</type>
    <name>we</name>
    <pose>Unspecified</pose>
    <truncated>0</truncated>
    <difficult>0</difficult>
    <robndbox>
      <cx>1544.4813</cx>
      <cy>384.0738</cy>
      <w>100.3095</w>
      <h>67.9598</h>
      <angle>0.06</angle>
    </robndbox>
  </object>
  <object>
    <type>robndbox</type>
    <name>have</name>
    <pose>Unspecified</pose>
    <truncated>0</truncated>
    <difficult>0</difficult>
    <robndbox>
      <cx>1732.0082</cx>
      <cy>395.0</cy>
      <w>179.0</w>
      <h>74.0</h>
      <angle>0.02</angle>
    </robndbox>
  </object>
  <object>
    <type>robndbox</type>
    <name>we</name>
    <pose>Unspecified</pose>
    <truncated>0</truncated>
    <difficult>0</difficult>
    <robndbox>
      <cx>1299.5082</cx>
      <cy>486.0</cy>
      <w>108.0</w>
      <h>66.0</h>
      <angle>0.0</angle>
    </robndbox>
  </object>
  <object>
    <type>robndbox</type>
    <name>have</name>
    <pose>Unspecified</pose>
    <truncated>0</truncated>
    <difficult>0</difficult>
    <robndbox>
      <cx>1480.5082</cx>
      <cy>491.5</cy>
      <w>178.0</w>
      <h>71.0</h>
      <angle>0.0</angle>
    </robndbox>
  </object>
</annotation>
