<annotation verified="no">
  <folder>KnLNG0WnGsI</folder>
  <filename>07_frame_05776</filename>
  <path>/Users/KengoAraki/Desktop/annotation_&#32210;&#32396;/annotation/KnLNG0WnGsI/07_frame_05776.jpg</path>
  <source>
    <database>Unknown</database>
  </source>
  <size>
    <width>1920</width>
    <height>1080</height>
    <depth>3</depth>
  </size>
  <segmented>0</segmented>
  <object>
    <type>robndbox</type>
    <name>when</name>
    <pose>Unspecified</pose>
    <truncated>0</truncated>
    <difficult>0</difficult>
    <robndbox>
      <cx>775.5082</cx>
      <cy>42.0</cy>
      <w>136.0</w>
      <h>84.0</h>
      <angle>0.0</angle>
    </robndbox>
  </object>
  <object>
    <type>robndbox</type>
    <name>everything</name>
    <pose>Unspecified</pose>
    <truncated>0</truncated>
    <difficult>0</difficult>
    <robndbox>
      <cx>931.7753</cx>
      <cy>128.8352</cy>
      <w>239.1393</w>
      <h>129.399</h>
      <angle>0.63</angle>
    </robndbox>
  </object>
  <object>
    <type>robndbox</type>
    <name>is</name>
    <pose>Unspecified</pose>
    <truncated>0</truncated>
    <difficult>0</difficult>
    <robndbox>
      <cx>1088.6734</cx>
      <cy>229.1211</cy>
      <w>43.4237</w>
      <h>97.3243</h>
      <angle>0.65</angle>
    </robndbox>
  </object>
  <object>
    <type>robndbox</type>
    <name>falling</name>
    <pose>Unspecified</pose>
    <truncated>0</truncated>
    <difficult>0</difficult>
    <robndbox>
      <cx>1226.7993</cx>
      <cy>331.1757</cy>
      <w>94.6251</w>
      <h>55.4694</h>
      <angle>0.6</angle>
    </robndbox>
  </object>
  <object>
    <type>robndbox</type>
    <name>all</name>
    <pose>Unspecified</pose>
    <truncated>0</truncated>
    <difficult>0</difficult>
    <robndbox>
      <cx>1367.0018</cx>
      <cy>431.9621</cy>
      <w>99.4179</w>
      <h>113.4206</h>
      <angle>0.62</angle>
    </robndbox>
  </object>
  <object>
    <type>robndbox</type>
    <name>around</name>
    <pose>Unspecified</pose>
    <truncated>0</truncated>
    <difficult>0</difficult>
    <robndbox>
      <cx>1514.4952</cx>
      <cy>521.7487</cy>
      <w>216.3157</w>
      <h>127.4173</h>
      <angle>0.54</angle>
    </robndbox>
  </object>
  <object>
    <type>robndbox</type>
    <name>you</name>
    <pose>Unspecified</pose>
    <truncated>0</truncated>
    <difficult>0</difficult>
    <robndbox>
      <cx>1672.8222</cx>
      <cy>626.5257</cy>
      <w>92.392</w>
      <h>107.8572</h>
      <angle>0.5</angle>
    </robndbox>
  </object>
</annotation>
