<annotation verified="no">
  <folder>KnLNG0WnGsI</folder>
  <filename>06_frame_02251</filename>
  <path>/Users/KengoAraki/Desktop/annotation_&#32210;&#32396;/annotation/KnLNG0WnGsI/06_frame_02251.jpg</path>
  <source>
    <database>Unknown</database>
  </source>
  <size>
    <width>1920</width>
    <height>1080</height>
    <depth>3</depth>
  </size>
  <segmented>0</segmented>
  <object>
    <type>robndbox</type>
    <name>wonder</name>
    <pose>Unspecified</pose>
    <truncated>0</truncated>
    <difficult>0</difficult>
    <robndbox>
      <cx>404.0917</cx>
      <cy>696.5183</cy>
      <w>591.725</w>
      <h>156.5258</h>
      <angle>0.2</angle>
    </robndbox>
  </object>
  <object>
    <type>robndbox</type>
    <name>where</name>
    <pose>Unspecified</pose>
    <truncated>0</truncated>
    <difficult>0</difficult>
    <robndbox>
      <cx>869.5082</cx>
      <cy>576.0</cy>
      <w>445.9461</w>
      <h>161.3446</h>
      <angle>2.891593</angle>
    </robndbox>
  </object>
  <object>
    <type>robndbox</type>
    <name>theyll</name>
    <pose>Unspecified</pose>
    <truncated>0</truncated>
    <difficult>0</difficult>
    <robndbox>
      <cx>1273.0082</cx>
      <cy>418.0</cy>
      <w>463.0</w>
      <h>172.0</h>
      <angle>0.0</angle>
    </robndbox>
  </object>
  <object>
    <type>robndbox</type>
    <name>go</name>
    <pose>Unspecified</pose>
    <truncated>0</truncated>
    <difficult>0</difficult>
    <robndbox>
      <cx>1650.0082</cx>
      <cy>320.0</cy>
      <w>233.0</w>
      <h>136.0</h>
      <angle>0.0</angle>
    </robndbox>
  </object>
</annotation>
