<annotation verified="no">
  <folder>KnLNG0WnGsI</folder>
  <filename>01_frame_01876</filename>
  <path>/Users/KengoAraki/Desktop/annotation_&#32210;&#32396;/annotation/KnLNG0WnGsI/01_frame_01876.jpg</path>
  <source>
    <database>Unknown</database>
  </source>
  <size>
    <width>1920</width>
    <height>1080</height>
    <depth>3</depth>
  </size>
  <segmented>0</segmented>
  <object>
    <type>robndbox</type>
    <name>everything</name>
    <pose>Unspecified</pose>
    <truncated>0</truncated>
    <difficult>0</difficult>
    <robndbox>
      <cx>874.5082</cx>
      <cy>592.5</cy>
      <w>702.0</w>
      <h>181.0</h>
      <angle>0.0</angle>
    </robndbox>
  </object>
  <object>
    <type>robndbox</type>
    <name>is</name>
    <pose>Unspecified</pose>
    <truncated>0</truncated>
    <difficult>0</difficult>
    <robndbox>
      <cx>1320.8953</cx>
      <cy>580.8221</cy>
      <w>136.2085</w>
      <h>152.7169</h>
      <angle>0.1</angle>
    </robndbox>
  </object>
  <object>
    <type>robndbox</type>
    <name>upside</name>
    <pose>Unspecified</pose>
    <truncated>0</truncated>
    <difficult>0</difficult>
    <robndbox>
      <cx>1220.376</cx>
      <cy>331.4245</cy>
      <w>348.7555</w>
      <h>132.9981</h>
      <angle>3.041593</angle>
    </robndbox>
  </object>
  <object>
    <type>robndbox</type>
    <name>down</name>
    <pose>Unspecified</pose>
    <truncated>0</truncated>
    <difficult>0</difficult>
    <robndbox>
      <cx>848.3958</cx>
      <cy>352.7627</cy>
      <w>296.7764</w>
      <h>95.9012</h>
      <angle>0.15</angle>
    </robndbox>
  </object>
</annotation>
