<annotation verified="no">
  <folder>KnLNG0WnGsI</folder>
  <filename>08_frame_03001</filename>
  <path>/Users/KengoAraki/Desktop/annotation_&#32210;&#32396;/annotation/KnLNG0WnGsI/08_frame_03001.jpg</path>
  <source>
    <database>Unknown</database>
  </source>
  <size>
    <width>1920</width>
    <height>1080</height>
    <depth>3</depth>
  </size>
  <segmented>0</segmented>
  <object>
    <type>robndbox</type>
    <name>all</name>
    <pose>Unspecified</pose>
    <truncated>0</truncated>
    <difficult>0</difficult>
    <robndbox>
      <cx>793.7299</cx>
      <cy>475.2335</cy>
      <w>30.6979</w>
      <h>27.8486</h>
      <angle>2.841593</angle>
    </robndbox>
  </object>
  <object>
    <type>robndbox</type>
    <name>i</name>
    <pose>Unspecified</pose>
    <truncated>0</truncated>
    <difficult>0</difficult>
    <robndbox>
      <cx>819.0082</cx>
      <cy>467.0</cy>
      <w>13.0</w>
      <h>24.0</h>
      <angle>0.0</angle>
    </robndbox>
  </object>
  <object>
    <type>robndbox</type>
    <name>can</name>
    <pose>Unspecified</pose>
    <truncated>0</truncated>
    <difficult>0</difficult>
    <robndbox>
      <cx>857.5082</cx>
      <cy>455.5</cy>
      <w>50.0</w>
      <h>23.0</h>
      <angle>2.891593</angle>
    </robndbox>
  </object>
  <object>
    <type>robndbox</type>
    <name>think</name>
    <pose>Unspecified</pose>
    <truncated>0</truncated>
    <difficult>0</difficult>
    <robndbox>
      <cx>925.6538</cx>
      <cy>432.2055</cy>
      <w>68.1979</w>
      <h>22.1671</h>
      <angle>2.821593</angle>
    </robndbox>
  </object>
  <object>
    <type>robndbox</type>
    <name>about</name>
    <pose>Unspecified</pose>
    <truncated>0</truncated>
    <difficult>0</difficult>
    <robndbox>
      <cx>838.5954</cx>
      <cy>519.1584</cy>
      <w>73.5281</w>
      <h>19.0202</h>
      <angle>2.831593</angle>
    </robndbox>
  </object>
  <object>
    <type>robndbox</type>
    <name>is</name>
    <pose>Unspecified</pose>
    <truncated>0</truncated>
    <difficult>0</difficult>
    <robndbox>
      <cx>892.5082</cx>
      <cy>502.0</cy>
      <w>20.0</w>
      <h>26.0</h>
      <angle>2.851593</angle>
    </robndbox>
  </object>
  <object>
    <type>robndbox</type>
    <name>you</name>
    <pose>Unspecified</pose>
    <truncated>0</truncated>
    <difficult>0</difficult>
    <robndbox>
      <cx>937.1259</cx>
      <cy>486.1536</cy>
      <w>47.2926</w>
      <h>25.3271</h>
      <angle>2.831593</angle>
    </robndbox>
  </object>
</annotation>
