<annotation verified="no">
  <folder>KnLNG0WnGsI</folder>
  <filename>10_frame_01426</filename>
  <path>/Users/KengoAraki/Desktop/annotation_&#32210;&#32396;/annotation/KnLNG0WnGsI/10_frame_01426.jpg</path>
  <source>
    <database>Unknown</database>
  </source>
  <size>
    <width>1920</width>
    <height>1080</height>
    <depth>3</depth>
  </size>
  <segmented>0</segmented>
  <object>
    <type>robndbox</type>
    <name>fish</name>
    <pose>Unspecified</pose>
    <truncated>0</truncated>
    <difficult>0</difficult>
    <robndbox>
      <cx>593.5565</cx>
      <cy>789.2978</cy>
      <w>310.2085</w>
      <h>140.5777</h>
      <angle>2.941593</angle>
    </robndbox>
  </object>
  <object>
    <type>robndbox</type>
    <name>fell</name>
    <pose>Unspecified</pose>
    <truncated>0</truncated>
    <difficult>0</difficult>
    <robndbox>
      <cx>750.0501</cx>
      <cy>589.1526</cy>
      <w>280.474</w>
      <h>111.5633</h>
      <angle>2.841593</angle>
    </robndbox>
  </object>
  <object>
    <type>robndbox</type>
    <name>out</name>
    <pose>Unspecified</pose>
    <truncated>0</truncated>
    <difficult>0</difficult>
    <robndbox>
      <cx>1030.5082</cx>
      <cy>625.5</cy>
      <w>259.3081</w>
      <h>91.3034</h>
      <angle>2.941593</angle>
    </robndbox>
  </object>
  <object>
    <type>robndbox</type>
    <name>of</name>
    <pose>Unspecified</pose>
    <truncated>0</truncated>
    <difficult>0</difficult>
    <robndbox>
      <cx>1220.5082</cx>
      <cy>513.0</cy>
      <w>160.0</w>
      <h>96.0</h>
      <angle>0.0</angle>
    </robndbox>
  </object>
  <object>
    <type>robndbox</type>
    <name>water</name>
    <pose>Unspecified</pose>
    <truncated>0</truncated>
    <difficult>0</difficult>
    <robndbox>
      <cx>1461.6509</cx>
      <cy>587.2164</cy>
      <w>390.4664</w>
      <h>109.2372</h>
      <angle>2.961593</angle>
    </robndbox>
  </object>
</annotation>
