<annotation verified="no">
  <folder>KnLNG0WnGsI</folder>
  <filename>04_frame_06151</filename>
  <path>/Users/KengoAraki/Desktop/annotation_&#32210;&#32396;/annotation/KnLNG0WnGsI/04_frame_06151.jpg</path>
  <source>
    <database>Unknown</database>
  </source>
  <size>
    <width>1920</width>
    <height>1080</height>
    <depth>3</depth>
  </size>
  <segmented>0</segmented>
  <object>
    <type>robndbox</type>
    <name>all</name>
    <pose>Unspecified</pose>
    <truncated>0</truncated>
    <difficult>0</difficult>
    <robndbox>
      <cx>784.5082</cx>
      <cy>183.0</cy>
      <w>338.0</w>
      <h>182.0</h>
      <angle>0.0</angle>
    </robndbox>
  </object>
  <object>
    <type>robndbox</type>
    <name>i</name>
    <pose>Unspecified</pose>
    <truncated>0</truncated>
    <difficult>0</difficult>
    <robndbox>
      <cx>1074.0082</cx>
      <cy>208.0</cy>
      <w>41.0</w>
      <h>204.0</h>
      <angle>0.0</angle>
    </robndbox>
  </object>
  <object>
    <type>robndbox</type>
    <name>can</name>
    <pose>Unspecified</pose>
    <truncated>0</truncated>
    <difficult>0</difficult>
    <robndbox>
      <cx>1286.4039</cx>
      <cy>353.2925</cy>
      <w>265.3325</w>
      <h>164.0008</h>
      <angle>0.12</angle>
    </robndbox>
  </object>
  <object>
    <type>robndbox</type>
    <name>think</name>
    <pose>Unspecified</pose>
    <truncated>0</truncated>
    <difficult>0</difficult>
    <robndbox>
      <cx>690.9372</cx>
      <cy>489.4744</cy>
      <w>418.5709</w>
      <h>185.8099</h>
      <angle>0.2</angle>
    </robndbox>
  </object>
  <object>
    <type>robndbox</type>
    <name>about</name>
    <pose>Unspecified</pose>
    <truncated>0</truncated>
    <difficult>0</difficult>
    <robndbox>
      <cx>1292.4211</cx>
      <cy>613.2363</cy>
      <w>456.0952</w>
      <h>171.5791</h>
      <angle>0.11</angle>
    </robndbox>
  </object>
  <object>
    <type>robndbox</type>
    <name>is</name>
    <pose>Unspecified</pose>
    <truncated>0</truncated>
    <difficult>0</difficult>
    <robndbox>
      <cx>774.5662</cx>
      <cy>787.6881</cy>
      <w>105.1413</w>
      <h>145.158</h>
      <angle>0.2</angle>
    </robndbox>
  </object>
  <object>
    <type>robndbox</type>
    <name>you</name>
    <pose>Unspecified</pose>
    <truncated>0</truncated>
    <difficult>0</difficult>
    <robndbox>
      <cx>1078.0082</cx>
      <cy>967.0</cy>
      <w>279.0</w>
      <h>224.0</h>
      <angle>0.0</angle>
    </robndbox>
  </object>
</annotation>
