<annotation verified="yes">
  <folder>KnLNG0WnGsI</folder>
  <filename>02_frame_01576</filename>
  <path>/Users/KengoAraki/Desktop/annotation_&#32210;&#32396;/annotation/KnLNG0WnGsI/02_frame_01576.jpg</path>
  <source>
    <database>Unknown</database>
  </source>
  <size>
    <width>1920</width>
    <height>1080</height>
    <depth>3</depth>
  </size>
  <segmented>0</segmented>
  <object>
    <type>robndbox</type>
    <name>birds</name>
    <pose>Unspecified</pose>
    <truncated>0</truncated>
    <difficult>0</difficult>
    <robndbox>
      <cx>453.8689</cx>
      <cy>838.3125</cy>
      <w>346.5202</w>
      <h>136.2265</h>
      <angle>0.05</angle>
    </robndbox>
  </object>
  <object>
    <type>robndbox</type>
    <name>stuck</name>
    <pose>Unspecified</pose>
    <truncated>0</truncated>
    <difficult>0</difficult>
    <robndbox>
      <cx>730.2832</cx>
      <cy>701.9055</cy>
      <w>334.753</w>
      <h>101.7628</h>
      <angle>3.041593</angle>
    </robndbox>
  </object>
  <object>
    <type>robndbox</type>
    <name>on</name>
    <pose>Unspecified</pose>
    <truncated>0</truncated>
    <difficult>0</difficult>
    <robndbox>
      <cx>970.9507</cx>
      <cy>799.4782</cy>
      <w>167.4651</w>
      <h>113.5215</h>
      <angle>3.071593</angle>
    </robndbox>
  </object>
  <object>
    <type>robndbox</type>
    <name>the</name>
    <pose>Unspecified</pose>
    <truncated>0</truncated>
    <difficult>0</difficult>
    <robndbox>
      <cx>1156.939</cx>
      <cy>640.667</cy>
      <w>181.8739</w>
      <h>103.9662</h>
      <angle>3.011593</angle>
    </robndbox>
  </object>
  <object>
    <type>robndbox</type>
    <name>ground</name>
    <pose>Unspecified</pose>
    <truncated>0</truncated>
    <difficult>0</difficult>
    <robndbox>
      <cx>1411.8514</cx>
      <cy>447.9208</cy>
      <w>400.1362</w>
      <h>112.1296</h>
      <angle>3.071593</angle>
    </robndbox>
  </object>
</annotation>
