<annotation verified="no">
  <folder>KnLNG0WnGsI</folder>
  <filename>09_frame_03376</filename>
  <path>/Users/KengoAraki/Desktop/annotation_&#32210;&#32396;/annotation/KnLNG0WnGsI/09_frame_03376.jpg</path>
  <source>
    <database>Unknown</database>
  </source>
  <size>
    <width>1920</width>
    <height>1080</height>
    <depth>3</depth>
  </size>
  <segmented>0</segmented>
  <object>
    <type>robndbox</type>
    <name>if</name>
    <pose>Unspecified</pose>
    <truncated>0</truncated>
    <difficult>0</difficult>
    <robndbox>
      <cx>462.4351</cx>
      <cy>660.3616</cy>
      <w>131.3443</w>
      <h>272.7473</h>
      <angle>3.101593</angle>
    </robndbox>
  </object>
  <object>
    <type>robndbox</type>
    <name>all</name>
    <pose>Unspecified</pose>
    <truncated>0</truncated>
    <difficult>0</difficult>
    <robndbox>
      <cx>1058.5082</cx>
      <cy>399.5</cy>
      <w>266.0</w>
      <h>113.0</h>
      <angle>0.0</angle>
    </robndbox>
  </object>
  <object>
    <type>robndbox</type>
    <name>that</name>
    <pose>Unspecified</pose>
    <truncated>0</truncated>
    <difficult>0</difficult>
    <robndbox>
      <cx>1058.0082</cx>
      <cy>564.0</cy>
      <w>359.0</w>
      <h>126.0</h>
      <angle>0.0</angle>
    </robndbox>
  </object>
  <object>
    <type>robndbox</type>
    <name>im</name>
    <pose>Unspecified</pose>
    <truncated>0</truncated>
    <difficult>0</difficult>
    <robndbox>
      <cx>1057.5082</cx>
      <cy>731.0</cy>
      <w>224.0</w>
      <h>122.0</h>
      <angle>0.0</angle>
    </robndbox>
  </object>
  <object>
    <type>robndbox</type>
    <name>on</name>
    <pose>Unspecified</pose>
    <truncated>0</truncated>
    <difficult>0</difficult>
    <robndbox>
      <cx>1715.0082</cx>
      <cy>69.5</cy>
      <w>163.0</w>
      <h>135.0</h>
      <angle>0.0</angle>
    </robndbox>
  </object>
  <object>
    <type>robndbox</type>
    <name>earth</name>
    <pose>Unspecified</pose>
    <truncated>0</truncated>
    <difficult>0</difficult>
    <robndbox>
      <cx>1722.2541</cx>
      <cy>241.1099</cy>
      <w>393.4918</w>
      <h>263.7803</h>
      <angle>0.0</angle>
    </robndbox>
  </object>
</annotation>
