<annotation verified="no">
  <folder>91kXSOu8bOo</folder>
  <filename>08_frame_02017</filename>
  <path>/home/keisuke/Documents/lyric/&#31070;&#30000;/annotation/91kXSOu8bOo/08_frame_02017.jpg</path>
  <source>
    <database>Unknown</database>
  </source>
  <size>
    <width>1920</width>
    <height>1080</height>
    <depth>3</depth>
  </size>
  <segmented>0</segmented>
  <object>
    <type>bndbox</type>
    <name>than</name>
    <pose>Unspecified</pose>
    <truncated>0</truncated>
    <difficult>0</difficult>
    <bndbox>
      <xmin>88</xmin>
      <ymin>375</ymin>
      <xmax>480</xmax>
      <ymax>498</ymax>
    </bndbox>
  </object>
  <object>
    <type>bndbox</type>
    <name>just</name>
    <pose>Unspecified</pose>
    <truncated>0</truncated>
    <difficult>0</difficult>
    <bndbox>
      <xmin>535</xmin>
      <ymin>374</ymin>
      <xmax>845</xmax>
      <ymax>502</ymax>
    </bndbox>
  </object>
  <object>
    <type>bndbox</type>
    <name>carry</name>
    <pose>Unspecified</pose>
    <truncated>0</truncated>
    <difficult>0</difficult>
    <bndbox>
      <xmin>899</xmin>
      <ymin>373</ymin>
      <xmax>1406</xmax>
      <ymax>499</ymax>
    </bndbox>
  </object>
  <object>
    <type>bndbox</type>
    <name>them</name>
    <pose>Unspecified</pose>
    <truncated>0</truncated>
    <difficult>0</difficult>
    <bndbox>
      <xmin>1449</xmin>
      <ymin>374</ymin>
      <xmax>1837</xmax>
      <ymax>498</ymax>
    </bndbox>
  </object>
  <object>
    <type>bndbox</type>
    <name>to</name>
    <pose>Unspecified</pose>
    <truncated>0</truncated>
    <difficult>0</difficult>
    <bndbox>
      <xmin>433</xmin>
      <ymin>572</ymin>
      <xmax>641</xmax>
      <ymax>698</ymax>
    </bndbox>
  </object>
  <object>
    <type>bndbox</type>
    <name>my</name>
    <pose>Unspecified</pose>
    <truncated>0</truncated>
    <difficult>0</difficult>
    <bndbox>
      <xmin>694</xmin>
      <ymin>573</ymin>
      <xmax>931</xmax>
      <ymax>696</ymax>
    </bndbox>
  </object>
  <object>
    <type>bndbox</type>
    <name>grave</name>
    <pose>Unspecified</pose>
    <truncated>0</truncated>
    <difficult>0</difficult>
    <bndbox>
      <xmin>979</xmin>
      <ymin>573</ymin>
      <xmax>1487</xmax>
      <ymax>695</ymax>
    </bndbox>
  </object>
</annotation>
