<annotation verified="no">
  <folder>91kXSOu8bOo</folder>
  <filename>09_frame_04033</filename>
  <path>/home/keisuke/Documents/lyric/&#31070;&#30000;/annotation/91kXSOu8bOo/09_frame_04033.jpg</path>
  <source>
    <database>Unknown</database>
  </source>
  <size>
    <width>1920</width>
    <height>1080</height>
    <depth>3</depth>
  </size>
  <segmented>0</segmented>
  <object>
    <type>bndbox</type>
    <name>than</name>
    <pose>Unspecified</pose>
    <truncated>0</truncated>
    <difficult>0</difficult>
    <bndbox>
      <xmin>211</xmin>
      <ymin>368</ymin>
      <xmax>657</xmax>
      <ymax>509</ymax>
    </bndbox>
  </object>
  <object>
    <type>bndbox</type>
    <name>just</name>
    <pose>Unspecified</pose>
    <truncated>0</truncated>
    <difficult>0</difficult>
    <bndbox>
      <xmin>706</xmin>
      <ymin>367</ymin>
      <xmax>1056</xmax>
      <ymax>508</ymax>
    </bndbox>
  </object>
  <object>
    <type>bndbox</type>
    <name>carry</name>
    <pose>Unspecified</pose>
    <truncated>0</truncated>
    <difficult>0</difficult>
    <bndbox>
      <xmin>1099</xmin>
      <ymin>366</ymin>
      <xmax>1702</xmax>
      <ymax>512</ymax>
    </bndbox>
  </object>
  <object>
    <type>bndbox</type>
    <name>them</name>
    <pose>Unspecified</pose>
    <truncated>0</truncated>
    <difficult>0</difficult>
    <bndbox>
      <xmin>102</xmin>
      <ymin>573</ymin>
      <xmax>554</xmax>
      <ymax>715</ymax>
    </bndbox>
  </object>
  <object>
    <type>bndbox</type>
    <name>to</name>
    <pose>Unspecified</pose>
    <truncated>0</truncated>
    <difficult>0</difficult>
    <bndbox>
      <xmin>598</xmin>
      <ymin>572</ymin>
      <xmax>831</xmax>
      <ymax>712</ymax>
    </bndbox>
  </object>
  <object>
    <type>bndbox</type>
    <name>my</name>
    <pose>Unspecified</pose>
    <truncated>0</truncated>
    <difficult>0</difficult>
    <bndbox>
      <xmin>879</xmin>
      <ymin>573</ymin>
      <xmax>1157</xmax>
      <ymax>710</ymax>
    </bndbox>
  </object>
  <object>
    <type>bndbox</type>
    <name>grave</name>
    <pose>Unspecified</pose>
    <truncated>0</truncated>
    <difficult>0</difficult>
    <bndbox>
      <xmin>1201</xmin>
      <ymin>567</ymin>
      <xmax>1804</xmax>
      <ymax>714</ymax>
    </bndbox>
  </object>
</annotation>
