<annotation verified="no">
  <folder>91kXSOu8bOo</folder>
  <filename>00_frame_02737</filename>
  <path>/home/keisuke/Documents/lyric/&#31070;&#30000;/annotation/91kXSOu8bOo/00_frame_02737.jpg</path>
  <source>
    <database>Unknown</database>
  </source>
  <size>
    <width>1920</width>
    <height>1080</height>
    <depth>1</depth>
  </size>
  <segmented>0</segmented>
  <object>
    <type>bndbox</type>
    <name>the</name>
    <pose>Unspecified</pose>
    <truncated>0</truncated>
    <difficult>0</difficult>
    <bndbox>
      <xmin>1383</xmin>
      <ymin>453</ymin>
      <xmax>1564</xmax>
      <ymax>539</ymax>
    </bndbox>
  </object>
  <object>
    <type>bndbox</type>
    <name>guess</name>
    <pose>Unspecified</pose>
    <truncated>0</truncated>
    <difficult>0</difficult>
    <bndbox>
      <xmin>60</xmin>
      <ymin>451</ymin>
      <xmax>379</xmax>
      <ymax>545</ymax>
    </bndbox>
  </object>
  <object>
    <type>bndbox</type>
    <name>i</name>
    <pose>Unspecified</pose>
    <truncated>0</truncated>
    <difficult>0</difficult>
    <bndbox>
      <xmin>61</xmin>
      <ymin>594</ymin>
      <xmax>83</xmax>
      <ymax>689</ymax>
    </bndbox>
  </object>
  <object>
    <type>bndbox</type>
    <name>should</name>
    <pose>Unspecified</pose>
    <truncated>0</truncated>
    <difficult>0</difficult>
    <bndbox>
      <xmin>127</xmin>
      <ymin>595</ymin>
      <xmax>552</xmax>
      <ymax>685</ymax>
    </bndbox>
  </object>
  <object>
    <type>bndbox</type>
    <name>get</name>
    <pose>Unspecified</pose>
    <truncated>0</truncated>
    <difficult>0</difficult>
    <bndbox>
      <xmin>57</xmin>
      <ymin>742</ymin>
      <xmax>262</xmax>
      <ymax>829</ymax>
    </bndbox>
  </object>
  <object>
    <type>bndbox</type>
    <name>used</name>
    <pose>Unspecified</pose>
    <truncated>0</truncated>
    <difficult>0</difficult>
    <bndbox>
      <xmin>296</xmin>
      <ymin>742</ymin>
      <xmax>551</xmax>
      <ymax>825</ymax>
    </bndbox>
  </object>
  <object>
    <type>bndbox</type>
    <name>to</name>
    <pose>Unspecified</pose>
    <truncated>0</truncated>
    <difficult>0</difficult>
    <bndbox>
      <xmin>54</xmin>
      <ymin>882</ymin>
      <xmax>204</xmax>
      <ymax>972</ymax>
    </bndbox>
  </object>
  <object>
    <type>bndbox</type>
    <name>this</name>
    <pose>Unspecified</pose>
    <truncated>0</truncated>
    <difficult>0</difficult>
    <bndbox>
      <xmin>245</xmin>
      <ymin>884</ymin>
      <xmax>457</xmax>
      <ymax>976</ymax>
    </bndbox>
  </object>
  <object>
    <type>bndbox</type>
    <name>left</name>
    <pose>Unspecified</pose>
    <truncated>0</truncated>
    <difficult>0</difficult>
    <bndbox>
      <xmin>1607</xmin>
      <ymin>453</ymin>
      <xmax>1818</xmax>
      <ymax>540</ymax>
    </bndbox>
  </object>
  <object>
    <type>bndbox</type>
    <name>side</name>
    <pose>Unspecified</pose>
    <truncated>0</truncated>
    <difficult>0</difficult>
    <bndbox>
      <xmin>1595</xmin>
      <ymin>593</ymin>
      <xmax>1814</xmax>
      <ymax>684</ymax>
    </bndbox>
  </object>
  <object>
    <type>bndbox</type>
    <name>of</name>
    <pose>Unspecified</pose>
    <truncated>0</truncated>
    <difficult>0</difficult>
    <bndbox>
      <xmin>1470</xmin>
      <ymin>734</ymin>
      <xmax>1618</xmax>
      <ymax>822</ymax>
    </bndbox>
  </object>
  <object>
    <type>bndbox</type>
    <name>my</name>
    <pose>Unspecified</pose>
    <truncated>0</truncated>
    <difficult>0</difficult>
    <bndbox>
      <xmin>1650</xmin>
      <ymin>735</ymin>
      <xmax>1823</xmax>
      <ymax>823</ymax>
    </bndbox>
  </object>
  <object>
    <type>bndbox</type>
    <name>beds</name>
    <pose>Unspecified</pose>
    <truncated>0</truncated>
    <difficult>0</difficult>
    <bndbox>
      <xmin>1568</xmin>
      <ymin>875</ymin>
      <xmax>1816</xmax>
      <ymax>964</ymax>
    </bndbox>
  </object>
</annotation>
