<annotation verified="no">
  <folder>91kXSOu8bOo</folder>
  <filename>06_frame_00505</filename>
  <path>/home/keisuke/Documents/lyric/&#31070;&#30000;/annotation/91kXSOu8bOo/06_frame_00505.jpg</path>
  <source>
    <database>Unknown</database>
  </source>
  <size>
    <width>1920</width>
    <height>1080</height>
    <depth>1</depth>
  </size>
  <segmented>0</segmented>
  <object>
    <type>bndbox</type>
    <name>what</name>
    <pose>Unspecified</pose>
    <truncated>0</truncated>
    <difficult>0</difficult>
    <bndbox>
      <xmin>101</xmin>
      <ymin>223</ymin>
      <xmax>446</xmax>
      <ymax>320</ymax>
    </bndbox>
  </object>
  <object>
    <type>bndbox</type>
    <name>am</name>
    <pose>Unspecified</pose>
    <truncated>0</truncated>
    <difficult>0</difficult>
    <bndbox>
      <xmin>482</xmin>
      <ymin>223</ymin>
      <xmax>677</xmax>
      <ymax>320</ymax>
    </bndbox>
  </object>
  <object>
    <type>bndbox</type>
    <name>i</name>
    <pose>Unspecified</pose>
    <truncated>0</truncated>
    <difficult>0</difficult>
    <bndbox>
      <xmin>717</xmin>
      <ymin>223</ymin>
      <xmax>749</xmax>
      <ymax>318</ymax>
    </bndbox>
  </object>
  <object>
    <type>bndbox</type>
    <name>supposed</name>
    <pose>Unspecified</pose>
    <truncated>0</truncated>
    <difficult>0</difficult>
    <bndbox>
      <xmin>794</xmin>
      <ymin>221</ymin>
      <xmax>1396</xmax>
      <ymax>320</ymax>
    </bndbox>
  </object>
  <object>
    <type>bndbox</type>
    <name>to</name>
    <pose>Unspecified</pose>
    <truncated>0</truncated>
    <difficult>0</difficult>
    <bndbox>
      <xmin>1435</xmin>
      <ymin>222</ymin>
      <xmax>1603</xmax>
      <ymax>323</ymax>
    </bndbox>
  </object>
  <object>
    <type>bndbox</type>
    <name>do</name>
    <pose>Unspecified</pose>
    <truncated>0</truncated>
    <difficult>0</difficult>
    <bndbox>
      <xmin>1652</xmin>
      <ymin>218</ymin>
      <xmax>1838</xmax>
      <ymax>324</ymax>
    </bndbox>
  </object>
  <object>
    <type>bndbox</type>
    <name>without</name>
    <pose>Unspecified</pose>
    <truncated>0</truncated>
    <difficult>0</difficult>
    <bndbox>
      <xmin>539</xmin>
      <ymin>372</ymin>
      <xmax>1091</xmax>
      <ymax>471</ymax>
    </bndbox>
  </object>
  <object>
    <type>bndbox</type>
    <name>you</name>
    <pose>Unspecified</pose>
    <truncated>0</truncated>
    <difficult>0</difficult>
    <bndbox>
      <xmin>1123</xmin>
      <ymin>372</ymin>
      <xmax>1392</xmax>
      <ymax>471</ymax>
    </bndbox>
  </object>
</annotation>
