<annotation verified="no">
  <folder>91kXSOu8bOo</folder>
  <filename>01_frame_03097</filename>
  <path>/home/keisuke/Documents/lyric/&#31070;&#30000;/annotation/91kXSOu8bOo/01_frame_03097.jpg</path>
  <source>
    <database>Unknown</database>
  </source>
  <size>
    <width>1920</width>
    <height>1080</height>
    <depth>1</depth>
  </size>
  <segmented>0</segmented>
  <object>
    <type>bndbox</type>
    <name>so</name>
    <pose>Unspecified</pose>
    <truncated>0</truncated>
    <difficult>0</difficult>
    <bndbox>
      <xmin>111</xmin>
      <ymin>79</ymin>
      <xmax>311</xmax>
      <ymax>201</ymax>
    </bndbox>
  </object>
  <object>
    <type>bndbox</type>
    <name>so</name>
    <pose>Unspecified</pose>
    <truncated>0</truncated>
    <difficult>0</difficult>
    <bndbox>
      <xmin>109</xmin>
      <ymin>77</ymin>
      <xmax>309</xmax>
      <ymax>199</ymax>
    </bndbox>
  </object>
  <object>
    <type>bndbox</type>
    <name>tell</name>
    <pose>Unspecified</pose>
    <truncated>0</truncated>
    <difficult>0</difficult>
    <bndbox>
      <xmin>106</xmin>
      <ymin>274</ymin>
      <xmax>406</xmax>
      <ymax>393</ymax>
    </bndbox>
  </object>
  <object>
    <type>bndbox</type>
    <name>me</name>
    <pose>Unspecified</pose>
    <truncated>0</truncated>
    <difficult>0</difficult>
    <bndbox>
      <xmin>455</xmin>
      <ymin>275</ymin>
      <xmax>657</xmax>
      <ymax>394</ymax>
    </bndbox>
  </object>
  <object>
    <type>bndbox</type>
    <name>whats</name>
    <pose>Unspecified</pose>
    <truncated>0</truncated>
    <difficult>0</difficult>
    <bndbox>
      <xmin>104</xmin>
      <ymin>468</ymin>
      <xmax>602</xmax>
      <ymax>587</ymax>
    </bndbox>
  </object>
  <object>
    <type>bndbox</type>
    <name>the</name>
    <pose>Unspecified</pose>
    <truncated>0</truncated>
    <difficult>0</difficult>
    <bndbox>
      <xmin>107</xmin>
      <ymin>664</ymin>
      <xmax>357</xmax>
      <ymax>781</ymax>
    </bndbox>
  </object>
  <object>
    <type>bndbox</type>
    <name>difference</name>
    <pose>Unspecified</pose>
    <truncated>0</truncated>
    <difficult>0</difficult>
    <bndbox>
      <xmin>117</xmin>
      <ymin>855</ymin>
      <xmax>951</xmax>
      <ymax>976</ymax>
    </bndbox>
  </object>
  <object>
    <type>bndbox</type>
    <name>between</name>
    <pose>Unspecified</pose>
    <truncated>0</truncated>
    <difficult>0</difficult>
    <bndbox>
      <xmin>1164</xmin>
      <ymin>68</ymin>
      <xmax>1816</xmax>
      <ymax>188</ymax>
    </bndbox>
  </object>
  <object>
    <type>bndbox</type>
    <name>then</name>
    <pose>Unspecified</pose>
    <truncated>0</truncated>
    <difficult>0</difficult>
    <bndbox>
      <xmin>1461</xmin>
      <ymin>263</ymin>
      <xmax>1815</xmax>
      <ymax>382</ymax>
    </bndbox>
  </object>
  <object>
    <type>bndbox</type>
    <name>and</name>
    <pose>Unspecified</pose>
    <truncated>0</truncated>
    <difficult>0</difficult>
    <bndbox>
      <xmin>1493</xmin>
      <ymin>458</ymin>
      <xmax>1816</xmax>
      <ymax>577</ymax>
    </bndbox>
  </object>
  <object>
    <type>bndbox</type>
    <name>now</name>
    <pose>Unspecified</pose>
    <truncated>0</truncated>
    <difficult>0</difficult>
    <bndbox>
      <xmin>1433</xmin>
      <ymin>651</ymin>
      <xmax>1815</xmax>
      <ymax>770</ymax>
    </bndbox>
  </object>
</annotation>
