<annotation verified="no">
  <folder>91kXSOu8bOo</folder>
  <filename>05_frame_03169</filename>
  <path>/home/keisuke/Documents/lyric/&#31070;&#30000;/annotation/91kXSOu8bOo/05_frame_03169.jpg</path>
  <source>
    <database>Unknown</database>
  </source>
  <size>
    <width>1920</width>
    <height>1080</height>
    <depth>1</depth>
  </size>
  <segmented>0</segmented>
  <object>
    <type>bndbox</type>
    <name>between</name>
    <pose>Unspecified</pose>
    <truncated>0</truncated>
    <difficult>0</difficult>
    <bndbox>
      <xmin>1164</xmin>
      <ymin>68</ymin>
      <xmax>1814</xmax>
      <ymax>189</ymax>
    </bndbox>
  </object>
  <object>
    <type>bndbox</type>
    <name>then</name>
    <pose>Unspecified</pose>
    <truncated>0</truncated>
    <difficult>0</difficult>
    <bndbox>
      <xmin>1459</xmin>
      <ymin>262</ymin>
      <xmax>1813</xmax>
      <ymax>387</ymax>
    </bndbox>
  </object>
  <object>
    <type>bndbox</type>
    <name>and</name>
    <pose>Unspecified</pose>
    <truncated>0</truncated>
    <difficult>0</difficult>
    <bndbox>
      <xmin>1495</xmin>
      <ymin>459</ymin>
      <xmax>1817</xmax>
      <ymax>578</ymax>
    </bndbox>
  </object>
  <object>
    <type>bndbox</type>
    <name>now</name>
    <pose>Unspecified</pose>
    <truncated>0</truncated>
    <difficult>0</difficult>
    <bndbox>
      <xmin>1434</xmin>
      <ymin>652</ymin>
      <xmax>1818</xmax>
      <ymax>772</ymax>
    </bndbox>
  </object>
  <object>
    <type>bndbox</type>
    <name>and</name>
    <pose>Unspecified</pose>
    <truncated>0</truncated>
    <difficult>0</difficult>
    <bndbox>
      <xmin>926</xmin>
      <ymin>423</ymin>
      <xmax>1252</xmax>
      <ymax>545</ymax>
    </bndbox>
  </object>
  <object>
    <type>bndbox</type>
    <name>why</name>
    <pose>Unspecified</pose>
    <truncated>0</truncated>
    <difficult>0</difficult>
    <bndbox>
      <xmin>914</xmin>
      <ymin>558</ymin>
      <xmax>1276</xmax>
      <ymax>678</ymax>
    </bndbox>
  </object>
  <object>
    <type>bndbox</type>
    <name>does</name>
    <pose>Unspecified</pose>
    <truncated>0</truncated>
    <difficult>0</difficult>
    <bndbox>
      <xmin>902</xmin>
      <ymin>689</ymin>
      <xmax>1292</xmax>
      <ymax>809</ymax>
    </bndbox>
  </object>
  <object>
    <type>bndbox</type>
    <name>this</name>
    <pose>Unspecified</pose>
    <truncated>0</truncated>
    <difficult>0</difficult>
    <bndbox>
      <xmin>948</xmin>
      <ymin>820</ymin>
      <xmax>1238</xmax>
      <ymax>942</ymax>
    </bndbox>
  </object>
</annotation>
