<annotation verified="no">
  <folder>91kXSOu8bOo</folder>
  <filename>04_frame_00865</filename>
  <path>/home/keisuke/Documents/lyric/&#31070;&#30000;/annotation/91kXSOu8bOo/04_frame_00865.jpg</path>
  <source>
    <database>Unknown</database>
  </source>
  <size>
    <width>1920</width>
    <height>1080</height>
    <depth>1</depth>
  </size>
  <segmented>0</segmented>
  <object>
    <type>bndbox</type>
    <name>do</name>
    <pose>Unspecified</pose>
    <truncated>0</truncated>
    <difficult>0</difficult>
    <bndbox>
      <xmin>134</xmin>
      <ymin>295</ymin>
      <xmax>320</xmax>
      <ymax>395</ymax>
    </bndbox>
  </object>
  <object>
    <type>bndbox</type>
    <name>you</name>
    <pose>Unspecified</pose>
    <truncated>0</truncated>
    <difficult>0</difficult>
    <bndbox>
      <xmin>359</xmin>
      <ymin>296</ymin>
      <xmax>626</xmax>
      <ymax>395</ymax>
    </bndbox>
  </object>
  <object>
    <type>bndbox</type>
    <name>feel</name>
    <pose>Unspecified</pose>
    <truncated>0</truncated>
    <difficult>0</difficult>
    <bndbox>
      <xmin>679</xmin>
      <ymin>296</ymin>
      <xmax>926</xmax>
      <ymax>393</ymax>
    </bndbox>
  </object>
  <object>
    <type>bndbox</type>
    <name>damaged</name>
    <pose>Unspecified</pose>
    <truncated>0</truncated>
    <difficult>0</difficult>
    <bndbox>
      <xmin>968</xmin>
      <ymin>296</ymin>
      <xmax>1569</xmax>
      <ymax>394</ymax>
    </bndbox>
  </object>
  <object>
    <type>bndbox</type>
    <name>just</name>
    <pose>Unspecified</pose>
    <truncated>0</truncated>
    <difficult>0</difficult>
    <bndbox>
      <xmin>930</xmin>
      <ymin>618</ymin>
      <xmax>1182</xmax>
      <ymax>719</ymax>
    </bndbox>
  </object>
  <object>
    <type>bndbox</type>
    <name>like</name>
    <pose>Unspecified</pose>
    <truncated>0</truncated>
    <difficult>0</difficult>
    <bndbox>
      <xmin>1226</xmin>
      <ymin>618</ymin>
      <xmax>1461</xmax>
      <ymax>715</ymax>
    </bndbox>
  </object>
  <object>
    <type>bndbox</type>
    <name>do</name>
    <pose>Unspecified</pose>
    <truncated>0</truncated>
    <difficult>0</difficult>
    <bndbox>
      <xmin>1591</xmin>
      <ymin>619</ymin>
      <xmax>1776</xmax>
      <ymax>716</ymax>
    </bndbox>
  </object>
  <object>
    <type>robndbox</type>
    <name>i</name>
    <pose>Unspecified</pose>
    <truncated>0</truncated>
    <difficult>0</difficult>
    <robndbox>
      <cx>1524.5</cx>
      <cy>667.854</cy>
      <w>29.0</w>
      <h>96.0</h>
      <angle>0.0</angle>
    </robndbox>
  </object>
</annotation>
