<annotation verified="no">
  <folder>91kXSOu8bOo</folder>
  <filename>07_frame_01945</filename>
  <path>/home/keisuke/Documents/lyric/&#31070;&#30000;/annotation/91kXSOu8bOo/07_frame_01945.jpg</path>
  <source>
    <database>Unknown</database>
  </source>
  <size>
    <width>1920</width>
    <height>1080</height>
    <depth>3</depth>
  </size>
  <segmented>0</segmented>
  <object>
    <type>bndbox</type>
    <name>id</name>
    <pose>Unspecified</pose>
    <truncated>0</truncated>
    <difficult>0</difficult>
    <bndbox>
      <xmin>210</xmin>
      <ymin>249</ymin>
      <xmax>413</xmax>
      <ymax>384</ymax>
    </bndbox>
  </object>
  <object>
    <type>bndbox</type>
    <name>rather</name>
    <pose>Unspecified</pose>
    <truncated>0</truncated>
    <difficult>0</difficult>
    <bndbox>
      <xmin>478</xmin>
      <ymin>249</ymin>
      <xmax>1097</xmax>
      <ymax>386</ymax>
    </bndbox>
  </object>
  <object>
    <type>bndbox</type>
    <name>choke</name>
    <pose>Unspecified</pose>
    <truncated>0</truncated>
    <difficult>0</difficult>
    <bndbox>
      <xmin>1150</xmin>
      <ymin>249</ymin>
      <xmax>1720</xmax>
      <ymax>386</ymax>
    </bndbox>
  </object>
  <object>
    <type>bndbox</type>
    <name>on</name>
    <pose>Unspecified</pose>
    <truncated>0</truncated>
    <difficult>0</difficult>
    <bndbox>
      <xmin>678</xmin>
      <ymin>468</ymin>
      <xmax>938</xmax>
      <ymax>608</ymax>
    </bndbox>
  </object>
  <object>
    <type>bndbox</type>
    <name>my</name>
    <pose>Unspecified</pose>
    <truncated>0</truncated>
    <difficult>0</difficult>
    <bndbox>
      <xmin>999</xmin>
      <ymin>470</ymin>
      <xmax>1263</xmax>
      <ymax>605</ymax>
    </bndbox>
  </object>
  <object>
    <type>bndbox</type>
    <name>bad</name>
    <pose>Unspecified</pose>
    <truncated>0</truncated>
    <difficult>0</difficult>
    <bndbox>
      <xmin>366</xmin>
      <ymin>684</ymin>
      <xmax>701</xmax>
      <ymax>820</ymax>
    </bndbox>
  </object>
  <object>
    <type>bndbox</type>
    <name>decisions</name>
    <pose>Unspecified</pose>
    <truncated>0</truncated>
    <difficult>0</difficult>
    <bndbox>
      <xmin>769</xmin>
      <ymin>683</ymin>
      <xmax>1618</xmax>
      <ymax>822</ymax>
    </bndbox>
  </object>
</annotation>
