<annotation verified="no">
  <folder>91kXSOu8bOo</folder>
  <filename>03_frame_02521</filename>
  <path>/home/keisuke/Documents/lyric/&#31070;&#30000;/annotation/91kXSOu8bOo/03_frame_02521.jpg</path>
  <source>
    <database>Unknown</database>
  </source>
  <size>
    <width>1920</width>
    <height>1080</height>
    <depth>1</depth>
  </size>
  <segmented>0</segmented>
  <object>
    <type>bndbox</type>
    <name>cracks</name>
    <pose>Unspecified</pose>
    <truncated>0</truncated>
    <difficult>0</difficult>
    <bndbox>
      <xmin>117</xmin>
      <ymin>119</ymin>
      <xmax>532</xmax>
      <ymax>210</ymax>
    </bndbox>
  </object>
  <object>
    <type>bndbox</type>
    <name>wont</name>
    <pose>Unspecified</pose>
    <truncated>0</truncated>
    <difficult>0</difficult>
    <bndbox>
      <xmin>563</xmin>
      <ymin>120</ymin>
      <xmax>935</xmax>
      <ymax>209</ymax>
    </bndbox>
  </object>
  <object>
    <type>bndbox</type>
    <name>fix</name>
    <pose>Unspecified</pose>
    <truncated>0</truncated>
    <difficult>0</difficult>
    <bndbox>
      <xmin>972</xmin>
      <ymin>120</ymin>
      <xmax>1132</xmax>
      <ymax>209</ymax>
    </bndbox>
  </object>
  <object>
    <type>bndbox</type>
    <name>and</name>
    <pose>Unspecified</pose>
    <truncated>0</truncated>
    <difficult>0</difficult>
    <bndbox>
      <xmin>113</xmin>
      <ymin>262</ymin>
      <xmax>348</xmax>
      <ymax>349</ymax>
    </bndbox>
  </object>
  <object>
    <type>bndbox</type>
    <name>the</name>
    <pose>Unspecified</pose>
    <truncated>0</truncated>
    <difficult>0</difficult>
    <bndbox>
      <xmin>384</xmin>
      <ymin>262</ymin>
      <xmax>567</xmax>
      <ymax>350</ymax>
    </bndbox>
  </object>
  <object>
    <type>bndbox</type>
    <name>scars</name>
    <pose>Unspecified</pose>
    <truncated>0</truncated>
    <difficult>0</difficult>
    <bndbox>
      <xmin>605</xmin>
      <ymin>259</ymin>
      <xmax>928</xmax>
      <ymax>351</ymax>
    </bndbox>
  </object>
  <object>
    <type>bndbox</type>
    <name>wont</name>
    <pose>Unspecified</pose>
    <truncated>0</truncated>
    <difficult>0</difficult>
    <bndbox>
      <xmin>962</xmin>
      <ymin>262</ymin>
      <xmax>1332</xmax>
      <ymax>351</ymax>
    </bndbox>
  </object>
  <object>
    <type>bndbox</type>
    <name>fade</name>
    <pose>Unspecified</pose>
    <truncated>0</truncated>
    <difficult>0</difficult>
    <bndbox>
      <xmin>120</xmin>
      <ymin>404</ymin>
      <xmax>378</xmax>
      <ymax>490</ymax>
    </bndbox>
  </object>
  <object>
    <type>bndbox</type>
    <name>away</name>
    <pose>Unspecified</pose>
    <truncated>0</truncated>
    <difficult>0</difficult>
    <bndbox>
      <xmin>411</xmin>
      <ymin>404</ymin>
      <xmax>735</xmax>
      <ymax>489</ymax>
    </bndbox>
  </object>
</annotation>
