<annotation verified="no">
  <folder>6c1BThu95d8</folder>
  <filename>04_frame_07291</filename>
  <path>/home/m_1te16262p/Downloads/annotation/&#23665;&#32291;/annotation/6c1BThu95d8/04_frame_07291.jpg</path>
  <source>
    <database>Unknown</database>
  </source>
  <size>
    <width>1920</width>
    <height>1080</height>
    <depth>3</depth>
  </size>
  <segmented>0</segmented>
  <object>
    <type>bndbox</type>
    <name>comes</name>
    <pose>Unspecified</pose>
    <truncated>1</truncated>
    <difficult>0</difficult>
    <bndbox>
      <xmin>723</xmin>
      <ymin>1</ymin>
      <xmax>1396</xmax>
      <ymax>137</ymax>
    </bndbox>
  </object>
  <object>
    <type>bndbox</type>
    <name>colours</name>
    <pose>Unspecified</pose>
    <truncated>1</truncated>
    <difficult>0</difficult>
    <bndbox>
      <xmin>1</xmin>
      <ymin>346</ymin>
      <xmax>1919</xmax>
      <ymax>815</ymax>
    </bndbox>
  </object>
  <object>
    <type>bndbox</type>
    <name>she</name>
    <pose>Unspecified</pose>
    <truncated>1</truncated>
    <difficult>0</difficult>
    <bndbox>
      <xmin>372</xmin>
      <ymin>1</ymin>
      <xmax>694</xmax>
      <ymax>318</ymax>
    </bndbox>
  </object>
  <object>
    <type>robndbox</type>
    <name>in</name>
    <pose>Unspecified</pose>
    <truncated>0</truncated>
    <difficult>0</difficult>
    <robndbox>
      <cx>1473.314</cx>
      <cy>219.7142</cy>
      <w>228.1603</w>
      <h>133.0491</h>
      <angle>0.9</angle>
    </robndbox>
  </object>
</annotation>
