<annotation verified="no">
  <folder>6c1BThu95d8</folder>
  <filename>06_frame_01981</filename>
  <path>/home/m_1te16262p/Downloads/annotation/&#23665;&#32291;/annotation/6c1BThu95d8/06_frame_01981.jpg</path>
  <source>
    <database>Unknown</database>
  </source>
  <size>
    <width>1920</width>
    <height>1080</height>
    <depth>3</depth>
  </size>
  <segmented>0</segmented>
  <object>
    <type>robndbox</type>
    <name>she</name>
    <pose>Unspecified</pose>
    <truncated>0</truncated>
    <difficult>0</difficult>
    <robndbox>
      <cx>493.554</cx>
      <cy>646.6074</cy>
      <w>165.7367</w>
      <h>422.5215</h>
      <angle>3.021593</angle>
    </robndbox>
  </object>
  <object>
    <type>robndbox</type>
    <name>combs</name>
    <pose>Unspecified</pose>
    <truncated>0</truncated>
    <difficult>0</difficult>
    <robndbox>
      <cx>781.8336</cx>
      <cy>214.2143</cy>
      <w>657.0116</w>
      <h>292.0893</h>
      <angle>2.921593</angle>
    </robndbox>
  </object>
  <object>
    <type>robndbox</type>
    <name>her</name>
    <pose>Unspecified</pose>
    <truncated>0</truncated>
    <difficult>0</difficult>
    <robndbox>
      <cx>1276.0441</cx>
      <cy>234.692</cy>
      <w>428.7888</w>
      <h>167.8389</h>
      <angle>0.75</angle>
    </robndbox>
  </object>
  <object>
    <type>robndbox</type>
    <name>hair</name>
    <pose>Unspecified</pose>
    <truncated>0</truncated>
    <difficult>0</difficult>
    <robndbox>
      <cx>1411.2584</cx>
      <cy>688.1223</cy>
      <w>195.7757</w>
      <h>565.7652</h>
      <angle>0.25</angle>
    </robndbox>
  </object>
</annotation>
