<annotation verified="no">
  <folder>6c1BThu95d8</folder>
  <filename>01_frame_02161</filename>
  <path>/home/m_1te16262p/Downloads/annotation/&#23665;&#32291;/annotation/6c1BThu95d8/01_frame_02161.jpg</path>
  <source>
    <database>Unknown</database>
  </source>
  <size>
    <width>1920</width>
    <height>1080</height>
    <depth>3</depth>
  </size>
  <segmented>0</segmented>
  <object>
    <type>robndbox</type>
    <name>coming</name>
    <pose>Unspecified</pose>
    <truncated>0</truncated>
    <difficult>0</difficult>
    <robndbox>
      <cx>585.5177</cx>
      <cy>570.2665</cy>
      <w>224.2886</w>
      <h>682.353</h>
      <angle>3.081593</angle>
    </robndbox>
  </object>
  <object>
    <type>robndbox</type>
    <name>colours</name>
    <pose>Unspecified</pose>
    <truncated>0</truncated>
    <difficult>0</difficult>
    <robndbox>
      <cx>1063.9845</cx>
      <cy>214.2143</cy>
      <w>731.1575</w>
      <h>282.2115</h>
      <angle>0.21</angle>
    </robndbox>
  </object>
  <object>
    <type>robndbox</type>
    <name>in</name>
    <pose>Unspecified</pose>
    <truncated>0</truncated>
    <difficult>0</difficult>
    <robndbox>
      <cx>1386.6169</cx>
      <cy>518.9286</cy>
      <w>118.7494</w>
      <h>183.0753</h>
      <angle>3.061593</angle>
    </robndbox>
  </object>
  <object>
    <type>robndbox</type>
    <name>the</name>
    <pose>Unspecified</pose>
    <truncated>0</truncated>
    <difficult>0</difficult>
    <robndbox>
      <cx>1297.4062</cx>
      <cy>794.0432</cy>
      <w>138.4511</w>
      <h>375.0139</h>
      <angle>0.62</angle>
    </robndbox>
  </object>
  <object>
    <type>robndbox</type>
    <name>air</name>
    <pose>Unspecified</pose>
    <truncated>0</truncated>
    <difficult>0</difficult>
    <robndbox>
      <cx>1011.4767</cx>
      <cy>966.8918</cy>
      <w>280.6317</w>
      <h>130.6705</h>
      <angle>3.031593</angle>
    </robndbox>
  </object>
</annotation>
