<annotation verified="no">
  <folder>6c1BThu95d8</folder>
  <filename>07_frame_03871</filename>
  <path>/home/m_1te16262p/Downloads/annotation/&#23665;&#32291;/annotation/6c1BThu95d8/07_frame_03871.jpg</path>
  <source>
    <database>Unknown</database>
  </source>
  <size>
    <width>1920</width>
    <height>1080</height>
    <depth>3</depth>
  </size>
  <segmented>0</segmented>
  <object>
    <type>robndbox</type>
    <name>dressed</name>
    <pose>Unspecified</pose>
    <truncated>0</truncated>
    <difficult>0</difficult>
    <robndbox>
      <cx>714.4867</cx>
      <cy>281.0136</cy>
      <w>176.5927</w>
      <h>590.65</h>
      <angle>0.8</angle>
    </robndbox>
  </object>
  <object>
    <type>robndbox</type>
    <name>in</name>
    <pose>Unspecified</pose>
    <truncated>0</truncated>
    <difficult>0</difficult>
    <robndbox>
      <cx>1056.1169</cx>
      <cy>146.9286</cy>
      <w>150.5758</w>
      <h>88.4981</h>
      <angle>0.25</angle>
    </robndbox>
  </object>
  <object>
    <type>robndbox</type>
    <name>blue</name>
    <pose>Unspecified</pose>
    <truncated>0</truncated>
    <difficult>0</difficult>
    <robndbox>
      <cx>1273.729</cx>
      <cy>287.9317</cy>
      <w>354.683</w>
      <h>128.0885</h>
      <angle>0.89</angle>
    </robndbox>
  </object>
</annotation>
