<annotation verified="no">
  <folder>6c1BThu95d8</folder>
  <filename>09_frame_04141</filename>
  <path>/home/m_1te16262p/Downloads/annotation/&#23665;&#32291;/annotation/6c1BThu95d8/09_frame_04141.jpg</path>
  <source>
    <database>Unknown</database>
  </source>
  <size>
    <width>1920</width>
    <height>1080</height>
    <depth>3</depth>
  </size>
  <segmented>0</segmented>
  <object>
    <type>robndbox</type>
    <name>speck</name>
    <pose>Unspecified</pose>
    <truncated>0</truncated>
    <difficult>0</difficult>
    <robndbox>
      <cx>640.5737</cx>
      <cy>263.1909</cy>
      <w>147.3149</w>
      <h>482.0228</h>
      <angle>0.72</angle>
    </robndbox>
  </object>
  <object>
    <type>robndbox</type>
    <name>of</name>
    <pose>Unspecified</pose>
    <truncated>0</truncated>
    <difficult>0</difficult>
    <robndbox>
      <cx>939.5454</cx>
      <cy>102.5324</cy>
      <w>188.9529</w>
      <h>124.1805</h>
      <angle>0.03</angle>
    </robndbox>
  </object>
  <object>
    <type>robndbox</type>
    <name>white</name>
    <pose>Unspecified</pose>
    <truncated>0</truncated>
    <difficult>0</difficult>
    <robndbox>
      <cx>1192.6405</cx>
      <cy>165.4885</cy>
      <w>324.8987</w>
      <h>120.3569</h>
      <angle>0.68</angle>
    </robndbox>
  </object>
</annotation>
