<annotation verified="no">
  <folder>6c1BThu95d8</folder>
  <filename>03_frame_04951</filename>
  <path>/home/m_1te16262p/Downloads/annotation/&#23665;&#32291;/annotation/6c1BThu95d8/03_frame_04951.jpg</path>
  <source>
    <database>Unknown</database>
  </source>
  <size>
    <width>1920</width>
    <height>1080</height>
    <depth>3</depth>
  </size>
  <segmented>0</segmented>
  <object>
    <type>bndbox</type>
    <name>colours</name>
    <pose>Unspecified</pose>
    <truncated>1</truncated>
    <difficult>0</difficult>
    <bndbox>
      <xmin>1</xmin>
      <ymin>280</ymin>
      <xmax>1919</xmax>
      <ymax>908</ymax>
    </bndbox>
  </object>
  <object>
    <type>bndbox</type>
    <name>she</name>
    <pose>Unspecified</pose>
    <truncated>1</truncated>
    <difficult>0</difficult>
    <bndbox>
      <xmin>201</xmin>
      <ymin>1</ymin>
      <xmax>503</xmax>
      <ymax>256</ymax>
    </bndbox>
  </object>
  <object>
    <type>robndbox</type>
    <name>in</name>
    <pose>Unspecified</pose>
    <truncated>0</truncated>
    <difficult>0</difficult>
    <robndbox>
      <cx>1632.7557</cx>
      <cy>150.1355</cy>
      <w>173.1313</w>
      <h>256.7185</h>
      <angle>2.441593</angle>
    </robndbox>
  </object>
  <object>
    <type>robndbox</type>
    <name>have</name>
    <pose>Unspecified</pose>
    <truncated>0</truncated>
    <difficult>0</difficult>
    <robndbox>
      <cx>1183.939</cx>
      <cy>450.277</cy>
      <w>81.4266</w>
      <h>255.6337</h>
      <angle>2.621593</angle>
    </robndbox>
  </object>
</annotation>
