<annotation verified="no">
  <folder>6c1BThu95d8</folder>
  <filename>02_frame_01171</filename>
  <path>/home/m_1te16262p/Downloads/annotation/&#23665;&#32291;/annotation/6c1BThu95d8/02_frame_01171.jpg</path>
  <source>
    <database>Unknown</database>
  </source>
  <size>
    <width>1920</width>
    <height>1080</height>
    <depth>3</depth>
  </size>
  <segmented>0</segmented>
  <object>
    <type>bndbox</type>
    <name>colours</name>
    <pose>Unspecified</pose>
    <truncated>0</truncated>
    <difficult>0</difficult>
    <bndbox>
      <xmin>115</xmin>
      <ymin>347</ymin>
      <xmax>1887</xmax>
      <ymax>734</ymax>
    </bndbox>
  </object>
  <object>
    <type>robndbox</type>
    <name>she</name>
    <pose>Unspecified</pose>
    <truncated>0</truncated>
    <difficult>0</difficult>
    <robndbox>
      <cx>599.8666</cx>
      <cy>222.4292</cy>
      <w>327.6108</w>
      <h>130.2616</h>
      <angle>2.391593</angle>
    </robndbox>
  </object>
  <object>
    <type>robndbox</type>
    <name>comes</name>
    <pose>Unspecified</pose>
    <truncated>0</truncated>
    <difficult>0</difficult>
    <robndbox>
      <cx>1037.6656</cx>
      <cy>103.1915</cy>
      <w>566.7836</w>
      <h>187.5576</h>
      <angle>0.03</angle>
    </robndbox>
  </object>
  <object>
    <type>robndbox</type>
    <name>in</name>
    <pose>Unspecified</pose>
    <truncated>0</truncated>
    <difficult>0</difficult>
    <robndbox>
      <cx>1385.6169</cx>
      <cy>270.4286</cy>
      <w>110.4858</w>
      <h>182.9368</h>
      <angle>2.471593</angle>
    </robndbox>
  </object>
</annotation>
