<annotation verified="no">
  <folder>6c1BThu95d8</folder>
  <filename>08_frame_04051</filename>
  <path>/home/m_1te16262p/Downloads/annotation/&#23665;&#32291;/annotation/6c1BThu95d8/08_frame_04051.jpg</path>
  <source>
    <database>Unknown</database>
  </source>
  <size>
    <width>1920</width>
    <height>1080</height>
    <depth>3</depth>
  </size>
  <segmented>0</segmented>
  <object>
    <type>robndbox</type>
    <name>front</name>
    <pose>Unspecified</pose>
    <truncated>0</truncated>
    <difficult>0</difficult>
    <robndbox>
      <cx>951.6169</cx>
      <cy>108.9286</cy>
      <w>91.0</w>
      <h>99.0</h>
      <angle>0.0</angle>
    </robndbox>
  </object>
  <object>
    <type>robndbox</type>
    <name>of</name>
    <pose>Unspecified</pose>
    <truncated>0</truncated>
    <difficult>0</difficult>
    <robndbox>
      <cx>1105.8162</cx>
      <cy>149.2722</cy>
      <w>182.6335</w>
      <h>118.1067</h>
      <angle>0.42</angle>
    </robndbox>
  </object>
  <object>
    <type>robndbox</type>
    <name>you</name>
    <pose>Unspecified</pose>
    <truncated>0</truncated>
    <difficult>0</difficult>
    <robndbox>
      <cx>1307.4674</cx>
      <cy>296.8694</cy>
      <w>316.4668</w>
      <h>107.1886</h>
      <angle>0.98</angle>
    </robndbox>
  </object>
</annotation>
