<annotation verified="no">
  <folder>6c1BThu95d8</folder>
  <filename>00_frame_04861</filename>
  <path>/home/m_1te16262p/Downloads/annotation/&#23665;&#32291;/annotation/6c1BThu95d8/00_frame_04861.jpg</path>
  <source>
    <database>Unknown</database>
  </source>
  <size>
    <width>1920</width>
    <height>1080</height>
    <depth>3</depth>
  </size>
  <segmented>0</segmented>
  <object>
    <type>bndbox</type>
    <name>colours</name>
    <pose>Unspecified</pose>
    <truncated>0</truncated>
    <difficult>0</difficult>
    <bndbox>
      <xmin>111</xmin>
      <ymin>392</ymin>
      <xmax>1823</xmax>
      <ymax>763</ymax>
    </bndbox>
  </object>
  <object>
    <type>robndbox</type>
    <name>she</name>
    <pose>Unspecified</pose>
    <truncated>0</truncated>
    <difficult>0</difficult>
    <robndbox>
      <cx>607.1169</cx>
      <cy>228.4286</cy>
      <w>317.0499</w>
      <h>112.7624</h>
      <angle>2.341593</angle>
    </robndbox>
  </object>
  <object>
    <type>robndbox</type>
    <name>comes</name>
    <pose>Unspecified</pose>
    <truncated>0</truncated>
    <difficult>0</difficult>
    <robndbox>
      <cx>1035.0004</cx>
      <cy>116.4949</cy>
      <w>551.7688</w>
      <h>172.324</h>
      <angle>0.08</angle>
    </robndbox>
  </object>
  <object>
    <type>robndbox</type>
    <name>in</name>
    <pose>Unspecified</pose>
    <truncated>0</truncated>
    <difficult>0</difficult>
    <robndbox>
      <cx>1369.1169</cx>
      <cy>279.4286</cy>
      <w>174.3599</w>
      <h>103.5308</h>
      <angle>0.96</angle>
    </robndbox>
  </object>
</annotation>
