<annotation verified="no">
  <folder>6c1BThu95d8</folder>
  <filename>05_frame_06031</filename>
  <path>/home/m_1te16262p/Downloads/annotation/&#23665;&#32291;/annotation/6c1BThu95d8/05_frame_06031.jpg</path>
  <source>
    <database>Unknown</database>
  </source>
  <size>
    <width>1920</width>
    <height>1080</height>
    <depth>3</depth>
  </size>
  <segmented>0</segmented>
  <object>
    <type>bndbox</type>
    <name>colours</name>
    <pose>Unspecified</pose>
    <truncated>0</truncated>
    <difficult>0</difficult>
    <bndbox>
      <xmin>131</xmin>
      <ymin>390</ymin>
      <xmax>1812</xmax>
      <ymax>753</ymax>
    </bndbox>
  </object>
  <object>
    <type>robndbox</type>
    <name>she</name>
    <pose>Unspecified</pose>
    <truncated>0</truncated>
    <difficult>0</difficult>
    <robndbox>
      <cx>615.2036</cx>
      <cy>232.582</cy>
      <w>310.4344</w>
      <h>115.366</h>
      <angle>2.361593</angle>
    </robndbox>
  </object>
  <object>
    <type>robndbox</type>
    <name>comes</name>
    <pose>Unspecified</pose>
    <truncated>0</truncated>
    <difficult>0</difficult>
    <robndbox>
      <cx>1039.1494</cx>
      <cy>115.6331</cy>
      <w>550.7413</w>
      <h>155.5082</h>
      <angle>0.13</angle>
    </robndbox>
  </object>
  <object>
    <type>robndbox</type>
    <name>in</name>
    <pose>Unspecified</pose>
    <truncated>0</truncated>
    <difficult>0</difficult>
    <robndbox>
      <cx>1365.7682</cx>
      <cy>281.9633</cy>
      <w>175.7541</w>
      <h>105.427</h>
      <angle>0.92</angle>
    </robndbox>
  </object>
</annotation>
