<annotation verified="no">
  <folder>P-uv1wCQnI8</folder>
  <filename>03_frame_04141</filename>
  <path>/home/mitsuo/roLabelImg-master/&#28288;&#23614;/annotation/P-uv1wCQnI8/03_frame_04141.jpg</path>
  <source>
    <database>Unknown</database>
  </source>
  <size>
    <width>1920</width>
    <height>1080</height>
    <depth>3</depth>
  </size>
  <segmented>0</segmented>
  <object>
    <type>bndbox</type>
    <name>you</name>
    <pose>Unspecified</pose>
    <truncated>0</truncated>
    <difficult>0</difficult>
    <bndbox>
      <xmin>641</xmin>
      <ymin>131</ymin>
      <xmax>1329</xmax>
      <ymax>349</ymax>
    </bndbox>
  </object>
  <object>
    <type>bndbox</type>
    <name>dont</name>
    <pose>Unspecified</pose>
    <truncated>0</truncated>
    <difficult>0</difficult>
    <bndbox>
      <xmin>689</xmin>
      <ymin>571</ymin>
      <xmax>1006</xmax>
      <ymax>645</ymax>
    </bndbox>
  </object>
  <object>
    <type>bndbox</type>
    <name>even</name>
    <pose>Unspecified</pose>
    <truncated>0</truncated>
    <difficult>0</difficult>
    <bndbox>
      <xmin>1034</xmin>
      <ymin>573</ymin>
      <xmax>1305</xmax>
      <ymax>648</ymax>
    </bndbox>
  </object>
  <object>
    <type>bndbox</type>
    <name>live</name>
    <pose>Unspecified</pose>
    <truncated>0</truncated>
    <difficult>0</difficult>
    <bndbox>
      <xmin>590</xmin>
      <ymin>659</ymin>
      <xmax>933</xmax>
      <ymax>772</ymax>
    </bndbox>
  </object>
  <object>
    <type>bndbox</type>
    <name>here</name>
    <pose>Unspecified</pose>
    <truncated>0</truncated>
    <difficult>0</difficult>
    <bndbox>
      <xmin>978</xmin>
      <ymin>661</ymin>
      <xmax>1382</xmax>
      <ymax>776</ymax>
    </bndbox>
  </object>
</annotation>
