<annotation verified="no">
  <folder>P-uv1wCQnI8</folder>
  <filename>01_frame_05761</filename>
  <path>/home/mitsuo/roLabelImg-master/&#28288;&#23614;/annotation/P-uv1wCQnI8/01_frame_05761.jpg</path>
  <source>
    <database>Unknown</database>
  </source>
  <size>
    <width>1920</width>
    <height>1080</height>
    <depth>3</depth>
  </size>
  <segmented>0</segmented>
  <object>
    <type>bndbox</type>
    <name>look</name>
    <pose>Unspecified</pose>
    <truncated>0</truncated>
    <difficult>0</difficult>
    <bndbox>
      <xmin>151</xmin>
      <ymin>293</ymin>
      <xmax>1390</xmax>
      <ymax>841</ymax>
    </bndbox>
  </object>
  <object>
    <type>bndbox</type>
    <name>what</name>
    <pose>Unspecified</pose>
    <truncated>0</truncated>
    <difficult>0</difficult>
    <bndbox>
      <xmin>1298</xmin>
      <ymin>461</ymin>
      <xmax>1490</xmax>
      <ymax>541</ymax>
    </bndbox>
  </object>
  <object>
    <type>bndbox</type>
    <name>you</name>
    <pose>Unspecified</pose>
    <truncated>0</truncated>
    <difficult>0</difficult>
    <bndbox>
      <xmin>1505</xmin>
      <ymin>460</ymin>
      <xmax>1634</xmax>
      <ymax>540</ymax>
    </bndbox>
  </object>
  <object>
    <type>bndbox</type>
    <name>made</name>
    <pose>Unspecified</pose>
    <truncated>0</truncated>
    <difficult>0</difficult>
    <bndbox>
      <xmin>1261</xmin>
      <ymin>555</ymin>
      <xmax>1481</xmax>
      <ymax>648</ymax>
    </bndbox>
  </object>
  <object>
    <type>bndbox</type>
    <name>me</name>
    <pose>Unspecified</pose>
    <truncated>0</truncated>
    <difficult>0</difficult>
    <bndbox>
      <xmin>1489</xmin>
      <ymin>555</ymin>
      <xmax>1619</xmax>
      <ymax>647</ymax>
    </bndbox>
  </object>
</annotation>
