<annotation verified="no">
  <folder>P-uv1wCQnI8</folder>
  <filename>08_frame_04951</filename>
  <path>/home/mitsuo/roLabelImg-master/&#28288;&#23614;/annotation/P-uv1wCQnI8/08_frame_04951.jpg</path>
  <source>
    <database>Unknown</database>
  </source>
  <size>
    <width>1920</width>
    <height>1080</height>
    <depth>3</depth>
  </size>
  <segmented>0</segmented>
  <object>
    <type>bndbox</type>
    <name>comes</name>
    <pose>Unspecified</pose>
    <truncated>0</truncated>
    <difficult>0</difficult>
    <bndbox>
      <xmin>722</xmin>
      <ymin>364</ymin>
      <xmax>1025</xmax>
      <ymax>472</ymax>
    </bndbox>
  </object>
  <object>
    <type>bndbox</type>
    <name>back</name>
    <pose>Unspecified</pose>
    <truncated>0</truncated>
    <difficult>0</difficult>
    <bndbox>
      <xmin>1037</xmin>
      <ymin>364</ymin>
      <xmax>1269</xmax>
      <ymax>471</ymax>
    </bndbox>
  </object>
  <object>
    <type>bndbox</type>
    <name>to</name>
    <pose>Unspecified</pose>
    <truncated>0</truncated>
    <difficult>0</difficult>
    <bndbox>
      <xmin>633</xmin>
      <ymin>484</ymin>
      <xmax>878</xmax>
      <ymax>732</ymax>
    </bndbox>
  </object>
  <object>
    <type>bndbox</type>
    <name>you</name>
    <pose>Unspecified</pose>
    <truncated>0</truncated>
    <difficult>0</difficult>
    <bndbox>
      <xmin>941</xmin>
      <ymin>492</ymin>
      <xmax>1307</xmax>
      <ymax>729</ymax>
    </bndbox>
  </object>
</annotation>
