<annotation verified="no">
  <folder>P-uv1wCQnI8</folder>
  <filename>02_frame_02341</filename>
  <path>/home/mitsuo/roLabelImg-master/&#28288;&#23614;/annotation/P-uv1wCQnI8/02_frame_02341.jpg</path>
  <source>
    <database>Unknown</database>
  </source>
  <size>
    <width>1920</width>
    <height>1080</height>
    <depth>3</depth>
  </size>
  <segmented>0</segmented>
  <object>
    <type>bndbox</type>
    <name>yeah</name>
    <pose>Unspecified</pose>
    <truncated>0</truncated>
    <difficult>0</difficult>
    <bndbox>
      <xmin>895</xmin>
      <ymin>304</ymin>
      <xmax>1087</xmax>
      <ymax>399</ymax>
    </bndbox>
  </object>
  <object>
    <type>bndbox</type>
    <name>we</name>
    <pose>Unspecified</pose>
    <truncated>0</truncated>
    <difficult>0</difficult>
    <bndbox>
      <xmin>734</xmin>
      <ymin>417</ymin>
      <xmax>873</xmax>
      <ymax>521</ymax>
    </bndbox>
  </object>
  <object>
    <type>bndbox</type>
    <name>heading</name>
    <pose>Unspecified</pose>
    <truncated>0</truncated>
    <difficult>0</difficult>
    <bndbox>
      <xmin>889</xmin>
      <ymin>420</ymin>
      <xmax>1251</xmax>
      <ymax>524</ymax>
    </bndbox>
  </object>
  <object>
    <type>bndbox</type>
    <name>to</name>
    <pose>Unspecified</pose>
    <truncated>0</truncated>
    <difficult>0</difficult>
    <bndbox>
      <xmin>494</xmin>
      <ymin>536</ymin>
      <xmax>687</xmax>
      <ymax>756</ymax>
    </bndbox>
  </object>
  <object>
    <type>bndbox</type>
    <name>morocco</name>
    <pose>Unspecified</pose>
    <truncated>0</truncated>
    <difficult>0</difficult>
    <bndbox>
      <xmin>734</xmin>
      <ymin>536</ymin>
      <xmax>1450</xmax>
      <ymax>763</ymax>
    </bndbox>
  </object>
</annotation>
