<annotation verified="no">
  <folder>P-uv1wCQnI8</folder>
  <filename>06_frame_03061</filename>
  <path>/home/mitsuo/roLabelImg-master/&#28288;&#23614;/annotation/P-uv1wCQnI8/06_frame_03061.jpg</path>
  <source>
    <database>Unknown</database>
  </source>
  <size>
    <width>1920</width>
    <height>1080</height>
    <depth>3</depth>
  </size>
  <segmented>0</segmented>
  <object>
    <type>bndbox</type>
    <name>comes</name>
    <pose>Unspecified</pose>
    <truncated>0</truncated>
    <difficult>0</difficult>
    <bndbox>
      <xmin>715</xmin>
      <ymin>359</ymin>
      <xmax>1023</xmax>
      <ymax>469</ymax>
    </bndbox>
  </object>
  <object>
    <type>bndbox</type>
    <name>back</name>
    <pose>Unspecified</pose>
    <truncated>0</truncated>
    <difficult>0</difficult>
    <bndbox>
      <xmin>1038</xmin>
      <ymin>361</ymin>
      <xmax>1270</xmax>
      <ymax>468</ymax>
    </bndbox>
  </object>
  <object>
    <type>bndbox</type>
    <name>to</name>
    <pose>Unspecified</pose>
    <truncated>0</truncated>
    <difficult>0</difficult>
    <bndbox>
      <xmin>655</xmin>
      <ymin>735</ymin>
      <xmax>881</xmax>
      <ymax>944</ymax>
    </bndbox>
  </object>
  <object>
    <type>bndbox</type>
    <name>you</name>
    <pose>Unspecified</pose>
    <truncated>0</truncated>
    <difficult>0</difficult>
    <bndbox>
      <xmin>942</xmin>
      <ymin>741</ymin>
      <xmax>1278</xmax>
      <ymax>944</ymax>
    </bndbox>
  </object>
</annotation>
