<annotation verified="no">
  <folder>P-uv1wCQnI8</folder>
  <filename>07_frame_03241</filename>
  <path>/home/mitsuo/roLabelImg-master/&#28288;&#23614;/annotation/P-uv1wCQnI8/07_frame_03241.jpg</path>
  <source>
    <database>Unknown</database>
  </source>
  <size>
    <width>1920</width>
    <height>1080</height>
    <depth>3</depth>
  </size>
  <segmented>0</segmented>
  <object>
    <type>bndbox</type>
    <name>so</name>
    <pose>Unspecified</pose>
    <truncated>0</truncated>
    <difficult>0</difficult>
    <bndbox>
      <xmin>270</xmin>
      <ymin>236</ymin>
      <xmax>897</xmax>
      <ymax>825</ymax>
    </bndbox>
  </object>
  <object>
    <type>bndbox</type>
    <name>good</name>
    <pose>Unspecified</pose>
    <truncated>0</truncated>
    <difficult>0</difficult>
    <bndbox>
      <xmin>925</xmin>
      <ymin>272</ymin>
      <xmax>1398</xmax>
      <ymax>497</ymax>
    </bndbox>
  </object>
  <object>
    <type>bndbox</type>
    <name>for</name>
    <pose>Unspecified</pose>
    <truncated>0</truncated>
    <difficult>0</difficult>
    <bndbox>
      <xmin>889</xmin>
      <ymin>513</ymin>
      <xmax>1145</xmax>
      <ymax>677</ymax>
    </bndbox>
  </object>
  <object>
    <type>bndbox</type>
    <name>you</name>
    <pose>Unspecified</pose>
    <truncated>0</truncated>
    <difficult>0</difficult>
    <bndbox>
      <xmin>1186</xmin>
      <ymin>515</ymin>
      <xmax>1435</xmax>
      <ymax>675</ymax>
    </bndbox>
  </object>
</annotation>
