<annotation verified="no">
  <folder>P-uv1wCQnI8</folder>
  <filename>04_frame_04591</filename>
  <path>/home/mitsuo/roLabelImg-master/&#28288;&#23614;/annotation/P-uv1wCQnI8/04_frame_04591.jpg</path>
  <source>
    <database>Unknown</database>
  </source>
  <size>
    <width>1920</width>
    <height>1080</height>
    <depth>3</depth>
  </size>
  <segmented>0</segmented>
  <object>
    <type>bndbox</type>
    <name>how</name>
    <pose>Unspecified</pose>
    <truncated>0</truncated>
    <difficult>0</difficult>
    <bndbox>
      <xmin>730</xmin>
      <ymin>352</ymin>
      <xmax>961</xmax>
      <ymax>420</ymax>
    </bndbox>
  </object>
  <object>
    <type>bndbox</type>
    <name>long</name>
    <pose>Unspecified</pose>
    <truncated>0</truncated>
    <difficult>0</difficult>
    <bndbox>
      <xmin>982</xmin>
      <ymin>356</ymin>
      <xmax>1237</xmax>
      <ymax>425</ymax>
    </bndbox>
  </object>
  <object>
    <type>bndbox</type>
    <name>did</name>
    <pose>Unspecified</pose>
    <truncated>0</truncated>
    <difficult>0</difficult>
    <bndbox>
      <xmin>561</xmin>
      <ymin>443</ymin>
      <xmax>754</xmax>
      <ymax>525</ymax>
    </bndbox>
  </object>
  <object>
    <type>bndbox</type>
    <name>you</name>
    <pose>Unspecified</pose>
    <truncated>0</truncated>
    <difficult>0</difficult>
    <bndbox>
      <xmin>779</xmin>
      <ymin>444</ymin>
      <xmax>1025</xmax>
      <ymax>524</ymax>
    </bndbox>
  </object>
  <object>
    <type>bndbox</type>
    <name>think</name>
    <pose>Unspecified</pose>
    <truncated>0</truncated>
    <difficult>0</difficult>
    <bndbox>
      <xmin>1051</xmin>
      <ymin>447</ymin>
      <xmax>1399</xmax>
      <ymax>525</ymax>
    </bndbox>
  </object>
</annotation>
