<annotation verified="no">
  <folder>S1g4Uoqhhc8</folder>
  <filename>07_frame_02017</filename>
  <path>/home/ikoma/roLabelImg/&#29983;&#39378;/annotation/S1g4Uoqhhc8/07_frame_02017.jpg</path>
  <source>
    <database>Unknown</database>
  </source>
  <size>
    <width>1920</width>
    <height>1080</height>
    <depth>3</depth>
  </size>
  <segmented>0</segmented>
  <object>
    <type>bndbox</type>
    <name>someday</name>
    <pose>Unspecified</pose>
    <truncated>0</truncated>
    <difficult>0</difficult>
    <bndbox>
      <xmin>609</xmin>
      <ymin>654</ymin>
      <xmax>1063</xmax>
      <ymax>766</ymax>
    </bndbox>
  </object>
  <object>
    <type>bndbox</type>
    <name>soon</name>
    <pose>Unspecified</pose>
    <truncated>0</truncated>
    <difficult>0</difficult>
    <bndbox>
      <xmin>1065</xmin>
      <ymin>658</ymin>
      <xmax>1335</xmax>
      <ymax>762</ymax>
    </bndbox>
  </object>
  <object>
    <type>bndbox</type>
    <name>well</name>
    <pose>Unspecified</pose>
    <truncated>0</truncated>
    <difficult>0</difficult>
    <bndbox>
      <xmin>393</xmin>
      <ymin>783</ymin>
      <xmax>698</xmax>
      <ymax>921</ymax>
    </bndbox>
  </object>
  <object>
    <type>bndbox</type>
    <name>be</name>
    <pose>Unspecified</pose>
    <truncated>0</truncated>
    <difficult>0</difficult>
    <bndbox>
      <xmin>742</xmin>
      <ymin>782</ymin>
      <xmax>912</xmax>
      <ymax>913</ymax>
    </bndbox>
  </object>
  <object>
    <type>bndbox</type>
    <name>together</name>
    <pose>Unspecified</pose>
    <truncated>0</truncated>
    <difficult>0</difficult>
    <bndbox>
      <xmin>959</xmin>
      <ymin>785</ymin>
      <xmax>1537</xmax>
      <ymax>915</ymax>
    </bndbox>
  </object>
</annotation>
