<annotation verified="no">
  <folder>S1g4Uoqhhc8</folder>
  <filename>05_frame_03169</filename>
  <path>/home/ikoma/roLabelImg/&#29983;&#39378;/annotation/S1g4Uoqhhc8/05_frame_03169.jpg</path>
  <source>
    <database>Unknown</database>
  </source>
  <size>
    <width>1920</width>
    <height>1080</height>
    <depth>3</depth>
  </size>
  <segmented>0</segmented>
  <object>
    <type>bndbox</type>
    <name>maybe</name>
    <pose>Unspecified</pose>
    <truncated>0</truncated>
    <difficult>0</difficult>
    <bndbox>
      <xmin>547</xmin>
      <ymin>333</ymin>
      <xmax>873</xmax>
      <ymax>416</ymax>
    </bndbox>
  </object>
  <object>
    <type>bndbox</type>
    <name>if</name>
    <pose>Unspecified</pose>
    <truncated>0</truncated>
    <difficult>0</difficult>
    <bndbox>
      <xmin>892</xmin>
      <ymin>335</ymin>
      <xmax>999</xmax>
      <ymax>415</ymax>
    </bndbox>
  </object>
  <object>
    <type>bndbox</type>
    <name>our</name>
    <pose>Unspecified</pose>
    <truncated>0</truncated>
    <difficult>0</difficult>
    <bndbox>
      <xmin>453</xmin>
      <ymin>448</ymin>
      <xmax>644</xmax>
      <ymax>537</ymax>
    </bndbox>
  </object>
  <object>
    <type>bndbox</type>
    <name>worlds</name>
    <pose>Unspecified</pose>
    <truncated>0</truncated>
    <difficult>0</difficult>
    <bndbox>
      <xmin>668</xmin>
      <ymin>426</ymin>
      <xmax>1321</xmax>
      <ymax>579</ymax>
    </bndbox>
  </object>
  <object>
    <type>bndbox</type>
    <name>collide</name>
    <pose>Unspecified</pose>
    <truncated>0</truncated>
    <difficult>0</difficult>
    <bndbox>
      <xmin>893</xmin>
      <ymin>582</ymin>
      <xmax>1471</xmax>
      <ymax>743</ymax>
    </bndbox>
  </object>
</annotation>
