<annotation verified="no">
  <folder>S1g4Uoqhhc8</folder>
  <filename>06_frame_01657</filename>
  <path>/home/ikoma/roLabelImg/&#29983;&#39378;/annotation/S1g4Uoqhhc8/06_frame_01657.jpg</path>
  <source>
    <database>Unknown</database>
  </source>
  <size>
    <width>1920</width>
    <height>1080</height>
    <depth>3</depth>
  </size>
  <segmented>0</segmented>
  <object>
    <type>bndbox</type>
    <name>maybe</name>
    <pose>Unspecified</pose>
    <truncated>0</truncated>
    <difficult>0</difficult>
    <bndbox>
      <xmin>549</xmin>
      <ymin>330</ymin>
      <xmax>878</xmax>
      <ymax>418</ymax>
    </bndbox>
  </object>
  <object>
    <type>bndbox</type>
    <name>if</name>
    <pose>Unspecified</pose>
    <truncated>0</truncated>
    <difficult>0</difficult>
    <bndbox>
      <xmin>890</xmin>
      <ymin>330</ymin>
      <xmax>1004</xmax>
      <ymax>414</ymax>
    </bndbox>
  </object>
  <object>
    <type>bndbox</type>
    <name>our</name>
    <pose>Unspecified</pose>
    <truncated>0</truncated>
    <difficult>0</difficult>
    <bndbox>
      <xmin>446</xmin>
      <ymin>449</ymin>
      <xmax>644</xmax>
      <ymax>535</ymax>
    </bndbox>
  </object>
  <object>
    <type>bndbox</type>
    <name>worlds</name>
    <pose>Unspecified</pose>
    <truncated>0</truncated>
    <difficult>0</difficult>
    <bndbox>
      <xmin>661</xmin>
      <ymin>426</ymin>
      <xmax>1321</xmax>
      <ymax>579</ymax>
    </bndbox>
  </object>
  <object>
    <type>bndbox</type>
    <name>collide</name>
    <pose>Unspecified</pose>
    <truncated>0</truncated>
    <difficult>0</difficult>
    <bndbox>
      <xmin>887</xmin>
      <ymin>584</ymin>
      <xmax>1477</xmax>
      <ymax>743</ymax>
    </bndbox>
  </object>
</annotation>
