<annotation verified="no">
  <folder>S1g4Uoqhhc8</folder>
  <filename>04_frame_01585</filename>
  <path>/home/ikoma/roLabelImg/&#29983;&#39378;/annotation/S1g4Uoqhhc8/04_frame_01585.jpg</path>
  <source>
    <database>Unknown</database>
  </source>
  <size>
    <width>1920</width>
    <height>1080</height>
    <depth>3</depth>
  </size>
  <segmented>0</segmented>
  <object>
    <type>bndbox</type>
    <name>maybe</name>
    <pose>Unspecified</pose>
    <truncated>0</truncated>
    <difficult>0</difficult>
    <bndbox>
      <xmin>645</xmin>
      <ymin>333</ymin>
      <xmax>935</xmax>
      <ymax>405</ymax>
    </bndbox>
  </object>
  <object>
    <type>bndbox</type>
    <name>if</name>
    <pose>Unspecified</pose>
    <truncated>0</truncated>
    <difficult>0</difficult>
    <bndbox>
      <xmin>946</xmin>
      <ymin>332</ymin>
      <xmax>1040</xmax>
      <ymax>400</ymax>
    </bndbox>
  </object>
  <object>
    <type>bndbox</type>
    <name>the</name>
    <pose>Unspecified</pose>
    <truncated>0</truncated>
    <difficult>0</difficult>
    <bndbox>
      <xmin>1060</xmin>
      <ymin>278</ymin>
      <xmax>1268</xmax>
      <ymax>394</ymax>
    </bndbox>
  </object>
  <object>
    <type>bndbox</type>
    <name>stars</name>
    <pose>Unspecified</pose>
    <truncated>0</truncated>
    <difficult>0</difficult>
    <bndbox>
      <xmin>772</xmin>
      <ymin>409</ymin>
      <xmax>1274</xmax>
      <ymax>651</ymax>
    </bndbox>
  </object>
  <object>
    <type>bndbox</type>
    <name>align</name>
    <pose>Unspecified</pose>
    <truncated>0</truncated>
    <difficult>0</difficult>
    <bndbox>
      <xmin>851</xmin>
      <ymin>632</ymin>
      <xmax>1270</xmax>
      <ymax>797</ymax>
    </bndbox>
  </object>
</annotation>
