<annotation verified="no">
  <folder>S1g4Uoqhhc8</folder>
  <filename>09_frame_03097</filename>
  <path>/home/ikoma/roLabelImg/&#29983;&#39378;/annotation/S1g4Uoqhhc8/09_frame_03097.jpg</path>
  <source>
    <database>Unknown</database>
  </source>
  <size>
    <width>1920</width>
    <height>1080</height>
    <depth>3</depth>
  </size>
  <segmented>0</segmented>
  <object>
    <type>bndbox</type>
    <name>maybe</name>
    <pose>Unspecified</pose>
    <truncated>0</truncated>
    <difficult>0</difficult>
    <bndbox>
      <xmin>644</xmin>
      <ymin>329</ymin>
      <xmax>934</xmax>
      <ymax>406</ymax>
    </bndbox>
  </object>
  <object>
    <type>bndbox</type>
    <name>if</name>
    <pose>Unspecified</pose>
    <truncated>0</truncated>
    <difficult>0</difficult>
    <bndbox>
      <xmin>945</xmin>
      <ymin>332</ymin>
      <xmax>1039</xmax>
      <ymax>397</ymax>
    </bndbox>
  </object>
  <object>
    <type>bndbox</type>
    <name>the</name>
    <pose>Unspecified</pose>
    <truncated>0</truncated>
    <difficult>0</difficult>
    <bndbox>
      <xmin>1064</xmin>
      <ymin>278</ymin>
      <xmax>1257</xmax>
      <ymax>395</ymax>
    </bndbox>
  </object>
  <object>
    <type>bndbox</type>
    <name>stars</name>
    <pose>Unspecified</pose>
    <truncated>0</truncated>
    <difficult>0</difficult>
    <bndbox>
      <xmin>778</xmin>
      <ymin>416</ymin>
      <xmax>1271</xmax>
      <ymax>649</ymax>
    </bndbox>
  </object>
  <object>
    <type>bndbox</type>
    <name>align</name>
    <pose>Unspecified</pose>
    <truncated>0</truncated>
    <difficult>0</difficult>
    <bndbox>
      <xmin>851</xmin>
      <ymin>633</ymin>
      <xmax>1266</xmax>
      <ymax>806</ymax>
    </bndbox>
  </object>
</annotation>
