<annotation verified="no">
  <folder>S1g4Uoqhhc8</folder>
  <filename>08_frame_02521</filename>
  <path>/home/ikoma/roLabelImg/&#29983;&#39378;/annotation/S1g4Uoqhhc8/08_frame_02521.jpg</path>
  <source>
    <database>Unknown</database>
  </source>
  <size>
    <width>1920</width>
    <height>1080</height>
    <depth>3</depth>
  </size>
  <segmented>0</segmented>
  <object>
    <type>bndbox</type>
    <name>wings</name>
    <pose>Unspecified</pose>
    <truncated>0</truncated>
    <difficult>0</difficult>
    <bndbox>
      <xmin>403</xmin>
      <ymin>380</ymin>
      <xmax>893</xmax>
      <ymax>514</ymax>
    </bndbox>
  </object>
  <object>
    <type>bndbox</type>
    <name>sun</name>
    <pose>Unspecified</pose>
    <truncated>0</truncated>
    <difficult>0</difficult>
    <bndbox>
      <xmin>1174</xmin>
      <ymin>580</ymin>
      <xmax>1548</xmax>
      <ymax>719</ymax>
    </bndbox>
  </object>
  <object>
    <type>robndbox</type>
    <name>spread</name>
    <pose>Unspecified</pose>
    <truncated>0</truncated>
    <difficult>0</difficult>
    <robndbox>
      <cx>1187.9505</cx>
      <cy>477.4129</cy>
      <w>455.9206</w>
      <h>91.2668</h>
      <angle>0.07</angle>
    </robndbox>
  </object>
  <object>
    <type>robndbox</type>
    <name>to</name>
    <pose>Unspecified</pose>
    <truncated>0</truncated>
    <difficult>0</difficult>
    <robndbox>
      <cx>793.7167</cx>
      <cy>620.6019</cy>
      <w>150.5301</w>
      <h>99.1411</h>
      <angle>0.15</angle>
    </robndbox>
  </object>
  <object>
    <type>robndbox</type>
    <name>the</name>
    <pose>Unspecified</pose>
    <truncated>0</truncated>
    <difficult>0</difficult>
    <robndbox>
      <cx>1025.0558</cx>
      <cy>620.5523</cy>
      <w>206.1725</w>
      <h>98.5087</h>
      <angle>0.1</angle>
    </robndbox>
  </object>
</annotation>
