<annotation verified="no">
  <folder>S1g4Uoqhhc8</folder>
  <filename>03_frame_03529</filename>
  <path>/home/ikoma/roLabelImg/&#29983;&#39378;/annotation/S1g4Uoqhhc8/03_frame_03529.jpg</path>
  <source>
    <database>Unknown</database>
  </source>
  <size>
    <width>1920</width>
    <height>1080</height>
    <depth>3</depth>
  </size>
  <segmented>0</segmented>
  <object>
    <type>bndbox</type>
    <name>someday</name>
    <pose>Unspecified</pose>
    <truncated>0</truncated>
    <difficult>0</difficult>
    <bndbox>
      <xmin>571</xmin>
      <ymin>648</ymin>
      <xmax>1072</xmax>
      <ymax>771</ymax>
    </bndbox>
  </object>
  <object>
    <type>bndbox</type>
    <name>soon</name>
    <pose>Unspecified</pose>
    <truncated>0</truncated>
    <difficult>0</difficult>
    <bndbox>
      <xmin>1073</xmin>
      <ymin>653</ymin>
      <xmax>1369</xmax>
      <ymax>762</ymax>
    </bndbox>
  </object>
  <object>
    <type>bndbox</type>
    <name>well</name>
    <pose>Unspecified</pose>
    <truncated>0</truncated>
    <difficult>0</difficult>
    <bndbox>
      <xmin>335</xmin>
      <ymin>792</ymin>
      <xmax>673</xmax>
      <ymax>938</ymax>
    </bndbox>
  </object>
  <object>
    <type>bndbox</type>
    <name>be</name>
    <pose>Unspecified</pose>
    <truncated>0</truncated>
    <difficult>0</difficult>
    <bndbox>
      <xmin>727</xmin>
      <ymin>793</ymin>
      <xmax>907</xmax>
      <ymax>930</ymax>
    </bndbox>
  </object>
  <object>
    <type>bndbox</type>
    <name>together</name>
    <pose>Unspecified</pose>
    <truncated>0</truncated>
    <difficult>0</difficult>
    <bndbox>
      <xmin>958</xmin>
      <ymin>796</ymin>
      <xmax>1590</xmax>
      <ymax>930</ymax>
    </bndbox>
  </object>
</annotation>
