<annotation verified="no">
  <folder>O6RyKbcpBfw</folder>
  <filename>08_frame_03526</filename>
  <path>/Users/KengoAraki/Desktop/annotation_&#32210;&#32396;/annotation/O6RyKbcpBfw/08_frame_03526.jpg</path>
  <source>
    <database>Unknown</database>
  </source>
  <size>
    <width>1920</width>
    <height>1080</height>
    <depth>3</depth>
  </size>
  <segmented>0</segmented>
  <object>
    <type>robndbox</type>
    <name>chasing</name>
    <pose>Unspecified</pose>
    <truncated>0</truncated>
    <difficult>0</difficult>
    <robndbox>
      <cx>535.5082</cx>
      <cy>396.0</cy>
      <w>384.0</w>
      <h>98.0</h>
      <angle>0.0</angle>
    </robndbox>
  </object>
  <object>
    <type>robndbox</type>
    <name>all</name>
    <pose>Unspecified</pose>
    <truncated>0</truncated>
    <difficult>0</difficult>
    <robndbox>
      <cx>804.0082</cx>
      <cy>382.5</cy>
      <w>119.0</w>
      <h>75.0</h>
      <angle>0.0</angle>
    </robndbox>
  </object>
  <object>
    <type>robndbox</type>
    <name>the</name>
    <pose>Unspecified</pose>
    <truncated>0</truncated>
    <difficult>0</difficult>
    <robndbox>
      <cx>963.0082</cx>
      <cy>383.0</cy>
      <w>161.0</w>
      <h>82.0</h>
      <angle>0.0</angle>
    </robndbox>
  </object>
  <object>
    <type>robndbox</type>
    <name>wrong</name>
    <pose>Unspecified</pose>
    <truncated>0</truncated>
    <difficult>0</difficult>
    <robndbox>
      <cx>954.0082</cx>
      <cy>574.5</cy>
      <w>979.0</w>
      <h>243.0</h>
      <angle>0.0</angle>
    </robndbox>
  </object>
  <object>
    <type>robndbox</type>
    <name>things</name>
    <pose>Unspecified</pose>
    <truncated>0</truncated>
    <difficult>0</difficult>
    <robndbox>
      <cx>695.0082</cx>
      <cy>747.0</cy>
      <w>307.0</w>
      <h>100.0</h>
      <angle>0.0</angle>
    </robndbox>
  </object>
  <object>
    <type>robndbox</type>
    <name>most</name>
    <pose>Unspecified</pose>
    <truncated>0</truncated>
    <difficult>0</difficult>
    <robndbox>
      <cx>985.5082</cx>
      <cy>741.0</cy>
      <w>238.0</w>
      <h>64.0</h>
      <angle>0.0</angle>
    </robndbox>
  </object>
  <object>
    <type>robndbox</type>
    <name>of</name>
    <pose>Unspecified</pose>
    <truncated>0</truncated>
    <difficult>0</difficult>
    <robndbox>
      <cx>1177.0082</cx>
      <cy>730.0</cy>
      <w>107.0</w>
      <h>76.0</h>
      <angle>0.0</angle>
    </robndbox>
  </object>
</annotation>
