<annotation verified="no">
  <folder>O6RyKbcpBfw</folder>
  <filename>01_frame_04351</filename>
  <path>/Users/KengoAraki/Desktop/annotation_&#32210;&#32396;/annotation/O6RyKbcpBfw/01_frame_04351.jpg</path>
  <source>
    <database>Unknown</database>
  </source>
  <size>
    <width>1920</width>
    <height>1080</height>
    <depth>3</depth>
  </size>
  <segmented>0</segmented>
  <object>
    <type>robndbox</type>
    <name>chasing</name>
    <pose>Unspecified</pose>
    <truncated>0</truncated>
    <difficult>0</difficult>
    <robndbox>
      <cx>540.5082</cx>
      <cy>397.5</cy>
      <w>380.0</w>
      <h>99.0</h>
      <angle>0.0</angle>
    </robndbox>
  </object>
  <object>
    <type>robndbox</type>
    <name>all</name>
    <pose>Unspecified</pose>
    <truncated>0</truncated>
    <difficult>0</difficult>
    <robndbox>
      <cx>806.5082</cx>
      <cy>382.5</cy>
      <w>116.0</w>
      <h>75.0</h>
      <angle>0.0</angle>
    </robndbox>
  </object>
  <object>
    <type>robndbox</type>
    <name>the</name>
    <pose>Unspecified</pose>
    <truncated>0</truncated>
    <difficult>0</difficult>
    <robndbox>
      <cx>965.0082</cx>
      <cy>384.5</cy>
      <w>157.0</w>
      <h>79.0</h>
      <angle>0.0</angle>
    </robndbox>
  </object>
  <object>
    <type>robndbox</type>
    <name>wrong</name>
    <pose>Unspecified</pose>
    <truncated>0</truncated>
    <difficult>0</difficult>
    <robndbox>
      <cx>954.0082</cx>
      <cy>572.0</cy>
      <w>979.0</w>
      <h>234.0</h>
      <angle>0.0</angle>
    </robndbox>
  </object>
  <object>
    <type>robndbox</type>
    <name>things</name>
    <pose>Unspecified</pose>
    <truncated>0</truncated>
    <difficult>0</difficult>
    <robndbox>
      <cx>696.5082</cx>
      <cy>747.5</cy>
      <w>300.0</w>
      <h>107.0</h>
      <angle>0.0</angle>
    </robndbox>
  </object>
  <object>
    <type>robndbox</type>
    <name>most</name>
    <pose>Unspecified</pose>
    <truncated>0</truncated>
    <difficult>0</difficult>
    <robndbox>
      <cx>987.0082</cx>
      <cy>738.5</cy>
      <w>237.0</w>
      <h>69.0</h>
      <angle>0.0</angle>
    </robndbox>
  </object>
  <object>
    <type>robndbox</type>
    <name>of</name>
    <pose>Unspecified</pose>
    <truncated>0</truncated>
    <difficult>0</difficult>
    <robndbox>
      <cx>1177.0082</cx>
      <cy>729.5</cy>
      <w>107.0</w>
      <h>83.0</h>
      <angle>0.0</angle>
    </robndbox>
  </object>
  <object>
    <type>robndbox</type>
    <name>my</name>
    <pose>Unspecified</pose>
    <truncated>0</truncated>
    <difficult>0</difficult>
    <robndbox>
      <cx>1325.0082</cx>
      <cy>751.5</cy>
      <w>149.0</w>
      <h>75.0</h>
      <angle>0.0</angle>
    </robndbox>
  </object>
  <object>
    <type>robndbox</type>
    <name>life</name>
    <pose>Unspecified</pose>
    <truncated>0</truncated>
    <difficult>0</difficult>
    <robndbox>
      <cx>1501.0082</cx>
      <cy>729.5</cy>
      <w>151.0</w>
      <h>81.0</h>
      <angle>0.0</angle>
    </robndbox>
  </object>
</annotation>
