<annotation verified="no">
  <folder>74yb9E3WY1I</folder>
  <filename>02_frame_03871</filename>
  <path>/home/ikoma/roLabelImg/&#29983;&#39378;/annotation/74yb9E3WY1I/02_frame_03871.jpg</path>
  <source>
    <database>Unknown</database>
  </source>
  <size>
    <width>1920</width>
    <height>1080</height>
    <depth>1</depth>
  </size>
  <segmented>0</segmented>
  <object>
    <type>bndbox</type>
    <name>getting</name>
    <pose>Unspecified</pose>
    <truncated>0</truncated>
    <difficult>0</difficult>
    <bndbox>
      <xmin>132</xmin>
      <ymin>256</ymin>
      <xmax>768</xmax>
      <ymax>475</ymax>
    </bndbox>
  </object>
  <object>
    <type>bndbox</type>
    <name>out</name>
    <pose>Unspecified</pose>
    <truncated>0</truncated>
    <difficult>0</difficult>
    <bndbox>
      <xmin>856</xmin>
      <ymin>234</ymin>
      <xmax>1211</xmax>
      <ymax>386</ymax>
    </bndbox>
  </object>
  <object>
    <type>bndbox</type>
    <name>of</name>
    <pose>Unspecified</pose>
    <truncated>0</truncated>
    <difficult>0</difficult>
    <bndbox>
      <xmin>1261</xmin>
      <ymin>271</ymin>
      <xmax>1478</xmax>
      <ymax>439</ymax>
    </bndbox>
  </object>
  <object>
    <type>bndbox</type>
    <name>this</name>
    <pose>Unspecified</pose>
    <truncated>0</truncated>
    <difficult>0</difficult>
    <bndbox>
      <xmin>299</xmin>
      <ymin>468</ymin>
      <xmax>589</xmax>
      <ymax>663</ymax>
    </bndbox>
  </object>
  <object>
    <type>bndbox</type>
    <name>conversation</name>
    <pose>Unspecified</pose>
    <truncated>0</truncated>
    <difficult>0</difficult>
    <bndbox>
      <xmin>683</xmin>
      <ymin>464</ymin>
      <xmax>1732</xmax>
      <ymax>643</ymax>
    </bndbox>
  </object>
</annotation>
