<annotation verified="no">
  <folder>74yb9E3WY1I</folder>
  <filename>05_frame_01531</filename>
  <path>/home/ikoma/roLabelImg/&#29983;&#39378;/annotation/74yb9E3WY1I/05_frame_01531.jpg</path>
  <source>
    <database>Unknown</database>
  </source>
  <size>
    <width>1920</width>
    <height>1080</height>
    <depth>1</depth>
  </size>
  <segmented>0</segmented>
  <object>
    <type>bndbox</type>
    <name>you</name>
    <pose>Unspecified</pose>
    <truncated>0</truncated>
    <difficult>0</difficult>
    <bndbox>
      <xmin>100</xmin>
      <ymin>214</ymin>
      <xmax>327</xmax>
      <ymax>376</ymax>
    </bndbox>
  </object>
  <object>
    <type>bndbox</type>
    <name>look</name>
    <pose>Unspecified</pose>
    <truncated>0</truncated>
    <difficult>0</difficult>
    <bndbox>
      <xmin>388</xmin>
      <ymin>213</ymin>
      <xmax>690</xmax>
      <ymax>396</ymax>
    </bndbox>
  </object>
  <object>
    <type>bndbox</type>
    <name>stunning</name>
    <pose>Unspecified</pose>
    <truncated>0</truncated>
    <difficult>0</difficult>
    <bndbox>
      <xmin>766</xmin>
      <ymin>253</ymin>
      <xmax>1456</xmax>
      <ymax>442</ymax>
    </bndbox>
  </object>
  <object>
    <type>bndbox</type>
    <name>dear</name>
    <pose>Unspecified</pose>
    <truncated>0</truncated>
    <difficult>0</difficult>
    <bndbox>
      <xmin>1540</xmin>
      <ymin>259</ymin>
      <xmax>1865</xmax>
      <ymax>410</ymax>
    </bndbox>
  </object>
  <object>
    <type>bndbox</type>
    <name>so</name>
    <pose>Unspecified</pose>
    <truncated>0</truncated>
    <difficult>0</difficult>
    <bndbox>
      <xmin>466</xmin>
      <ymin>519</ymin>
      <xmax>618</xmax>
      <ymax>637</ymax>
    </bndbox>
  </object>
  <object>
    <type>bndbox</type>
    <name>dont</name>
    <pose>Unspecified</pose>
    <truncated>0</truncated>
    <difficult>0</difficult>
    <bndbox>
      <xmin>679</xmin>
      <ymin>502</ymin>
      <xmax>1054</xmax>
      <ymax>664</ymax>
    </bndbox>
  </object>
  <object>
    <type>bndbox</type>
    <name>ask</name>
    <pose>Unspecified</pose>
    <truncated>0</truncated>
    <difficult>0</difficult>
    <bndbox>
      <xmin>1118</xmin>
      <ymin>489</ymin>
      <xmax>1439</xmax>
      <ymax>676</ymax>
    </bndbox>
  </object>
  <object>
    <type>bndbox</type>
    <name>that</name>
    <pose>Unspecified</pose>
    <truncated>0</truncated>
    <difficult>0</difficult>
    <bndbox>
      <xmin>1461</xmin>
      <ymin>511</ymin>
      <xmax>1732</xmax>
      <ymax>662</ymax>
    </bndbox>
  </object>
  <object>
    <type>bndbox</type>
    <name>question</name>
    <pose>Unspecified</pose>
    <truncated>0</truncated>
    <difficult>0</difficult>
    <bndbox>
      <xmin>482</xmin>
      <ymin>725</ymin>
      <xmax>1060</xmax>
      <ymax>896</ymax>
    </bndbox>
  </object>
</annotation>
