<annotation verified="no">
  <folder>74yb9E3WY1I</folder>
  <filename>07_frame_00811</filename>
  <path>/home/ikoma/roLabelImg/&#29983;&#39378;/annotation/74yb9E3WY1I/07_frame_00811.jpg</path>
  <source>
    <database>Unknown</database>
  </source>
  <size>
    <width>1920</width>
    <height>1080</height>
    <depth>1</depth>
  </size>
  <segmented>0</segmented>
  <object>
    <type>bndbox</type>
    <name>the</name>
    <pose>Unspecified</pose>
    <truncated>0</truncated>
    <difficult>0</difficult>
    <bndbox>
      <xmin>157</xmin>
      <ymin>162</ymin>
      <xmax>480</xmax>
      <ymax>399</ymax>
    </bndbox>
  </object>
  <object>
    <type>bndbox</type>
    <name>partys</name>
    <pose>Unspecified</pose>
    <truncated>0</truncated>
    <difficult>0</difficult>
    <bndbox>
      <xmin>560</xmin>
      <ymin>163</ymin>
      <xmax>1059</xmax>
      <ymax>371</ymax>
    </bndbox>
  </object>
  <object>
    <type>bndbox</type>
    <name>on</name>
    <pose>Unspecified</pose>
    <truncated>0</truncated>
    <difficult>0</difficult>
    <bndbox>
      <xmin>1146</xmin>
      <ymin>174</ymin>
      <xmax>1354</xmax>
      <ymax>295</ymax>
    </bndbox>
  </object>
  <object>
    <type>bndbox</type>
    <name>so</name>
    <pose>Unspecified</pose>
    <truncated>0</truncated>
    <difficult>0</difficult>
    <bndbox>
      <xmin>1419</xmin>
      <ymin>163</ymin>
      <xmax>1599</xmax>
      <ymax>276</ymax>
    </bndbox>
  </object>
  <object>
    <type>bndbox</type>
    <name>theyre</name>
    <pose>Unspecified</pose>
    <truncated>0</truncated>
    <difficult>0</difficult>
    <bndbox>
      <xmin>128</xmin>
      <ymin>476</ymin>
      <xmax>668</xmax>
      <ymax>659</ymax>
    </bndbox>
  </object>
  <object>
    <type>bndbox</type>
    <name>heading</name>
    <pose>Unspecified</pose>
    <truncated>0</truncated>
    <difficult>0</difficult>
    <bndbox>
      <xmin>759</xmin>
      <ymin>410</ymin>
      <xmax>1551</xmax>
      <ymax>685</ymax>
    </bndbox>
  </object>
  <object>
    <type>bndbox</type>
    <name>downtown</name>
    <pose>Unspecified</pose>
    <truncated>0</truncated>
    <difficult>0</difficult>
    <bndbox>
      <xmin>817</xmin>
      <ymin>666</ymin>
      <xmax>1592</xmax>
      <ymax>896</ymax>
    </bndbox>
  </object>
</annotation>
