<annotation verified="no">
  <folder>74yb9E3WY1I</folder>
  <filename>09_frame_03061</filename>
  <path>/home/ikoma/roLabelImg/&#29983;&#39378;/annotation/74yb9E3WY1I/09_frame_03061.jpg</path>
  <source>
    <database>Unknown</database>
  </source>
  <size>
    <width>1920</width>
    <height>1080</height>
    <depth>3</depth>
  </size>
  <segmented>0</segmented>
  <object>
    <type>bndbox</type>
    <name>drove</name>
    <pose>Unspecified</pose>
    <truncated>0</truncated>
    <difficult>0</difficult>
    <bndbox>
      <xmin>193</xmin>
      <ymin>173</ymin>
      <xmax>730</xmax>
      <ymax>354</ymax>
    </bndbox>
  </object>
  <object>
    <type>bndbox</type>
    <name>for</name>
    <pose>Unspecified</pose>
    <truncated>0</truncated>
    <difficult>0</difficult>
    <bndbox>
      <xmin>262</xmin>
      <ymin>375</ymin>
      <xmax>526</xmax>
      <ymax>625</ymax>
    </bndbox>
  </object>
  <object>
    <type>bndbox</type>
    <name>hours</name>
    <pose>Unspecified</pose>
    <truncated>0</truncated>
    <difficult>0</difficult>
    <bndbox>
      <xmin>582</xmin>
      <ymin>389</ymin>
      <xmax>1035</xmax>
      <ymax>554</ymax>
    </bndbox>
  </object>
  <object>
    <type>bndbox</type>
    <name>last</name>
    <pose>Unspecified</pose>
    <truncated>0</truncated>
    <difficult>0</difficult>
    <bndbox>
      <xmin>388</xmin>
      <ymin>639</ymin>
      <xmax>688</xmax>
      <ymax>796</ymax>
    </bndbox>
  </object>
  <object>
    <type>bndbox</type>
    <name>night</name>
    <pose>Unspecified</pose>
    <truncated>0</truncated>
    <difficult>0</difficult>
    <bndbox>
      <xmin>717</xmin>
      <ymin>555</ymin>
      <xmax>1162</xmax>
      <ymax>791</ymax>
    </bndbox>
  </object>
</annotation>
