<annotation verified="no">
  <folder>74yb9E3WY1I</folder>
  <filename>04_frame_04051</filename>
  <path>/home/ikoma/roLabelImg/&#29983;&#39378;/annotation/74yb9E3WY1I/04_frame_04051.jpg</path>
  <source>
    <database>Unknown</database>
  </source>
  <size>
    <width>1920</width>
    <height>1080</height>
    <depth>1</depth>
  </size>
  <segmented>0</segmented>
  <object>
    <type>bndbox</type>
    <name>you</name>
    <pose>Unspecified</pose>
    <truncated>0</truncated>
    <difficult>0</difficult>
    <bndbox>
      <xmin>95</xmin>
      <ymin>206</ymin>
      <xmax>323</xmax>
      <ymax>367</ymax>
    </bndbox>
  </object>
  <object>
    <type>bndbox</type>
    <name>look</name>
    <pose>Unspecified</pose>
    <truncated>0</truncated>
    <difficult>0</difficult>
    <bndbox>
      <xmin>402</xmin>
      <ymin>204</ymin>
      <xmax>701</xmax>
      <ymax>387</ymax>
    </bndbox>
  </object>
  <object>
    <type>bndbox</type>
    <name>stunning</name>
    <pose>Unspecified</pose>
    <truncated>0</truncated>
    <difficult>0</difficult>
    <bndbox>
      <xmin>764</xmin>
      <ymin>243</ymin>
      <xmax>1450</xmax>
      <ymax>424</ymax>
    </bndbox>
  </object>
  <object>
    <type>bndbox</type>
    <name>dear</name>
    <pose>Unspecified</pose>
    <truncated>0</truncated>
    <difficult>0</difficult>
    <bndbox>
      <xmin>1532</xmin>
      <ymin>270</ymin>
      <xmax>1861</xmax>
      <ymax>410</ymax>
    </bndbox>
  </object>
  <object>
    <type>bndbox</type>
    <name>so</name>
    <pose>Unspecified</pose>
    <truncated>0</truncated>
    <difficult>0</difficult>
    <bndbox>
      <xmin>456</xmin>
      <ymin>517</ymin>
      <xmax>609</xmax>
      <ymax>629</ymax>
    </bndbox>
  </object>
  <object>
    <type>bndbox</type>
    <name>dont</name>
    <pose>Unspecified</pose>
    <truncated>0</truncated>
    <difficult>0</difficult>
    <bndbox>
      <xmin>671</xmin>
      <ymin>514</ymin>
      <xmax>1051</xmax>
      <ymax>667</ymax>
    </bndbox>
  </object>
  <object>
    <type>bndbox</type>
    <name>ask</name>
    <pose>Unspecified</pose>
    <truncated>0</truncated>
    <difficult>0</difficult>
    <bndbox>
      <xmin>1113</xmin>
      <ymin>494</ymin>
      <xmax>1428</xmax>
      <ymax>670</ymax>
    </bndbox>
  </object>
  <object>
    <type>bndbox</type>
    <name>that</name>
    <pose>Unspecified</pose>
    <truncated>0</truncated>
    <difficult>0</difficult>
    <bndbox>
      <xmin>1442</xmin>
      <ymin>503</ymin>
      <xmax>1720</xmax>
      <ymax>638</ymax>
    </bndbox>
  </object>
  <object>
    <type>bndbox</type>
    <name>question</name>
    <pose>Unspecified</pose>
    <truncated>0</truncated>
    <difficult>0</difficult>
    <bndbox>
      <xmin>471</xmin>
      <ymin>726</ymin>
      <xmax>1041</xmax>
      <ymax>902</ymax>
    </bndbox>
  </object>
  <object>
    <type>bndbox</type>
    <name>here</name>
    <pose>Unspecified</pose>
    <truncated>0</truncated>
    <difficult>0</difficult>
    <bndbox>
      <xmin>1098</xmin>
      <ymin>721</ymin>
      <xmax>1421</xmax>
      <ymax>871</ymax>
    </bndbox>
  </object>
</annotation>
