<annotation verified="no">
  <folder>RE87rQkXdNw</folder>
  <filename>00_frame_02593</filename>
  <path>/home/ikoma/roLabelImg/&#29983;&#39378;/annotation/RE87rQkXdNw/00_frame_02593.jpg</path>
  <source>
    <database>Unknown</database>
  </source>
  <size>
    <width>1920</width>
    <height>1080</height>
    <depth>3</depth>
  </size>
  <segmented>0</segmented>
  <object>
    <type>bndbox</type>
    <name>know</name>
    <pose>Unspecified</pose>
    <truncated>0</truncated>
    <difficult>0</difficult>
    <bndbox>
      <xmin>351</xmin>
      <ymin>329</ymin>
      <xmax>761</xmax>
      <ymax>473</ymax>
    </bndbox>
  </object>
  <object>
    <type>bndbox</type>
    <name>that</name>
    <pose>Unspecified</pose>
    <truncated>0</truncated>
    <difficult>0</difficult>
    <bndbox>
      <xmin>804</xmin>
      <ymin>329</ymin>
      <xmax>1121</xmax>
      <ymax>473</ymax>
    </bndbox>
  </object>
  <object>
    <type>bndbox</type>
    <name>means</name>
    <pose>Unspecified</pose>
    <truncated>0</truncated>
    <difficult>0</difficult>
    <bndbox>
      <xmin>1168</xmin>
      <ymin>333</ymin>
      <xmax>1639</xmax>
      <ymax>471</ymax>
    </bndbox>
  </object>
  <object>
    <type>bndbox</type>
    <name>ill</name>
    <pose>Unspecified</pose>
    <truncated>0</truncated>
    <difficult>0</difficult>
    <bndbox>
      <xmin>348</xmin>
      <ymin>466</ymin>
      <xmax>597</xmax>
      <ymax>609</ymax>
    </bndbox>
  </object>
  <object>
    <type>bndbox</type>
    <name>have</name>
    <pose>Unspecified</pose>
    <truncated>0</truncated>
    <difficult>0</difficult>
    <bndbox>
      <xmin>614</xmin>
      <ymin>465</ymin>
      <xmax>971</xmax>
      <ymax>605</ymax>
    </bndbox>
  </object>
  <object>
    <type>bndbox</type>
    <name>to</name>
    <pose>Unspecified</pose>
    <truncated>0</truncated>
    <difficult>0</difficult>
    <bndbox>
      <xmin>1015</xmin>
      <ymin>466</ymin>
      <xmax>1184</xmax>
      <ymax>605</ymax>
    </bndbox>
  </object>
</annotation>
