<annotation verified="no">
  <folder>RE87rQkXdNw</folder>
  <filename>08_frame_02521</filename>
  <path>/home/ikoma/roLabelImg/&#29983;&#39378;/annotation/RE87rQkXdNw/08_frame_02521.jpg</path>
  <source>
    <database>Unknown</database>
  </source>
  <size>
    <width>1920</width>
    <height>1080</height>
    <depth>3</depth>
  </size>
  <segmented>0</segmented>
  <object>
    <type>bndbox</type>
    <name>i</name>
    <pose>Unspecified</pose>
    <truncated>0</truncated>
    <difficult>0</difficult>
    <bndbox>
      <xmin>194</xmin>
      <ymin>129</ymin>
      <xmax>256</xmax>
      <ymax>288</ymax>
    </bndbox>
  </object>
  <object>
    <type>bndbox</type>
    <name>want</name>
    <pose>Unspecified</pose>
    <truncated>0</truncated>
    <difficult>0</difficult>
    <bndbox>
      <xmin>299</xmin>
      <ymin>130</ymin>
      <xmax>763</xmax>
      <ymax>288</ymax>
    </bndbox>
  </object>
  <object>
    <type>bndbox</type>
    <name>to</name>
    <pose>Unspecified</pose>
    <truncated>0</truncated>
    <difficult>0</difficult>
    <bndbox>
      <xmin>808</xmin>
      <ymin>134</ymin>
      <xmax>999</xmax>
      <ymax>279</ymax>
    </bndbox>
  </object>
  <object>
    <type>bndbox</type>
    <name>see</name>
    <pose>Unspecified</pose>
    <truncated>0</truncated>
    <difficult>0</difficult>
    <bndbox>
      <xmin>1034</xmin>
      <ymin>125</ymin>
      <xmax>1321</xmax>
      <ymax>286</ymax>
    </bndbox>
  </object>
  <object>
    <type>bndbox</type>
    <name>you</name>
    <pose>Unspecified</pose>
    <truncated>0</truncated>
    <difficult>0</difficult>
    <bndbox>
      <xmin>1359</xmin>
      <ymin>127</ymin>
      <xmax>1681</xmax>
      <ymax>289</ymax>
    </bndbox>
  </object>
  <object>
    <type>bndbox</type>
    <name>smile</name>
    <pose>Unspecified</pose>
    <truncated>0</truncated>
    <difficult>0</difficult>
    <bndbox>
      <xmin>201</xmin>
      <ymin>292</ymin>
      <xmax>1690</xmax>
      <ymax>805</ymax>
    </bndbox>
  </object>
</annotation>
