<annotation verified="no">
  <folder>RE87rQkXdNw</folder>
  <filename>04_frame_01945</filename>
  <path>/home/ikoma/roLabelImg/&#29983;&#39378;/annotation/RE87rQkXdNw/04_frame_01945.jpg</path>
  <source>
    <database>Unknown</database>
  </source>
  <size>
    <width>1920</width>
    <height>1080</height>
    <depth>3</depth>
  </size>
  <segmented>0</segmented>
  <object>
    <type>bndbox</type>
    <name>but</name>
    <pose>Unspecified</pose>
    <truncated>1</truncated>
    <difficult>0</difficult>
    <bndbox>
      <xmin>1</xmin>
      <ymin>533</ymin>
      <xmax>270</xmax>
      <ymax>699</ymax>
    </bndbox>
  </object>
  <object>
    <type>bndbox</type>
    <name>we</name>
    <pose>Unspecified</pose>
    <truncated>0</truncated>
    <difficult>0</difficult>
    <bndbox>
      <xmin>337</xmin>
      <ymin>529</ymin>
      <xmax>603</xmax>
      <ymax>707</ymax>
    </bndbox>
  </object>
  <object>
    <type>bndbox</type>
    <name>ran</name>
    <pose>Unspecified</pose>
    <truncated>0</truncated>
    <difficult>0</difficult>
    <bndbox>
      <xmin>654</xmin>
      <ymin>528</ymin>
      <xmax>1031</xmax>
      <ymax>707</ymax>
    </bndbox>
  </object>
  <object>
    <type>bndbox</type>
    <name>our</name>
    <pose>Unspecified</pose>
    <truncated>0</truncated>
    <difficult>0</difficult>
    <bndbox>
      <xmin>1089</xmin>
      <ymin>529</ymin>
      <xmax>1435</xmax>
      <ymax>709</ymax>
    </bndbox>
  </object>
  <object>
    <type>bndbox</type>
    <name>course</name>
    <pose>Unspecified</pose>
    <truncated>1</truncated>
    <difficult>0</difficult>
    <bndbox>
      <xmin>1</xmin>
      <ymin>709</ymin>
      <xmax>1451</xmax>
      <ymax>1079</ymax>
    </bndbox>
  </object>
</annotation>
