<annotation verified="no">
  <folder>RE87rQkXdNw</folder>
  <filename>01_frame_04177</filename>
  <path>/home/ikoma/roLabelImg/&#29983;&#39378;/annotation/RE87rQkXdNw/01_frame_04177.jpg</path>
  <source>
    <database>Unknown</database>
  </source>
  <size>
    <width>1920</width>
    <height>1080</height>
    <depth>3</depth>
  </size>
  <segmented>0</segmented>
  <object>
    <type>bndbox</type>
    <name>this</name>
    <pose>Unspecified</pose>
    <truncated>0</truncated>
    <difficult>0</difficult>
    <bndbox>
      <xmin>232</xmin>
      <ymin>240</ymin>
      <xmax>530</xmax>
      <ymax>381</ymax>
    </bndbox>
  </object>
  <object>
    <type>bndbox</type>
    <name>just</name>
    <pose>Unspecified</pose>
    <truncated>0</truncated>
    <difficult>0</difficult>
    <bndbox>
      <xmin>570</xmin>
      <ymin>238</ymin>
      <xmax>860</xmax>
      <ymax>381</ymax>
    </bndbox>
  </object>
  <object>
    <type>bndbox</type>
    <name>dont</name>
    <pose>Unspecified</pose>
    <truncated>0</truncated>
    <difficult>0</difficult>
    <bndbox>
      <xmin>911</xmin>
      <ymin>243</ymin>
      <xmax>1311</xmax>
      <ymax>383</ymax>
    </bndbox>
  </object>
  <object>
    <type>bndbox</type>
    <name>feel</name>
    <pose>Unspecified</pose>
    <truncated>0</truncated>
    <difficult>0</difficult>
    <bndbox>
      <xmin>1345</xmin>
      <ymin>237</ymin>
      <xmax>1645</xmax>
      <ymax>382</ymax>
    </bndbox>
  </object>
</annotation>
