<annotation verified="no">
  <folder>RE87rQkXdNw</folder>
  <filename>06_frame_00289</filename>
  <path>/home/ikoma/roLabelImg/&#29983;&#39378;/annotation/RE87rQkXdNw/06_frame_00289.jpg</path>
  <source>
    <database>Unknown</database>
  </source>
  <size>
    <width>1920</width>
    <height>1080</height>
    <depth>3</depth>
  </size>
  <segmented>0</segmented>
  <object>
    <type>bndbox</type>
    <name>i</name>
    <pose>Unspecified</pose>
    <truncated>0</truncated>
    <difficult>0</difficult>
    <bndbox>
      <xmin>248</xmin>
      <ymin>254</ymin>
      <xmax>307</xmax>
      <ymax>410</ymax>
    </bndbox>
  </object>
  <object>
    <type>bndbox</type>
    <name>want</name>
    <pose>Unspecified</pose>
    <truncated>0</truncated>
    <difficult>0</difficult>
    <bndbox>
      <xmin>345</xmin>
      <ymin>252</ymin>
      <xmax>798</xmax>
      <ymax>408</ymax>
    </bndbox>
  </object>
  <object>
    <type>bndbox</type>
    <name>you</name>
    <pose>Unspecified</pose>
    <truncated>0</truncated>
    <difficult>0</difficult>
    <bndbox>
      <xmin>832</xmin>
      <ymin>254</ymin>
      <xmax>1149</xmax>
      <ymax>403</ymax>
    </bndbox>
  </object>
  <object>
    <type>bndbox</type>
    <name>to</name>
    <pose>Unspecified</pose>
    <truncated>0</truncated>
    <difficult>0</difficult>
    <bndbox>
      <xmin>1182</xmin>
      <ymin>258</ymin>
      <xmax>1376</xmax>
      <ymax>411</ymax>
    </bndbox>
  </object>
  <object>
    <type>bndbox</type>
    <name>be</name>
    <pose>Unspecified</pose>
    <truncated>0</truncated>
    <difficult>0</difficult>
    <bndbox>
      <xmin>1415</xmin>
      <ymin>254</ymin>
      <xmax>1611</xmax>
      <ymax>413</ymax>
    </bndbox>
  </object>
  <object>
    <type>bndbox</type>
    <name>happier</name>
    <pose>Unspecified</pose>
    <truncated>0</truncated>
    <difficult>0</difficult>
    <bndbox>
      <xmin>252</xmin>
      <ymin>416</ymin>
      <xmax>1688</xmax>
      <ymax>744</ymax>
    </bndbox>
  </object>
</annotation>
