<annotation verified="no">
  <folder>RE87rQkXdNw</folder>
  <filename>03_frame_01153</filename>
  <path>/home/ikoma/roLabelImg/&#29983;&#39378;/annotation/RE87rQkXdNw/03_frame_01153.jpg</path>
  <source>
    <database>Unknown</database>
  </source>
  <size>
    <width>1920</width>
    <height>1080</height>
    <depth>3</depth>
  </size>
  <segmented>0</segmented>
  <object>
    <type>bndbox</type>
    <name>i</name>
    <pose>Unspecified</pose>
    <truncated>0</truncated>
    <difficult>0</difficult>
    <bndbox>
      <xmin>208</xmin>
      <ymin>115</ymin>
      <xmax>269</xmax>
      <ymax>288</ymax>
    </bndbox>
  </object>
  <object>
    <type>bndbox</type>
    <name>want</name>
    <pose>Unspecified</pose>
    <truncated>0</truncated>
    <difficult>0</difficult>
    <bndbox>
      <xmin>318</xmin>
      <ymin>114</ymin>
      <xmax>797</xmax>
      <ymax>283</ymax>
    </bndbox>
  </object>
  <object>
    <type>bndbox</type>
    <name>to</name>
    <pose>Unspecified</pose>
    <truncated>0</truncated>
    <difficult>0</difficult>
    <bndbox>
      <xmin>849</xmin>
      <ymin>114</ymin>
      <xmax>1053</xmax>
      <ymax>281</ymax>
    </bndbox>
  </object>
  <object>
    <type>bndbox</type>
    <name>see</name>
    <pose>Unspecified</pose>
    <truncated>0</truncated>
    <difficult>0</difficult>
    <bndbox>
      <xmin>1097</xmin>
      <ymin>114</ymin>
      <xmax>1395</xmax>
      <ymax>281</ymax>
    </bndbox>
  </object>
  <object>
    <type>bndbox</type>
    <name>you</name>
    <pose>Unspecified</pose>
    <truncated>0</truncated>
    <difficult>0</difficult>
    <bndbox>
      <xmin>1439</xmin>
      <ymin>115</ymin>
      <xmax>1785</xmax>
      <ymax>281</ymax>
    </bndbox>
  </object>
  <object>
    <type>bndbox</type>
    <name>smile</name>
    <pose>Unspecified</pose>
    <truncated>0</truncated>
    <difficult>0</difficult>
    <bndbox>
      <xmin>207</xmin>
      <ymin>286</ymin>
      <xmax>1792</xmax>
      <ymax>830</ymax>
    </bndbox>
  </object>
</annotation>
