<annotation verified="no">
  <folder>EOoidN2s5qY</folder>
  <filename>13_frame_02101</filename>
  <path>/Users/KengoAraki/Desktop/annotation_&#32210;&#32396;/annotation/EOoidN2s5qY/13_frame_02101.jpg</path>
  <source>
    <database>Unknown</database>
  </source>
  <size>
    <width>1920</width>
    <height>1080</height>
    <depth>3</depth>
  </size>
  <segmented>0</segmented>
  <object>
    <type>robndbox</type>
    <name>i</name>
    <pose>Unspecified</pose>
    <truncated>0</truncated>
    <difficult>0</difficult>
    <robndbox>
      <cx>213.5082</cx>
      <cy>434.0</cy>
      <w>34.0</w>
      <h>90.0</h>
      <angle>0.0</angle>
    </robndbox>
  </object>
  <object>
    <type>robndbox</type>
    <name>dont</name>
    <pose>Unspecified</pose>
    <truncated>0</truncated>
    <difficult>0</difficult>
    <robndbox>
      <cx>599.5082</cx>
      <cy>434.5</cy>
      <w>442.0</w>
      <h>97.0</h>
      <angle>0.0</angle>
    </robndbox>
  </object>
  <object>
    <type>robndbox</type>
    <name>care</name>
    <pose>Unspecified</pose>
    <truncated>0</truncated>
    <difficult>0</difficult>
    <robndbox>
      <cx>1161.0082</cx>
      <cy>432.5</cy>
      <w>395.0</w>
      <h>103.0</h>
      <angle>0.0</angle>
    </robndbox>
  </object>
  <object>
    <type>robndbox</type>
    <name>no</name>
    <pose>Unspecified</pose>
    <truncated>0</truncated>
    <difficult>0</difficult>
    <robndbox>
      <cx>1594.5082</cx>
      <cy>438.5</cy>
      <w>190.0</w>
      <h>101.0</h>
      <angle>0.0</angle>
    </robndbox>
  </object>
  <object>
    <type>robndbox</type>
    <name>more</name>
    <pose>Unspecified</pose>
    <truncated>0</truncated>
    <difficult>0</difficult>
    <robndbox>
      <cx>405.0082</cx>
      <cy>579.5</cy>
      <w>415.0</w>
      <h>99.0</h>
      <angle>0.0</angle>
    </robndbox>
  </object>
  <object>
    <type>robndbox</type>
    <name>so</name>
    <pose>Unspecified</pose>
    <truncated>0</truncated>
    <difficult>0</difficult>
    <robndbox>
      <cx>760.0082</cx>
      <cy>577.5</cy>
      <w>181.0</w>
      <h>95.0</h>
      <angle>0.0</angle>
    </robndbox>
  </object>
  <object>
    <type>robndbox</type>
    <name>dont</name>
    <pose>Unspecified</pose>
    <truncated>0</truncated>
    <difficult>0</difficult>
    <robndbox>
      <cx>1129.0082</cx>
      <cy>573.5</cy>
      <w>429.0</w>
      <h>97.0</h>
      <angle>0.0</angle>
    </robndbox>
  </object>
  <object>
    <type>robndbox</type>
    <name>you</name>
    <pose>Unspecified</pose>
    <truncated>0</truncated>
    <difficult>0</difficult>
    <robndbox>
      <cx>1545.0082</cx>
      <cy>578.5</cy>
      <w>279.0</w>
      <h>97.0</h>
      <angle>0.0</angle>
    </robndbox>
  </object>
  <object>
    <type>robndbox</type>
    <name>worry</name>
    <pose>Unspecified</pose>
    <truncated>0</truncated>
    <difficult>0</difficult>
    <robndbox>
      <cx>1470.0082</cx>
      <cy>750.5</cy>
      <w>567.0</w>
      <h>131.0</h>
      <angle>0.0</angle>
    </robndbox>
  </object>
</annotation>
