<annotation verified="no">
  <folder>EOoidN2s5qY</folder>
  <filename>11_frame_02326</filename>
  <path>/Users/KengoAraki/Desktop/annotation_&#32210;&#32396;/annotation/EOoidN2s5qY/11_frame_02326.jpg</path>
  <source>
    <database>Unknown</database>
  </source>
  <size>
    <width>1920</width>
    <height>1080</height>
    <depth>3</depth>
  </size>
  <segmented>0</segmented>
  <object>
    <type>robndbox</type>
    <name>i</name>
    <pose>Unspecified</pose>
    <truncated>0</truncated>
    <difficult>0</difficult>
    <robndbox>
      <cx>393.0082</cx>
      <cy>453.5</cy>
      <w>39.0</w>
      <h>113.0</h>
      <angle>0.0</angle>
    </robndbox>
  </object>
  <object>
    <type>robndbox</type>
    <name>hate</name>
    <pose>Unspecified</pose>
    <truncated>0</truncated>
    <difficult>0</difficult>
    <robndbox>
      <cx>587.5082</cx>
      <cy>458.5</cy>
      <w>272.0</w>
      <h>123.0</h>
      <angle>0.0</angle>
    </robndbox>
  </object>
  <object>
    <type>robndbox</type>
    <name>the</name>
    <pose>Unspecified</pose>
    <truncated>0</truncated>
    <difficult>0</difficult>
    <robndbox>
      <cx>864.0082</cx>
      <cy>458.0</cy>
      <w>205.0</w>
      <h>124.0</h>
      <angle>0.0</angle>
    </robndbox>
  </object>
  <object>
    <type>robndbox</type>
    <name>way</name>
    <pose>Unspecified</pose>
    <truncated>0</truncated>
    <difficult>0</difficult>
    <robndbox>
      <cx>1123.5082</cx>
      <cy>487.0</cy>
      <w>272.0</w>
      <h>116.0</h>
      <angle>0.0</angle>
    </robndbox>
  </object>
  <object>
    <type>robndbox</type>
    <name>that</name>
    <pose>Unspecified</pose>
    <truncated>0</truncated>
    <difficult>0</difficult>
    <robndbox>
      <cx>1412.5082</cx>
      <cy>464.5</cy>
      <w>268.0</w>
      <h>135.0</h>
      <angle>0.0</angle>
    </robndbox>
  </object>
  <object>
    <type>robndbox</type>
    <name>you</name>
    <pose>Unspecified</pose>
    <truncated>0</truncated>
    <difficult>0</difficult>
    <robndbox>
      <cx>451.0082</cx>
      <cy>628.0</cy>
      <w>225.0</w>
      <h>100.0</h>
      <angle>0.0</angle>
    </robndbox>
  </object>
  <object>
    <type>robndbox</type>
    <name>are</name>
    <pose>Unspecified</pose>
    <truncated>0</truncated>
    <difficult>0</difficult>
    <robndbox>
      <cx>707.5082</cx>
      <cy>624.0</cy>
      <w>210.0</w>
      <h>92.0</h>
      <angle>0.0</angle>
    </robndbox>
  </object>
  <object>
    <type>robndbox</type>
    <name>so</name>
    <pose>Unspecified</pose>
    <truncated>0</truncated>
    <difficult>0</difficult>
    <robndbox>
      <cx>914.0082</cx>
      <cy>625.5</cy>
      <w>145.0</w>
      <h>89.0</h>
      <angle>0.0</angle>
    </robndbox>
  </object>
  <object>
    <type>robndbox</type>
    <name>sarcastic</name>
    <pose>Unspecified</pose>
    <truncated>0</truncated>
    <difficult>0</difficult>
    <robndbox>
      <cx>1286.5082</cx>
      <cy>614.0</cy>
      <w>574.0</w>
      <h>128.0</h>
      <angle>0.0</angle>
    </robndbox>
  </object>
</annotation>
