<annotation verified="no">
  <folder>EOoidN2s5qY</folder>
  <filename>07_frame_01276</filename>
  <path>/Users/KengoAraki/Desktop/annotation_&#32210;&#32396;/annotation/EOoidN2s5qY/07_frame_01276.jpg</path>
  <source>
    <database>Unknown</database>
  </source>
  <size>
    <width>1920</width>
    <height>1080</height>
    <depth>3</depth>
  </size>
  <segmented>0</segmented>
  <object>
    <type>robndbox</type>
    <name>i</name>
    <pose>Unspecified</pose>
    <truncated>0</truncated>
    <difficult>0</difficult>
    <robndbox>
      <cx>250.5082</cx>
      <cy>340.0</cy>
      <w>82.0</w>
      <h>138.0</h>
      <angle>0.0</angle>
    </robndbox>
  </object>
  <object>
    <type>robndbox</type>
    <name>hate</name>
    <pose>Unspecified</pose>
    <truncated>0</truncated>
    <difficult>0</difficult>
    <robndbox>
      <cx>590.5082</cx>
      <cy>342.0</cy>
      <w>516.0</w>
      <h>144.0</h>
      <angle>0.0</angle>
    </robndbox>
  </object>
  <object>
    <type>robndbox</type>
    <name>the</name>
    <pose>Unspecified</pose>
    <truncated>0</truncated>
    <difficult>0</difficult>
    <robndbox>
      <cx>1095.5082</cx>
      <cy>342.0</cy>
      <w>392.0</w>
      <h>144.0</h>
      <angle>0.0</angle>
    </robndbox>
  </object>
  <object>
    <type>robndbox</type>
    <name>way</name>
    <pose>Unspecified</pose>
    <truncated>0</truncated>
    <difficult>0</difficult>
    <robndbox>
      <cx>1521.5082</cx>
      <cy>362.0</cy>
      <w>398.0</w>
      <h>178.0</h>
      <angle>0.0</angle>
    </robndbox>
  </object>
  <object>
    <type>robndbox</type>
    <name>that</name>
    <pose>Unspecified</pose>
    <truncated>0</truncated>
    <difficult>0</difficult>
    <robndbox>
      <cx>294.0082</cx>
      <cy>523.0</cy>
      <w>323.0</w>
      <h>136.0</h>
      <angle>0.0</angle>
    </robndbox>
  </object>
  <object>
    <type>robndbox</type>
    <name>even</name>
    <pose>Unspecified</pose>
    <truncated>0</truncated>
    <difficult>0</difficult>
    <robndbox>
      <cx>681.0082</cx>
      <cy>540.5</cy>
      <w>351.0</w>
      <h>113.0</h>
      <angle>0.0</angle>
    </robndbox>
  </object>
  <object>
    <type>robndbox</type>
    <name>though</name>
    <pose>Unspecified</pose>
    <truncated>0</truncated>
    <difficult>0</difficult>
    <robndbox>
      <cx>1184.5082</cx>
      <cy>544.0</cy>
      <w>548.0</w>
      <h>188.0</h>
      <angle>0.0</angle>
    </robndbox>
  </object>
  <object>
    <type>robndbox</type>
    <name>you</name>
    <pose>Unspecified</pose>
    <truncated>0</truncated>
    <difficult>0</difficult>
    <robndbox>
      <cx>1619.0082</cx>
      <cy>568.5</cy>
      <w>275.0</w>
      <h>153.0</h>
      <angle>0.0</angle>
    </robndbox>
  </object>
  <object>
    <type>robndbox</type>
    <name>know</name>
    <pose>Unspecified</pose>
    <truncated>0</truncated>
    <difficult>0</difficult>
    <robndbox>
      <cx>426.5082</cx>
      <cy>708.0</cy>
      <w>398.0</w>
      <h>140.0</h>
      <angle>0.0</angle>
    </robndbox>
  </object>
  <object>
    <type>robndbox</type>
    <name>youre</name>
    <pose>Unspecified</pose>
    <truncated>0</truncated>
    <difficult>0</difficult>
    <robndbox>
      <cx>911.5082</cx>
      <cy>739.0</cy>
      <w>496.0</w>
      <h>126.0</h>
      <angle>0.0</angle>
    </robndbox>
  </object>
  <object>
    <type>robndbox</type>
    <name>wrong</name>
    <pose>Unspecified</pose>
    <truncated>0</truncated>
    <difficult>0</difficult>
    <robndbox>
      <cx>1437.0082</cx>
      <cy>754.0</cy>
      <w>485.0</w>
      <h>150.0</h>
      <angle>0.0</angle>
    </robndbox>
  </object>
</annotation>
