<annotation verified="no">
  <folder>EOoidN2s5qY</folder>
  <filename>14_frame_02551</filename>
  <path>/Users/KengoAraki/Desktop/annotation_&#32210;&#32396;/annotation/EOoidN2s5qY/14_frame_02551.jpg</path>
  <source>
    <database>Unknown</database>
  </source>
  <size>
    <width>1920</width>
    <height>1080</height>
    <depth>3</depth>
  </size>
  <segmented>0</segmented>
  <object>
    <type>robndbox</type>
    <name>you</name>
    <pose>Unspecified</pose>
    <truncated>0</truncated>
    <difficult>0</difficult>
    <robndbox>
      <cx>208.5082</cx>
      <cy>856.5</cy>
      <w>258.0</w>
      <h>105.0</h>
      <angle>0.0</angle>
    </robndbox>
  </object>
  <object>
    <type>robndbox</type>
    <name>you</name>
    <pose>Unspecified</pose>
    <truncated>0</truncated>
    <difficult>0</difficult>
    <robndbox>
      <cx>207.5082</cx>
      <cy>956.5</cy>
      <w>240.0</w>
      <h>99.0</h>
      <angle>0.0</angle>
    </robndbox>
  </object>
  <object>
    <type>robndbox</type>
    <name>think</name>
    <pose>Unspecified</pose>
    <truncated>0</truncated>
    <difficult>0</difficult>
    <robndbox>
      <cx>559.0082</cx>
      <cy>854.5</cy>
      <w>343.0</w>
      <h>95.0</h>
      <angle>0.0</angle>
    </robndbox>
  </object>
  <object>
    <type>robndbox</type>
    <name>think</name>
    <pose>Unspecified</pose>
    <truncated>0</truncated>
    <difficult>0</difficult>
    <robndbox>
      <cx>548.0082</cx>
      <cy>953.0</cy>
      <w>349.0</w>
      <h>98.0</h>
      <angle>0.0</angle>
    </robndbox>
  </object>
  <object>
    <type>robndbox</type>
    <name>that</name>
    <pose>Unspecified</pose>
    <truncated>0</truncated>
    <difficult>0</difficult>
    <robndbox>
      <cx>908.5082</cx>
      <cy>856.5</cy>
      <w>254.0</w>
      <h>99.0</h>
      <angle>0.0</angle>
    </robndbox>
  </object>
  <object>
    <type>robndbox</type>
    <name>that</name>
    <pose>Unspecified</pose>
    <truncated>0</truncated>
    <difficult>0</difficult>
    <robndbox>
      <cx>905.0082</cx>
      <cy>957.0</cy>
      <w>257.0</w>
      <h>100.0</h>
      <angle>0.0</angle>
    </robndbox>
  </object>
  <object>
    <type>robndbox</type>
    <name>everything</name>
    <pose>Unspecified</pose>
    <truncated>0</truncated>
    <difficult>0</difficult>
    <robndbox>
      <cx>1450.0082</cx>
      <cy>870.5</cy>
      <w>725.0</w>
      <h>117.0</h>
      <angle>0.0</angle>
    </robndbox>
  </object>
  <object>
    <type>robndbox</type>
    <name>everything</name>
    <pose>Unspecified</pose>
    <truncated>0</truncated>
    <difficult>0</difficult>
    <robndbox>
      <cx>1430.5082</cx>
      <cy>960.5</cy>
      <w>702.0</w>
      <h>123.0</h>
      <angle>0.0</angle>
    </robndbox>
  </object>
</annotation>
