<annotation verified="no">
  <folder>YuPzpoC3QNc</folder>
  <filename>06_frame_02017</filename>
  <path>/home/ikoma/roLabelImg/&#29983;&#39378;/annotation/YuPzpoC3QNc/06_frame_02017.jpg</path>
  <source>
    <database>Unknown</database>
  </source>
  <size>
    <width>1920</width>
    <height>1080</height>
    <depth>3</depth>
  </size>
  <segmented>0</segmented>
  <object>
    <type>bndbox</type>
    <name>they</name>
    <pose>Unspecified</pose>
    <truncated>0</truncated>
    <difficult>0</difficult>
    <bndbox>
      <xmin>308</xmin>
      <ymin>177</ymin>
      <xmax>547</xmax>
      <ymax>401</ymax>
    </bndbox>
  </object>
  <object>
    <type>bndbox</type>
    <name>tell</name>
    <pose>Unspecified</pose>
    <truncated>0</truncated>
    <difficult>0</difficult>
    <bndbox>
      <xmin>567</xmin>
      <ymin>191</ymin>
      <xmax>765</xmax>
      <ymax>357</ymax>
    </bndbox>
  </object>
  <object>
    <type>bndbox</type>
    <name>me</name>
    <pose>Unspecified</pose>
    <truncated>0</truncated>
    <difficult>0</difficult>
    <bndbox>
      <xmin>767</xmin>
      <ymin>243</ymin>
      <xmax>926</xmax>
      <ymax>337</ymax>
    </bndbox>
  </object>
  <object>
    <type>bndbox</type>
    <name>think</name>
    <pose>Unspecified</pose>
    <truncated>0</truncated>
    <difficult>0</difficult>
    <bndbox>
      <xmin>358</xmin>
      <ymin>409</ymin>
      <xmax>868</xmax>
      <ymax>709</ymax>
    </bndbox>
  </object>
  <object>
    <type>bndbox</type>
    <name>with</name>
    <pose>Unspecified</pose>
    <truncated>0</truncated>
    <difficult>0</difficult>
    <bndbox>
      <xmin>200</xmin>
      <ymin>742</ymin>
      <xmax>493</xmax>
      <ymax>906</ymax>
    </bndbox>
  </object>
  <object>
    <type>bndbox</type>
    <name>my</name>
    <pose>Unspecified</pose>
    <truncated>0</truncated>
    <difficult>0</difficult>
    <bndbox>
      <xmin>532</xmin>
      <ymin>776</ymin>
      <xmax>699</xmax>
      <ymax>957</ymax>
    </bndbox>
  </object>
  <object>
    <type>bndbox</type>
    <name>head</name>
    <pose>Unspecified</pose>
    <truncated>0</truncated>
    <difficult>0</difficult>
    <bndbox>
      <xmin>726</xmin>
      <ymin>737</ymin>
      <xmax>1047</xmax>
      <ymax>867</ymax>
    </bndbox>
  </object>
</annotation>
