<annotation verified="no">
  <folder>YuPzpoC3QNc</folder>
  <filename>07_frame_03313</filename>
  <path>/home/ikoma/roLabelImg/&#29983;&#39378;/annotation/YuPzpoC3QNc/07_frame_03313.jpg</path>
  <source>
    <database>Unknown</database>
  </source>
  <size>
    <width>1920</width>
    <height>1080</height>
    <depth>3</depth>
  </size>
  <segmented>0</segmented>
  <object>
    <type>bndbox</type>
    <name>they</name>
    <pose>Unspecified</pose>
    <truncated>0</truncated>
    <difficult>0</difficult>
    <bndbox>
      <xmin>313</xmin>
      <ymin>182</ymin>
      <xmax>547</xmax>
      <ymax>407</ymax>
    </bndbox>
  </object>
  <object>
    <type>bndbox</type>
    <name>tell</name>
    <pose>Unspecified</pose>
    <truncated>0</truncated>
    <difficult>0</difficult>
    <bndbox>
      <xmin>577</xmin>
      <ymin>182</ymin>
      <xmax>766</xmax>
      <ymax>366</ymax>
    </bndbox>
  </object>
  <object>
    <type>bndbox</type>
    <name>me</name>
    <pose>Unspecified</pose>
    <truncated>0</truncated>
    <difficult>0</difficult>
    <bndbox>
      <xmin>763</xmin>
      <ymin>233</ymin>
      <xmax>927</xmax>
      <ymax>338</ymax>
    </bndbox>
  </object>
  <object>
    <type>bndbox</type>
    <name>think</name>
    <pose>Unspecified</pose>
    <truncated>0</truncated>
    <difficult>0</difficult>
    <bndbox>
      <xmin>352</xmin>
      <ymin>405</ymin>
      <xmax>870</xmax>
      <ymax>710</ymax>
    </bndbox>
  </object>
  <object>
    <type>bndbox</type>
    <name>with</name>
    <pose>Unspecified</pose>
    <truncated>0</truncated>
    <difficult>0</difficult>
    <bndbox>
      <xmin>215</xmin>
      <ymin>742</ymin>
      <xmax>497</xmax>
      <ymax>911</ymax>
    </bndbox>
  </object>
  <object>
    <type>bndbox</type>
    <name>my</name>
    <pose>Unspecified</pose>
    <truncated>0</truncated>
    <difficult>0</difficult>
    <bndbox>
      <xmin>532</xmin>
      <ymin>773</ymin>
      <xmax>703</xmax>
      <ymax>954</ymax>
    </bndbox>
  </object>
  <object>
    <type>bndbox</type>
    <name>head</name>
    <pose>Unspecified</pose>
    <truncated>0</truncated>
    <difficult>0</difficult>
    <bndbox>
      <xmin>725</xmin>
      <ymin>735</ymin>
      <xmax>1049</xmax>
      <ymax>867</ymax>
    </bndbox>
  </object>
</annotation>
