<annotation verified="no">
  <folder>YuPzpoC3QNc</folder>
  <filename>03_frame_01081</filename>
  <path>/home/ikoma/roLabelImg/&#29983;&#39378;/annotation/YuPzpoC3QNc/03_frame_01081.jpg</path>
  <source>
    <database>Unknown</database>
  </source>
  <size>
    <width>1920</width>
    <height>1080</height>
    <depth>3</depth>
  </size>
  <segmented>0</segmented>
  <object>
    <type>bndbox</type>
    <name>then</name>
    <pose>Unspecified</pose>
    <truncated>0</truncated>
    <difficult>0</difficult>
    <bndbox>
      <xmin>791</xmin>
      <ymin>161</ymin>
      <xmax>956</xmax>
      <ymax>265</ymax>
    </bndbox>
  </object>
  <object>
    <type>bndbox</type>
    <name>they</name>
    <pose>Unspecified</pose>
    <truncated>0</truncated>
    <difficult>0</difficult>
    <bndbox>
      <xmin>961</xmin>
      <ymin>161</ymin>
      <xmax>1121</xmax>
      <ymax>313</ymax>
    </bndbox>
  </object>
  <object>
    <type>bndbox</type>
    <name>dont</name>
    <pose>Unspecified</pose>
    <truncated>0</truncated>
    <difficult>0</difficult>
    <bndbox>
      <xmin>662</xmin>
      <ymin>279</ymin>
      <xmax>859</xmax>
      <ymax>391</ymax>
    </bndbox>
  </object>
  <object>
    <type>bndbox</type>
    <name>know</name>
    <pose>Unspecified</pose>
    <truncated>0</truncated>
    <difficult>0</difficult>
    <bndbox>
      <xmin>853</xmin>
      <ymin>282</ymin>
      <xmax>1063</xmax>
      <ymax>378</ymax>
    </bndbox>
  </object>
  <object>
    <type>bndbox</type>
    <name>what</name>
    <pose>Unspecified</pose>
    <truncated>0</truncated>
    <difficult>0</difficult>
    <bndbox>
      <xmin>1068</xmin>
      <ymin>291</ymin>
      <xmax>1279</xmax>
      <ymax>401</ymax>
    </bndbox>
  </object>
  <object>
    <type>bndbox</type>
    <name>this</name>
    <pose>Unspecified</pose>
    <truncated>0</truncated>
    <difficult>0</difficult>
    <bndbox>
      <xmin>859</xmin>
      <ymin>410</ymin>
      <xmax>987</xmax>
      <ymax>483</ymax>
    </bndbox>
  </object>
  <object>
    <type>bndbox</type>
    <name>feeling</name>
    <pose>Unspecified</pose>
    <truncated>0</truncated>
    <difficult>0</difficult>
    <bndbox>
      <xmin>736</xmin>
      <ymin>451</ymin>
      <xmax>1183</xmax>
      <ymax>677</ymax>
    </bndbox>
  </object>
  <object>
    <type>bndbox</type>
    <name>is</name>
    <pose>Unspecified</pose>
    <truncated>0</truncated>
    <difficult>0</difficult>
    <bndbox>
      <xmin>819</xmin>
      <ymin>693</ymin>
      <xmax>900</xmax>
      <ymax>795</ymax>
    </bndbox>
  </object>
  <object>
    <type>bndbox</type>
    <name>like</name>
    <pose>Unspecified</pose>
    <truncated>0</truncated>
    <difficult>0</difficult>
    <bndbox>
      <xmin>901</xmin>
      <ymin>655</ymin>
      <xmax>1109</xmax>
      <ymax>813</ymax>
    </bndbox>
  </object>
</annotation>
