<annotation verified="no">
  <folder>B6fA35Ved-Y</folder>
  <filename>06_frame_04393</filename>
  <path>/home/keisuke/Documents/lyric/&#31070;&#30000;/annotation/B6fA35Ved-Y/06_frame_04393.jpg</path>
  <source>
    <database>Unknown</database>
  </source>
  <size>
    <width>1920</width>
    <height>1080</height>
    <depth>3</depth>
  </size>
  <segmented>0</segmented>
  <object>
    <type>bndbox</type>
    <name>i</name>
    <pose>Unspecified</pose>
    <truncated>0</truncated>
    <difficult>0</difficult>
    <bndbox>
      <xmin>703</xmin>
      <ymin>480</ymin>
      <xmax>713</xmax>
      <ymax>522</ymax>
    </bndbox>
  </object>
  <object>
    <type>bndbox</type>
    <name>know</name>
    <pose>Unspecified</pose>
    <truncated>0</truncated>
    <difficult>0</difficult>
    <bndbox>
      <xmin>736</xmin>
      <ymin>479</ymin>
      <xmax>894</xmax>
      <ymax>523</ymax>
    </bndbox>
  </object>
  <object>
    <type>bndbox</type>
    <name>youre</name>
    <pose>Unspecified</pose>
    <truncated>0</truncated>
    <difficult>0</difficult>
    <bndbox>
      <xmin>909</xmin>
      <ymin>479</ymin>
      <xmax>1088</xmax>
      <ymax>523</ymax>
    </bndbox>
  </object>
  <object>
    <type>bndbox</type>
    <name>able</name>
    <pose>Unspecified</pose>
    <truncated>0</truncated>
    <difficult>0</difficult>
    <bndbox>
      <xmin>1104</xmin>
      <ymin>480</ymin>
      <xmax>1222</xmax>
      <ymax>522</ymax>
    </bndbox>
  </object>
  <object>
    <type>bndbox</type>
    <name>and</name>
    <pose>Unspecified</pose>
    <truncated>0</truncated>
    <difficult>0</difficult>
    <bndbox>
      <xmin>674</xmin>
      <ymin>551</ymin>
      <xmax>786</xmax>
      <ymax>593</ymax>
    </bndbox>
  </object>
  <object>
    <type>bndbox</type>
    <name>i</name>
    <pose>Unspecified</pose>
    <truncated>0</truncated>
    <difficult>0</difficult>
    <bndbox>
      <xmin>806</xmin>
      <ymin>551</ymin>
      <xmax>814</xmax>
      <ymax>593</ymax>
    </bndbox>
  </object>
  <object>
    <type>bndbox</type>
    <name>know</name>
    <pose>Unspecified</pose>
    <truncated>0</truncated>
    <difficult>0</difficult>
    <bndbox>
      <xmin>837</xmin>
      <ymin>549</ymin>
      <xmax>997</xmax>
      <ymax>593</ymax>
    </bndbox>
  </object>
  <object>
    <type>bndbox</type>
    <name>you</name>
    <pose>Unspecified</pose>
    <truncated>0</truncated>
    <difficult>0</difficult>
    <bndbox>
      <xmin>1011</xmin>
      <ymin>552</ymin>
      <xmax>1118</xmax>
      <ymax>593</ymax>
    </bndbox>
  </object>
  <object>
    <type>bndbox</type>
    <name>can</name>
    <pose>Unspecified</pose>
    <truncated>0</truncated>
    <difficult>0</difficult>
    <bndbox>
      <xmin>1138</xmin>
      <ymin>550</ymin>
      <xmax>1244</xmax>
      <ymax>594</ymax>
    </bndbox>
  </object>
  <object>
    <type>bndbox</type>
    <name>save</name>
    <pose>Unspecified</pose>
    <truncated>0</truncated>
    <difficult>0</difficult>
    <bndbox>
      <xmin>648</xmin>
      <ymin>621</ymin>
      <xmax>771</xmax>
      <ymax>664</ymax>
    </bndbox>
  </object>
  <object>
    <type>bndbox</type>
    <name>through</name>
    <pose>Unspecified</pose>
    <truncated>0</truncated>
    <difficult>0</difficult>
    <bndbox>
      <xmin>785</xmin>
      <ymin>623</ymin>
      <xmax>1044</xmax>
      <ymax>663</ymax>
    </bndbox>
  </object>
  <object>
    <type>bndbox</type>
    <name>the</name>
    <pose>Unspecified</pose>
    <truncated>0</truncated>
    <difficult>0</difficult>
    <bndbox>
      <xmin>1062</xmin>
      <ymin>621</ymin>
      <xmax>1153</xmax>
      <ymax>663</ymax>
    </bndbox>
  </object>
  <object>
    <type>bndbox</type>
    <name>fire</name>
    <pose>Unspecified</pose>
    <truncated>0</truncated>
    <difficult>0</difficult>
    <bndbox>
      <xmin>1175</xmin>
      <ymin>623</ymin>
      <xmax>1276</xmax>
      <ymax>663</ymax>
    </bndbox>
  </object>
  <object>
    <type>bndbox</type>
    <name>with</name>
    <pose>Unspecified</pose>
    <truncated>0</truncated>
    <difficult>0</difficult>
    <bndbox>
      <xmin>630</xmin>
      <ymin>692</ymin>
      <xmax>754</xmax>
      <ymax>735</ymax>
    </bndbox>
  </object>
  <object>
    <type>bndbox</type>
    <name>your</name>
    <pose>Unspecified</pose>
    <truncated>0</truncated>
    <difficult>0</difficult>
    <bndbox>
      <xmin>771</xmin>
      <ymin>692</ymin>
      <xmax>913</xmax>
      <ymax>734</ymax>
    </bndbox>
  </object>
  <object>
    <type>bndbox</type>
    <name>mighty</name>
    <pose>Unspecified</pose>
    <truncated>0</truncated>
    <difficult>0</difficult>
    <bndbox>
      <xmin>933</xmin>
      <ymin>692</ymin>
      <xmax>1129</xmax>
      <ymax>734</ymax>
    </bndbox>
  </object>
  <object>
    <type>bndbox</type>
    <name>hand</name>
    <pose>Unspecified</pose>
    <truncated>0</truncated>
    <difficult>0</difficult>
    <bndbox>
      <xmin>1147</xmin>
      <ymin>693</ymin>
      <xmax>1290</xmax>
      <ymax>734</ymax>
    </bndbox>
  </object>
</annotation>
