<annotation verified="no">
  <folder>B6fA35Ved-Y</folder>
  <filename>03_frame_02881</filename>
  <path>/home/keisuke/Documents/lyric/&#31070;&#30000;/annotation/B6fA35Ved-Y/03_frame_02881.jpg</path>
  <source>
    <database>Unknown</database>
  </source>
  <size>
    <width>1920</width>
    <height>1080</height>
    <depth>3</depth>
  </size>
  <segmented>0</segmented>
  <object>
    <type>bndbox</type>
    <name>i</name>
    <pose>Unspecified</pose>
    <truncated>0</truncated>
    <difficult>0</difficult>
    <bndbox>
      <xmin>235</xmin>
      <ymin>449</ymin>
      <xmax>245</xmax>
      <ymax>502</ymax>
    </bndbox>
  </object>
  <object>
    <type>bndbox</type>
    <name>know</name>
    <pose>Unspecified</pose>
    <truncated>0</truncated>
    <difficult>0</difficult>
    <bndbox>
      <xmin>274</xmin>
      <ymin>449</ymin>
      <xmax>483</xmax>
      <ymax>502</ymax>
    </bndbox>
  </object>
  <object>
    <type>bndbox</type>
    <name>youre</name>
    <pose>Unspecified</pose>
    <truncated>0</truncated>
    <difficult>0</difficult>
    <bndbox>
      <xmin>503</xmin>
      <ymin>448</ymin>
      <xmax>737</xmax>
      <ymax>505</ymax>
    </bndbox>
  </object>
  <object>
    <type>bndbox</type>
    <name>able</name>
    <pose>Unspecified</pose>
    <truncated>0</truncated>
    <difficult>0</difficult>
    <bndbox>
      <xmin>758</xmin>
      <ymin>448</ymin>
      <xmax>914</xmax>
      <ymax>502</ymax>
    </bndbox>
  </object>
  <object>
    <type>bndbox</type>
    <name>and</name>
    <pose>Unspecified</pose>
    <truncated>0</truncated>
    <difficult>0</difficult>
    <bndbox>
      <xmin>228</xmin>
      <ymin>544</ymin>
      <xmax>373</xmax>
      <ymax>596</ymax>
    </bndbox>
  </object>
  <object>
    <type>bndbox</type>
    <name>i</name>
    <pose>Unspecified</pose>
    <truncated>0</truncated>
    <difficult>0</difficult>
    <bndbox>
      <xmin>401</xmin>
      <ymin>542</ymin>
      <xmax>412</xmax>
      <ymax>598</ymax>
    </bndbox>
  </object>
  <object>
    <type>bndbox</type>
    <name>know</name>
    <pose>Unspecified</pose>
    <truncated>0</truncated>
    <difficult>0</difficult>
    <bndbox>
      <xmin>442</xmin>
      <ymin>542</ymin>
      <xmax>649</xmax>
      <ymax>598</ymax>
    </bndbox>
  </object>
  <object>
    <type>bndbox</type>
    <name>you</name>
    <pose>Unspecified</pose>
    <truncated>0</truncated>
    <difficult>0</difficult>
    <bndbox>
      <xmin>669</xmin>
      <ymin>542</ymin>
      <xmax>807</xmax>
      <ymax>597</ymax>
    </bndbox>
  </object>
  <object>
    <type>bndbox</type>
    <name>can</name>
    <pose>Unspecified</pose>
    <truncated>0</truncated>
    <difficult>0</difficult>
    <bndbox>
      <xmin>834</xmin>
      <ymin>542</ymin>
      <xmax>974</xmax>
      <ymax>597</ymax>
    </bndbox>
  </object>
  <object>
    <type>bndbox</type>
    <name>save</name>
    <pose>Unspecified</pose>
    <truncated>0</truncated>
    <difficult>0</difficult>
    <bndbox>
      <xmin>232</xmin>
      <ymin>634</ymin>
      <xmax>391</xmax>
      <ymax>690</ymax>
    </bndbox>
  </object>
  <object>
    <type>bndbox</type>
    <name>through</name>
    <pose>Unspecified</pose>
    <truncated>0</truncated>
    <difficult>0</difficult>
    <bndbox>
      <xmin>412</xmin>
      <ymin>634</ymin>
      <xmax>753</xmax>
      <ymax>690</ymax>
    </bndbox>
  </object>
  <object>
    <type>bndbox</type>
    <name>the</name>
    <pose>Unspecified</pose>
    <truncated>0</truncated>
    <difficult>0</difficult>
    <bndbox>
      <xmin>774</xmin>
      <ymin>634</ymin>
      <xmax>895</xmax>
      <ymax>690</ymax>
    </bndbox>
  </object>
  <object>
    <type>bndbox</type>
    <name>fire</name>
    <pose>Unspecified</pose>
    <truncated>0</truncated>
    <difficult>0</difficult>
    <bndbox>
      <xmin>921</xmin>
      <ymin>634</ymin>
      <xmax>1055</xmax>
      <ymax>689</ymax>
    </bndbox>
  </object>
  <object>
    <type>bndbox</type>
    <name>with</name>
    <pose>Unspecified</pose>
    <truncated>0</truncated>
    <difficult>0</difficult>
    <bndbox>
      <xmin>229</xmin>
      <ymin>727</ymin>
      <xmax>392</xmax>
      <ymax>783</ymax>
    </bndbox>
  </object>
  <object>
    <type>bndbox</type>
    <name>your</name>
    <pose>Unspecified</pose>
    <truncated>0</truncated>
    <difficult>0</difficult>
    <bndbox>
      <xmin>417</xmin>
      <ymin>726</ymin>
      <xmax>602</xmax>
      <ymax>783</ymax>
    </bndbox>
  </object>
  <object>
    <type>bndbox</type>
    <name>mighty</name>
    <pose>Unspecified</pose>
    <truncated>0</truncated>
    <difficult>0</difficult>
    <bndbox>
      <xmin>628</xmin>
      <ymin>727</ymin>
      <xmax>888</xmax>
      <ymax>782</ymax>
    </bndbox>
  </object>
  <object>
    <type>bndbox</type>
    <name>hand</name>
    <pose>Unspecified</pose>
    <truncated>0</truncated>
    <difficult>0</difficult>
    <bndbox>
      <xmin>911</xmin>
      <ymin>727</ymin>
      <xmax>1097</xmax>
      <ymax>784</ymax>
    </bndbox>
  </object>
</annotation>
