<annotation verified="no">
  <folder>B6fA35Ved-Y</folder>
  <filename>05_frame_04465</filename>
  <path>/home/keisuke/Documents/lyric/&#31070;&#30000;/annotation/B6fA35Ved-Y/05_frame_04465.jpg</path>
  <source>
    <database>Unknown</database>
  </source>
  <size>
    <width>1920</width>
    <height>1080</height>
    <depth>3</depth>
  </size>
  <segmented>0</segmented>
  <object>
    <type>bndbox</type>
    <name>i</name>
    <pose>Unspecified</pose>
    <truncated>0</truncated>
    <difficult>0</difficult>
    <bndbox>
      <xmin>714</xmin>
      <ymin>480</ymin>
      <xmax>725</xmax>
      <ymax>524</ymax>
    </bndbox>
  </object>
  <object>
    <type>bndbox</type>
    <name>know</name>
    <pose>Unspecified</pose>
    <truncated>0</truncated>
    <difficult>0</difficult>
    <bndbox>
      <xmin>745</xmin>
      <ymin>481</ymin>
      <xmax>896</xmax>
      <ymax>523</ymax>
    </bndbox>
  </object>
  <object>
    <type>bndbox</type>
    <name>youre</name>
    <pose>Unspecified</pose>
    <truncated>0</truncated>
    <difficult>0</difficult>
    <bndbox>
      <xmin>911</xmin>
      <ymin>480</ymin>
      <xmax>1081</xmax>
      <ymax>523</ymax>
    </bndbox>
  </object>
  <object>
    <type>bndbox</type>
    <name>able</name>
    <pose>Unspecified</pose>
    <truncated>0</truncated>
    <difficult>0</difficult>
    <bndbox>
      <xmin>1096</xmin>
      <ymin>482</ymin>
      <xmax>1209</xmax>
      <ymax>523</ymax>
    </bndbox>
  </object>
  <object>
    <type>bndbox</type>
    <name>and</name>
    <pose>Unspecified</pose>
    <truncated>0</truncated>
    <difficult>0</difficult>
    <bndbox>
      <xmin>689</xmin>
      <ymin>549</ymin>
      <xmax>793</xmax>
      <ymax>588</ymax>
    </bndbox>
  </object>
  <object>
    <type>bndbox</type>
    <name>i</name>
    <pose>Unspecified</pose>
    <truncated>0</truncated>
    <difficult>0</difficult>
    <bndbox>
      <xmin>814</xmin>
      <ymin>551</ymin>
      <xmax>820</xmax>
      <ymax>589</ymax>
    </bndbox>
  </object>
  <object>
    <type>bndbox</type>
    <name>know</name>
    <pose>Unspecified</pose>
    <truncated>0</truncated>
    <difficult>0</difficult>
    <bndbox>
      <xmin>844</xmin>
      <ymin>549</ymin>
      <xmax>995</xmax>
      <ymax>591</ymax>
    </bndbox>
  </object>
  <object>
    <type>bndbox</type>
    <name>you</name>
    <pose>Unspecified</pose>
    <truncated>0</truncated>
    <difficult>0</difficult>
    <bndbox>
      <xmin>1008</xmin>
      <ymin>550</ymin>
      <xmax>1110</xmax>
      <ymax>591</ymax>
    </bndbox>
  </object>
  <object>
    <type>bndbox</type>
    <name>can</name>
    <pose>Unspecified</pose>
    <truncated>0</truncated>
    <difficult>0</difficult>
    <bndbox>
      <xmin>1128</xmin>
      <ymin>550</ymin>
      <xmax>1230</xmax>
      <ymax>590</ymax>
    </bndbox>
  </object>
  <object>
    <type>bndbox</type>
    <name>save</name>
    <pose>Unspecified</pose>
    <truncated>0</truncated>
    <difficult>0</difficult>
    <bndbox>
      <xmin>663</xmin>
      <ymin>616</ymin>
      <xmax>782</xmax>
      <ymax>656</ymax>
    </bndbox>
  </object>
  <object>
    <type>bndbox</type>
    <name>through</name>
    <pose>Unspecified</pose>
    <truncated>0</truncated>
    <difficult>0</difficult>
    <bndbox>
      <xmin>795</xmin>
      <ymin>617</ymin>
      <xmax>1041</xmax>
      <ymax>656</ymax>
    </bndbox>
  </object>
  <object>
    <type>bndbox</type>
    <name>the</name>
    <pose>Unspecified</pose>
    <truncated>0</truncated>
    <difficult>0</difficult>
    <bndbox>
      <xmin>1057</xmin>
      <ymin>617</ymin>
      <xmax>1145</xmax>
      <ymax>657</ymax>
    </bndbox>
  </object>
  <object>
    <type>bndbox</type>
    <name>fire</name>
    <pose>Unspecified</pose>
    <truncated>0</truncated>
    <difficult>0</difficult>
    <bndbox>
      <xmin>1163</xmin>
      <ymin>616</ymin>
      <xmax>1261</xmax>
      <ymax>657</ymax>
    </bndbox>
  </object>
  <object>
    <type>bndbox</type>
    <name>with</name>
    <pose>Unspecified</pose>
    <truncated>0</truncated>
    <difficult>0</difficult>
    <bndbox>
      <xmin>644</xmin>
      <ymin>684</ymin>
      <xmax>765</xmax>
      <ymax>725</ymax>
    </bndbox>
  </object>
  <object>
    <type>bndbox</type>
    <name>your</name>
    <pose>Unspecified</pose>
    <truncated>0</truncated>
    <difficult>0</difficult>
    <bndbox>
      <xmin>782</xmin>
      <ymin>685</ymin>
      <xmax>913</xmax>
      <ymax>724</ymax>
    </bndbox>
  </object>
  <object>
    <type>bndbox</type>
    <name>mighty</name>
    <pose>Unspecified</pose>
    <truncated>0</truncated>
    <difficult>0</difficult>
    <bndbox>
      <xmin>934</xmin>
      <ymin>685</ymin>
      <xmax>1121</xmax>
      <ymax>723</ymax>
    </bndbox>
  </object>
  <object>
    <type>bndbox</type>
    <name>hand</name>
    <pose>Unspecified</pose>
    <truncated>0</truncated>
    <difficult>0</difficult>
    <bndbox>
      <xmin>1137</xmin>
      <ymin>684</ymin>
      <xmax>1275</xmax>
      <ymax>725</ymax>
    </bndbox>
  </object>
</annotation>
