<annotation verified="no">
  <folder>Bs-Hr-gEJAU</folder>
  <filename>05_frame_01657</filename>
  <path>/home/daichi/&#12480;&#12454;&#12531;&#12525;&#12540;&#12489;/&#21407;&#21475; (1)/&#21407;&#21475;/annotation/Bs-Hr-gEJAU/05_frame_01657.jpg</path>
  <source>
    <database>Unknown</database>
  </source>
  <size>
    <width>1920</width>
    <height>1080</height>
    <depth>3</depth>
  </size>
  <segmented>0</segmented>
  <object>
    <type>robndbox</type>
    <name>you</name>
    <pose>Unspecified</pose>
    <truncated>0</truncated>
    <difficult>0</difficult>
    <robndbox>
      <cx>534.1429</cx>
      <cy>503.625</cy>
      <w>118.0</w>
      <h>41.0</h>
      <angle>0.03</angle>
    </robndbox>
  </object>
  <object>
    <type>robndbox</type>
    <name>cant</name>
    <pose>Unspecified</pose>
    <truncated>0</truncated>
    <difficult>0</difficult>
    <robndbox>
      <cx>692.4636</cx>
      <cy>506.7447</cy>
      <w>158.6903</w>
      <h>42.0194</h>
      <angle>0.03</angle>
    </robndbox>
  </object>
  <object>
    <type>robndbox</type>
    <name>take</name>
    <pose>Unspecified</pose>
    <truncated>0</truncated>
    <difficult>0</difficult>
    <robndbox>
      <cx>856.9636</cx>
      <cy>511.2447</cy>
      <w>139.6089</w>
      <h>39.5907</h>
      <angle>0.03</angle>
    </robndbox>
  </object>
  <object>
    <type>robndbox</type>
    <name>my</name>
    <pose>Unspecified</pose>
    <truncated>0</truncated>
    <difficult>0</difficult>
    <robndbox>
      <cx>984.4636</cx>
      <cy>515.2447</cy>
      <w>82.6346</w>
      <h>41.3004</h>
      <angle>0.03</angle>
    </robndbox>
  </object>
  <object>
    <type>robndbox</type>
    <name>youth</name>
    <pose>Unspecified</pose>
    <truncated>0</truncated>
    <difficult>0</difficult>
    <robndbox>
      <cx>1132.4636</cx>
      <cy>518.2447</cy>
      <w>188.7668</w>
      <h>44.1182</h>
      <angle>0.03</angle>
    </robndbox>
  </object>
  <object>
    <type>robndbox</type>
    <name>away</name>
    <pose>Unspecified</pose>
    <truncated>0</truncated>
    <difficult>0</difficult>
    <robndbox>
      <cx>1321.9636</cx>
      <cy>521.7447</cy>
      <w>153.6926</w>
      <h>42.1694</h>
      <angle>0.03</angle>
    </robndbox>
  </object>
</annotation>
