<annotation verified="no">
  <folder>Bs-Hr-gEJAU</folder>
  <filename>04_frame_01369</filename>
  <path>/home/daichi/&#12480;&#12454;&#12531;&#12525;&#12540;&#12489;/&#21407;&#21475; (1)/&#21407;&#21475;/annotation/Bs-Hr-gEJAU/04_frame_01369.jpg</path>
  <source>
    <database>Unknown</database>
  </source>
  <size>
    <width>1920</width>
    <height>1080</height>
    <depth>3</depth>
  </size>
  <segmented>0</segmented>
  <object>
    <type>robndbox</type>
    <name>you</name>
    <pose>Unspecified</pose>
    <truncated>0</truncated>
    <difficult>0</difficult>
    <robndbox>
      <cx>500.2754</cx>
      <cy>482.2525</cy>
      <w>108.2978</w>
      <h>38.1062</h>
      <angle>3.101593</angle>
    </robndbox>
  </object>
  <object>
    <type>robndbox</type>
    <name>cant</name>
    <pose>Unspecified</pose>
    <truncated>0</truncated>
    <difficult>0</difficult>
    <robndbox>
      <cx>651.2565</cx>
      <cy>473.2813</cy>
      <w>156.2194</w>
      <h>41.968</h>
      <angle>3.101593</angle>
    </robndbox>
  </object>
  <object>
    <type>robndbox</type>
    <name>take</name>
    <pose>Unspecified</pose>
    <truncated>0</truncated>
    <difficult>0</difficult>
    <robndbox>
      <cx>816.7754</cx>
      <cy>465.2525</cy>
      <w>133.2778</w>
      <h>39.106</h>
      <angle>3.101593</angle>
    </robndbox>
  </object>
  <object>
    <type>robndbox</type>
    <name>my</name>
    <pose>Unspecified</pose>
    <truncated>0</truncated>
    <difficult>0</difficult>
    <robndbox>
      <cx>945.7754</cx>
      <cy>458.7525</cy>
      <w>79.201</w>
      <h>39.9441</h>
      <angle>3.101593</angle>
    </robndbox>
  </object>
  <object>
    <type>robndbox</type>
    <name>youth</name>
    <pose>Unspecified</pose>
    <truncated>0</truncated>
    <difficult>0</difficult>
    <robndbox>
      <cx>1102.2754</cx>
      <cy>450.2525</cy>
      <w>192.1506</w>
      <h>43.4637</h>
      <angle>3.101593</angle>
    </robndbox>
  </object>
  <object>
    <type>robndbox</type>
    <name>away</name>
    <pose>Unspecified</pose>
    <truncated>0</truncated>
    <difficult>0</difficult>
    <robndbox>
      <cx>1303.2754</cx>
      <cy>438.7525</cy>
      <w>166.2914</w>
      <h>39.4264</h>
      <angle>3.101593</angle>
    </robndbox>
  </object>
</annotation>
