<annotation verified="no">
  <folder>Bs-Hr-gEJAU</folder>
  <filename>06_frame_02953</filename>
  <path>/home/daichi/&#12480;&#12454;&#12531;&#12525;&#12540;&#12489;/&#21407;&#21475; (1)/&#21407;&#21475;/annotation/Bs-Hr-gEJAU/06_frame_02953.jpg</path>
  <source>
    <database>Unknown</database>
  </source>
  <size>
    <width>1920</width>
    <height>1080</height>
    <depth>3</depth>
  </size>
  <segmented>0</segmented>
  <object>
    <type>robndbox</type>
    <name>you</name>
    <pose>Unspecified</pose>
    <truncated>0</truncated>
    <difficult>0</difficult>
    <robndbox>
      <cx>509.6429</cx>
      <cy>566.125</cy>
      <w>113.0</w>
      <h>38.0</h>
      <angle>3.121593</angle>
    </robndbox>
  </object>
  <object>
    <type>robndbox</type>
    <name>cant</name>
    <pose>Unspecified</pose>
    <truncated>0</truncated>
    <difficult>0</difficult>
    <robndbox>
      <cx>659.4585</cx>
      <cy>565.1919</cy>
      <w>156.5799</w>
      <h>41.0059</h>
      <angle>3.121593</angle>
    </robndbox>
  </object>
  <object>
    <type>robndbox</type>
    <name>take</name>
    <pose>Unspecified</pose>
    <truncated>0</truncated>
    <difficult>0</difficult>
    <robndbox>
      <cx>817.4585</cx>
      <cy>562.1919</cy>
      <w>138.5835</w>
      <h>40.6459</h>
      <angle>3.131593</angle>
    </robndbox>
  </object>
  <object>
    <type>robndbox</type>
    <name>my</name>
    <pose>Unspecified</pose>
    <truncated>0</truncated>
    <difficult>0</difficult>
    <robndbox>
      <cx>937.5549</cx>
      <cy>561.3439</cy>
      <w>82.7761</w>
      <h>40.3919</h>
      <angle>3.131593</angle>
    </robndbox>
  </object>
  <object>
    <type>robndbox</type>
    <name>youth</name>
    <pose>Unspecified</pose>
    <truncated>0</truncated>
    <difficult>0</difficult>
    <robndbox>
      <cx>1081.0549</cx>
      <cy>559.8439</cy>
      <w>185.7609</w>
      <h>42.4219</h>
      <angle>3.131593</angle>
    </robndbox>
  </object>
  <object>
    <type>robndbox</type>
    <name>away</name>
    <pose>Unspecified</pose>
    <truncated>0</truncated>
    <difficult>0</difficult>
    <robndbox>
      <cx>1263.5549</cx>
      <cy>556.8439</cy>
      <w>152.7426</w>
      <h>44.0918</h>
      <angle>3.131593</angle>
    </robndbox>
  </object>
</annotation>
