<annotation verified="no">
  <folder>lBHEe7XNytw</folder>
  <filename>02_frame_03331</filename>
  <path>/Users/KengoAraki/Desktop/annotation_&#21407;&#21475;/annotation/lBHEe7XNytw/02_frame_03331.jpg</path>
  <source>
    <database>Unknown</database>
  </source>
  <size>
    <width>1920</width>
    <height>1080</height>
    <depth>3</depth>
  </size>
  <segmented>0</segmented>
  <object>
    <type>robndbox</type>
    <name>dont</name>
    <pose>Unspecified</pose>
    <truncated>0</truncated>
    <difficult>0</difficult>
    <robndbox>
      <cx>321.5082</cx>
      <cy>556.5</cy>
      <w>304.0</w>
      <h>65.0</h>
      <angle>0.0</angle>
    </robndbox>
  </object>
  <object>
    <type>robndbox</type>
    <name>you</name>
    <pose>Unspecified</pose>
    <truncated>0</truncated>
    <difficult>0</difficult>
    <robndbox>
      <cx>581.0082</cx>
      <cy>556.0</cy>
      <w>187.0</w>
      <h>64.0</h>
      <angle>0.0</angle>
    </robndbox>
  </object>
  <object>
    <type>robndbox</type>
    <name>worry</name>
    <pose>Unspecified</pose>
    <truncated>0</truncated>
    <difficult>0</difficult>
    <robndbox>
      <cx>871.5082</cx>
      <cy>555.5</cy>
      <w>338.0</w>
      <h>67.0</h>
      <angle>0.0</angle>
    </robndbox>
  </object>
  <object>
    <type>robndbox</type>
    <name>ill</name>
    <pose>Unspecified</pose>
    <truncated>0</truncated>
    <difficult>0</difficult>
    <robndbox>
      <cx>1150.0082</cx>
      <cy>557.5</cy>
      <w>141.0</w>
      <h>67.0</h>
      <angle>0.0</angle>
    </robndbox>
  </object>
  <object>
    <type>robndbox</type>
    <name>find</name>
    <pose>Unspecified</pose>
    <truncated>0</truncated>
    <difficult>0</difficult>
    <robndbox>
      <cx>1361.5082</cx>
      <cy>557.5</cy>
      <w>230.0</w>
      <h>67.0</h>
      <angle>0.0</angle>
    </robndbox>
  </object>
  <object>
    <type>robndbox</type>
    <name>a</name>
    <pose>Unspecified</pose>
    <truncated>0</truncated>
    <difficult>0</difficult>
    <robndbox>
      <cx>1529.0082</cx>
      <cy>557.0</cy>
      <w>69.0</w>
      <h>64.0</h>
      <angle>0.0</angle>
    </robndbox>
  </object>
  <object>
    <type>robndbox</type>
    <name>way</name>
    <pose>Unspecified</pose>
    <truncated>0</truncated>
    <difficult>0</difficult>
    <robndbox>
      <cx>1697.0082</cx>
      <cy>555.5</cy>
      <w>199.0</w>
      <h>67.0</h>
      <angle>0.0</angle>
    </robndbox>
  </object>
</annotation>
