<annotation verified="no">
  <folder>lBHEe7XNytw</folder>
  <filename>04_frame_01351</filename>
  <path>/Users/KengoAraki/Desktop/annotation_&#21407;&#21475;/annotation/lBHEe7XNytw/04_frame_01351.jpg</path>
  <source>
    <database>Unknown</database>
  </source>
  <size>
    <width>1920</width>
    <height>1080</height>
    <depth>3</depth>
  </size>
  <segmented>0</segmented>
  <object>
    <type>robndbox</type>
    <name>need</name>
    <pose>Unspecified</pose>
    <truncated>0</truncated>
    <difficult>0</difficult>
    <robndbox>
      <cx>479.683</cx>
      <cy>411.4692</cy>
      <w>266.4254</w>
      <h>62.9085</h>
      <angle>2.641593</angle>
    </robndbox>
  </object>
  <object>
    <type>robndbox</type>
    <name>to</name>
    <pose>Unspecified</pose>
    <truncated>0</truncated>
    <difficult>0</difficult>
    <robndbox>
      <cx>676.5998</cx>
      <cy>314.7978</cy>
      <w>124.8788</w>
      <h>63.4401</h>
      <angle>2.731593</angle>
    </robndbox>
  </object>
  <object>
    <type>robndbox</type>
    <name>know</name>
    <pose>Unspecified</pose>
    <truncated>0</truncated>
    <difficult>0</difficult>
    <robndbox>
      <cx>903.5082</cx>
      <cy>226.0</cy>
      <w>302.0525</w>
      <h>70.0875</h>
      <angle>2.781593</angle>
    </robndbox>
  </object>
  <object>
    <type>robndbox</type>
    <name>just</name>
    <pose>Unspecified</pose>
    <truncated>0</truncated>
    <difficult>0</difficult>
    <robndbox>
      <cx>1187.8486</cx>
      <cy>132.0632</cy>
      <w>242.5543</w>
      <h>61.6636</h>
      <angle>2.871593</angle>
    </robndbox>
  </object>
  <object>
    <type>robndbox</type>
    <name>what</name>
    <pose>Unspecified</pose>
    <truncated>0</truncated>
    <difficult>0</difficult>
    <robndbox>
      <cx>526.0223</cx>
      <cy>472.5649</cy>
      <w>317.0387</w>
      <h>61.1143</h>
      <angle>2.651593</angle>
    </robndbox>
  </object>
  <object>
    <type>robndbox</type>
    <name>its</name>
    <pose>Unspecified</pose>
    <truncated>0</truncated>
    <difficult>0</difficult>
    <robndbox>
      <cx>796.9766</cx>
      <cy>343.8699</cy>
      <w>219.3453</w>
      <h>58.9784</h>
      <angle>2.741593</angle>
    </robndbox>
  </object>
  <object>
    <type>robndbox</type>
    <name>about</name>
    <pose>Unspecified</pose>
    <truncated>0</truncated>
    <difficult>0</difficult>
    <robndbox>
      <cx>1135.5082</cx>
      <cy>225.0</cy>
      <w>419.437</w>
      <h>62.6782</h>
      <angle>2.851593</angle>
    </robndbox>
  </object>
</annotation>
