<annotation verified="no">
  <folder>lBHEe7XNytw</folder>
  <filename>00_frame_01441</filename>
  <path>/Users/KengoAraki/Desktop/annotation_&#21407;&#21475;/annotation/lBHEe7XNytw/00_frame_01441.jpg</path>
  <source>
    <database>Unknown</database>
  </source>
  <size>
    <width>1920</width>
    <height>1080</height>
    <depth>3</depth>
  </size>
  <segmented>0</segmented>
  <object>
    <type>robndbox</type>
    <name>need</name>
    <pose>Unspecified</pose>
    <truncated>0</truncated>
    <difficult>0</difficult>
    <robndbox>
      <cx>450.477</cx>
      <cy>205.1022</cy>
      <w>259.2252</w>
      <h>62.3305</h>
      <angle>2.751593</angle>
    </robndbox>
  </object>
  <object>
    <type>robndbox</type>
    <name>to</name>
    <pose>Unspecified</pose>
    <truncated>0</truncated>
    <difficult>0</difficult>
    <robndbox>
      <cx>654.7357</cx>
      <cy>129.8552</cy>
      <w>119.5779</w>
      <h>60.0968</h>
      <angle>2.831593</angle>
    </robndbox>
  </object>
  <object>
    <type>robndbox</type>
    <name>know</name>
    <pose>Unspecified</pose>
    <truncated>0</truncated>
    <difficult>0</difficult>
    <robndbox>
      <cx>884.0255</cx>
      <cy>68.2741</cy>
      <w>296.6557</w>
      <h>66.311</h>
      <angle>2.921593</angle>
    </robndbox>
  </object>
  <object>
    <type>robndbox</type>
    <name>what</name>
    <pose>Unspecified</pose>
    <truncated>0</truncated>
    <difficult>0</difficult>
    <robndbox>
      <cx>486.5082</cx>
      <cy>271.5</cy>
      <w>318.8686</w>
      <h>60.2977</h>
      <angle>2.751593</angle>
    </robndbox>
  </object>
  <object>
    <type>robndbox</type>
    <name>what</name>
    <pose>Unspecified</pose>
    <truncated>0</truncated>
    <difficult>0</difficult>
    <robndbox>
      <cx>495.1241</cx>
      <cy>330.5216</cy>
      <w>318.4708</w>
      <h>58.4226</h>
      <angle>2.751593</angle>
    </robndbox>
  </object>
  <object>
    <type>robndbox</type>
    <name>what</name>
    <pose>Unspecified</pose>
    <truncated>0</truncated>
    <difficult>0</difficult>
    <robndbox>
      <cx>513.3684</cx>
      <cy>384.3323</cy>
      <w>326.4659</w>
      <h>53.469</h>
      <angle>2.751593</angle>
    </robndbox>
  </object>
  <object>
    <type>robndbox</type>
    <name>its</name>
    <pose>Unspecified</pose>
    <truncated>0</truncated>
    <difficult>0</difficult>
    <robndbox>
      <cx>773.3588</cx>
      <cy>173.6361</cy>
      <w>226.6</w>
      <h>54.7528</h>
      <angle>2.841593</angle>
    </robndbox>
  </object>
  <object>
    <type>robndbox</type>
    <name>its</name>
    <pose>Unspecified</pose>
    <truncated>0</truncated>
    <difficult>0</difficult>
    <robndbox>
      <cx>788.3588</cx>
      <cy>227.6361</cy>
      <w>226.6</w>
      <h>54.7528</h>
      <angle>2.841593</angle>
    </robndbox>
  </object>
  <object>
    <type>robndbox</type>
    <name>its</name>
    <pose>Unspecified</pose>
    <truncated>0</truncated>
    <difficult>0</difficult>
    <robndbox>
      <cx>797.3588</cx>
      <cy>282.6361</cy>
      <w>226.6</w>
      <h>54.7528</h>
      <angle>2.841593</angle>
    </robndbox>
  </object>
  <object>
    <type>robndbox</type>
    <name>about</name>
    <pose>Unspecified</pose>
    <truncated>0</truncated>
    <difficult>0</difficult>
    <robndbox>
      <cx>1117.796</cx>
      <cy>93.7227</cy>
      <w>425.3691</w>
      <h>62.0051</h>
      <angle>2.951593</angle>
    </robndbox>
  </object>
  <object>
    <type>robndbox</type>
    <name>about</name>
    <pose>Unspecified</pose>
    <truncated>0</truncated>
    <difficult>0</difficult>
    <robndbox>
      <cx>1138.6119</cx>
      <cy>144.9634</cy>
      <w>429.2223</w>
      <h>61.9797</h>
      <angle>2.951593</angle>
    </robndbox>
  </object>
  <object>
    <type>robndbox</type>
    <name>about</name>
    <pose>Unspecified</pose>
    <truncated>0</truncated>
    <difficult>0</difficult>
    <robndbox>
      <cx>1155.5082</cx>
      <cy>200.0</cy>
      <w>425.7562</w>
      <h>60.7587</h>
      <angle>2.961593</angle>
    </robndbox>
  </object>
  <object>
    <type>robndbox</type>
    <name>dont</name>
    <pose>Unspecified</pose>
    <truncated>0</truncated>
    <difficult>0</difficult>
    <robndbox>
      <cx>522.9779</cx>
      <cy>485.5118</cy>
      <w>335.6082</w>
      <h>118.5809</h>
      <angle>2.741593</angle>
    </robndbox>
  </object>
  <object>
    <type>robndbox</type>
    <name>you</name>
    <pose>Unspecified</pose>
    <truncated>0</truncated>
    <difficult>0</difficult>
    <robndbox>
      <cx>823.6673</cx>
      <cy>377.4047</cy>
      <w>231.0033</w>
      <h>115.7316</h>
      <angle>2.841593</angle>
    </robndbox>
  </object>
  <object>
    <type>robndbox</type>
    <name>worry</name>
    <pose>Unspecified</pose>
    <truncated>0</truncated>
    <difficult>0</difficult>
    <robndbox>
      <cx>1182.0414</cx>
      <cy>290.8434</cy>
      <w>429.0895</w>
      <h>118.7871</h>
      <angle>2.951593</angle>
    </robndbox>
  </object>
</annotation>
