<annotation verified="no">
  <folder>lBHEe7XNytw</folder>
  <filename>05_frame_01531</filename>
  <path>/Users/KengoAraki/Desktop/annotation_&#21407;&#21475;/annotation/lBHEe7XNytw/05_frame_01531.jpg</path>
  <source>
    <database>Unknown</database>
  </source>
  <size>
    <width>1920</width>
    <height>1080</height>
    <depth>3</depth>
  </size>
  <segmented>0</segmented>
  <object>
    <type>robndbox</type>
    <name>dont</name>
    <pose>Unspecified</pose>
    <truncated>0</truncated>
    <difficult>0</difficult>
    <robndbox>
      <cx>483.0823</cx>
      <cy>325.185</cy>
      <w>340.7793</w>
      <h>117.844</h>
      <angle>2.851593</angle>
    </robndbox>
  </object>
  <object>
    <type>robndbox</type>
    <name>you</name>
    <pose>Unspecified</pose>
    <truncated>0</truncated>
    <difficult>0</difficult>
    <robndbox>
      <cx>792.0442</cx>
      <cy>250.1017</cy>
      <w>232.6706</w>
      <h>116.297</h>
      <angle>2.941593</angle>
    </robndbox>
  </object>
  <object>
    <type>robndbox</type>
    <name>worry</name>
    <pose>Unspecified</pose>
    <truncated>0</truncated>
    <difficult>0</difficult>
    <robndbox>
      <cx>1162.8459</cx>
      <cy>202.7904</cy>
      <w>430.475</w>
      <h>115.7556</h>
      <angle>3.071593</angle>
    </robndbox>
  </object>
  <object>
    <type>robndbox</type>
    <name>ill</name>
    <pose>Unspecified</pose>
    <truncated>0</truncated>
    <difficult>0</difficult>
    <robndbox>
      <cx>403.9884</cx>
      <cy>446.9722</cy>
      <w>143.8543</w>
      <h>58.8663</h>
      <angle>2.831593</angle>
    </robndbox>
  </object>
  <object>
    <type>robndbox</type>
    <name>pull</name>
    <pose>Unspecified</pose>
    <truncated>0</truncated>
    <difficult>0</difficult>
    <robndbox>
      <cx>585.9895</cx>
      <cy>392.6646</cy>
      <w>239.8127</w>
      <h>61.9237</h>
      <angle>2.891593</angle>
    </robndbox>
  </object>
  <object>
    <type>robndbox</type>
    <name>you</name>
    <pose>Unspecified</pose>
    <truncated>0</truncated>
    <difficult>0</difficult>
    <robndbox>
      <cx>815.9531</cx>
      <cy>339.9861</cy>
      <w>207.242</w>
      <h>60.1967</h>
      <angle>2.921593</angle>
    </robndbox>
  </object>
  <object>
    <type>robndbox</type>
    <name>through</name>
    <pose>Unspecified</pose>
    <truncated>0</truncated>
    <difficult>0</difficult>
    <robndbox>
      <cx>1153.6537</cx>
      <cy>298.4189</cy>
      <w>478.3498</w>
      <h>69.8763</h>
      <angle>3.071593</angle>
    </robndbox>
  </object>
</annotation>
