<annotation verified="no">
  <folder>lBHEe7XNytw</folder>
  <filename>06_frame_01981</filename>
  <path>/Users/KengoAraki/Desktop/annotation_&#21407;&#21475;/annotation/lBHEe7XNytw/06_frame_01981.jpg</path>
  <source>
    <database>Unknown</database>
  </source>
  <size>
    <width>1920</width>
    <height>1080</height>
    <depth>3</depth>
  </size>
  <segmented>0</segmented>
  <object>
    <type>robndbox</type>
    <name>everything</name>
    <pose>Unspecified</pose>
    <truncated>0</truncated>
    <difficult>0</difficult>
    <robndbox>
      <cx>725.0082</cx>
      <cy>495.5</cy>
      <w>661.0</w>
      <h>225.0</h>
      <angle>0.0</angle>
    </robndbox>
  </object>
  <object>
    <type>robndbox</type>
    <name>that</name>
    <pose>Unspecified</pose>
    <truncated>0</truncated>
    <difficult>0</difficult>
    <robndbox>
      <cx>1139.4158</cx>
      <cy>499.4987</cy>
      <w>154.9514</w>
      <h>80.3329</h>
      <angle>0.32</angle>
    </robndbox>
  </object>
  <object>
    <type>robndbox</type>
    <name>has</name>
    <pose>Unspecified</pose>
    <truncated>0</truncated>
    <difficult>0</difficult>
    <robndbox>
      <cx>1303.8943</cx>
      <cy>618.4803</cy>
      <w>257.8528</w>
      <h>100.93</h>
      <angle>0.21</angle>
    </robndbox>
  </object>
  <object>
    <type>robndbox</type>
    <name>has</name>
    <pose>Unspecified</pose>
    <truncated>0</truncated>
    <difficult>0</difficult>
    <robndbox>
      <cx>1420.932</cx>
      <cy>516.9652</cy>
      <w>165.1683</w>
      <h>99.4591</h>
      <angle>1.201593</angle>
    </robndbox>
  </object>
  <object>
    <type>robndbox</type>
    <name>has</name>
    <pose>Unspecified</pose>
    <truncated>0</truncated>
    <difficult>0</difficult>
    <robndbox>
      <cx>1457.2467</cx>
      <cy>411.5296</cy>
      <w>182.4463</w>
      <h>71.0627</h>
      <angle>2.451593</angle>
    </robndbox>
  </object>
  <object>
    <type>robndbox</type>
    <name>a</name>
    <pose>Unspecified</pose>
    <truncated>0</truncated>
    <difficult>0</difficult>
    <robndbox>
      <cx>1555.6493</cx>
      <cy>379.383</cy>
      <w>45.3094</w>
      <h>51.2848</h>
      <angle>0.17</angle>
    </robndbox>
  </object>
  <object>
    <type>robndbox</type>
    <name>beginning</name>
    <pose>Unspecified</pose>
    <truncated>0</truncated>
    <difficult>0</difficult>
    <robndbox>
      <cx>760.1304</cx>
      <cy>570.0902</cy>
      <w>448.468</w>
      <h>187.8441</h>
      <angle>3.021593</angle>
    </robndbox>
  </object>
  <object>
    <type>robndbox</type>
    <name>has</name>
    <pose>Unspecified</pose>
    <truncated>0</truncated>
    <difficult>0</difficult>
    <robndbox>
      <cx>1037.5824</cx>
      <cy>571.9749</cy>
      <w>139.3376</w>
      <h>72.2212</h>
      <angle>0.1</angle>
    </robndbox>
  </object>
  <object>
    <type>robndbox</type>
    <name>an</name>
    <pose>Unspecified</pose>
    <truncated>0</truncated>
    <difficult>0</difficult>
    <robndbox>
      <cx>1164.5733</cx>
      <cy>610.3071</cy>
      <w>113.2439</w>
      <h>60.0057</h>
      <angle>0.42</angle>
    </robndbox>
  </object>
  <object>
    <type>robndbox</type>
    <name>end</name>
    <pose>Unspecified</pose>
    <truncated>0</truncated>
    <difficult>0</difficult>
    <robndbox>
      <cx>1382.4131</cx>
      <cy>670.8471</cy>
      <w>256.2348</w>
      <h>97.3264</h>
      <angle>2.891593</angle>
    </robndbox>
  </object>
</annotation>
