<annotation verified="no">
  <folder>lBHEe7XNytw</folder>
  <filename>09_frame_01261</filename>
  <path>/Users/KengoAraki/Desktop/annotation_&#21407;&#21475;/annotation/lBHEe7XNytw/09_frame_01261.jpg</path>
  <source>
    <database>Unknown</database>
  </source>
  <size>
    <width>1920</width>
    <height>1080</height>
    <depth>3</depth>
  </size>
  <segmented>0</segmented>
  <object>
    <type>robndbox</type>
    <name>need</name>
    <pose>Unspecified</pose>
    <truncated>0</truncated>
    <difficult>0</difficult>
    <robndbox>
      <cx>524.3141</cx>
      <cy>638.2037</cy>
      <w>265.5205</w>
      <h>62.4192</h>
      <angle>2.541593</angle>
    </robndbox>
  </object>
  <object>
    <type>robndbox</type>
    <name>to</name>
    <pose>Unspecified</pose>
    <truncated>0</truncated>
    <difficult>0</difficult>
    <robndbox>
      <cx>710.9006</cx>
      <cy>519.9385</cy>
      <w>127.457</w>
      <h>61.5956</h>
      <angle>2.621593</angle>
    </robndbox>
  </object>
  <object>
    <type>robndbox</type>
    <name>know</name>
    <pose>Unspecified</pose>
    <truncated>0</truncated>
    <difficult>0</difficult>
    <robndbox>
      <cx>924.1573</cx>
      <cy>406.5682</cy>
      <w>306.5714</w>
      <h>67.6274</h>
      <angle>2.671593</angle>
    </robndbox>
  </object>
  <object>
    <type>robndbox</type>
    <name>just</name>
    <pose>Unspecified</pose>
    <truncated>0</truncated>
    <difficult>0</difficult>
    <robndbox>
      <cx>1201.8939</cx>
      <cy>281.7017</cy>
      <w>246.0054</w>
      <h>62.6222</h>
      <angle>2.761593</angle>
    </robndbox>
  </object>
</annotation>
