<annotation verified="no">
  <folder>lBHEe7XNytw</folder>
  <filename>08_frame_00901</filename>
  <path>/Users/KengoAraki/Desktop/annotation_&#21407;&#21475;/annotation/lBHEe7XNytw/08_frame_00901.jpg</path>
  <source>
    <database>Unknown</database>
  </source>
  <size>
    <width>1920</width>
    <height>1080</height>
    <depth>3</depth>
  </size>
  <segmented>0</segmented>
  <object>
    <type>robndbox</type>
    <name>ill</name>
    <pose>Unspecified</pose>
    <truncated>0</truncated>
    <difficult>0</difficult>
    <robndbox>
      <cx>461.5082</cx>
      <cy>553.0</cy>
      <w>164.0</w>
      <h>62.0</h>
      <angle>0.0</angle>
    </robndbox>
  </object>
  <object>
    <type>robndbox</type>
    <name>cover</name>
    <pose>Unspecified</pose>
    <truncated>0</truncated>
    <difficult>0</difficult>
    <robndbox>
      <cx>720.0082</cx>
      <cy>554.0</cy>
      <w>307.0</w>
      <h>64.0</h>
      <angle>0.0</angle>
    </robndbox>
  </object>
  <object>
    <type>robndbox</type>
    <name>your</name>
    <pose>Unspecified</pose>
    <truncated>0</truncated>
    <difficult>0</difficult>
    <robndbox>
      <cx>1022.5082</cx>
      <cy>551.5</cy>
      <w>256.0</w>
      <h>69.0</h>
      <angle>0.0</angle>
    </robndbox>
  </object>
  <object>
    <type>robndbox</type>
    <name>tracks</name>
    <pose>Unspecified</pose>
    <truncated>0</truncated>
    <difficult>0</difficult>
    <robndbox>
      <cx>1355.0082</cx>
      <cy>553.0</cy>
      <w>361.0</w>
      <h>62.0</h>
      <angle>0.0</angle>
    </robndbox>
  </object>
</annotation>
