<annotation verified="no">
  <folder>Pc4g1-UTDPE</folder>
  <filename>04_frame_02071</filename>
  <path>/home/baba/Desktop/&#39340;&#22580;/annotation/Pc4g1-UTDPE/04_frame_02071.jpg</path>
  <source>
    <database>Unknown</database>
  </source>
  <size>
    <width>1920</width>
    <height>1080</height>
    <depth>3</depth>
  </size>
  <segmented>0</segmented>
  <object>
    <type>bndbox</type>
    <name>dont</name>
    <pose>Unspecified</pose>
    <truncated>0</truncated>
    <difficult>0</difficult>
    <bndbox>
      <xmin>410</xmin>
      <ymin>490</ymin>
      <xmax>626</xmax>
      <ymax>590</ymax>
    </bndbox>
  </object>
  <object>
    <type>bndbox</type>
    <name>say</name>
    <pose>Unspecified</pose>
    <truncated>0</truncated>
    <difficult>0</difficult>
    <bndbox>
      <xmin>651</xmin>
      <ymin>489</ymin>
      <xmax>810</xmax>
      <ymax>590</ymax>
    </bndbox>
  </object>
  <object>
    <type>bndbox</type>
    <name>you</name>
    <pose>Unspecified</pose>
    <truncated>0</truncated>
    <difficult>0</difficult>
    <bndbox>
      <xmin>834</xmin>
      <ymin>490</ymin>
      <xmax>992</xmax>
      <ymax>589</ymax>
    </bndbox>
  </object>
  <object>
    <type>bndbox</type>
    <name>wanted</name>
    <pose>Unspecified</pose>
    <truncated>0</truncated>
    <difficult>0</difficult>
    <bndbox>
      <xmin>1019</xmin>
      <ymin>492</ymin>
      <xmax>1362</xmax>
      <ymax>589</ymax>
    </bndbox>
  </object>
  <object>
    <type>bndbox</type>
    <name>wanted</name>
    <pose>Unspecified</pose>
    <truncated>0</truncated>
    <difficult>0</difficult>
    <bndbox>
      <xmin>1391</xmin>
      <ymin>490</ymin>
      <xmax>1510</xmax>
      <ymax>590</ymax>
    </bndbox>
  </object>
</annotation>
