<annotation verified="no">
  <folder>Pc4g1-UTDPE</folder>
  <filename>00_frame_01621</filename>
  <path>/home/baba/Desktop/&#39340;&#22580;/annotation/Pc4g1-UTDPE/00_frame_01621.jpg</path>
  <source>
    <database>Unknown</database>
  </source>
  <size>
    <width>1920</width>
    <height>1080</height>
    <depth>3</depth>
  </size>
  <segmented>0</segmented>
  <object>
    <type>bndbox</type>
    <name>were</name>
    <pose>Unspecified</pose>
    <truncated>0</truncated>
    <difficult>0</difficult>
    <bndbox>
      <xmin>614</xmin>
      <ymin>322</ymin>
      <xmax>1010</xmax>
      <ymax>472</ymax>
    </bndbox>
  </object>
  <object>
    <type>bndbox</type>
    <name>not</name>
    <pose>Unspecified</pose>
    <truncated>0</truncated>
    <difficult>0</difficult>
    <bndbox>
      <xmin>1063</xmin>
      <ymin>322</ymin>
      <xmax>1312</xmax>
      <ymax>470</ymax>
    </bndbox>
  </object>
  <object>
    <type>bndbox</type>
    <name>what</name>
    <pose>Unspecified</pose>
    <truncated>0</truncated>
    <difficult>0</difficult>
    <bndbox>
      <xmin>624</xmin>
      <ymin>500</ymin>
      <xmax>1015</xmax>
      <ymax>612</ymax>
    </bndbox>
  </object>
  <object>
    <type>bndbox</type>
    <name>we</name>
    <pose>Unspecified</pose>
    <truncated>0</truncated>
    <difficult>0</difficult>
    <bndbox>
      <xmin>1116</xmin>
      <ymin>502</ymin>
      <xmax>1295</xmax>
      <ymax>604</ymax>
    </bndbox>
  </object>
  <object>
    <type>bndbox</type>
    <name>used</name>
    <pose>Unspecified</pose>
    <truncated>0</truncated>
    <difficult>0</difficult>
    <bndbox>
      <xmin>616</xmin>
      <ymin>625</ymin>
      <xmax>916</xmax>
      <ymax>758</ymax>
    </bndbox>
  </object>
  <object>
    <type>bndbox</type>
    <name>to</name>
    <pose>Unspecified</pose>
    <truncated>0</truncated>
    <difficult>0</difficult>
    <bndbox>
      <xmin>960</xmin>
      <ymin>626</ymin>
      <xmax>1104</xmax>
      <ymax>760</ymax>
    </bndbox>
  </object>
  <object>
    <type>bndbox</type>
    <name>be</name>
    <pose>Unspecified</pose>
    <truncated>0</truncated>
    <difficult>0</difficult>
    <bndbox>
      <xmin>1155</xmin>
      <ymin>626</ymin>
      <xmax>1300</xmax>
      <ymax>760</ymax>
    </bndbox>
  </object>
</annotation>
