<annotation verified="no">
  <folder>Pc4g1-UTDPE</folder>
  <filename>08_frame_04951</filename>
  <path>/home/baba/Desktop/&#39340;&#22580;/annotation/Pc4g1-UTDPE/08_frame_04951.jpg</path>
  <source>
    <database>Unknown</database>
  </source>
  <size>
    <width>1920</width>
    <height>1080</height>
    <depth>3</depth>
  </size>
  <segmented>0</segmented>
  <object>
    <type>bndbox</type>
    <name>dont</name>
    <pose>Unspecified</pose>
    <truncated>0</truncated>
    <difficult>0</difficult>
    <bndbox>
      <xmin>348</xmin>
      <ymin>485</ymin>
      <xmax>587</xmax>
      <ymax>593</ymax>
    </bndbox>
  </object>
  <object>
    <type>bndbox</type>
    <name>say</name>
    <pose>Unspecified</pose>
    <truncated>0</truncated>
    <difficult>0</difficult>
    <bndbox>
      <xmin>616</xmin>
      <ymin>485</ymin>
      <xmax>792</xmax>
      <ymax>594</ymax>
    </bndbox>
  </object>
  <object>
    <type>bndbox</type>
    <name>you</name>
    <pose>Unspecified</pose>
    <truncated>0</truncated>
    <difficult>0</difficult>
    <bndbox>
      <xmin>818</xmin>
      <ymin>485</ymin>
      <xmax>996</xmax>
      <ymax>596</ymax>
    </bndbox>
  </object>
  <object>
    <type>bndbox</type>
    <name>wanted</name>
    <pose>Unspecified</pose>
    <truncated>0</truncated>
    <difficult>0</difficult>
    <bndbox>
      <xmin>1024</xmin>
      <ymin>485</ymin>
      <xmax>1407</xmax>
      <ymax>596</ymax>
    </bndbox>
  </object>
  <object>
    <type>bndbox</type>
    <name>me</name>
    <pose>Unspecified</pose>
    <truncated>0</truncated>
    <difficult>0</difficult>
    <bndbox>
      <xmin>1438</xmin>
      <ymin>485</ymin>
      <xmax>1572</xmax>
      <ymax>594</ymax>
    </bndbox>
  </object>
</annotation>
