<annotation verified="no">
  <folder>Pc4g1-UTDPE</folder>
  <filename>07_frame_04141</filename>
  <path>/home/baba/Desktop/&#39340;&#22580;/annotation/Pc4g1-UTDPE/07_frame_04141.jpg</path>
  <source>
    <database>Unknown</database>
  </source>
  <size>
    <width>1920</width>
    <height>1080</height>
    <depth>3</depth>
  </size>
  <segmented>0</segmented>
  <object>
    <type>bndbox</type>
    <name>dont</name>
    <pose>Unspecified</pose>
    <truncated>0</truncated>
    <difficult>0</difficult>
    <bndbox>
      <xmin>240</xmin>
      <ymin>518</ymin>
      <xmax>474</xmax>
      <ymax>558</ymax>
    </bndbox>
  </object>
  <object>
    <type>bndbox</type>
    <name>say</name>
    <pose>Unspecified</pose>
    <truncated>0</truncated>
    <difficult>0</difficult>
    <bndbox>
      <xmin>558</xmin>
      <ymin>521</ymin>
      <xmax>727</xmax>
      <ymax>558</ymax>
    </bndbox>
  </object>
  <object>
    <type>bndbox</type>
    <name>you</name>
    <pose>Unspecified</pose>
    <truncated>0</truncated>
    <difficult>0</difficult>
    <bndbox>
      <xmin>823</xmin>
      <ymin>521</ymin>
      <xmax>1003</xmax>
      <ymax>560</ymax>
    </bndbox>
  </object>
  <object>
    <type>bndbox</type>
    <name>wanted</name>
    <pose>Unspecified</pose>
    <truncated>0</truncated>
    <difficult>0</difficult>
    <bndbox>
      <xmin>1102</xmin>
      <ymin>522</ymin>
      <xmax>1495</xmax>
      <ymax>557</ymax>
    </bndbox>
  </object>
  <object>
    <type>bndbox</type>
    <name>me</name>
    <pose>Unspecified</pose>
    <truncated>0</truncated>
    <difficult>0</difficult>
    <bndbox>
      <xmin>1575</xmin>
      <ymin>521</ymin>
      <xmax>1679</xmax>
      <ymax>557</ymax>
    </bndbox>
  </object>
</annotation>
