<annotation verified="no">
  <folder>Pc4g1-UTDPE</folder>
  <filename>02_frame_01261</filename>
  <path>/home/baba/Desktop/&#39340;&#22580;/annotation/Pc4g1-UTDPE/02_frame_01261.jpg</path>
  <source>
    <database>Unknown</database>
  </source>
  <size>
    <width>1920</width>
    <height>1080</height>
    <depth>3</depth>
  </size>
  <segmented>0</segmented>
  <object>
    <type>bndbox</type>
    <name>dont</name>
    <pose>Unspecified</pose>
    <truncated>0</truncated>
    <difficult>0</difficult>
    <bndbox>
      <xmin>534</xmin>
      <ymin>260</ymin>
      <xmax>1218</xmax>
      <ymax>550</ymax>
    </bndbox>
  </object>
  <object>
    <type>bndbox</type>
    <name>say</name>
    <pose>Unspecified</pose>
    <truncated>0</truncated>
    <difficult>0</difficult>
    <bndbox>
      <xmin>1292</xmin>
      <ymin>264</ymin>
      <xmax>1770</xmax>
      <ymax>552</ymax>
    </bndbox>
  </object>
  <object>
    <type>bndbox</type>
    <name>we</name>
    <pose>Unspecified</pose>
    <truncated>0</truncated>
    <difficult>0</difficult>
    <bndbox>
      <xmin>178</xmin>
      <ymin>596</ymin>
      <xmax>448</xmax>
      <ymax>820</ymax>
    </bndbox>
  </object>
  <object>
    <type>bndbox</type>
    <name>didnt</name>
    <pose>Unspecified</pose>
    <truncated>0</truncated>
    <difficult>0</difficult>
    <bndbox>
      <xmin>524</xmin>
      <ymin>597</ymin>
      <xmax>1032</xmax>
      <ymax>813</ymax>
    </bndbox>
  </object>
  <object>
    <type>bndbox</type>
    <name>try</name>
    <pose>Unspecified</pose>
    <truncated>0</truncated>
    <difficult>0</difficult>
    <bndbox>
      <xmin>1099</xmin>
      <ymin>601</ymin>
      <xmax>1431</xmax>
      <ymax>820</ymax>
    </bndbox>
  </object>
</annotation>
