<annotation verified="no">
  <folder>Pc4g1-UTDPE</folder>
  <filename>01_frame_00901</filename>
  <path>/home/baba/Desktop/&#39340;&#22580;/annotation/Pc4g1-UTDPE/01_frame_00901.jpg</path>
  <source>
    <database>Unknown</database>
  </source>
  <size>
    <width>1920</width>
    <height>1080</height>
    <depth>3</depth>
  </size>
  <segmented>0</segmented>
  <object>
    <type>bndbox</type>
    <name>whta</name>
    <pose>Unspecified</pose>
    <truncated>0</truncated>
    <difficult>0</difficult>
    <bndbox>
      <xmin>643</xmin>
      <ymin>417</ymin>
      <xmax>903</xmax>
      <ymax>526</ymax>
    </bndbox>
  </object>
  <object>
    <type>bndbox</type>
    <name>are</name>
    <pose>Unspecified</pose>
    <truncated>0</truncated>
    <difficult>0</difficult>
    <bndbox>
      <xmin>932</xmin>
      <ymin>420</ymin>
      <xmax>1102</xmax>
      <ymax>525</ymax>
    </bndbox>
  </object>
  <object>
    <type>bndbox</type>
    <name>we</name>
    <pose>Unspecified</pose>
    <truncated>0</truncated>
    <difficult>0</difficult>
    <bndbox>
      <xmin>1138</xmin>
      <ymin>418</ymin>
      <xmax>1276</xmax>
      <ymax>525</ymax>
    </bndbox>
  </object>
  <object>
    <type>bndbox</type>
    <name>fighting</name>
    <pose>Unspecified</pose>
    <truncated>0</truncated>
    <difficult>0</difficult>
    <bndbox>
      <xmin>660</xmin>
      <ymin>560</ymin>
      <xmax>1062</xmax>
      <ymax>666</ymax>
    </bndbox>
  </object>
  <object>
    <type>bndbox</type>
    <name>for</name>
    <pose>Unspecified</pose>
    <truncated>0</truncated>
    <difficult>0</difficult>
    <bndbox>
      <xmin>1091</xmin>
      <ymin>560</ymin>
      <xmax>1256</xmax>
      <ymax>668</ymax>
    </bndbox>
  </object>
</annotation>
