<annotation verified="no">
  <folder>Pc4g1-UTDPE</folder>
  <filename>06_frame_03691</filename>
  <path>/home/baba/Desktop/&#39340;&#22580;/annotation/Pc4g1-UTDPE/06_frame_03691.jpg</path>
  <source>
    <database>Unknown</database>
  </source>
  <size>
    <width>1920</width>
    <height>1080</height>
    <depth>3</depth>
  </size>
  <segmented>0</segmented>
  <object>
    <type>bndbox</type>
    <name>out</name>
    <pose>Unspecified</pose>
    <truncated>0</truncated>
    <difficult>0</difficult>
    <bndbox>
      <xmin>631</xmin>
      <ymin>238</ymin>
      <xmax>838</xmax>
      <ymax>353</ymax>
    </bndbox>
  </object>
  <object>
    <type>bndbox</type>
    <name>of</name>
    <pose>Unspecified</pose>
    <truncated>0</truncated>
    <difficult>0</difficult>
    <bndbox>
      <xmin>864</xmin>
      <ymin>237</ymin>
      <xmax>994</xmax>
      <ymax>386</ymax>
    </bndbox>
  </object>
  <object>
    <type>bndbox</type>
    <name>time</name>
    <pose>Unspecified</pose>
    <truncated>0</truncated>
    <difficult>0</difficult>
    <bndbox>
      <xmin>1012</xmin>
      <ymin>233</ymin>
      <xmax>1295</xmax>
      <ymax>352</ymax>
    </bndbox>
  </object>
  <object>
    <type>bndbox</type>
    <name>always</name>
    <pose>Unspecified</pose>
    <truncated>0</truncated>
    <difficult>0</difficult>
    <bndbox>
      <xmin>736</xmin>
      <ymin>478</ymin>
      <xmax>1180</xmax>
      <ymax>605</ymax>
    </bndbox>
  </object>
  <object>
    <type>bndbox</type>
    <name>running</name>
    <pose>Unspecified</pose>
    <truncated>0</truncated>
    <difficult>0</difficult>
    <bndbox>
      <xmin>732</xmin>
      <ymin>624</ymin>
      <xmax>1190</xmax>
      <ymax>734</ymax>
    </bndbox>
  </object>
</annotation>
