<annotation verified="no">
  <folder>maT4phfTXR4</folder>
  <filename>04_frame_00217</filename>
  <path>/home/sakaguchi/Downloads/kawakami/maT4phfTXR4/04_frame_00217.jpg</path>
  <source>
    <database>Unknown</database>
  </source>
  <size>
    <width>1920</width>
    <height>1080</height>
    <depth>3</depth>
  </size>
  <segmented>0</segmented>
  <object>
    <type>bndbox</type>
    <name>place</name>
    <pose>Unspecified</pose>
    <truncated>0</truncated>
    <difficult>0</difficult>
    <bndbox>
      <xmin>211</xmin>
      <ymin>718</ymin>
      <xmax>367</xmax>
      <ymax>1079</ymax>
    </bndbox>
  </object>
  <object>
    <type>bndbox</type>
    <name>go</name>
    <pose>Unspecified</pose>
    <truncated>0</truncated>
    <difficult>0</difficult>
    <bndbox>
      <xmin>394</xmin>
      <ymin>731</ymin>
      <xmax>461</xmax>
      <ymax>848</ymax>
    </bndbox>
  </object>
  <object>
    <type>bndbox</type>
    <name>can</name>
    <pose>Unspecified</pose>
    <truncated>0</truncated>
    <difficult>0</difficult>
    <bndbox>
      <xmin>389</xmin>
      <ymin>872</ymin>
      <xmax>448</xmax>
      <ymax>1040</ymax>
    </bndbox>
  </object>
  <object>
    <type>robndbox</type>
    <name>to</name>
    <pose>Unspecified</pose>
    <truncated>0</truncated>
    <difficult>0</difficult>
    <robndbox>
      <cx>291.0606</cx>
      <cy>636.3788</cy>
      <w>172.0</w>
      <h>101.0</h>
      <angle>0.0</angle>
    </robndbox>
  </object>
  <object>
    <type>robndbox</type>
    <name>lay</name>
    <pose>Unspecified</pose>
    <truncated>0</truncated>
    <difficult>0</difficult>
    <robndbox>
      <cx>549.0606</cx>
      <cy>646.8788</cy>
      <w>242.0</w>
      <h>100.0</h>
      <angle>0.04</angle>
    </robndbox>
  </object>
  <object>
    <type>robndbox</type>
    <name>the</name>
    <pose>Unspecified</pose>
    <truncated>0</truncated>
    <difficult>0</difficult>
    <robndbox>
      <cx>835.0606</cx>
      <cy>657.3788</cy>
      <w>248.0</w>
      <h>105.0</h>
      <angle>0.03</angle>
    </robndbox>
  </object>
  <object>
    <type>robndbox</type>
    <name>troubles</name>
    <pose>Unspecified</pose>
    <truncated>0</truncated>
    <difficult>0</difficult>
    <robndbox>
      <cx>1345.9526</cx>
      <cy>671.5675</cy>
      <w>691.5827</w>
      <h>98.1659</h>
      <angle>0.03</angle>
    </robndbox>
  </object>
  <object>
    <type>robndbox</type>
    <name>down</name>
    <pose>Unspecified</pose>
    <truncated>0</truncated>
    <difficult>0</difficult>
    <robndbox>
      <cx>1826.0303</cx>
      <cy>733.0636</cy>
      <w>187.9394</w>
      <h>94.3696</h>
      <angle>0.0</angle>
    </robndbox>
  </object>
</annotation>
