<annotation verified="no">
  <folder>CY8E6N5Nzec</folder>
  <filename>08_frame_00376</filename>
  <path>/home/mitsuo/roLabelImg-master/&#28288;&#23614;/annotation/CY8E6N5Nzec/08_frame_00376.jpg</path>
  <source>
    <database>Unknown</database>
  </source>
  <size>
    <width>1920</width>
    <height>1080</height>
    <depth>3</depth>
  </size>
  <segmented>0</segmented>
  <object>
    <type>bndbox</type>
    <name>were</name>
    <pose>Unspecified</pose>
    <truncated>0</truncated>
    <difficult>0</difficult>
    <bndbox>
      <xmin>514</xmin>
      <ymin>340</ymin>
      <xmax>754</xmax>
      <ymax>424</ymax>
    </bndbox>
  </object>
  <object>
    <type>bndbox</type>
    <name>nothing</name>
    <pose>Unspecified</pose>
    <truncated>0</truncated>
    <difficult>0</difficult>
    <bndbox>
      <xmin>785</xmin>
      <ymin>316</ymin>
      <xmax>1242</xmax>
      <ymax>431</ymax>
    </bndbox>
  </object>
  <object>
    <type>bndbox</type>
    <name>more</name>
    <pose>Unspecified</pose>
    <truncated>0</truncated>
    <difficult>0</difficult>
    <bndbox>
      <xmin>574</xmin>
      <ymin>440</ymin>
      <xmax>851</xmax>
      <ymax>516</ymax>
    </bndbox>
  </object>
  <object>
    <type>bndbox</type>
    <name>than</name>
    <pose>Unspecified</pose>
    <truncated>0</truncated>
    <difficult>0</difficult>
    <bndbox>
      <xmin>886</xmin>
      <ymin>429</ymin>
      <xmax>1181</xmax>
      <ymax>519</ymax>
    </bndbox>
  </object>
  <object>
    <type>bndbox</type>
    <name>friends</name>
    <pose>Unspecified</pose>
    <truncated>0</truncated>
    <difficult>0</difficult>
    <bndbox>
      <xmin>493</xmin>
      <ymin>527</ymin>
      <xmax>1322</xmax>
      <ymax>723</ymax>
    </bndbox>
  </object>
</annotation>
