<annotation verified="no">
  <folder>CY8E6N5Nzec</folder>
  <filename>00_frame_01426</filename>
  <path>/home/mitsuo/roLabelImg-master/&#28288;&#23614;/annotation/CY8E6N5Nzec/00_frame_01426.jpg</path>
  <source>
    <database>Unknown</database>
  </source>
  <size>
    <width>1920</width>
    <height>1080</height>
    <depth>3</depth>
  </size>
  <segmented>0</segmented>
  <object>
    <type>bndbox</type>
    <name>want</name>
    <pose>Unspecified</pose>
    <truncated>0</truncated>
    <difficult>0</difficult>
    <bndbox>
      <xmin>171</xmin>
      <ymin>248</ymin>
      <xmax>702</xmax>
      <ymax>420</ymax>
    </bndbox>
  </object>
  <object>
    <type>bndbox</type>
    <name>me</name>
    <pose>Unspecified</pose>
    <truncated>0</truncated>
    <difficult>0</difficult>
    <bndbox>
      <xmin>814</xmin>
      <ymin>308</ymin>
      <xmax>1045</xmax>
      <ymax>417</ymax>
    </bndbox>
  </object>
  <object>
    <type>bndbox</type>
    <name>to</name>
    <pose>Unspecified</pose>
    <truncated>0</truncated>
    <difficult>0</difficult>
    <bndbox>
      <xmin>1097</xmin>
      <ymin>315</ymin>
      <xmax>1258</xmax>
      <ymax>421</ymax>
    </bndbox>
  </object>
  <object>
    <type>bndbox</type>
    <name>spell</name>
    <pose>Unspecified</pose>
    <truncated>0</truncated>
    <difficult>0</difficult>
    <bndbox>
      <xmin>477</xmin>
      <ymin>481</ymin>
      <xmax>786</xmax>
      <ymax>595</ymax>
    </bndbox>
  </object>
  <object>
    <type>bndbox</type>
    <name>it</name>
    <pose>Unspecified</pose>
    <truncated>0</truncated>
    <difficult>0</difficult>
    <bndbox>
      <xmin>897</xmin>
      <ymin>483</ymin>
      <xmax>1002</xmax>
      <ymax>595</ymax>
    </bndbox>
  </object>
  <object>
    <type>bndbox</type>
    <name>out</name>
    <pose>Unspecified</pose>
    <truncated>0</truncated>
    <difficult>0</difficult>
    <bndbox>
      <xmin>1127</xmin>
      <ymin>521</ymin>
      <xmax>1317</xmax>
      <ymax>607</ymax>
    </bndbox>
  </object>
  <object>
    <type>bndbox</type>
    <name>for</name>
    <pose>Unspecified</pose>
    <truncated>0</truncated>
    <difficult>0</difficult>
    <bndbox>
      <xmin>942</xmin>
      <ymin>681</ymin>
      <xmax>1131</xmax>
      <ymax>780</ymax>
    </bndbox>
  </object>
  <object>
    <type>bndbox</type>
    <name>you</name>
    <pose>Unspecified</pose>
    <truncated>0</truncated>
    <difficult>0</difficult>
    <bndbox>
      <xmin>1189</xmin>
      <ymin>675</ymin>
      <xmax>1351</xmax>
      <ymax>748</ymax>
    </bndbox>
  </object>
</annotation>
