<annotation verified="no">
  <folder>CY8E6N5Nzec</folder>
  <filename>04_frame_02926</filename>
  <path>/home/mitsuo/roLabelImg-master/&#28288;&#23614;/annotation/CY8E6N5Nzec/04_frame_02926.jpg</path>
  <source>
    <database>Unknown</database>
  </source>
  <size>
    <width>1920</width>
    <height>1080</height>
    <depth>3</depth>
  </size>
  <segmented>0</segmented>
  <object>
    <type>bndbox</type>
    <name>me</name>
    <pose>Unspecified</pose>
    <truncated>0</truncated>
    <difficult>0</difficult>
    <bndbox>
      <xmin>686</xmin>
      <ymin>124</ymin>
      <xmax>1094</xmax>
      <ymax>311</ymax>
    </bndbox>
  </object>
  <object>
    <type>bndbox</type>
    <name>to</name>
    <pose>Unspecified</pose>
    <truncated>0</truncated>
    <difficult>0</difficult>
    <bndbox>
      <xmin>1184</xmin>
      <ymin>157</ymin>
      <xmax>1445</xmax>
      <ymax>332</ymax>
    </bndbox>
  </object>
  <object>
    <type>bndbox</type>
    <name>spell</name>
    <pose>Unspecified</pose>
    <truncated>0</truncated>
    <difficult>0</difficult>
    <bndbox>
      <xmin>199</xmin>
      <ymin>448</ymin>
      <xmax>681</xmax>
      <ymax>616</ymax>
    </bndbox>
  </object>
  <object>
    <type>bndbox</type>
    <name>it</name>
    <pose>Unspecified</pose>
    <truncated>0</truncated>
    <difficult>0</difficult>
    <bndbox>
      <xmin>855</xmin>
      <ymin>455</ymin>
      <xmax>1011</xmax>
      <ymax>620</ymax>
    </bndbox>
  </object>
  <object>
    <type>bndbox</type>
    <name>out</name>
    <pose>Unspecified</pose>
    <truncated>0</truncated>
    <difficult>0</difficult>
    <bndbox>
      <xmin>1201</xmin>
      <ymin>516</ymin>
      <xmax>1463</xmax>
      <ymax>636</ymax>
    </bndbox>
  </object>
  <object>
    <type>bndbox</type>
    <name>for</name>
    <pose>Unspecified</pose>
    <truncated>0</truncated>
    <difficult>0</difficult>
    <bndbox>
      <xmin>928</xmin>
      <ymin>733</ymin>
      <xmax>1191</xmax>
      <ymax>868</ymax>
    </bndbox>
  </object>
  <object>
    <type>bndbox</type>
    <name>you</name>
    <pose>Unspecified</pose>
    <truncated>0</truncated>
    <difficult>0</difficult>
    <bndbox>
      <xmin>1266</xmin>
      <ymin>723</ymin>
      <xmax>1493</xmax>
      <ymax>808</ymax>
    </bndbox>
  </object>
</annotation>
