<annotation verified="no">
  <folder>CY8E6N5Nzec</folder>
  <filename>01_frame_03526</filename>
  <path>/home/mitsuo/roLabelImg-master/&#28288;&#23614;/annotation/CY8E6N5Nzec/01_frame_03526.jpg</path>
  <source>
    <database>Unknown</database>
  </source>
  <size>
    <width>1920</width>
    <height>1080</height>
    <depth>3</depth>
  </size>
  <segmented>0</segmented>
  <object>
    <type>bndbox</type>
    <name>friends</name>
    <pose>Unspecified</pose>
    <truncated>0</truncated>
    <difficult>0</difficult>
    <bndbox>
      <xmin>554</xmin>
      <ymin>175</ymin>
      <xmax>1257</xmax>
      <ymax>328</ymax>
    </bndbox>
  </object>
  <object>
    <type>bndbox</type>
    <name>get</name>
    <pose>Unspecified</pose>
    <truncated>0</truncated>
    <difficult>0</difficult>
    <bndbox>
      <xmin>503</xmin>
      <ymin>349</ymin>
      <xmax>705</xmax>
      <ymax>447</ymax>
    </bndbox>
  </object>
  <object>
    <type>bndbox</type>
    <name>that</name>
    <pose>Unspecified</pose>
    <truncated>0</truncated>
    <difficult>0</difficult>
    <bndbox>
      <xmin>749</xmin>
      <ymin>367</ymin>
      <xmax>1013</xmax>
      <ymax>449</ymax>
    </bndbox>
  </object>
  <object>
    <type>bndbox</type>
    <name>shit</name>
    <pose>Unspecified</pose>
    <truncated>0</truncated>
    <difficult>0</difficult>
    <bndbox>
      <xmin>1091</xmin>
      <ymin>340</ymin>
      <xmax>1381</xmax>
      <ymax>444</ymax>
    </bndbox>
  </object>
  <object>
    <type>bndbox</type>
    <name>inside</name>
    <pose>Unspecified</pose>
    <truncated>0</truncated>
    <difficult>0</difficult>
    <bndbox>
      <xmin>603</xmin>
      <ymin>464</ymin>
      <xmax>905</xmax>
      <ymax>560</ymax>
    </bndbox>
  </object>
  <object>
    <type>bndbox</type>
    <name>your</name>
    <pose>Unspecified</pose>
    <truncated>0</truncated>
    <difficult>0</difficult>
    <bndbox>
      <xmin>959</xmin>
      <ymin>491</ymin>
      <xmax>1183</xmax>
      <ymax>555</ymax>
    </bndbox>
  </object>
  <object>
    <type>bndbox</type>
    <name>head</name>
    <pose>Unspecified</pose>
    <truncated>0</truncated>
    <difficult>0</difficult>
    <bndbox>
      <xmin>659</xmin>
      <ymin>587</ymin>
      <xmax>1163</xmax>
      <ymax>743</ymax>
    </bndbox>
  </object>
</annotation>
