<annotation verified="no">
  <folder>CY8E6N5Nzec</folder>
  <filename>07_frame_01051</filename>
  <path>/home/mitsuo/roLabelImg-master/&#28288;&#23614;/annotation/CY8E6N5Nzec/07_frame_01051.jpg</path>
  <source>
    <database>Unknown</database>
  </source>
  <size>
    <width>1920</width>
    <height>1080</height>
    <depth>3</depth>
  </size>
  <segmented>0</segmented>
  <object>
    <type>bndbox</type>
    <name>you</name>
    <pose>Unspecified</pose>
    <truncated>0</truncated>
    <difficult>0</difficult>
    <bndbox>
      <xmin>455</xmin>
      <ymin>205</ymin>
      <xmax>722</xmax>
      <ymax>379</ymax>
    </bndbox>
  </object>
  <object>
    <type>bndbox</type>
    <name>cant</name>
    <pose>Unspecified</pose>
    <truncated>0</truncated>
    <difficult>0</difficult>
    <bndbox>
      <xmin>810</xmin>
      <ymin>256</ymin>
      <xmax>1178</xmax>
      <ymax>377</ymax>
    </bndbox>
  </object>
  <object>
    <type>bndbox</type>
    <name>be</name>
    <pose>Unspecified</pose>
    <truncated>0</truncated>
    <difficult>0</difficult>
    <bndbox>
      <xmin>1277</xmin>
      <ymin>277</ymin>
      <xmax>1443</xmax>
      <ymax>393</ymax>
    </bndbox>
  </object>
  <object>
    <type>bndbox</type>
    <name>reasoned</name>
    <pose>Unspecified</pose>
    <truncated>0</truncated>
    <difficult>0</difficult>
    <bndbox>
      <xmin>490</xmin>
      <ymin>429</ymin>
      <xmax>1106</xmax>
      <ymax>527</ymax>
    </bndbox>
  </object>
  <object>
    <type>bndbox</type>
    <name>with</name>
    <pose>Unspecified</pose>
    <truncated>0</truncated>
    <difficult>0</difficult>
    <bndbox>
      <xmin>1182</xmin>
      <ymin>434</ymin>
      <xmax>1473</xmax>
      <ymax>545</ymax>
    </bndbox>
  </object>
</annotation>
