<annotation verified="no">
  <folder>LKroRc-gZVA</folder>
  <filename>03_frame_02809</filename>
  <path>/home/uchidalab/&#12487;&#12473;&#12463;&#12488;&#12483;&#12503;/&#24029;&#19978; (1)/&#24029;&#19978;/annotation/LKroRc-gZVA/03_frame_02809.jpg</path>
  <source>
    <database>Unknown</database>
  </source>
  <size>
    <width>1920</width>
    <height>1080</height>
    <depth>3</depth>
  </size>
  <segmented>0</segmented>
  <object>
    <type>robndbox</type>
    <name>most</name>
    <pose>Unspecified</pose>
    <truncated>0</truncated>
    <difficult>0</difficult>
    <robndbox>
      <cx>412.0606</cx>
      <cy>207.8788</cy>
      <w>352.0</w>
      <h>112.0</h>
      <angle>0.0</angle>
    </robndbox>
  </object>
  <object>
    <type>robndbox</type>
    <name>of</name>
    <pose>Unspecified</pose>
    <truncated>0</truncated>
    <difficult>0</difficult>
    <robndbox>
      <cx>725.0606</cx>
      <cy>207.3788</cy>
      <w>232.0</w>
      <h>123.0</h>
      <angle>0.0</angle>
    </robndbox>
  </object>
  <object>
    <type>robndbox</type>
    <name>these</name>
    <pose>Unspecified</pose>
    <truncated>0</truncated>
    <difficult>0</difficult>
    <robndbox>
      <cx>1135.0606</cx>
      <cy>227.3788</cy>
      <w>484.0</w>
      <h>153.0</h>
      <angle>0.0</angle>
    </robndbox>
  </object>
  <object>
    <type>robndbox</type>
    <name>dudes</name>
    <pose>Unspecified</pose>
    <truncated>0</truncated>
    <difficult>0</difficult>
    <robndbox>
      <cx>869.498</cx>
      <cy>385.5457</cy>
      <w>691.3256</w>
      <h>204.6893</h>
      <angle>0.03</angle>
    </robndbox>
  </object>
  <object>
    <type>robndbox</type>
    <name>is</name>
    <pose>Unspecified</pose>
    <truncated>0</truncated>
    <difficult>0</difficult>
    <robndbox>
      <cx>401.0606</cx>
      <cy>563.8788</cy>
      <w>116.0</w>
      <h>106.0</h>
      <angle>0.0</angle>
    </robndbox>
  </object>
  <object>
    <type>robndbox</type>
    <name>really</name>
    <pose>Unspecified</pose>
    <truncated>0</truncated>
    <difficult>0</difficult>
    <robndbox>
      <cx>754.0606</cx>
      <cy>565.8788</cy>
      <w>508.0</w>
      <h>128.0</h>
      <angle>0.0</angle>
    </robndbox>
  </object>
  <object>
    <type>robndbox</type>
    <name>quite</name>
    <pose>Unspecified</pose>
    <truncated>0</truncated>
    <difficult>0</difficult>
    <robndbox>
      <cx>1192.3139</cx>
      <cy>591.2043</cy>
      <w>325.7149</w>
      <h>123.7249</h>
      <angle>0.04</angle>
    </robndbox>
  </object>
  <object>
    <type>robndbox</type>
    <name>soft</name>
    <pose>Unspecified</pose>
    <truncated>0</truncated>
    <difficult>0</difficult>
    <robndbox>
      <cx>1311.0606</cx>
      <cy>761.3788</cy>
      <w>576.0</w>
      <h>203.0</h>
      <angle>0.0</angle>
    </robndbox>
  </object>
</annotation>
