<annotation verified="no">
  <folder>LKroRc-gZVA</folder>
  <filename>00_frame_03673</filename>
  <path>/home/uchidalab/&#12487;&#12473;&#12463;&#12488;&#12483;&#12503;/&#24029;&#19978; (1)/&#24029;&#19978;/annotation/LKroRc-gZVA/00_frame_03673.jpg</path>
  <source>
    <database>Unknown</database>
  </source>
  <size>
    <width>1920</width>
    <height>1080</height>
    <depth>3</depth>
  </size>
  <segmented>0</segmented>
  <object>
    <type>bndbox</type>
    <name>is</name>
    <pose>Unspecified</pose>
    <truncated>0</truncated>
    <difficult>0</difficult>
    <bndbox>
      <xmin>900</xmin>
      <ymin>569</ymin>
      <xmax>1015</xmax>
      <ymax>666</ymax>
    </bndbox>
  </object>
  <object>
    <type>robndbox</type>
    <name>he</name>
    <pose>Unspecified</pose>
    <truncated>0</truncated>
    <difficult>0</difficult>
    <robndbox>
      <cx>504.5606</cx>
      <cy>166.3788</cy>
      <w>131.0</w>
      <h>123.0</h>
      <angle>0.0</angle>
    </robndbox>
  </object>
  <object>
    <type>robndbox</type>
    <name>call</name>
    <pose>Unspecified</pose>
    <truncated>0</truncated>
    <difficult>0</difficult>
    <robndbox>
      <cx>775.0606</cx>
      <cy>173.8788</cy>
      <w>356.0</w>
      <h>138.0</h>
      <angle>0.0</angle>
    </robndbox>
  </object>
  <object>
    <type>robndbox</type>
    <name>me</name>
    <pose>Unspecified</pose>
    <truncated>0</truncated>
    <difficult>0</difficult>
    <robndbox>
      <cx>1076.7685</cx>
      <cy>185.9353</cy>
      <w>173.9811</w>
      <h>128.2583</h>
      <angle>3.071593</angle>
    </robndbox>
  </object>
  <object>
    <type>robndbox</type>
    <name>queen</name>
    <pose>Unspecified</pose>
    <truncated>0</truncated>
    <difficult>0</difficult>
    <robndbox>
      <cx>882.5672</cx>
      <cy>357.5563</cy>
      <w>731.0567</w>
      <h>203.3447</h>
      <angle>0.01</angle>
    </robndbox>
  </object>
  <object>
    <type>robndbox</type>
    <name>he</name>
    <pose>Unspecified</pose>
    <truncated>0</truncated>
    <difficult>0</difficult>
    <robndbox>
      <cx>740.3921</cx>
      <cy>488.1244</cy>
      <w>54.7468</w>
      <h>66.8561</h>
      <angle>0.15</angle>
    </robndbox>
  </object>
  <object>
    <type>robndbox</type>
    <name>know</name>
    <pose>Unspecified</pose>
    <truncated>0</truncated>
    <difficult>0</difficult>
    <robndbox>
      <cx>916.416</cx>
      <cy>495.0304</cy>
      <w>236.2864</w>
      <h>79.816</h>
      <angle>0.04</angle>
    </robndbox>
  </object>
  <object>
    <type>robndbox</type>
    <name>nicki</name>
    <pose>Unspecified</pose>
    <truncated>0</truncated>
    <difficult>0</difficult>
    <robndbox>
      <cx>643.5606</cx>
      <cy>618.8788</cy>
      <w>453.0</w>
      <h>166.0</h>
      <angle>0.0</angle>
    </robndbox>
  </object>
  <object>
    <type>robndbox</type>
    <name>the</name>
    <pose>Unspecified</pose>
    <truncated>0</truncated>
    <difficult>0</difficult>
    <robndbox>
      <cx>1133.7905</cx>
      <cy>621.8651</cy>
      <w>193.4102</w>
      <h>86.0429</h>
      <angle>3.131593</angle>
    </robndbox>
  </object>
  <object>
    <type>robndbox</type>
    <name>moniker</name>
    <pose>Unspecified</pose>
    <truncated>0</truncated>
    <difficult>0</difficult>
    <robndbox>
      <cx>1066.0606</cx>
      <cy>773.3788</cy>
      <w>634.0</w>
      <h>133.0</h>
      <angle>0.0</angle>
    </robndbox>
  </object>
</annotation>
