<annotation verified="no">
  <folder>LKroRc-gZVA</folder>
  <filename>06_frame_03313</filename>
  <path>/home/uchidalab/&#12487;&#12473;&#12463;&#12488;&#12483;&#12503;/&#24029;&#19978; (1)/&#24029;&#19978;/annotation/LKroRc-gZVA/06_frame_03313.jpg</path>
  <source>
    <database>Unknown</database>
  </source>
  <size>
    <width>1920</width>
    <height>1080</height>
    <depth>3</depth>
  </size>
  <segmented>0</segmented>
  <object>
    <type>robndbox</type>
    <name>true</name>
    <pose>Unspecified</pose>
    <truncated>0</truncated>
    <difficult>0</difficult>
    <robndbox>
      <cx>481.0606</cx>
      <cy>177.3788</cy>
      <w>316.0</w>
      <h>141.0</h>
      <angle>0.0</angle>
    </robndbox>
  </object>
  <object>
    <type>robndbox</type>
    <name>mi</name>
    <pose>Unspecified</pose>
    <truncated>0</truncated>
    <difficult>0</difficult>
    <robndbox>
      <cx>727.5606</cx>
      <cy>165.3788</cy>
      <w>151.0</w>
      <h>109.0</h>
      <angle>0.0</angle>
    </robndbox>
  </object>
  <object>
    <type>robndbox</type>
    <name>have</name>
    <pose>Unspecified</pose>
    <truncated>0</truncated>
    <difficult>0</difficult>
    <robndbox>
      <cx>1010.0606</cx>
      <cy>188.3788</cy>
      <w>328.0</w>
      <h>151.0</h>
      <angle>0.0</angle>
    </robndbox>
  </object>
  <object>
    <type>robndbox</type>
    <name>di</name>
    <pose>Unspecified</pose>
    <truncated>0</truncated>
    <difficult>0</difficult>
    <robndbox>
      <cx>1297.0606</cx>
      <cy>187.3788</cy>
      <w>164.0</w>
      <h>109.0</h>
      <angle>0.0</angle>
    </robndbox>
  </object>
  <object>
    <type>robndbox</type>
    <name>game</name>
    <pose>Unspecified</pose>
    <truncated>0</truncated>
    <difficult>0</difficult>
    <robndbox>
      <cx>825.0606</cx>
      <cy>409.8788</cy>
      <w>1010.0</w>
      <h>288.0</h>
      <angle>0.0</angle>
    </robndbox>
  </object>
  <object>
    <type>robndbox</type>
    <name>pon</name>
    <pose>Unspecified</pose>
    <truncated>0</truncated>
    <difficult>0</difficult>
    <robndbox>
      <cx>610.8142</cx>
      <cy>681.958</cy>
      <w>399.2318</w>
      <h>197.4086</h>
      <angle>0.2</angle>
    </robndbox>
  </object>
  <object>
    <type>robndbox</type>
    <name>lock</name>
    <pose>Unspecified</pose>
    <truncated>0</truncated>
    <difficult>0</difficult>
    <robndbox>
      <cx>1212.0606</cx>
      <cy>675.3788</cy>
      <w>652.0</w>
      <h>205.0</h>
      <angle>0.0</angle>
    </robndbox>
  </object>
</annotation>
