<annotation verified="no">
  <folder>Rlfp6-rwjUU</folder>
  <filename>00_frame_00577</filename>
  <path>/home/baba/Desktop/&#39340;&#22580;/annotation/Rlfp6-rwjUU/00_frame_00577.jpg</path>
  <source>
    <database>Unknown</database>
  </source>
  <size>
    <width>1920</width>
    <height>1080</height>
    <depth>3</depth>
  </size>
  <segmented>0</segmented>
  <object>
    <type>bndbox</type>
    <name>the</name>
    <pose>Unspecified</pose>
    <truncated>0</truncated>
    <difficult>0</difficult>
    <bndbox>
      <xmin>958</xmin>
      <ymin>574</ymin>
      <xmax>1119</xmax>
      <ymax>626</ymax>
    </bndbox>
  </object>
  <object>
    <type>bndbox</type>
    <name>wind</name>
    <pose>Unspecified</pose>
    <truncated>0</truncated>
    <difficult>0</difficult>
    <bndbox>
      <xmin>1171</xmin>
      <ymin>574</ymin>
      <xmax>1419</xmax>
      <ymax>629</ymax>
    </bndbox>
  </object>
  <object>
    <type>bndbox</type>
    <name>keeps</name>
    <pose>Unspecified</pose>
    <truncated>0</truncated>
    <difficult>0</difficult>
    <bndbox>
      <xmin>874</xmin>
      <ymin>658</ymin>
      <xmax>1146</xmax>
      <ymax>713</ymax>
    </bndbox>
  </object>
  <object>
    <type>bndbox</type>
    <name>taking</name>
    <pose>Unspecified</pose>
    <truncated>0</truncated>
    <difficult>0</difficult>
    <bndbox>
      <xmin>1202</xmin>
      <ymin>658</ymin>
      <xmax>1556</xmax>
      <ymax>714</ymax>
    </bndbox>
  </object>
  <object>
    <type>bndbox</type>
    <name>me</name>
    <pose>Unspecified</pose>
    <truncated>0</truncated>
    <difficult>0</difficult>
    <bndbox>
      <xmin>1608</xmin>
      <ymin>660</ymin>
      <xmax>1724</xmax>
      <ymax>710</ymax>
    </bndbox>
  </object>
  <object>
    <type>bndbox</type>
    <name>one</name>
    <pose>Unspecified</pose>
    <truncated>0</truncated>
    <difficult>0</difficult>
    <bndbox>
      <xmin>1384</xmin>
      <ymin>734</ymin>
      <xmax>1564</xmax>
      <ymax>788</ymax>
    </bndbox>
  </object>
  <object>
    <type>bndbox</type>
    <name>way</name>
    <pose>Unspecified</pose>
    <truncated>0</truncated>
    <difficult>0</difficult>
    <bndbox>
      <xmin>1615</xmin>
      <ymin>733</ymin>
      <xmax>1802</xmax>
      <ymax>788</ymax>
    </bndbox>
  </object>
</annotation>
