<annotation verified="no">
  <folder>Rlfp6-rwjUU</folder>
  <filename>09_frame_03817</filename>
  <path>/home/baba/Desktop/&#39340;&#22580;/annotation/Rlfp6-rwjUU/09_frame_03817.jpg</path>
  <source>
    <database>Unknown</database>
  </source>
  <size>
    <width>1920</width>
    <height>1080</height>
    <depth>3</depth>
  </size>
  <segmented>0</segmented>
  <object>
    <type>bndbox</type>
    <name>hands</name>
    <pose>Unspecified</pose>
    <truncated>0</truncated>
    <difficult>0</difficult>
    <bndbox>
      <xmin>767</xmin>
      <ymin>648</ymin>
      <xmax>1078</xmax>
      <ymax>697</ymax>
    </bndbox>
  </object>
  <object>
    <type>bndbox</type>
    <name>up</name>
    <pose>Unspecified</pose>
    <truncated>0</truncated>
    <difficult>0</difficult>
    <bndbox>
      <xmin>1130</xmin>
      <ymin>646</ymin>
      <xmax>1234</xmax>
      <ymax>696</ymax>
    </bndbox>
  </object>
  <object>
    <type>bndbox</type>
    <name>in</name>
    <pose>Unspecified</pose>
    <truncated>0</truncated>
    <difficult>0</difficult>
    <bndbox>
      <xmin>703</xmin>
      <ymin>726</ymin>
      <xmax>790</xmax>
      <ymax>774</ymax>
    </bndbox>
  </object>
  <object>
    <type>bndbox</type>
    <name>the</name>
    <pose>Unspecified</pose>
    <truncated>0</truncated>
    <difficult>0</difficult>
    <bndbox>
      <xmin>840</xmin>
      <ymin>725</ymin>
      <xmax>999</xmax>
      <ymax>774</ymax>
    </bndbox>
  </object>
  <object>
    <type>bndbox</type>
    <name>air</name>
    <pose>Unspecified</pose>
    <truncated>0</truncated>
    <difficult>0</difficult>
    <bndbox>
      <xmin>1050</xmin>
      <ymin>726</ymin>
      <xmax>1199</xmax>
      <ymax>778</ymax>
    </bndbox>
  </object>
</annotation>
