<annotation verified="no">
  <folder>Rlfp6-rwjUU</folder>
  <filename>04_frame_02737</filename>
  <path>/home/baba/Desktop/&#39340;&#22580;/annotation/Rlfp6-rwjUU/04_frame_02737.jpg</path>
  <source>
    <database>Unknown</database>
  </source>
  <size>
    <width>1920</width>
    <height>1080</height>
    <depth>3</depth>
  </size>
  <segmented>0</segmented>
  <object>
    <type>bndbox</type>
    <name>but</name>
    <pose>Unspecified</pose>
    <truncated>0</truncated>
    <difficult>0</difficult>
    <bndbox>
      <xmin>867</xmin>
      <ymin>576</ymin>
      <xmax>1031</xmax>
      <ymax>629</ymax>
    </bndbox>
  </object>
  <object>
    <type>bndbox</type>
    <name>i</name>
    <pose>Unspecified</pose>
    <truncated>0</truncated>
    <difficult>0</difficult>
    <bndbox>
      <xmin>1082</xmin>
      <ymin>574</ymin>
      <xmax>1099</xmax>
      <ymax>629</ymax>
    </bndbox>
  </object>
  <object>
    <type>bndbox</type>
    <name>dont</name>
    <pose>Unspecified</pose>
    <truncated>0</truncated>
    <difficult>0</difficult>
    <bndbox>
      <xmin>1150</xmin>
      <ymin>576</ymin>
      <xmax>1418</xmax>
      <ymax>632</ymax>
    </bndbox>
  </object>
  <object>
    <type>bndbox</type>
    <name>want</name>
    <pose>Unspecified</pose>
    <truncated>0</truncated>
    <difficult>0</difficult>
    <bndbox>
      <xmin>855</xmin>
      <ymin>654</ymin>
      <xmax>1111</xmax>
      <ymax>710</ymax>
    </bndbox>
  </object>
  <object>
    <type>bndbox</type>
    <name>to</name>
    <pose>Unspecified</pose>
    <truncated>0</truncated>
    <difficult>0</difficult>
    <bndbox>
      <xmin>1156</xmin>
      <ymin>656</ymin>
      <xmax>1266</xmax>
      <ymax>712</ymax>
    </bndbox>
  </object>
  <object>
    <type>bndbox</type>
    <name>sacrifice</name>
    <pose>Unspecified</pose>
    <truncated>0</truncated>
    <difficult>0</difficult>
    <bndbox>
      <xmin>1314</xmin>
      <ymin>657</ymin>
      <xmax>1775</xmax>
      <ymax>710</ymax>
    </bndbox>
  </object>
</annotation>
