<annotation verified="no">
  <folder>Rlfp6-rwjUU</folder>
  <filename>03_frame_02449</filename>
  <path>/home/baba/Desktop/&#39340;&#22580;/annotation/Rlfp6-rwjUU/03_frame_02449.jpg</path>
  <source>
    <database>Unknown</database>
  </source>
  <size>
    <width>1920</width>
    <height>1080</height>
    <depth>3</depth>
  </size>
  <segmented>0</segmented>
  <object>
    <type>bndbox</type>
    <name>its</name>
    <pose>Unspecified</pose>
    <truncated>0</truncated>
    <difficult>0</difficult>
    <bndbox>
      <xmin>387</xmin>
      <ymin>628</ymin>
      <xmax>546</xmax>
      <ymax>680</ymax>
    </bndbox>
  </object>
  <object>
    <type>bndbox</type>
    <name>a</name>
    <pose>Unspecified</pose>
    <truncated>0</truncated>
    <difficult>0</difficult>
    <bndbox>
      <xmin>596</xmin>
      <ymin>629</ymin>
      <xmax>648</xmax>
      <ymax>681</ymax>
    </bndbox>
  </object>
  <object>
    <type>bndbox</type>
    <name>part</name>
    <pose>Unspecified</pose>
    <truncated>0</truncated>
    <difficult>0</difficult>
    <bndbox>
      <xmin>702</xmin>
      <ymin>628</ymin>
      <xmax>916</xmax>
      <ymax>678</ymax>
    </bndbox>
  </object>
  <object>
    <type>bndbox</type>
    <name>of</name>
    <pose>Unspecified</pose>
    <truncated>0</truncated>
    <difficult>0</difficult>
    <bndbox>
      <xmin>967</xmin>
      <ymin>628</ymin>
      <xmax>1072</xmax>
      <ymax>678</ymax>
    </bndbox>
  </object>
  <object>
    <type>bndbox</type>
    <name>the</name>
    <pose>Unspecified</pose>
    <truncated>0</truncated>
    <difficult>0</difficult>
    <bndbox>
      <xmin>1119</xmin>
      <ymin>629</ymin>
      <xmax>1275</xmax>
      <ymax>678</ymax>
    </bndbox>
  </object>
  <object>
    <type>bndbox</type>
    <name>plan</name>
    <pose>Unspecified</pose>
    <truncated>0</truncated>
    <difficult>0</difficult>
    <bndbox>
      <xmin>1331</xmin>
      <ymin>629</ymin>
      <xmax>1562</xmax>
      <ymax>680</ymax>
    </bndbox>
  </object>
</annotation>
