<annotation verified="no">
  <folder>Rlfp6-rwjUU</folder>
  <filename>07_frame_02809</filename>
  <path>/home/baba/Desktop/&#39340;&#22580;/annotation/Rlfp6-rwjUU/07_frame_02809.jpg</path>
  <source>
    <database>Unknown</database>
  </source>
  <size>
    <width>1920</width>
    <height>1080</height>
    <depth>3</depth>
  </size>
  <segmented>0</segmented>
  <object>
    <type>bndbox</type>
    <name>the</name>
    <pose>Unspecified</pose>
    <truncated>0</truncated>
    <difficult>0</difficult>
    <bndbox>
      <xmin>775</xmin>
      <ymin>673</ymin>
      <xmax>928</xmax>
      <ymax>725</ymax>
    </bndbox>
  </object>
  <object>
    <type>bndbox</type>
    <name>little</name>
    <pose>Unspecified</pose>
    <truncated>0</truncated>
    <difficult>0</difficult>
    <bndbox>
      <xmin>987</xmin>
      <ymin>673</ymin>
      <xmax>1267</xmax>
      <ymax>726</ymax>
    </bndbox>
  </object>
  <object>
    <type>bndbox</type>
    <name>things</name>
    <pose>Unspecified</pose>
    <truncated>0</truncated>
    <difficult>0</difficult>
    <bndbox>
      <xmin>1318</xmin>
      <ymin>674</ymin>
      <xmax>1652</xmax>
      <ymax>726</ymax>
    </bndbox>
  </object>
  <object>
    <type>bndbox</type>
    <name>that</name>
    <pose>Unspecified</pose>
    <truncated>0</truncated>
    <difficult>0</difficult>
    <bndbox>
      <xmin>1055</xmin>
      <ymin>748</ymin>
      <xmax>1275</xmax>
      <ymax>800</ymax>
    </bndbox>
  </object>
  <object>
    <type>bndbox</type>
    <name>make</name>
    <pose>Unspecified</pose>
    <truncated>0</truncated>
    <difficult>0</difficult>
    <bndbox>
      <xmin>1327</xmin>
      <ymin>749</ymin>
      <xmax>1575</xmax>
      <ymax>802</ymax>
    </bndbox>
  </object>
</annotation>
