<annotation verified="no">
  <folder>iKzRIweSBLA</folder>
  <filename>02_frame_03301</filename>
  <path>/home/mitsuo/roLabelImg-master/&#28288;&#23614;/annotation/iKzRIweSBLA/02_frame_03301.jpg</path>
  <source>
    <database>Unknown</database>
  </source>
  <size>
    <width>1920</width>
    <height>1080</height>
    <depth>3</depth>
  </size>
  <segmented>0</segmented>
  <object>
    <type>bndbox</type>
    <name>we</name>
    <pose>Unspecified</pose>
    <truncated>1</truncated>
    <difficult>0</difficult>
    <bndbox>
      <xmin>1105</xmin>
      <ymin>1</ymin>
      <xmax>1354</xmax>
      <ymax>141</ymax>
    </bndbox>
  </object>
  <object>
    <type>bndbox</type>
    <name>are</name>
    <pose>Unspecified</pose>
    <truncated>0</truncated>
    <difficult>0</difficult>
    <bndbox>
      <xmin>1073</xmin>
      <ymin>156</ymin>
      <xmax>1394</xmax>
      <ymax>297</ymax>
    </bndbox>
  </object>
  <object>
    <type>bndbox</type>
    <name>still</name>
    <pose>Unspecified</pose>
    <truncated>0</truncated>
    <difficult>0</difficult>
    <bndbox>
      <xmin>1558</xmin>
      <ymin>97</ymin>
      <xmax>1795</xmax>
      <ymax>211</ymax>
    </bndbox>
  </object>
  <object>
    <type>bndbox</type>
    <name>kids</name>
    <pose>Unspecified</pose>
    <truncated>0</truncated>
    <difficult>0</difficult>
    <bndbox>
      <xmin>1339</xmin>
      <ymin>616</ymin>
      <xmax>1753</xmax>
      <ymax>771</ymax>
    </bndbox>
  </object>
  <object>
    <type>bndbox</type>
    <name>of</name>
    <pose>Unspecified</pose>
    <truncated>0</truncated>
    <difficult>0</difficult>
    <bndbox>
      <xmin>399</xmin>
      <ymin>212</ymin>
      <xmax>619</xmax>
      <ymax>399</ymax>
    </bndbox>
  </object>
  <object>
    <type>bndbox</type>
    <name>our</name>
    <pose>Unspecified</pose>
    <truncated>0</truncated>
    <difficult>0</difficult>
    <bndbox>
      <xmin>583</xmin>
      <ymin>348</ymin>
      <xmax>921</xmax>
      <ymax>495</ymax>
    </bndbox>
  </object>
  <object>
    <type>bndbox</type>
    <name>own</name>
    <pose>Unspecified</pose>
    <truncated>0</truncated>
    <difficult>0</difficult>
    <bndbox>
      <xmin>271</xmin>
      <ymin>792</ymin>
      <xmax>693</xmax>
      <ymax>1044</ymax>
    </bndbox>
  </object>
</annotation>
