<annotation verified="no">
  <folder>iKzRIweSBLA</folder>
  <filename>07_frame_00751</filename>
  <path>/home/mitsuo/roLabelImg-master/&#28288;&#23614;/annotation/iKzRIweSBLA/07_frame_00751.jpg</path>
  <source>
    <database>Unknown</database>
  </source>
  <size>
    <width>1920</width>
    <height>1080</height>
    <depth>3</depth>
  </size>
  <segmented>0</segmented>
  <object>
    <type>bndbox</type>
    <name>you</name>
    <pose>Unspecified</pose>
    <truncated>0</truncated>
    <difficult>0</difficult>
    <bndbox>
      <xmin>1010</xmin>
      <ymin>24</ymin>
      <xmax>1298</xmax>
      <ymax>281</ymax>
    </bndbox>
  </object>
  <object>
    <type>bndbox</type>
    <name>were</name>
    <pose>Unspecified</pose>
    <truncated>0</truncated>
    <difficult>0</difficult>
    <bndbox>
      <xmin>993</xmin>
      <ymin>297</ymin>
      <xmax>1353</xmax>
      <ymax>540</ymax>
    </bndbox>
  </object>
  <object>
    <type>bndbox</type>
    <name>the</name>
    <pose>Unspecified</pose>
    <truncated>0</truncated>
    <difficult>0</difficult>
    <bndbox>
      <xmin>166</xmin>
      <ymin>319</ymin>
      <xmax>522</xmax>
      <ymax>531</ymax>
    </bndbox>
  </object>
  <object>
    <type>bndbox</type>
    <name>someone</name>
    <pose>Unspecified</pose>
    <truncated>0</truncated>
    <difficult>0</difficult>
    <bndbox>
      <xmin>155</xmin>
      <ymin>556</ymin>
      <xmax>521</xmax>
      <ymax>731</ymax>
    </bndbox>
  </object>
  <object>
    <type>bndbox</type>
    <name>waiting</name>
    <pose>Unspecified</pose>
    <truncated>1</truncated>
    <difficult>0</difficult>
    <bndbox>
      <xmin>1603</xmin>
      <ymin>20</ymin>
      <xmax>1920</xmax>
      <ymax>94</ymax>
    </bndbox>
  </object>
  <object>
    <type>bndbox</type>
    <name>for</name>
    <pose>Unspecified</pose>
    <truncated>1</truncated>
    <difficult>0</difficult>
    <bndbox>
      <xmin>1622</xmin>
      <ymin>141</ymin>
      <xmax>1920</xmax>
      <ymax>432</ymax>
    </bndbox>
  </object>
</annotation>
