<annotation verified="no">
  <folder>iKzRIweSBLA</folder>
  <filename>01_frame_01876</filename>
  <path>/home/mitsuo/roLabelImg-master/&#28288;&#23614;/annotation/iKzRIweSBLA/01_frame_01876.jpg</path>
  <source>
    <database>Unknown</database>
  </source>
  <size>
    <width>1920</width>
    <height>1080</height>
    <depth>3</depth>
  </size>
  <segmented>0</segmented>
  <object>
    <type>robndbox</type>
    <name>with</name>
    <pose>Unspecified</pose>
    <truncated>0</truncated>
    <difficult>0</difficult>
    <robndbox>
      <cx>571.0</cx>
      <cy>393.5</cy>
      <w>567.4813</w>
      <h>138.0072</h>
      <angle>0.23</angle>
    </robndbox>
  </object>
  <object>
    <type>robndbox</type>
    <name>you</name>
    <pose>Unspecified</pose>
    <truncated>0</truncated>
    <difficult>0</difficult>
    <robndbox>
      <cx>533.1008</cx>
      <cy>558.2397</cy>
      <w>573.5203</w>
      <h>134.3077</h>
      <angle>0.23</angle>
    </robndbox>
  </object>
  <object>
    <type>robndbox</type>
    <name>between</name>
    <pose>Unspecified</pose>
    <truncated>0</truncated>
    <difficult>0</difficult>
    <robndbox>
      <cx>491.8248</cx>
      <cy>705.1013</cy>
      <w>566.4931</w>
      <h>93.1014</h>
      <angle>0.23</angle>
    </robndbox>
  </object>
  <object>
    <type>robndbox</type>
    <name>my</name>
    <pose>Unspecified</pose>
    <truncated>0</truncated>
    <difficult>0</difficult>
    <robndbox>
      <cx>278.1449</cx>
      <cy>795.5781</cy>
      <w>188.1746</w>
      <h>98.6537</h>
      <angle>0.23</angle>
    </robndbox>
  </object>
  <object>
    <type>robndbox</type>
    <name>arms</name>
    <pose>Unspecified</pose>
    <truncated>0</truncated>
    <difficult>0</difficult>
    <robndbox>
      <cx>553.908</cx>
      <cy>862.1037</cy>
      <w>385.2612</w>
      <h>101.1132</h>
      <angle>0.24</angle>
    </robndbox>
  </object>
  <object>
    <type>robndbox</type>
    <name>barefoot</name>
    <pose>Unspecified</pose>
    <truncated>0</truncated>
    <difficult>0</difficult>
    <robndbox>
      <cx>1329.6219</cx>
      <cy>222.7011</cy>
      <w>595.2024</w>
      <h>214.2969</h>
      <angle>3.071593</angle>
    </robndbox>
  </object>
  <object>
    <type>robndbox</type>
    <name>on</name>
    <pose>Unspecified</pose>
    <truncated>0</truncated>
    <difficult>0</difficult>
    <robndbox>
      <cx>1076.2716</cx>
      <cy>591.1682</cy>
      <w>122.8735</w>
      <h>174.4019</h>
      <angle>3.061593</angle>
    </robndbox>
  </object>
  <object>
    <type>robndbox</type>
    <name>the</name>
    <pose>Unspecified</pose>
    <truncated>0</truncated>
    <difficult>0</difficult>
    <robndbox>
      <cx>1268.1245</cx>
      <cy>572.0618</cy>
      <w>169.9643</w>
      <h>164.8208</h>
      <angle>3.061593</angle>
    </robndbox>
  </object>
  <object>
    <type>robndbox</type>
    <name>grass</name>
    <pose>Unspecified</pose>
    <truncated>0</truncated>
    <difficult>0</difficult>
    <robndbox>
      <cx>1543.7047</cx>
      <cy>549.8515</cy>
      <w>272.5899</w>
      <h>178.2721</h>
      <angle>3.081593</angle>
    </robndbox>
  </object>
</annotation>
