<annotation verified="no">
  <folder>iKzRIweSBLA</folder>
  <filename>09_frame_01126</filename>
  <path>/home/mitsuo/roLabelImg-master/&#28288;&#23614;/annotation/iKzRIweSBLA/09_frame_01126.jpg</path>
  <source>
    <database>Unknown</database>
  </source>
  <size>
    <width>1920</width>
    <height>1080</height>
    <depth>3</depth>
  </size>
  <segmented>0</segmented>
  <object>
    <type>bndbox</type>
    <name>i</name>
    <pose>Unspecified</pose>
    <truncated>0</truncated>
    <difficult>0</difficult>
    <bndbox>
      <xmin>196</xmin>
      <ymin>339</ymin>
      <xmax>250</xmax>
      <ymax>476</ymax>
    </bndbox>
  </object>
  <object>
    <type>bndbox</type>
    <name>will</name>
    <pose>Unspecified</pose>
    <truncated>0</truncated>
    <difficult>0</difficult>
    <bndbox>
      <xmin>276</xmin>
      <ymin>309</ymin>
      <xmax>567</xmax>
      <ymax>469</ymax>
    </bndbox>
  </object>
  <object>
    <type>bndbox</type>
    <name>not</name>
    <pose>Unspecified</pose>
    <truncated>0</truncated>
    <difficult>0</difficult>
    <bndbox>
      <xmin>162</xmin>
      <ymin>489</ymin>
      <xmax>362</xmax>
      <ymax>627</ymax>
    </bndbox>
  </object>
  <object>
    <type>bndbox</type>
    <name>up</name>
    <pose>Unspecified</pose>
    <truncated>0</truncated>
    <difficult>0</difficult>
    <bndbox>
      <xmin>419</xmin>
      <ymin>615</ymin>
      <xmax>543</xmax>
      <ymax>707</ymax>
    </bndbox>
  </object>
  <object>
    <type>robndbox</type>
    <name>give</name>
    <pose>Unspecified</pose>
    <truncated>0</truncated>
    <difficult>0</difficult>
    <robndbox>
      <cx>498.1658</cx>
      <cy>550.3716</cy>
      <w>238.1193</w>
      <h>107.5664</h>
      <angle>3.041593</angle>
    </robndbox>
  </object>
  <object>
    <type>robndbox</type>
    <name>you</name>
    <pose>Unspecified</pose>
    <truncated>0</truncated>
    <difficult>0</difficult>
    <robndbox>
      <cx>298.0</cx>
      <cy>708.5</cy>
      <w>229.5619</w>
      <h>115.6994</h>
      <angle>2.941593</angle>
    </robndbox>
  </object>
  <object>
    <type>robndbox</type>
    <name>this</name>
    <pose>Unspecified</pose>
    <truncated>0</truncated>
    <difficult>0</difficult>
    <robndbox>
      <cx>403.4043</cx>
      <cy>783.7521</cy>
      <w>256.8153</w>
      <h>136.8181</h>
      <angle>3.041593</angle>
    </robndbox>
  </object>
</annotation>
