<annotation verified="no">
  <folder>iKzRIweSBLA</folder>
  <filename>06_frame_01801</filename>
  <path>/home/mitsuo/roLabelImg-master/&#28288;&#23614;/annotation/iKzRIweSBLA/06_frame_01801.jpg</path>
  <source>
    <database>Unknown</database>
  </source>
  <size>
    <width>1920</width>
    <height>1080</height>
    <depth>3</depth>
  </size>
  <segmented>0</segmented>
  <object>
    <type>bndbox</type>
    <name>dancing</name>
    <pose>Unspecified</pose>
    <truncated>0</truncated>
    <difficult>0</difficult>
    <bndbox>
      <xmin>153</xmin>
      <ymin>393</ymin>
      <xmax>454</xmax>
      <ymax>471</ymax>
    </bndbox>
  </object>
  <object>
    <type>bndbox</type>
    <name>in</name>
    <pose>Unspecified</pose>
    <truncated>0</truncated>
    <difficult>0</difficult>
    <bndbox>
      <xmin>253</xmin>
      <ymin>491</ymin>
      <xmax>289</xmax>
      <ymax>529</ymax>
    </bndbox>
  </object>
  <object>
    <type>bndbox</type>
    <name>the</name>
    <pose>Unspecified</pose>
    <truncated>0</truncated>
    <difficult>0</difficult>
    <bndbox>
      <xmin>299</xmin>
      <ymin>489</ymin>
      <xmax>367</xmax>
      <ymax>525</ymax>
    </bndbox>
  </object>
  <object>
    <type>bndbox</type>
    <name>dark</name>
    <pose>Unspecified</pose>
    <truncated>0</truncated>
    <difficult>0</difficult>
    <bndbox>
      <xmin>191</xmin>
      <ymin>551</ymin>
      <xmax>430</xmax>
      <ymax>643</ymax>
    </bndbox>
  </object>
  <object>
    <type>robndbox</type>
    <name>with</name>
    <pose>Unspecified</pose>
    <truncated>0</truncated>
    <difficult>0</difficult>
    <robndbox>
      <cx>1148.8691</cx>
      <cy>401.1533</cy>
      <w>563.67</w>
      <h>135.5649</h>
      <angle>0.24</angle>
    </robndbox>
  </object>
  <object>
    <type>robndbox</type>
    <name>you</name>
    <pose>Unspecified</pose>
    <truncated>0</truncated>
    <difficult>0</difficult>
    <robndbox>
      <cx>1108.6667</cx>
      <cy>564.7279</cy>
      <w>563.6627</w>
      <h>135.2979</h>
      <angle>0.25</angle>
    </robndbox>
  </object>
  <object>
    <type>robndbox</type>
    <name>between</name>
    <pose>Unspecified</pose>
    <truncated>0</truncated>
    <difficult>0</difficult>
    <robndbox>
      <cx>1069.9067</cx>
      <cy>709.7571</cy>
      <w>568.8311</w>
      <h>100.8911</h>
      <angle>0.25</angle>
    </robndbox>
  </object>
  <object>
    <type>robndbox</type>
    <name>my</name>
    <pose>Unspecified</pose>
    <truncated>0</truncated>
    <difficult>0</difficult>
    <robndbox>
      <cx>850.2635</cx>
      <cy>798.2182</cy>
      <w>183.4176</w>
      <h>102.3483</h>
      <angle>0.27</angle>
    </robndbox>
  </object>
  <object>
    <type>robndbox</type>
    <name>arms</name>
    <pose>Unspecified</pose>
    <truncated>0</truncated>
    <difficult>0</difficult>
    <robndbox>
      <cx>1123.9097</cx>
      <cy>868.4833</cy>
      <w>380.2898</w>
      <h>106.2512</h>
      <angle>0.25</angle>
    </robndbox>
  </object>
</annotation>
