<annotation verified="no">
  <folder>iKzRIweSBLA</folder>
  <filename>05_frame_05851</filename>
  <path>/home/mitsuo/roLabelImg-master/&#28288;&#23614;/annotation/iKzRIweSBLA/05_frame_05851.jpg</path>
  <source>
    <database>Unknown</database>
  </source>
  <size>
    <width>1920</width>
    <height>1080</height>
    <depth>3</depth>
  </size>
  <segmented>0</segmented>
  <object>
    <type>bndbox</type>
    <name>now</name>
    <pose>Unspecified</pose>
    <truncated>0</truncated>
    <difficult>0</difficult>
    <bndbox>
      <xmin>461</xmin>
      <ymin>467</ymin>
      <xmax>646</xmax>
      <ymax>553</ymax>
    </bndbox>
  </object>
  <object>
    <type>bndbox</type>
    <name>i</name>
    <pose>Unspecified</pose>
    <truncated>0</truncated>
    <difficult>0</difficult>
    <bndbox>
      <xmin>697</xmin>
      <ymin>461</ymin>
      <xmax>729</xmax>
      <ymax>556</ymax>
    </bndbox>
  </object>
  <object>
    <type>bndbox</type>
    <name>know</name>
    <pose>Unspecified</pose>
    <truncated>0</truncated>
    <difficult>0</difficult>
    <bndbox>
      <xmin>755</xmin>
      <ymin>461</ymin>
      <xmax>958</xmax>
      <ymax>549</ymax>
    </bndbox>
  </object>
  <object>
    <type>bndbox</type>
    <name>i</name>
    <pose>Unspecified</pose>
    <truncated>0</truncated>
    <difficult>0</difficult>
    <bndbox>
      <xmin>1022</xmin>
      <ymin>459</ymin>
      <xmax>1058</xmax>
      <ymax>549</ymax>
    </bndbox>
  </object>
  <object>
    <type>bndbox</type>
    <name>have</name>
    <pose>Unspecified</pose>
    <truncated>0</truncated>
    <difficult>0</difficult>
    <bndbox>
      <xmin>1079</xmin>
      <ymin>459</ymin>
      <xmax>1273</xmax>
      <ymax>553</ymax>
    </bndbox>
  </object>
  <object>
    <type>bndbox</type>
    <name>met</name>
    <pose>Unspecified</pose>
    <truncated>0</truncated>
    <difficult>0</difficult>
    <bndbox>
      <xmin>1303</xmin>
      <ymin>473</ymin>
      <xmax>1469</xmax>
      <ymax>557</ymax>
    </bndbox>
  </object>
  <object>
    <type>bndbox</type>
    <name>an</name>
    <pose>Unspecified</pose>
    <truncated>0</truncated>
    <difficult>0</difficult>
    <bndbox>
      <xmin>587</xmin>
      <ymin>604</ymin>
      <xmax>691</xmax>
      <ymax>664</ymax>
    </bndbox>
  </object>
  <object>
    <type>bndbox</type>
    <name>angel</name>
    <pose>Unspecified</pose>
    <truncated>0</truncated>
    <difficult>0</difficult>
    <bndbox>
      <xmin>729</xmin>
      <ymin>567</ymin>
      <xmax>962</xmax>
      <ymax>707</ymax>
    </bndbox>
  </object>
  <object>
    <type>bndbox</type>
    <name>in</name>
    <pose>Unspecified</pose>
    <truncated>0</truncated>
    <difficult>0</difficult>
    <bndbox>
      <xmin>986</xmin>
      <ymin>572</ymin>
      <xmax>1066</xmax>
      <ymax>668</ymax>
    </bndbox>
  </object>
  <object>
    <type>bndbox</type>
    <name>person</name>
    <pose>Unspecified</pose>
    <truncated>0</truncated>
    <difficult>0</difficult>
    <bndbox>
      <xmin>1083</xmin>
      <ymin>604</ymin>
      <xmax>1343</xmax>
      <ymax>688</ymax>
    </bndbox>
  </object>
</annotation>
