<annotation verified="no">
  <folder>iKzRIweSBLA</folder>
  <filename>04_frame_01351</filename>
  <path>/home/mitsuo/roLabelImg-master/&#28288;&#23614;/annotation/iKzRIweSBLA/04_frame_01351.jpg</path>
  <source>
    <database>Unknown</database>
  </source>
  <size>
    <width>1920</width>
    <height>1080</height>
    <depth>3</depth>
  </size>
  <segmented>0</segmented>
  <object>
    <type>bndbox</type>
    <name>but</name>
    <pose>Unspecified</pose>
    <truncated>0</truncated>
    <difficult>0</difficult>
    <bndbox>
      <xmin>78</xmin>
      <ymin>41</ymin>
      <xmax>678</xmax>
      <ymax>352</ymax>
    </bndbox>
  </object>
  <object>
    <type>bndbox</type>
    <name>darling</name>
    <pose>Unspecified</pose>
    <truncated>0</truncated>
    <difficult>0</difficult>
    <bndbox>
      <xmin>70</xmin>
      <ymin>348</ymin>
      <xmax>633</xmax>
      <ymax>461</ymax>
    </bndbox>
  </object>
  <object>
    <type>bndbox</type>
    <name>just</name>
    <pose>Unspecified</pose>
    <truncated>0</truncated>
    <difficult>0</difficult>
    <bndbox>
      <xmin>35</xmin>
      <ymin>493</ymin>
      <xmax>635</xmax>
      <ymax>711</ymax>
    </bndbox>
  </object>
  <object>
    <type>bndbox</type>
    <name>me</name>
    <pose>Unspecified</pose>
    <truncated>0</truncated>
    <difficult>0</difficult>
    <bndbox>
      <xmin>413</xmin>
      <ymin>733</ymin>
      <xmax>673</xmax>
      <ymax>980</ymax>
    </bndbox>
  </object>
  <object>
    <type>bndbox</type>
    <name>slow</name>
    <pose>Unspecified</pose>
    <truncated>0</truncated>
    <difficult>0</difficult>
    <bndbox>
      <xmin>1239</xmin>
      <ymin>45</ymin>
      <xmax>1859</xmax>
      <ymax>227</ymax>
    </bndbox>
  </object>
  <object>
    <type>bndbox</type>
    <name>your</name>
    <pose>Unspecified</pose>
    <truncated>0</truncated>
    <difficult>0</difficult>
    <bndbox>
      <xmin>1249</xmin>
      <ymin>233</ymin>
      <xmax>1850</xmax>
      <ymax>413</ymax>
    </bndbox>
  </object>
  <object>
    <type>bndbox</type>
    <name>all</name>
    <pose>Unspecified</pose>
    <truncated>0</truncated>
    <difficult>0</difficult>
    <bndbox>
      <xmin>1505</xmin>
      <ymin>660</ymin>
      <xmax>1874</xmax>
      <ymax>829</ymax>
    </bndbox>
  </object>
  <object>
    <type>robndbox</type>
    <name>heart</name>
    <pose>Unspecified</pose>
    <truncated>0</truncated>
    <difficult>0</difficult>
    <robndbox>
      <cx>1573.0</cx>
      <cy>549.0</cy>
      <w>656.118</w>
      <h>249.1048</h>
      <angle>3.081593</angle>
    </robndbox>
  </object>
  <object>
    <type>robndbox</type>
    <name>is</name>
    <pose>Unspecified</pose>
    <truncated>0</truncated>
    <difficult>0</difficult>
    <robndbox>
      <cx>1353.6398</cx>
      <cy>776.4262</cy>
      <w>228.3636</w>
      <h>126.2963</h>
      <angle>0.2</angle>
    </robndbox>
  </object>
</annotation>
