<annotation verified="no">
  <folder>iKzRIweSBLA</folder>
  <filename>00_frame_03826</filename>
  <path>/home/mitsuo/roLabelImg-master/&#28288;&#23614;/annotation/iKzRIweSBLA/00_frame_03826.jpg</path>
  <source>
    <database>Unknown</database>
  </source>
  <size>
    <width>1920</width>
    <height>1080</height>
    <depth>3</depth>
  </size>
  <segmented>0</segmented>
  <object>
    <type>bndbox</type>
    <name>be</name>
    <pose>Unspecified</pose>
    <truncated>0</truncated>
    <difficult>0</difficult>
    <bndbox>
      <xmin>161</xmin>
      <ymin>309</ymin>
      <xmax>250</xmax>
      <ymax>387</ymax>
    </bndbox>
  </object>
  <object>
    <type>bndbox</type>
    <name>my</name>
    <pose>Unspecified</pose>
    <truncated>0</truncated>
    <difficult>0</difficult>
    <bndbox>
      <xmin>273</xmin>
      <ymin>321</ymin>
      <xmax>413</xmax>
      <ymax>420</ymax>
    </bndbox>
  </object>
  <object>
    <type>bndbox</type>
    <name>ill</name>
    <pose>Unspecified</pose>
    <truncated>0</truncated>
    <difficult>0</difficult>
    <bndbox>
      <xmin>265</xmin>
      <ymin>432</ymin>
      <xmax>398</xmax>
      <ymax>524</ymax>
    </bndbox>
  </object>
  <object>
    <type>bndbox</type>
    <name>be</name>
    <pose>Unspecified</pose>
    <truncated>0</truncated>
    <difficult>0</difficult>
    <bndbox>
      <xmin>410</xmin>
      <ymin>425</ymin>
      <xmax>501</xmax>
      <ymax>513</ymax>
    </bndbox>
  </object>
  <object>
    <type>bndbox</type>
    <name>darling</name>
    <pose>Unspecified</pose>
    <truncated>0</truncated>
    <difficult>0</difficult>
    <bndbox>
      <xmin>685</xmin>
      <ymin>260</ymin>
      <xmax>987</xmax>
      <ymax>376</ymax>
    </bndbox>
  </object>
  <object>
    <type>bndbox</type>
    <name>just</name>
    <pose>Unspecified</pose>
    <truncated>0</truncated>
    <difficult>0</difficult>
    <bndbox>
      <xmin>1010</xmin>
      <ymin>252</ymin>
      <xmax>1153</xmax>
      <ymax>368</ymax>
    </bndbox>
  </object>
  <object>
    <type>bndbox</type>
    <name>hold</name>
    <pose>Unspecified</pose>
    <truncated>0</truncated>
    <difficult>0</difficult>
    <bndbox>
      <xmin>818</xmin>
      <ymin>383</ymin>
      <xmax>1077</xmax>
      <ymax>557</ymax>
    </bndbox>
  </object>
  <object>
    <type>bndbox</type>
    <name>my</name>
    <pose>Unspecified</pose>
    <truncated>0</truncated>
    <difficult>0</difficult>
    <bndbox>
      <xmin>869</xmin>
      <ymin>568</ymin>
      <xmax>1010</xmax>
      <ymax>672</ymax>
    </bndbox>
  </object>
  <object>
    <type>bndbox</type>
    <name>hand</name>
    <pose>Unspecified</pose>
    <truncated>0</truncated>
    <difficult>0</difficult>
    <bndbox>
      <xmin>803</xmin>
      <ymin>664</ymin>
      <xmax>1115</xmax>
      <ymax>845</ymax>
    </bndbox>
  </object>
  <object>
    <type>bndbox</type>
    <name>your</name>
    <pose>Unspecified</pose>
    <truncated>0</truncated>
    <difficult>0</difficult>
    <bndbox>
      <xmin>223</xmin>
      <ymin>553</ymin>
      <xmax>475</xmax>
      <ymax>729</ymax>
    </bndbox>
  </object>
  <object>
    <type>robndbox</type>
    <name>girl</name>
    <pose>Unspecified</pose>
    <truncated>0</truncated>
    <difficult>0</difficult>
    <robndbox>
      <cx>512.0</cx>
      <cy>337.5</cy>
      <w>185.1938</w>
      <h>98.1644</h>
      <angle>2.941593</angle>
    </robndbox>
  </object>
</annotation>
