<annotation verified="no">
  <folder>6l8gyacUq4w</folder>
  <filename>04_frame_04105</filename>
  <path>/home/junya/&#12480;&#12454;&#12531;&#12525;&#12540;&#12489;/&#26519;&#30000;/annotation/6l8gyacUq4w/04_frame_04105.jpg</path>
  <source>
    <database>Unknown</database>
  </source>
  <size>
    <width>1920</width>
    <height>1080</height>
    <depth>3</depth>
  </size>
  <segmented>0</segmented>
  <object>
    <type>bndbox</type>
    <name>me</name>
    <pose>Unspecified</pose>
    <truncated>1</truncated>
    <difficult>0</difficult>
    <bndbox>
      <xmin>1380</xmin>
      <ymin>1</ymin>
      <xmax>1520</xmax>
      <ymax>48</ymax>
    </bndbox>
  </object>
  <object>
    <type>robndbox</type>
    <name>dont</name>
    <pose>Unspecified</pose>
    <truncated>0</truncated>
    <difficult>0</difficult>
    <robndbox>
      <cx>613.0843</cx>
      <cy>296.8095</cy>
      <w>331.437</w>
      <h>77.1495</h>
      <angle>2.81</angle>
    </robndbox>
  </object>
  <object>
    <type>robndbox</type>
    <name>try</name>
    <pose>Unspecified</pose>
    <truncated>0</truncated>
    <difficult>0</difficult>
    <robndbox>
      <cx>881.0092</cx>
      <cy>203.7592</cy>
      <w>194.6918</w>
      <h>76.1714</h>
      <angle>2.831593</angle>
    </robndbox>
  </object>
  <object>
    <type>robndbox</type>
    <name>to</name>
    <pose>Unspecified</pose>
    <truncated>0</truncated>
    <difficult>0</difficult>
    <robndbox>
      <cx>1060.6002</cx>
      <cy>142.5418</cy>
      <w>142.2304</w>
      <h>78.7241</h>
      <angle>2.831593</angle>
    </robndbox>
  </object>
  <object>
    <type>robndbox</type>
    <name>change</name>
    <pose>Unspecified</pose>
    <truncated>0</truncated>
    <difficult>0</difficult>
    <robndbox>
      <cx>610.0252</cx>
      <cy>401.7118</cy>
      <w>440.8751</w>
      <h>78.7234</h>
      <angle>2.801593</angle>
    </robndbox>
  </object>
  <object>
    <type>robndbox</type>
    <name>a</name>
    <pose>Unspecified</pose>
    <truncated>0</truncated>
    <difficult>0</difficult>
    <robndbox>
      <cx>878.2577</cx>
      <cy>309.529</cy>
      <w>84.1104</w>
      <h>76.1537</h>
      <angle>2.821593</angle>
    </robndbox>
  </object>
  <object>
    <type>robndbox</type>
    <name>thing</name>
    <pose>Unspecified</pose>
    <truncated>0</truncated>
    <difficult>0</difficult>
    <robndbox>
      <cx>1087.6294</cx>
      <cy>237.058</cy>
      <w>330.5817</w>
      <h>77.2157</h>
      <angle>2.801593</angle>
    </robndbox>
  </object>
</annotation>
