<annotation verified="no">
  <folder>6l8gyacUq4w</folder>
  <filename>08_frame_02089</filename>
  <path>/home/junya/&#12480;&#12454;&#12531;&#12525;&#12540;&#12489;/&#26519;&#30000;/annotation/6l8gyacUq4w/08_frame_02089.jpg</path>
  <source>
    <database>Unknown</database>
  </source>
  <size>
    <width>1920</width>
    <height>1080</height>
    <depth>3</depth>
  </size>
  <segmented>0</segmented>
  <object>
    <type>bndbox</type>
    <name>the</name>
    <pose>Unspecified</pose>
    <truncated>0</truncated>
    <difficult>0</difficult>
    <bndbox>
      <xmin>412</xmin>
      <ymin>367</ymin>
      <xmax>714</xmax>
      <ymax>480</ymax>
    </bndbox>
  </object>
  <object>
    <type>bndbox</type>
    <name>to</name>
    <pose>Unspecified</pose>
    <truncated>0</truncated>
    <difficult>0</difficult>
    <bndbox>
      <xmin>473</xmin>
      <ymin>512</ymin>
      <xmax>688</xmax>
      <ymax>628</ymax>
    </bndbox>
  </object>
  <object>
    <type>bndbox</type>
    <name>now</name>
    <pose>Unspecified</pose>
    <truncated>0</truncated>
    <difficult>0</difficult>
    <bndbox>
      <xmin>1100</xmin>
      <ymin>516</ymin>
      <xmax>1501</xmax>
      <ymax>630</ymax>
    </bndbox>
  </object>
  <object>
    <type>robndbox</type>
    <name>only</name>
    <pose>Unspecified</pose>
    <truncated>0</truncated>
    <difficult>0</difficult>
    <robndbox>
      <cx>965.8333</cx>
      <cy>424.8333</cy>
      <w>423.0</w>
      <h>117.0</h>
      <angle>0.0</angle>
    </robndbox>
  </object>
  <object>
    <type>robndbox</type>
    <name>way</name>
    <pose>Unspecified</pose>
    <truncated>0</truncated>
    <difficult>0</difficult>
    <robndbox>
      <cx>1383.8333</cx>
      <cy>426.8333</cy>
      <w>371.0</w>
      <h>113.0</h>
      <angle>0.0</angle>
    </robndbox>
  </object>
  <object>
    <type>robndbox</type>
    <name>live</name>
    <pose>Unspecified</pose>
    <truncated>0</truncated>
    <difficult>0</difficult>
    <robndbox>
      <cx>894.3333</cx>
      <cy>571.3333</cy>
      <w>316.0</w>
      <h>112.0</h>
      <angle>0.0</angle>
    </robndbox>
  </object>
</annotation>
