<annotation verified="no">
  <folder>6l8gyacUq4w</folder>
  <filename>10_frame_00793</filename>
  <path>/home/junya/&#12480;&#12454;&#12531;&#12525;&#12540;&#12489;/&#26519;&#30000;/annotation/6l8gyacUq4w/10_frame_00793.jpg</path>
  <source>
    <database>Unknown</database>
  </source>
  <size>
    <width>1920</width>
    <height>1080</height>
    <depth>3</depth>
  </size>
  <segmented>0</segmented>
  <object>
    <type>robndbox</type>
    <name>cause</name>
    <pose>Unspecified</pose>
    <truncated>0</truncated>
    <difficult>0</difficult>
    <robndbox>
      <cx>681.8333</cx>
      <cy>383.3333</cy>
      <w>388.4844</w>
      <h>89.6931</h>
      <angle>3.111593</angle>
    </robndbox>
  </object>
  <object>
    <type>robndbox</type>
    <name>ive</name>
    <pose>Unspecified</pose>
    <truncated>0</truncated>
    <difficult>0</difficult>
    <robndbox>
      <cx>1021.0949</cx>
      <cy>372.107</cy>
      <w>219.8436</w>
      <h>91.0879</h>
      <angle>3.111593</angle>
    </robndbox>
  </object>
  <object>
    <type>robndbox</type>
    <name>had</name>
    <pose>Unspecified</pose>
    <truncated>0</truncated>
    <difficult>0</difficult>
    <robndbox>
      <cx>1298.6344</cx>
      <cy>362.7415</cy>
      <w>256.906</w>
      <h>86.9289</h>
      <angle>3.111593</angle>
    </robndbox>
  </object>
  <object>
    <type>robndbox</type>
    <name>it</name>
    <pose>Unspecified</pose>
    <truncated>0</truncated>
    <difficult>0</difficult>
    <robndbox>
      <cx>622.8935</cx>
      <cy>496.8477</cy>
      <w>99.1203</w>
      <h>88.9712</h>
      <angle>3.121593</angle>
    </robndbox>
  </object>
  <object>
    <type>robndbox</type>
    <name>all</name>
    <pose>Unspecified</pose>
    <truncated>0</truncated>
    <difficult>0</difficult>
    <robndbox>
      <cx>801.3203</cx>
      <cy>491.6223</cy>
      <w>212.6818</w>
      <h>87.0818</h>
      <angle>3.111593</angle>
    </robndbox>
  </object>
</annotation>
