<annotation verified="no">
  <folder>6l8gyacUq4w</folder>
  <filename>06_frame_02449</filename>
  <path>/home/junya/&#12480;&#12454;&#12531;&#12525;&#12540;&#12489;/&#26519;&#30000;/annotation/6l8gyacUq4w/06_frame_02449.jpg</path>
  <source>
    <database>Unknown</database>
  </source>
  <size>
    <width>1920</width>
    <height>1080</height>
    <depth>3</depth>
  </size>
  <segmented>0</segmented>
  <object>
    <type>robndbox</type>
    <name>cause</name>
    <pose>Unspecified</pose>
    <truncated>0</truncated>
    <difficult>0</difficult>
    <robndbox>
      <cx>684.8731</cx>
      <cy>387.8279</cy>
      <w>391.0618</w>
      <h>95.2092</h>
      <angle>3.121593</angle>
    </robndbox>
  </object>
  <object>
    <type>robndbox</type>
    <name>ive</name>
    <pose>Unspecified</pose>
    <truncated>0</truncated>
    <difficult>0</difficult>
    <robndbox>
      <cx>1024.7807</cx>
      <cy>384.6541</cy>
      <w>211.1994</w>
      <h>86.8826</h>
      <angle>3.121593</angle>
    </robndbox>
  </object>
  <object>
    <type>robndbox</type>
    <name>had</name>
    <pose>Unspecified</pose>
    <truncated>0</truncated>
    <difficult>0</difficult>
    <robndbox>
      <cx>1300.3333</cx>
      <cy>380.3333</cy>
      <w>262.2673</w>
      <h>89.2628</h>
      <angle>3.121593</angle>
    </robndbox>
  </object>
  <object>
    <type>robndbox</type>
    <name>it</name>
    <pose>Unspecified</pose>
    <truncated>0</truncated>
    <difficult>0</difficult>
    <robndbox>
      <cx>621.8187</cx>
      <cy>503.8735</cy>
      <w>103.23</w>
      <h>91.0023</h>
      <angle>3.121593</angle>
    </robndbox>
  </object>
  <object>
    <type>robndbox</type>
    <name>all</name>
    <pose>Unspecified</pose>
    <truncated>0</truncated>
    <difficult>0</difficult>
    <robndbox>
      <cx>798.8333</cx>
      <cy>502.3333</cy>
      <w>218.1491</w>
      <h>86.1858</h>
      <angle>3.131593</angle>
    </robndbox>
  </object>
  <object>
    <type>robndbox</type>
    <name>along</name>
    <pose>Unspecified</pose>
    <truncated>0</truncated>
    <difficult>0</difficult>
    <robndbox>
      <cx>1140.0941</cx>
      <cy>496.482</cy>
      <w>427.4201</w>
      <h>92.0279</h>
      <angle>3.131593</angle>
    </robndbox>
  </object>
</annotation>
