<annotation verified="no">
  <folder>6l8gyacUq4w</folder>
  <filename>00_frame_02233</filename>
  <path>/home/junya/&#12480;&#12454;&#12531;&#12525;&#12540;&#12489;/&#26519;&#30000;/annotation/6l8gyacUq4w/00_frame_02233.jpg</path>
  <source>
    <database>Unknown</database>
  </source>
  <size>
    <width>1920</width>
    <height>1080</height>
    <depth>3</depth>
  </size>
  <segmented>0</segmented>
  <object>
    <type>bndbox</type>
    <name>dont</name>
    <pose>Unspecified</pose>
    <truncated>1</truncated>
    <difficult>0</difficult>
    <bndbox>
      <xmin>1</xmin>
      <ymin>225</ymin>
      <xmax>256</xmax>
      <ymax>425</ymax>
    </bndbox>
  </object>
  <object>
    <type>bndbox</type>
    <name>to</name>
    <pose>Unspecified</pose>
    <truncated>1</truncated>
    <difficult>0</difficult>
    <bndbox>
      <xmin>735</xmin>
      <ymin>1</ymin>
      <xmax>934</xmax>
      <ymax>132</ymax>
    </bndbox>
  </object>
  <object>
    <type>bndbox</type>
    <name>he</name>
    <pose>Unspecified</pose>
    <truncated>1</truncated>
    <difficult>0</difficult>
    <bndbox>
      <xmin>1</xmin>
      <ymin>408</ymin>
      <xmax>168</xmax>
      <ymax>561</ymax>
    </bndbox>
  </object>
  <object>
    <type>bndbox</type>
    <name>and</name>
    <pose>Unspecified</pose>
    <truncated>0</truncated>
    <difficult>0</difficult>
    <bndbox>
      <xmin>222</xmin>
      <ymin>520</ymin>
      <xmax>673</xmax>
      <ymax>668</ymax>
    </bndbox>
  </object>
  <object>
    <type>bndbox</type>
    <name>theirs</name>
    <pose>Unspecified</pose>
    <truncated>0</truncated>
    <difficult>0</difficult>
    <bndbox>
      <xmin>717</xmin>
      <ymin>518</ymin>
      <xmax>1293</xmax>
      <ymax>665</ymax>
    </bndbox>
  </object>
  <object>
    <type>bndbox</type>
    <name>lies</name>
    <pose>Unspecified</pose>
    <truncated>0</truncated>
    <difficult>0</difficult>
    <bndbox>
      <xmin>1349</xmin>
      <ymin>516</ymin>
      <xmax>1736</xmax>
      <ymax>664</ymax>
    </bndbox>
  </object>
  <object>
    <type>robndbox</type>
    <name>listen</name>
    <pose>Unspecified</pose>
    <truncated>0</truncated>
    <difficult>0</difficult>
    <robndbox>
      <cx>507.5883</cx>
      <cy>183.0122</cy>
      <w>452.4933</w>
      <h>106.2424</h>
      <angle>2.791593</angle>
    </robndbox>
  </object>
  <object>
    <type>robndbox</type>
    <name>lying</name>
    <pose>Unspecified</pose>
    <truncated>0</truncated>
    <difficult>0</difficult>
    <robndbox>
      <cx>376.8333</cx>
      <cy>369.3333</cy>
      <w>394.669</w>
      <h>105.742</h>
      <angle>2.791593</angle>
    </robndbox>
  </object>
  <object>
    <type>robndbox</type>
    <name>liars</name>
    <pose>Unspecified</pose>
    <truncated>0</truncated>
    <difficult>0</difficult>
    <robndbox>
      <cx>779.4901</cx>
      <cy>220.0159</cy>
      <w>376.4599</w>
      <h>106.0501</h>
      <angle>2.791593</angle>
    </robndbox>
  </object>
</annotation>
