<annotation verified="no">
  <folder>6l8gyacUq4w</folder>
  <filename>03_frame_01225</filename>
  <path>/home/junya/&#12480;&#12454;&#12531;&#12525;&#12540;&#12489;/&#26519;&#30000;/annotation/6l8gyacUq4w/03_frame_01225.jpg</path>
  <source>
    <database>Unknown</database>
  </source>
  <size>
    <width>1920</width>
    <height>1080</height>
    <depth>3</depth>
  </size>
  <segmented>0</segmented>
  <object>
    <type>bndbox</type>
    <name>dont</name>
    <pose>Unspecified</pose>
    <truncated>1</truncated>
    <difficult>0</difficult>
    <bndbox>
      <xmin>1237</xmin>
      <ymin>1</ymin>
      <xmax>1286</xmax>
      <ymax>44</ymax>
    </bndbox>
  </object>
  <object>
    <type>bndbox</type>
    <name>fix</name>
    <pose>Unspecified</pose>
    <truncated>1</truncated>
    <difficult>0</difficult>
    <bndbox>
      <xmin>1315</xmin>
      <ymin>1</ymin>
      <xmax>1541</xmax>
      <ymax>152</ymax>
    </bndbox>
  </object>
  <object>
    <type>robndbox</type>
    <name>me</name>
    <pose>Unspecified</pose>
    <truncated>0</truncated>
    <difficult>0</difficult>
    <robndbox>
      <cx>1646.8746</cx>
      <cy>163.8174</cy>
      <w>197.3995</w>
      <h>101.3485</h>
      <angle>0.42</angle>
    </robndbox>
  </object>
  <object>
    <type>robndbox</type>
    <name>dont</name>
    <pose>Unspecified</pose>
    <truncated>0</truncated>
    <difficult>0</difficult>
    <robndbox>
      <cx>805.3333</cx>
      <cy>446.3333</cy>
      <w>340.0</w>
      <h>80.0</h>
      <angle>2.871593</angle>
    </robndbox>
  </object>
  <object>
    <type>robndbox</type>
    <name>try</name>
    <pose>Unspecified</pose>
    <truncated>0</truncated>
    <difficult>0</difficult>
    <robndbox>
      <cx>1079.75</cx>
      <cy>368.9952</cy>
      <w>199.3953</w>
      <h>78.713</h>
      <angle>2.871593</angle>
    </robndbox>
  </object>
  <object>
    <type>robndbox</type>
    <name>to</name>
    <pose>Unspecified</pose>
    <truncated>0</truncated>
    <difficult>0</difficult>
    <robndbox>
      <cx>1262.7285</cx>
      <cy>316.6804</cy>
      <w>143.491</w>
      <h>78.4206</h>
      <angle>2.871593</angle>
    </robndbox>
  </object>
  <object>
    <type>robndbox</type>
    <name>change</name>
    <pose>Unspecified</pose>
    <truncated>0</truncated>
    <difficult>0</difficult>
    <robndbox>
      <cx>795.1824</cx>
      <cy>550.6664</cy>
      <w>447.0308</w>
      <h>82.0696</h>
      <angle>2.861593</angle>
    </robndbox>
  </object>
  <object>
    <type>robndbox</type>
    <name>a</name>
    <pose>Unspecified</pose>
    <truncated>0</truncated>
    <difficult>0</difficult>
    <robndbox>
      <cx>1069.8333</cx>
      <cy>474.3333</cy>
      <w>85.3984</w>
      <h>77.5894</h>
      <angle>2.871593</angle>
    </robndbox>
  </object>
  <object>
    <type>robndbox</type>
    <name>thing</name>
    <pose>Unspecified</pose>
    <truncated>0</truncated>
    <difficult>0</difficult>
    <robndbox>
      <cx>1284.3346</cx>
      <cy>411.9759</cy>
      <w>331.8215</w>
      <h>81.7393</h>
      <angle>2.871593</angle>
    </robndbox>
  </object>
</annotation>
