<annotation verified="no">
  <folder>6l8gyacUq4w</folder>
  <filename>01_frame_00577</filename>
  <path>/home/junya/&#12480;&#12454;&#12531;&#12525;&#12540;&#12489;/&#26519;&#30000;/annotation/6l8gyacUq4w/01_frame_00577.jpg</path>
  <source>
    <database>Unknown</database>
  </source>
  <size>
    <width>1920</width>
    <height>1080</height>
    <depth>3</depth>
  </size>
  <segmented>0</segmented>
  <object>
    <type>bndbox</type>
    <name>i</name>
    <pose>Unspecified</pose>
    <truncated>0</truncated>
    <difficult>0</difficult>
    <bndbox>
      <xmin>361</xmin>
      <ymin>252</ymin>
      <xmax>390</xmax>
      <ymax>351</ymax>
    </bndbox>
  </object>
  <object>
    <type>bndbox</type>
    <name>dont</name>
    <pose>Unspecified</pose>
    <truncated>0</truncated>
    <difficult>0</difficult>
    <bndbox>
      <xmin>430</xmin>
      <ymin>252</ymin>
      <xmax>849</xmax>
      <ymax>350</ymax>
    </bndbox>
  </object>
  <object>
    <type>bndbox</type>
    <name>need</name>
    <pose>Unspecified</pose>
    <truncated>0</truncated>
    <difficult>0</difficult>
    <bndbox>
      <xmin>885</xmin>
      <ymin>251</ymin>
      <xmax>1248</xmax>
      <ymax>348</ymax>
    </bndbox>
  </object>
  <object>
    <type>bndbox</type>
    <name>you</name>
    <pose>Unspecified</pose>
    <truncated>0</truncated>
    <difficult>0</difficult>
    <bndbox>
      <xmin>1282</xmin>
      <ymin>251</ymin>
      <xmax>1564</xmax>
      <ymax>351</ymax>
    </bndbox>
  </object>
  <object>
    <type>bndbox</type>
    <name>lower</name>
    <pose>Unspecified</pose>
    <truncated>0</truncated>
    <difficult>0</difficult>
    <bndbox>
      <xmin>524</xmin>
      <ymin>374</ymin>
      <xmax>1009</xmax>
      <ymax>472</ymax>
    </bndbox>
  </object>
  <object>
    <type>bndbox</type>
    <name>the</name>
    <pose>Unspecified</pose>
    <truncated>0</truncated>
    <difficult>0</difficult>
    <bndbox>
      <xmin>1041</xmin>
      <ymin>374</ymin>
      <xmax>1308</xmax>
      <ymax>472</ymax>
    </bndbox>
  </object>
  <object>
    <type>bndbox</type>
    <name>bar</name>
    <pose>Unspecified</pose>
    <truncated>0</truncated>
    <difficult>0</difficult>
    <bndbox>
      <xmin>1346</xmin>
      <ymin>375</ymin>
      <xmax>1621</xmax>
      <ymax>471</ymax>
    </bndbox>
  </object>
  <object>
    <type>bndbox</type>
    <name>for</name>
    <pose>Unspecified</pose>
    <truncated>0</truncated>
    <difficult>0</difficult>
    <bndbox>
      <xmin>574</xmin>
      <ymin>931</ymin>
      <xmax>1044</xmax>
      <ymax>1079</ymax>
    </bndbox>
  </object>
  <object>
    <type>robndbox</type>
    <name>to</name>
    <pose>Unspecified</pose>
    <truncated>0</truncated>
    <difficult>0</difficult>
    <robndbox>
      <cx>391.3333</cx>
      <cy>422.8333</cy>
      <w>186.0</w>
      <h>97.0</h>
      <angle>0.0</angle>
    </robndbox>
  </object>
  <object>
    <type>robndbox</type>
    <name>me</name>
    <pose>Unspecified</pose>
    <truncated>0</truncated>
    <difficult>0</difficult>
    <robndbox>
      <cx>1243.8333</cx>
      <cy>943.8333</cy>
      <w>316.1588</w>
      <h>176.2431</h>
      <angle>2.921593</angle>
    </robndbox>
  </object>
</annotation>
