<annotation verified="no">
  <folder>6l8gyacUq4w</folder>
  <filename>09_frame_00289</filename>
  <path>/home/junya/&#12480;&#12454;&#12531;&#12525;&#12540;&#12489;/&#26519;&#30000;/annotation/6l8gyacUq4w/09_frame_00289.jpg</path>
  <source>
    <database>Unknown</database>
  </source>
  <size>
    <width>1920</width>
    <height>1080</height>
    <depth>3</depth>
  </size>
  <segmented>0</segmented>
  <object>
    <type>robndbox</type>
    <name>and</name>
    <pose>Unspecified</pose>
    <truncated>0</truncated>
    <difficult>0</difficult>
    <robndbox>
      <cx>680.309</cx>
      <cy>296.8633</cy>
      <w>245.5043</w>
      <h>77.8384</h>
      <angle>3.021593</angle>
    </robndbox>
  </object>
  <object>
    <type>robndbox</type>
    <name>asked</name>
    <pose>Unspecified</pose>
    <truncated>0</truncated>
    <difficult>0</difficult>
    <robndbox>
      <cx>1010.1501</cx>
      <cy>256.2415</cy>
      <w>372.1531</w>
      <h>82.2237</h>
      <angle>3.021593</angle>
    </robndbox>
  </object>
  <object>
    <type>robndbox</type>
    <name>for</name>
    <pose>Unspecified</pose>
    <truncated>0</truncated>
    <difficult>0</difficult>
    <robndbox>
      <cx>1335.3598</cx>
      <cy>215.9803</cy>
      <w>219.9983</w>
      <h>79.615</h>
      <angle>3.021593</angle>
    </robndbox>
  </object>
  <object>
    <type>robndbox</type>
    <name>something</name>
    <pose>Unspecified</pose>
    <truncated>0</truncated>
    <difficult>0</difficult>
    <robndbox>
      <cx>1122.3962</cx>
      <cy>349.8111</cy>
      <w>671.1651</w>
      <h>85.3113</h>
      <angle>3.021593</angle>
    </robndbox>
  </object>
  <object>
    <type>robndbox</type>
    <name>free</name>
    <pose>Unspecified</pose>
    <truncated>0</truncated>
    <difficult>0</difficult>
    <robndbox>
      <cx>1183.2392</cx>
      <cy>498.6504</cy>
      <w>578.3295</w>
      <h>183.9217</h>
      <angle>3.021593</angle>
    </robndbox>
  </object>
</annotation>
