<annotation verified="no">
  <folder>KReoTOZK9W8</folder>
  <filename>06_frame_03673</filename>
  <path>/Users/KengoAraki/Desktop/&#22338;&#21475;&#12373;&#12435;_annotation/annotation/KReoTOZK9W8/06_frame_03673.jpg</path>
  <source>
    <database>Unknown</database>
  </source>
  <size>
    <width>1920</width>
    <height>1080</height>
    <depth>1</depth>
  </size>
  <segmented>0</segmented>
  <object>
    <type>robndbox</type>
    <name>and</name>
    <pose>Unspecified</pose>
    <truncated>0</truncated>
    <difficult>0</difficult>
    <robndbox>
      <cx>1244.0082</cx>
      <cy>131.0</cy>
      <w>87.0</w>
      <h>28.0</h>
      <angle>0.0</angle>
    </robndbox>
  </object>
  <object>
    <type>robndbox</type>
    <name>youre</name>
    <pose>Unspecified</pose>
    <truncated>0</truncated>
    <difficult>0</difficult>
    <robndbox>
      <cx>1401.0082</cx>
      <cy>129.0</cy>
      <w>161.0</w>
      <h>28.0</h>
      <angle>0.0</angle>
    </robndbox>
  </object>
  <object>
    <type>robndbox</type>
    <name>all</name>
    <pose>Unspecified</pose>
    <truncated>0</truncated>
    <difficult>0</difficult>
    <robndbox>
      <cx>1542.5082</cx>
      <cy>130.0</cy>
      <w>80.0</w>
      <h>30.0</h>
      <angle>0.0</angle>
    </robndbox>
  </object>
  <object>
    <type>robndbox</type>
    <name>mine</name>
    <pose>Unspecified</pose>
    <truncated>0</truncated>
    <difficult>0</difficult>
    <robndbox>
      <cx>1659.5082</cx>
      <cy>129.5</cy>
      <w>110.0</w>
      <h>31.0</h>
      <angle>0.0</angle>
    </robndbox>
  </object>
</annotation>
