<annotation verified="no">
  <folder>o66xQUqKzsc</folder>
  <filename>05_frame_03313</filename>
  <path>/home/keisuke/Documents/lyric/&#31070;&#30000;/annotation/o66xQUqKzsc/05_frame_03313.jpg</path>
  <source>
    <database>Unknown</database>
  </source>
  <size>
    <width>1920</width>
    <height>1080</height>
    <depth>3</depth>
  </size>
  <segmented>0</segmented>
  <object>
    <type>bndbox</type>
    <name>hicieron</name>
    <pose>Unspecified</pose>
    <truncated>0</truncated>
    <difficult>0</difficult>
    <bndbox>
      <xmin>161</xmin>
      <ymin>272</ymin>
      <xmax>892</xmax>
      <ymax>376</ymax>
    </bndbox>
  </object>
  <object>
    <type>bndbox</type>
    <name>estragos</name>
    <pose>Unspecified</pose>
    <truncated>0</truncated>
    <difficult>0</difficult>
    <bndbox>
      <xmin>199</xmin>
      <ymin>397</ymin>
      <xmax>859</xmax>
      <ymax>474</ymax>
    </bndbox>
  </object>
  <object>
    <type>bndbox</type>
    <name>en</name>
    <pose>Unspecified</pose>
    <truncated>0</truncated>
    <difficult>0</difficult>
    <bndbox>
      <xmin>331</xmin>
      <ymin>496</ymin>
      <xmax>480</xmax>
      <ymax>580</ymax>
    </bndbox>
  </object>
  <object>
    <type>bndbox</type>
    <name>su</name>
    <pose>Unspecified</pose>
    <truncated>0</truncated>
    <difficult>0</difficult>
    <bndbox>
      <xmin>525</xmin>
      <ymin>500</ymin>
      <xmax>683</xmax>
      <ymax>582</ymax>
    </bndbox>
  </object>
  <object>
    <type>bndbox</type>
    <name>cabeza</name>
    <pose>Unspecified</pose>
    <truncated>0</truncated>
    <difficult>0</difficult>
    <bndbox>
      <xmin>155</xmin>
      <ymin>614</ymin>
      <xmax>824</xmax>
      <ymax>795</ymax>
    </bndbox>
  </object>
</annotation>
