<annotation verified="no">
  <folder>o66xQUqKzsc</folder>
  <filename>09_frame_05113</filename>
  <path>/home/keisuke/Documents/lyric/&#31070;&#30000;/annotation/o66xQUqKzsc/09_frame_05113.jpg</path>
  <source>
    <database>Unknown</database>
  </source>
  <size>
    <width>1920</width>
    <height>1080</height>
    <depth>3</depth>
  </size>
  <segmented>0</segmented>
  <object>
    <type>bndbox</type>
    <name>y</name>
    <pose>Unspecified</pose>
    <truncated>0</truncated>
    <difficult>0</difficult>
    <bndbox>
      <xmin>240</xmin>
      <ymin>277</ymin>
      <xmax>314</xmax>
      <ymax>362</ymax>
    </bndbox>
  </object>
  <object>
    <type>bndbox</type>
    <name>me</name>
    <pose>Unspecified</pose>
    <truncated>0</truncated>
    <difficult>0</difficult>
    <bndbox>
      <xmin>344</xmin>
      <ymin>299</ymin>
      <xmax>480</xmax>
      <ymax>366</ymax>
    </bndbox>
  </object>
  <object>
    <type>bndbox</type>
    <name>va</name>
    <pose>Unspecified</pose>
    <truncated>0</truncated>
    <difficult>0</difficult>
    <bndbox>
      <xmin>511</xmin>
      <ymin>303</ymin>
      <xmax>633</xmax>
      <ymax>371</ymax>
    </bndbox>
  </object>
  <object>
    <type>bndbox</type>
    <name>s</name>
    <pose>Unspecified</pose>
    <truncated>0</truncated>
    <difficult>0</difficult>
    <bndbox>
      <xmin>670</xmin>
      <ymin>306</ymin>
      <xmax>730</xmax>
      <ymax>370</ymax>
    </bndbox>
  </object>
  <object>
    <type>bndbox</type>
    <name>decir</name>
    <pose>Unspecified</pose>
    <truncated>0</truncated>
    <difficult>0</difficult>
    <bndbox>
      <xmin>158</xmin>
      <ymin>399</ymin>
      <xmax>494</xmax>
      <ymax>475</ymax>
    </bndbox>
  </object>
  <object>
    <type>bndbox</type>
    <name>que</name>
    <pose>Unspecified</pose>
    <truncated>0</truncated>
    <difficult>0</difficult>
    <bndbox>
      <xmin>562</xmin>
      <ymin>401</ymin>
      <xmax>806</xmax>
      <ymax>480</ymax>
    </bndbox>
  </object>
  <object>
    <type>bndbox</type>
    <name>borr&#243;</name>
    <pose>Unspecified</pose>
    <truncated>0</truncated>
    <difficult>0</difficult>
    <bndbox>
      <xmin>212</xmin>
      <ymin>512</ymin>
      <xmax>696</xmax>
      <ymax>630</ymax>
    </bndbox>
  </object>
</annotation>
