<annotation verified="no">
  <folder>o66xQUqKzsc</folder>
  <filename>06_frame_01153</filename>
  <path>/home/keisuke/Documents/lyric/&#31070;&#30000;/annotation/o66xQUqKzsc/06_frame_01153.jpg</path>
  <source>
    <database>Unknown</database>
  </source>
  <size>
    <width>1920</width>
    <height>1080</height>
    <depth>3</depth>
  </size>
  <segmented>0</segmented>
  <object>
    <type>bndbox</type>
    <name>de</name>
    <pose>Unspecified</pose>
    <truncated>0</truncated>
    <difficult>0</difficult>
    <bndbox>
      <xmin>166</xmin>
      <ymin>274</ymin>
      <xmax>325</xmax>
      <ymax>359</ymax>
    </bndbox>
  </object>
  <object>
    <type>bndbox</type>
    <name>pensar</name>
    <pose>Unspecified</pose>
    <truncated>0</truncated>
    <difficult>0</difficult>
    <bndbox>
      <xmin>385</xmin>
      <ymin>273</ymin>
      <xmax>907</xmax>
      <ymax>362</ymax>
    </bndbox>
  </object>
  <object>
    <type>bndbox</type>
    <name>en</name>
    <pose>Unspecified</pose>
    <truncated>0</truncated>
    <difficult>0</difficult>
    <bndbox>
      <xmin>294</xmin>
      <ymin>406</ymin>
      <xmax>448</xmax>
      <ymax>495</ymax>
    </bndbox>
  </object>
  <object>
    <type>bndbox</type>
    <name>su</name>
    <pose>Unspecified</pose>
    <truncated>0</truncated>
    <difficult>0</difficult>
    <bndbox>
      <xmin>506</xmin>
      <ymin>407</ymin>
      <xmax>673</xmax>
      <ymax>498</ymax>
    </bndbox>
  </object>
  <object>
    <type>bndbox</type>
    <name>belleza</name>
    <pose>Unspecified</pose>
    <truncated>0</truncated>
    <difficult>0</difficult>
    <bndbox>
      <xmin>165</xmin>
      <ymin>527</ymin>
      <xmax>864</xmax>
      <ymax>694</ymax>
    </bndbox>
  </object>
</annotation>
