<annotation verified="no">
  <folder>o66xQUqKzsc</folder>
  <filename>03_frame_02233</filename>
  <path>/home/keisuke/Documents/lyric/&#31070;&#30000;/annotation/o66xQUqKzsc/03_frame_02233.jpg</path>
  <source>
    <database>Unknown</database>
  </source>
  <size>
    <width>1920</width>
    <height>1080</height>
    <depth>3</depth>
  </size>
  <segmented>0</segmented>
  <object>
    <type>bndbox</type>
    <name>t&#250;</name>
    <pose>Unspecified</pose>
    <truncated>0</truncated>
    <difficult>0</difficult>
    <bndbox>
      <xmin>1213</xmin>
      <ymin>254</ymin>
      <xmax>1396</xmax>
      <ymax>347</ymax>
    </bndbox>
  </object>
  <object>
    <type>bndbox</type>
    <name>mami</name>
    <pose>Unspecified</pose>
    <truncated>0</truncated>
    <difficult>0</difficult>
    <bndbox>
      <xmin>1461</xmin>
      <ymin>253</ymin>
      <xmax>1829</xmax>
      <ymax>347</ymax>
    </bndbox>
  </object>
  <object>
    <type>bndbox</type>
    <name>mami</name>
    <pose>Unspecified</pose>
    <truncated>0</truncated>
    <difficult>0</difficult>
    <bndbox>
      <xmin>999</xmin>
      <ymin>376</ymin>
      <xmax>1417</xmax>
      <ymax>460</ymax>
    </bndbox>
  </object>
  <object>
    <type>bndbox</type>
    <name>dices</name>
    <pose>Unspecified</pose>
    <truncated>0</truncated>
    <difficult>0</difficult>
    <bndbox>
      <xmin>1491</xmin>
      <ymin>374</ymin>
      <xmax>1862</xmax>
      <ymax>456</ymax>
    </bndbox>
  </object>
  <object>
    <type>bndbox</type>
    <name>dices</name>
    <pose>Unspecified</pose>
    <truncated>0</truncated>
    <difficult>0</difficult>
    <bndbox>
      <xmin>1052</xmin>
      <ymin>490</ymin>
      <xmax>1356</xmax>
      <ymax>591</ymax>
    </bndbox>
  </object>
  <object>
    <type>bndbox</type>
    <name>no</name>
    <pose>Unspecified</pose>
    <truncated>0</truncated>
    <difficult>0</difficult>
    <bndbox>
      <xmin>1420</xmin>
      <ymin>488</ymin>
      <xmax>1619</xmax>
      <ymax>578</ymax>
    </bndbox>
  </object>
</annotation>
