<annotation verified="no">
  <folder>o66xQUqKzsc</folder>
  <filename>02_frame_01657</filename>
  <path>/home/keisuke/Documents/lyric/&#31070;&#30000;/annotation/o66xQUqKzsc/02_frame_01657.jpg</path>
  <source>
    <database>Unknown</database>
  </source>
  <size>
    <width>1920</width>
    <height>1080</height>
    <depth>3</depth>
  </size>
  <segmented>0</segmented>
  <object>
    <type>bndbox</type>
    <name>tanto</name>
    <pose>Unspecified</pose>
    <truncated>0</truncated>
    <difficult>0</difficult>
    <bndbox>
      <xmin>274</xmin>
      <ymin>280</ymin>
      <xmax>698</xmax>
      <ymax>363</ymax>
    </bndbox>
  </object>
  <object>
    <type>bndbox</type>
    <name>que</name>
    <pose>Unspecified</pose>
    <truncated>0</truncated>
    <difficult>0</difficult>
    <bndbox>
      <xmin>357</xmin>
      <ymin>403</ymin>
      <xmax>639</xmax>
      <ymax>498</ymax>
    </bndbox>
  </object>
  <object>
    <type>bndbox</type>
    <name>lo</name>
    <pose>Unspecified</pose>
    <truncated>0</truncated>
    <difficult>0</difficult>
    <bndbox>
      <xmin>287</xmin>
      <ymin>535</ymin>
      <xmax>439</xmax>
      <ymax>617</ymax>
    </bndbox>
  </object>
  <object>
    <type>bndbox</type>
    <name>has</name>
    <pose>Unspecified</pose>
    <truncated>0</truncated>
    <difficult>0</difficult>
    <bndbox>
      <xmin>478</xmin>
      <ymin>539</ymin>
      <xmax>713</xmax>
      <ymax>619</ymax>
    </bndbox>
  </object>
  <object>
    <type>bndbox</type>
    <name>olvidado</name>
    <pose>Unspecified</pose>
    <truncated>0</truncated>
    <difficult>0</difficult>
    <bndbox>
      <xmin>104</xmin>
      <ymin>652</ymin>
      <xmax>853</xmax>
      <ymax>830</ymax>
    </bndbox>
  </object>
</annotation>
