<annotation verified="no">
  <folder>o66xQUqKzsc</folder>
  <filename>00_frame_02377</filename>
  <path>/home/keisuke/Documents/lyric/&#31070;&#30000;/annotation/o66xQUqKzsc/00_frame_02377.jpg</path>
  <source>
    <database>Unknown</database>
  </source>
  <size>
    <width>1920</width>
    <height>1080</height>
    <depth>3</depth>
  </size>
  <segmented>0</segmented>
  <object>
    <type>bndbox</type>
    <name>ven</name>
    <pose>Unspecified</pose>
    <truncated>0</truncated>
    <difficult>0</difficult>
    <bndbox>
      <xmin>234</xmin>
      <ymin>266</ymin>
      <xmax>473</xmax>
      <ymax>354</ymax>
    </bndbox>
  </object>
  <object>
    <type>bndbox</type>
    <name>d&#237;melo</name>
    <pose>Unspecified</pose>
    <truncated>0</truncated>
    <difficult>0</difficult>
    <bndbox>
      <xmin>539</xmin>
      <ymin>251</ymin>
      <xmax>1007</xmax>
      <ymax>349</ymax>
    </bndbox>
  </object>
  <object>
    <type>bndbox</type>
    <name>en</name>
    <pose>Unspecified</pose>
    <truncated>0</truncated>
    <difficult>0</difficult>
    <bndbox>
      <xmin>248</xmin>
      <ymin>379</ymin>
      <xmax>409</xmax>
      <ymax>472</ymax>
    </bndbox>
  </object>
  <object>
    <type>bndbox</type>
    <name>la</name>
    <pose>Unspecified</pose>
    <truncated>0</truncated>
    <difficult>0</difficult>
    <bndbox>
      <xmin>460</xmin>
      <ymin>376</ymin>
      <xmax>627</xmax>
      <ymax>469</ymax>
    </bndbox>
  </object>
  <object>
    <type>bndbox</type>
    <name>cara</name>
    <pose>Unspecified</pose>
    <truncated>0</truncated>
    <difficult>0</difficult>
    <bndbox>
      <xmin>661</xmin>
      <ymin>376</ymin>
      <xmax>1053</xmax>
      <ymax>471</ymax>
    </bndbox>
  </object>
  <object>
    <type>bndbox</type>
    <name>y</name>
    <pose>Unspecified</pose>
    <truncated>0</truncated>
    <difficult>0</difficult>
    <bndbox>
      <xmin>609</xmin>
      <ymin>501</ymin>
      <xmax>695</xmax>
      <ymax>610</ymax>
    </bndbox>
  </object>
  <object>
    <type>bndbox</type>
    <name>no</name>
    <pose>Unspecified</pose>
    <truncated>0</truncated>
    <difficult>0</difficult>
    <bndbox>
      <xmin>203</xmin>
      <ymin>637</ymin>
      <xmax>427</xmax>
      <ymax>812</ymax>
    </bndbox>
  </object>
  <object>
    <type>bndbox</type>
    <name>mientas</name>
    <pose>Unspecified</pose>
    <truncated>0</truncated>
    <difficult>0</difficult>
    <bndbox>
      <xmin>472</xmin>
      <ymin>614</ymin>
      <xmax>1088</xmax>
      <ymax>817</ymax>
    </bndbox>
  </object>
</annotation>
