<annotation verified="no">
  <folder>o66xQUqKzsc</folder>
  <filename>08_frame_04249</filename>
  <path>/home/keisuke/Documents/lyric/&#31070;&#30000;/annotation/o66xQUqKzsc/08_frame_04249.jpg</path>
  <source>
    <database>Unknown</database>
  </source>
  <size>
    <width>1920</width>
    <height>1080</height>
    <depth>3</depth>
  </size>
  <segmented>0</segmented>
  <object>
    <type>bndbox</type>
    <name>ven</name>
    <pose>Unspecified</pose>
    <truncated>0</truncated>
    <difficult>0</difficult>
    <bndbox>
      <xmin>897</xmin>
      <ymin>335</ymin>
      <xmax>1144</xmax>
      <ymax>421</ymax>
    </bndbox>
  </object>
  <object>
    <type>bndbox</type>
    <name>d&#237;melo</name>
    <pose>Unspecified</pose>
    <truncated>0</truncated>
    <difficult>0</difficult>
    <bndbox>
      <xmin>1190</xmin>
      <ymin>321</ymin>
      <xmax>1664</xmax>
      <ymax>421</ymax>
    </bndbox>
  </object>
  <object>
    <type>bndbox</type>
    <name>en</name>
    <pose>Unspecified</pose>
    <truncated>0</truncated>
    <difficult>0</difficult>
    <bndbox>
      <xmin>1710</xmin>
      <ymin>338</ymin>
      <xmax>1854</xmax>
      <ymax>426</ymax>
    </bndbox>
  </object>
  <object>
    <type>bndbox</type>
    <name>la</name>
    <pose>Unspecified</pose>
    <truncated>0</truncated>
    <difficult>0</difficult>
    <bndbox>
      <xmin>1126</xmin>
      <ymin>451</ymin>
      <xmax>1273</xmax>
      <ymax>538</ymax>
    </bndbox>
  </object>
  <object>
    <type>bndbox</type>
    <name>cara</name>
    <pose>Unspecified</pose>
    <truncated>0</truncated>
    <difficult>0</difficult>
    <bndbox>
      <xmin>1306</xmin>
      <ymin>453</ymin>
      <xmax>1650</xmax>
      <ymax>538</ymax>
    </bndbox>
  </object>
  <object>
    <type>bndbox</type>
    <name>y</name>
    <pose>Unspecified</pose>
    <truncated>0</truncated>
    <difficult>0</difficult>
    <bndbox>
      <xmin>1685</xmin>
      <ymin>454</ymin>
      <xmax>1750</xmax>
      <ymax>536</ymax>
    </bndbox>
  </object>
  <object>
    <type>bndbox</type>
    <name>no</name>
    <pose>Unspecified</pose>
    <truncated>0</truncated>
    <difficult>0</difficult>
    <bndbox>
      <xmin>1001</xmin>
      <ymin>555</ymin>
      <xmax>1211</xmax>
      <ymax>722</ymax>
    </bndbox>
  </object>
</annotation>
