<annotation verified="no">
  <folder>zd-h01o7LtI</folder>
  <filename>07_frame_02089</filename>
  <path>/home/m_1te16262p/Downloads/annotation/&#23665;&#32291;/annotation/zd-h01o7LtI/07_frame_02089.jpg</path>
  <source>
    <database>Unknown</database>
  </source>
  <size>
    <width>1920</width>
    <height>1080</height>
    <depth>3</depth>
  </size>
  <segmented>0</segmented>
  <object>
    <type>robndbox</type>
    <name>when</name>
    <pose>Unspecified</pose>
    <truncated>0</truncated>
    <difficult>0</difficult>
    <robndbox>
      <cx>1153.1169</cx>
      <cy>285.4286</cy>
      <w>268.7242</w>
      <h>104.0735</h>
      <angle>0.06</angle>
    </robndbox>
  </object>
  <object>
    <type>robndbox</type>
    <name>shes</name>
    <pose>Unspecified</pose>
    <truncated>0</truncated>
    <difficult>0</difficult>
    <robndbox>
      <cx>1404.02</cx>
      <cy>309.3042</cy>
      <w>178.4804</w>
      <h>100.6348</h>
      <angle>0.06</angle>
    </robndbox>
  </object>
  <object>
    <type>robndbox</type>
    <name>mean</name>
    <pose>Unspecified</pose>
    <truncated>0</truncated>
    <difficult>0</difficult>
    <robndbox>
      <cx>1640.3581</cx>
      <cy>335.3528</cy>
      <w>222.3625</w>
      <h>59.2888</h>
      <angle>0.06</angle>
    </robndbox>
  </object>
  <object>
    <type>robndbox</type>
    <name>you</name>
    <pose>Unspecified</pose>
    <truncated>0</truncated>
    <difficult>0</difficult>
    <robndbox>
      <cx>1211.0858</cx>
      <cy>433.5049</cy>
      <w>121.0178</w>
      <h>76.6171</h>
      <angle>0.1</angle>
    </robndbox>
  </object>
  <object>
    <type>robndbox</type>
    <name>know</name>
    <pose>Unspecified</pose>
    <truncated>0</truncated>
    <difficult>0</difficult>
    <robndbox>
      <cx>1376.3746</cx>
      <cy>418.227</cy>
      <w>147.5668</w>
      <h>66.6619</h>
      <angle>0.1</angle>
    </robndbox>
  </object>
  <object>
    <type>robndbox</type>
    <name>you</name>
    <pose>Unspecified</pose>
    <truncated>0</truncated>
    <difficult>0</difficult>
    <robndbox>
      <cx>1534.0214</cx>
      <cy>463.2467</cy>
      <w>123.3872</w>
      <h>74.3258</h>
      <angle>0.1</angle>
    </robndbox>
  </object>
  <object>
    <type>robndbox</type>
    <name>love</name>
    <pose>Unspecified</pose>
    <truncated>0</truncated>
    <difficult>0</difficult>
    <robndbox>
      <cx>1689.0015</cx>
      <cy>446.9454</cy>
      <w>124.086</w>
      <h>67.7601</h>
      <angle>0.1</angle>
    </robndbox>
  </object>
  <object>
    <type>robndbox</type>
    <name>it</name>
    <pose>Unspecified</pose>
    <truncated>0</truncated>
    <difficult>0</difficult>
    <robndbox>
      <cx>1808.9214</cx>
      <cy>458.2434</cy>
      <w>57.9166</w>
      <h>67.7501</h>
      <angle>0.1</angle>
    </robndbox>
  </object>
  <object>
    <type>robndbox</type>
    <name>cuz</name>
    <pose>Unspecified</pose>
    <truncated>0</truncated>
    <difficult>0</difficult>
    <robndbox>
      <cx>1024.0808</cx>
      <cy>643.6128</cy>
      <w>154.9304</w>
      <h>105.5274</h>
      <angle>0.19</angle>
    </robndbox>
  </object>
  <object>
    <type>robndbox</type>
    <name>she</name>
    <pose>Unspecified</pose>
    <truncated>0</truncated>
    <difficult>0</difficult>
    <robndbox>
      <cx>1188.9118</cx>
      <cy>668.7919</cy>
      <w>124.526</w>
      <h>95.9716</h>
      <angle>0.19</angle>
    </robndbox>
  </object>
  <object>
    <type>robndbox</type>
    <name>tastes</name>
    <pose>Unspecified</pose>
    <truncated>0</truncated>
    <difficult>0</difficult>
    <robndbox>
      <cx>1385.7149</cx>
      <cy>705.2153</cy>
      <w>198.4789</w>
      <h>94.7633</h>
      <angle>0.19</angle>
    </robndbox>
  </object>
  <object>
    <type>robndbox</type>
    <name>so</name>
    <pose>Unspecified</pose>
    <truncated>0</truncated>
    <difficult>0</difficult>
    <robndbox>
      <cx>1548.0281</cx>
      <cy>752.9875</cy>
      <w>81.6201</w>
      <h>63.6785</h>
      <angle>0.19</angle>
    </robndbox>
  </object>
  <object>
    <type>robndbox</type>
    <name>sweet</name>
    <pose>Unspecified</pose>
    <truncated>0</truncated>
    <difficult>0</difficult>
    <robndbox>
      <cx>1723.1169</cx>
      <cy>769.4286</cy>
      <w>205.9959</w>
      <h>96.8385</h>
      <angle>0.19</angle>
    </robndbox>
  </object>
</annotation>
