<annotation verified="no">
  <folder>zd-h01o7LtI</folder>
  <filename>05_frame_04321</filename>
  <path>/home/m_1te16262p/Downloads/annotation/&#23665;&#32291;/annotation/zd-h01o7LtI/05_frame_04321.jpg</path>
  <source>
    <database>Unknown</database>
  </source>
  <size>
    <width>1920</width>
    <height>1080</height>
    <depth>3</depth>
  </size>
  <segmented>0</segmented>
  <object>
    <type>bndbox</type>
    <name>cause</name>
    <pose>Unspecified</pose>
    <truncated>0</truncated>
    <difficult>0</difficult>
    <bndbox>
      <xmin>98</xmin>
      <ymin>125</ymin>
      <xmax>374</xmax>
      <ymax>245</ymax>
    </bndbox>
  </object>
  <object>
    <type>bndbox</type>
    <name>shes</name>
    <pose>Unspecified</pose>
    <truncated>0</truncated>
    <difficult>0</difficult>
    <bndbox>
      <xmin>412</xmin>
      <ymin>123</ymin>
      <xmax>625</xmax>
      <ymax>242</ymax>
    </bndbox>
  </object>
  <object>
    <type>bndbox</type>
    <name>sweet</name>
    <pose>Unspecified</pose>
    <truncated>0</truncated>
    <difficult>0</difficult>
    <bndbox>
      <xmin>661</xmin>
      <ymin>117</ymin>
      <xmax>919</xmax>
      <ymax>240</ymax>
    </bndbox>
  </object>
  <object>
    <type>bndbox</type>
    <name>but</name>
    <pose>Unspecified</pose>
    <truncated>0</truncated>
    <difficult>0</difficult>
    <bndbox>
      <xmin>961</xmin>
      <ymin>116</ymin>
      <xmax>1145</xmax>
      <ymax>221</ymax>
    </bndbox>
  </object>
  <object>
    <type>bndbox</type>
    <name>a</name>
    <pose>Unspecified</pose>
    <truncated>0</truncated>
    <difficult>0</difficult>
    <bndbox>
      <xmin>1185</xmin>
      <ymin>156</ymin>
      <xmax>1255</xmax>
      <ymax>220</ymax>
    </bndbox>
  </object>
  <object>
    <type>bndbox</type>
    <name>psycho</name>
    <pose>Unspecified</pose>
    <truncated>0</truncated>
    <difficult>0</difficult>
    <bndbox>
      <xmin>1285</xmin>
      <ymin>108</ymin>
      <xmax>1631</xmax>
      <ymax>275</ymax>
    </bndbox>
  </object>
  <object>
    <type>bndbox</type>
    <name>a</name>
    <pose>Unspecified</pose>
    <truncated>0</truncated>
    <difficult>0</difficult>
    <bndbox>
      <xmin>240</xmin>
      <ymin>323</ymin>
      <xmax>289</xmax>
      <ymax>371</ymax>
    </bndbox>
  </object>
  <object>
    <type>bndbox</type>
    <name>little</name>
    <pose>Unspecified</pose>
    <truncated>0</truncated>
    <difficult>0</difficult>
    <bndbox>
      <xmin>325</xmin>
      <ymin>288</ymin>
      <xmax>496</xmax>
      <ymax>371</ymax>
    </bndbox>
  </object>
  <object>
    <type>bndbox</type>
    <name>bit</name>
    <pose>Unspecified</pose>
    <truncated>0</truncated>
    <difficult>0</difficult>
    <bndbox>
      <xmin>535</xmin>
      <ymin>288</ymin>
      <xmax>642</xmax>
      <ymax>367</ymax>
    </bndbox>
  </object>
  <object>
    <type>bndbox</type>
    <name>psycho</name>
    <pose>Unspecified</pose>
    <truncated>0</truncated>
    <difficult>0</difficult>
    <bndbox>
      <xmin>657</xmin>
      <ymin>284</ymin>
      <xmax>909</xmax>
      <ymax>407</ymax>
    </bndbox>
  </object>
  <object>
    <type>bndbox</type>
    <name>at</name>
    <pose>Unspecified</pose>
    <truncated>0</truncated>
    <difficult>0</difficult>
    <bndbox>
      <xmin>366</xmin>
      <ymin>712</ymin>
      <xmax>493</xmax>
      <ymax>806</ymax>
    </bndbox>
  </object>
  <object>
    <type>bndbox</type>
    <name>night</name>
    <pose>Unspecified</pose>
    <truncated>0</truncated>
    <difficult>0</difficult>
    <bndbox>
      <xmin>520</xmin>
      <ymin>714</ymin>
      <xmax>719</xmax>
      <ymax>821</ymax>
    </bndbox>
  </object>
  <object>
    <type>bndbox</type>
    <name>she</name>
    <pose>Unspecified</pose>
    <truncated>0</truncated>
    <difficult>0</difficult>
    <bndbox>
      <xmin>736</xmin>
      <ymin>714</ymin>
      <xmax>857</xmax>
      <ymax>806</ymax>
    </bndbox>
  </object>
  <object>
    <type>bndbox</type>
    <name>screamin</name>
    <pose>Unspecified</pose>
    <truncated>0</truncated>
    <difficult>0</difficult>
    <bndbox>
      <xmin>883</xmin>
      <ymin>727</ymin>
      <xmax>1223</xmax>
      <ymax>806</ymax>
    </bndbox>
  </object>
  <object>
    <type>bndbox</type>
    <name>im</name>
    <pose>Unspecified</pose>
    <truncated>0</truncated>
    <difficult>0</difficult>
    <bndbox>
      <xmin>209</xmin>
      <ymin>812</ymin>
      <xmax>332</xmax>
      <ymax>892</ymax>
    </bndbox>
  </object>
</annotation>
