<annotation verified="no">
  <folder>zd-h01o7LtI</folder>
  <filename>08_frame_00289</filename>
  <path>/home/m_1te16262p/Downloads/annotation/&#23665;&#32291;/annotation/zd-h01o7LtI/08_frame_00289.jpg</path>
  <source>
    <database>Unknown</database>
  </source>
  <size>
    <width>1920</width>
    <height>1080</height>
    <depth>3</depth>
  </size>
  <segmented>0</segmented>
  <object>
    <type>robndbox</type>
    <name>oh</name>
    <pose>Unspecified</pose>
    <truncated>0</truncated>
    <difficult>0</difficult>
    <robndbox>
      <cx>620.4807</cx>
      <cy>700.8803</cy>
      <w>119.472</w>
      <h>85.205</h>
      <angle>2.861593</angle>
    </robndbox>
  </object>
  <object>
    <type>robndbox</type>
    <name>shes</name>
    <pose>Unspecified</pose>
    <truncated>0</truncated>
    <difficult>0</difficult>
    <robndbox>
      <cx>781.3024</cx>
      <cy>659.4767</cy>
      <w>161.0861</w>
      <h>91.1281</h>
      <angle>2.861593</angle>
    </robndbox>
  </object>
  <object>
    <type>robndbox</type>
    <name>hot</name>
    <pose>Unspecified</pose>
    <truncated>0</truncated>
    <difficult>0</difficult>
    <robndbox>
      <cx>955.4833</cx>
      <cy>603.9118</cy>
      <w>135.414</w>
      <h>82.7673</h>
      <angle>2.861593</angle>
    </robndbox>
  </object>
  <object>
    <type>robndbox</type>
    <name>but</name>
    <pose>Unspecified</pose>
    <truncated>0</truncated>
    <difficult>0</difficult>
    <robndbox>
      <cx>1115.7924</cx>
      <cy>558.2478</cy>
      <w>136.9277</w>
      <h>83.0313</h>
      <angle>2.861593</angle>
    </robndbox>
  </object>
  <object>
    <type>robndbox</type>
    <name>a</name>
    <pose>Unspecified</pose>
    <truncated>0</truncated>
    <difficult>0</difficult>
    <robndbox>
      <cx>1239.8042</cx>
      <cy>540.856</cy>
      <w>53.122</w>
      <h>52.2074</h>
      <angle>2.861593</angle>
    </robndbox>
  </object>
  <object>
    <type>robndbox</type>
    <name>psycho</name>
    <pose>Unspecified</pose>
    <truncated>0</truncated>
    <difficult>0</difficult>
    <robndbox>
      <cx>1410.6116</cx>
      <cy>496.5294</cy>
      <w>261.1225</w>
      <h>122.8221</h>
      <angle>2.861593</angle>
    </robndbox>
  </object>
  <object>
    <type>robndbox</type>
    <name>so</name>
    <pose>Unspecified</pose>
    <truncated>0</truncated>
    <difficult>0</difficult>
    <robndbox>
      <cx>522.4318</cx>
      <cy>898.1703</cy>
      <w>74.4754</w>
      <h>60.1614</h>
      <angle>2.841593</angle>
    </robndbox>
  </object>
  <object>
    <type>robndbox</type>
    <name>left</name>
    <pose>Unspecified</pose>
    <truncated>0</truncated>
    <difficult>0</difficult>
    <robndbox>
      <cx>648.7022</cx>
      <cy>858.0917</cy>
      <w>126.4891</w>
      <h>115.0863</h>
      <angle>2.841593</angle>
    </robndbox>
  </object>
  <object>
    <type>robndbox</type>
    <name>but</name>
    <pose>Unspecified</pose>
    <truncated>0</truncated>
    <difficult>0</difficult>
    <robndbox>
      <cx>791.6661</cx>
      <cy>796.1603</cy>
      <w>130.5168</w>
      <h>80.4879</h>
      <angle>2.841593</angle>
    </robndbox>
  </object>
  <object>
    <type>robndbox</type>
    <name>shes</name>
    <pose>Unspecified</pose>
    <truncated>0</truncated>
    <difficult>0</difficult>
    <robndbox>
      <cx>946.1868</cx>
      <cy>753.2618</cy>
      <w>154.7366</w>
      <h>87.863</h>
      <angle>2.841593</angle>
    </robndbox>
  </object>
  <object>
    <type>robndbox</type>
    <name>right</name>
    <pose>Unspecified</pose>
    <truncated>0</truncated>
    <difficult>0</difficult>
    <robndbox>
      <cx>1139.8638</cx>
      <cy>701.7178</cy>
      <w>183.142</w>
      <h>103.0592</h>
      <angle>2.841593</angle>
    </robndbox>
  </object>
</annotation>
