<annotation verified="no">
  <folder>zd-h01o7LtI</folder>
  <filename>03_frame_03673</filename>
  <path>/home/m_1te16262p/Downloads/annotation/&#23665;&#32291;/annotation/zd-h01o7LtI/03_frame_03673.jpg</path>
  <source>
    <database>Unknown</database>
  </source>
  <size>
    <width>1920</width>
    <height>1080</height>
    <depth>3</depth>
  </size>
  <segmented>0</segmented>
  <object>
    <type>bndbox</type>
    <name>youre</name>
    <pose>Unspecified</pose>
    <truncated>0</truncated>
    <difficult>0</difficult>
    <bndbox>
      <xmin>396</xmin>
      <ymin>434</ymin>
      <xmax>619</xmax>
      <ymax>520</ymax>
    </bndbox>
  </object>
  <object>
    <type>bndbox</type>
    <name>tellin</name>
    <pose>Unspecified</pose>
    <truncated>0</truncated>
    <difficult>0</difficult>
    <bndbox>
      <xmin>648</xmin>
      <ymin>432</ymin>
      <xmax>812</xmax>
      <ymax>505</ymax>
    </bndbox>
  </object>
  <object>
    <type>bndbox</type>
    <name>me</name>
    <pose>Unspecified</pose>
    <truncated>0</truncated>
    <difficult>0</difficult>
    <bndbox>
      <xmin>842</xmin>
      <ymin>459</ymin>
      <xmax>936</xmax>
      <ymax>505</ymax>
    </bndbox>
  </object>
  <object>
    <type>bndbox</type>
    <name>that</name>
    <pose>Unspecified</pose>
    <truncated>0</truncated>
    <difficult>0</difficult>
    <bndbox>
      <xmin>968</xmin>
      <ymin>436</ymin>
      <xmax>1115</xmax>
      <ymax>507</ymax>
    </bndbox>
  </object>
  <object>
    <type>bndbox</type>
    <name>im</name>
    <pose>Unspecified</pose>
    <truncated>0</truncated>
    <difficult>0</difficult>
    <bndbox>
      <xmin>1140</xmin>
      <ymin>434</ymin>
      <xmax>1258</xmax>
      <ymax>510</ymax>
    </bndbox>
  </object>
  <object>
    <type>bndbox</type>
    <name>insane</name>
    <pose>Unspecified</pose>
    <truncated>0</truncated>
    <difficult>0</difficult>
    <bndbox>
      <xmin>1285</xmin>
      <ymin>451</ymin>
      <xmax>1476</xmax>
      <ymax>520</ymax>
    </bndbox>
  </object>
  <object>
    <type>bndbox</type>
    <name>boy</name>
    <pose>Unspecified</pose>
    <truncated>0</truncated>
    <difficult>0</difficult>
    <bndbox>
      <xmin>612</xmin>
      <ymin>543</ymin>
      <xmax>733</xmax>
      <ymax>664</ymax>
    </bndbox>
  </object>
  <object>
    <type>bndbox</type>
    <name>dont</name>
    <pose>Unspecified</pose>
    <truncated>0</truncated>
    <difficult>0</difficult>
    <bndbox>
      <xmin>775</xmin>
      <ymin>546</ymin>
      <xmax>964</xmax>
      <ymax>627</ymax>
    </bndbox>
  </object>
  <object>
    <type>bndbox</type>
    <name>pretend</name>
    <pose>Unspecified</pose>
    <truncated>0</truncated>
    <difficult>0</difficult>
    <bndbox>
      <xmin>975</xmin>
      <ymin>551</ymin>
      <xmax>1261</xmax>
      <ymax>664</ymax>
    </bndbox>
  </object>
  <object>
    <type>bndbox</type>
    <name>that</name>
    <pose>Unspecified</pose>
    <truncated>0</truncated>
    <difficult>0</difficult>
    <bndbox>
      <xmin>529</xmin>
      <ymin>672</ymin>
      <xmax>674</xmax>
      <ymax>743</ymax>
    </bndbox>
  </object>
  <object>
    <type>bndbox</type>
    <name>you</name>
    <pose>Unspecified</pose>
    <truncated>0</truncated>
    <difficult>0</difficult>
    <bndbox>
      <xmin>690</xmin>
      <ymin>703</ymin>
      <xmax>816</xmax>
      <ymax>780</ymax>
    </bndbox>
  </object>
  <object>
    <type>bndbox</type>
    <name>dont</name>
    <pose>Unspecified</pose>
    <truncated>0</truncated>
    <difficult>0</difficult>
    <bndbox>
      <xmin>845</xmin>
      <ymin>677</ymin>
      <xmax>1014</xmax>
      <ymax>751</ymax>
    </bndbox>
  </object>
  <object>
    <type>bndbox</type>
    <name>love</name>
    <pose>Unspecified</pose>
    <truncated>0</truncated>
    <difficult>0</difficult>
    <bndbox>
      <xmin>1035</xmin>
      <ymin>679</ymin>
      <xmax>1168</xmax>
      <ymax>750</ymax>
    </bndbox>
  </object>
  <object>
    <type>bndbox</type>
    <name>the</name>
    <pose>Unspecified</pose>
    <truncated>0</truncated>
    <difficult>0</difficult>
    <bndbox>
      <xmin>1197</xmin>
      <ymin>682</ymin>
      <xmax>1303</xmax>
      <ymax>754</ymax>
    </bndbox>
  </object>
  <object>
    <type>bndbox</type>
    <name>pain</name>
    <pose>Unspecified</pose>
    <truncated>0</truncated>
    <difficult>0</difficult>
    <bndbox>
      <xmin>1318</xmin>
      <ymin>698</ymin>
      <xmax>1477</xmax>
      <ymax>788</ymax>
    </bndbox>
  </object>
</annotation>
