<annotation verified="no">
  <folder>zd-h01o7LtI</folder>
  <filename>06_frame_03097</filename>
  <path>/home/m_1te16262p/Downloads/annotation/&#23665;&#32291;/annotation/zd-h01o7LtI/06_frame_03097.jpg</path>
  <source>
    <database>Unknown</database>
  </source>
  <size>
    <width>1920</width>
    <height>1080</height>
    <depth>3</depth>
  </size>
  <segmented>0</segmented>
  <object>
    <type>bndbox</type>
    <name>cause</name>
    <pose>Unspecified</pose>
    <truncated>0</truncated>
    <difficult>0</difficult>
    <bndbox>
      <xmin>342</xmin>
      <ymin>138</ymin>
      <xmax>594</xmax>
      <ymax>245</ymax>
    </bndbox>
  </object>
  <object>
    <type>bndbox</type>
    <name>shes</name>
    <pose>Unspecified</pose>
    <truncated>0</truncated>
    <difficult>0</difficult>
    <bndbox>
      <xmin>627</xmin>
      <ymin>133</ymin>
      <xmax>818</xmax>
      <ymax>243</ymax>
    </bndbox>
  </object>
  <object>
    <type>bndbox</type>
    <name>sweet</name>
    <pose>Unspecified</pose>
    <truncated>0</truncated>
    <difficult>0</difficult>
    <bndbox>
      <xmin>853</xmin>
      <ymin>129</ymin>
      <xmax>1087</xmax>
      <ymax>241</ymax>
    </bndbox>
  </object>
  <object>
    <type>bndbox</type>
    <name>but</name>
    <pose>Unspecified</pose>
    <truncated>0</truncated>
    <difficult>0</difficult>
    <bndbox>
      <xmin>1122</xmin>
      <ymin>128</ymin>
      <xmax>1289</xmax>
      <ymax>227</ymax>
    </bndbox>
  </object>
  <object>
    <type>bndbox</type>
    <name>a</name>
    <pose>Unspecified</pose>
    <truncated>0</truncated>
    <difficult>0</difficult>
    <bndbox>
      <xmin>1327</xmin>
      <ymin>163</ymin>
      <xmax>1389</xmax>
      <ymax>223</ymax>
    </bndbox>
  </object>
  <object>
    <type>bndbox</type>
    <name>psycho</name>
    <pose>Unspecified</pose>
    <truncated>0</truncated>
    <difficult>0</difficult>
    <bndbox>
      <xmin>1414</xmin>
      <ymin>120</ymin>
      <xmax>1725</xmax>
      <ymax>271</ymax>
    </bndbox>
  </object>
  <object>
    <type>bndbox</type>
    <name>a</name>
    <pose>Unspecified</pose>
    <truncated>0</truncated>
    <difficult>0</difficult>
    <bndbox>
      <xmin>955</xmin>
      <ymin>303</ymin>
      <xmax>1022</xmax>
      <ymax>363</ymax>
    </bndbox>
  </object>
  <object>
    <type>bndbox</type>
    <name>little</name>
    <pose>Unspecified</pose>
    <truncated>0</truncated>
    <difficult>0</difficult>
    <bndbox>
      <xmin>1066</xmin>
      <ymin>263</ymin>
      <xmax>1276</xmax>
      <ymax>360</ymax>
    </bndbox>
  </object>
  <object>
    <type>bndbox</type>
    <name>bit</name>
    <pose>Unspecified</pose>
    <truncated>0</truncated>
    <difficult>0</difficult>
    <bndbox>
      <xmin>1325</xmin>
      <ymin>258</ymin>
      <xmax>1461</xmax>
      <ymax>358</ymax>
    </bndbox>
  </object>
  <object>
    <type>bndbox</type>
    <name>psycho</name>
    <pose>Unspecified</pose>
    <truncated>0</truncated>
    <difficult>0</difficult>
    <bndbox>
      <xmin>1479</xmin>
      <ymin>254</ymin>
      <xmax>1792</xmax>
      <ymax>405</ymax>
    </bndbox>
  </object>
  <object>
    <type>bndbox</type>
    <name>at</name>
    <pose>Unspecified</pose>
    <truncated>0</truncated>
    <difficult>0</difficult>
    <bndbox>
      <xmin>145</xmin>
      <ymin>579</ymin>
      <xmax>348</xmax>
      <ymax>723</ymax>
    </bndbox>
  </object>
  <object>
    <type>bndbox</type>
    <name>night</name>
    <pose>Unspecified</pose>
    <truncated>0</truncated>
    <difficult>0</difficult>
    <bndbox>
      <xmin>392</xmin>
      <ymin>580</ymin>
      <xmax>707</xmax>
      <ymax>749</ymax>
    </bndbox>
  </object>
  <object>
    <type>bndbox</type>
    <name>she</name>
    <pose>Unspecified</pose>
    <truncated>0</truncated>
    <difficult>0</difficult>
    <bndbox>
      <xmin>738</xmin>
      <ymin>579</ymin>
      <xmax>877</xmax>
      <ymax>723</ymax>
    </bndbox>
  </object>
</annotation>
