<annotation verified="no">
  <folder>zd-h01o7LtI</folder>
  <filename>01_frame_02449</filename>
  <path>/home/m_1te16262p/Downloads/annotation/&#23665;&#32291;/annotation/zd-h01o7LtI/01_frame_02449.jpg</path>
  <source>
    <database>Unknown</database>
  </source>
  <size>
    <width>1920</width>
    <height>1080</height>
    <depth>3</depth>
  </size>
  <segmented>0</segmented>
  <object>
    <type>bndbox</type>
    <name>youll</name>
    <pose>Unspecified</pose>
    <truncated>0</truncated>
    <difficult>0</difficult>
    <bndbox>
      <xmin>702</xmin>
      <ymin>154</ymin>
      <xmax>972</xmax>
      <ymax>272</ymax>
    </bndbox>
  </object>
  <object>
    <type>bndbox</type>
    <name>be</name>
    <pose>Unspecified</pose>
    <truncated>0</truncated>
    <difficult>0</difficult>
    <bndbox>
      <xmin>1009</xmin>
      <ymin>155</ymin>
      <xmax>1103</xmax>
      <ymax>238</ymax>
    </bndbox>
  </object>
  <object>
    <type>bndbox</type>
    <name>saying</name>
    <pose>Unspecified</pose>
    <truncated>0</truncated>
    <difficult>0</difficult>
    <bndbox>
      <xmin>1131</xmin>
      <ymin>169</ymin>
      <xmax>1375</xmax>
      <ymax>288</ymax>
    </bndbox>
  </object>
  <object>
    <type>bndbox</type>
    <name>no</name>
    <pose>Unspecified</pose>
    <truncated>0</truncated>
    <difficult>0</difficult>
    <bndbox>
      <xmin>863</xmin>
      <ymin>289</ymin>
      <xmax>1090</xmax>
      <ymax>410</ymax>
    </bndbox>
  </object>
  <object>
    <type>bndbox</type>
    <name>noo</name>
    <pose>Unspecified</pose>
    <truncated>0</truncated>
    <difficult>0</difficult>
    <bndbox>
      <xmin>1179</xmin>
      <ymin>289</ymin>
      <xmax>1505</xmax>
      <ymax>407</ymax>
    </bndbox>
  </object>
  <object>
    <type>bndbox</type>
    <name>then</name>
    <pose>Unspecified</pose>
    <truncated>0</truncated>
    <difficult>0</difficult>
    <bndbox>
      <xmin>554</xmin>
      <ymin>411</ymin>
      <xmax>759</xmax>
      <ymax>506</ymax>
    </bndbox>
  </object>
  <object>
    <type>bndbox</type>
    <name>saying</name>
    <pose>Unspecified</pose>
    <truncated>0</truncated>
    <difficult>0</difficult>
    <bndbox>
      <xmin>785</xmin>
      <ymin>427</ymin>
      <xmax>1038</xmax>
      <ymax>553</ymax>
    </bndbox>
  </object>
  <object>
    <type>bndbox</type>
    <name>yes</name>
    <pose>Unspecified</pose>
    <truncated>0</truncated>
    <difficult>0</difficult>
    <bndbox>
      <xmin>1074</xmin>
      <ymin>445</ymin>
      <xmax>1207</xmax>
      <ymax>553</ymax>
    </bndbox>
  </object>
  <object>
    <type>bndbox</type>
    <name>yes</name>
    <pose>Unspecified</pose>
    <truncated>0</truncated>
    <difficult>0</difficult>
    <bndbox>
      <xmin>1236</xmin>
      <ymin>443</ymin>
      <xmax>1370</xmax>
      <ymax>551</ymax>
    </bndbox>
  </object>
  <object>
    <type>bndbox</type>
    <name>yes</name>
    <pose>Unspecified</pose>
    <truncated>0</truncated>
    <difficult>0</difficult>
    <bndbox>
      <xmin>1397</xmin>
      <ymin>442</ymin>
      <xmax>1531</xmax>
      <ymax>550</ymax>
    </bndbox>
  </object>
  <object>
    <type>bndbox</type>
    <name>cause</name>
    <pose>Unspecified</pose>
    <truncated>0</truncated>
    <difficult>0</difficult>
    <bndbox>
      <xmin>546</xmin>
      <ymin>567</ymin>
      <xmax>757</xmax>
      <ymax>666</ymax>
    </bndbox>
  </object>
  <object>
    <type>bndbox</type>
    <name>she</name>
    <pose>Unspecified</pose>
    <truncated>0</truncated>
    <difficult>0</difficult>
    <bndbox>
      <xmin>779</xmin>
      <ymin>573</ymin>
      <xmax>903</xmax>
      <ymax>669</ymax>
    </bndbox>
  </object>
  <object>
    <type>bndbox</type>
    <name>messin</name>
    <pose>Unspecified</pose>
    <truncated>0</truncated>
    <difficult>0</difficult>
    <bndbox>
      <xmin>933</xmin>
      <ymin>594</ymin>
      <xmax>1185</xmax>
      <ymax>671</ymax>
    </bndbox>
  </object>
  <object>
    <type>bndbox</type>
    <name>with</name>
    <pose>Unspecified</pose>
    <truncated>0</truncated>
    <difficult>0</difficult>
    <bndbox>
      <xmin>1212</xmin>
      <ymin>584</ymin>
      <xmax>1377</xmax>
      <ymax>668</ymax>
    </bndbox>
  </object>
  <object>
    <type>bndbox</type>
    <name>your</name>
    <pose>Unspecified</pose>
    <truncated>0</truncated>
    <difficult>0</difficult>
    <bndbox>
      <xmin>1402</xmin>
      <ymin>615</ymin>
      <xmax>1585</xmax>
      <ymax>711</ymax>
    </bndbox>
  </object>
  <object>
    <type>bndbox</type>
    <name>head</name>
    <pose>Unspecified</pose>
    <truncated>0</truncated>
    <difficult>0</difficult>
    <bndbox>
      <xmin>1622</xmin>
      <ymin>590</ymin>
      <xmax>1814</xmax>
      <ymax>677</ymax>
    </bndbox>
  </object>
</annotation>
