<annotation verified="no">
  <folder>zd-h01o7LtI</folder>
  <filename>09_frame_01513</filename>
  <path>/home/m_1te16262p/Downloads/annotation/&#23665;&#32291;/annotation/zd-h01o7LtI/09_frame_01513.jpg</path>
  <source>
    <database>Unknown</database>
  </source>
  <size>
    <width>1920</width>
    <height>1080</height>
    <depth>3</depth>
  </size>
  <segmented>0</segmented>
  <object>
    <type>bndbox</type>
    <name>grab</name>
    <pose>Unspecified</pose>
    <truncated>0</truncated>
    <difficult>0</difficult>
    <bndbox>
      <xmin>592</xmin>
      <ymin>243</ymin>
      <xmax>785</xmax>
      <ymax>327</ymax>
    </bndbox>
  </object>
  <object>
    <type>bndbox</type>
    <name>a</name>
    <pose>Unspecified</pose>
    <truncated>0</truncated>
    <difficult>0</difficult>
    <bndbox>
      <xmin>818</xmin>
      <ymin>277</ymin>
      <xmax>866</xmax>
      <ymax>324</ymax>
    </bndbox>
  </object>
  <object>
    <type>bndbox</type>
    <name>cop</name>
    <pose>Unspecified</pose>
    <truncated>0</truncated>
    <difficult>0</difficult>
    <bndbox>
      <xmin>899</xmin>
      <ymin>271</ymin>
      <xmax>1018</xmax>
      <ymax>359</ymax>
    </bndbox>
  </object>
  <object>
    <type>bndbox</type>
    <name>gun</name>
    <pose>Unspecified</pose>
    <truncated>0</truncated>
    <difficult>0</difficult>
    <bndbox>
      <xmin>1041</xmin>
      <ymin>279</ymin>
      <xmax>1176</xmax>
      <ymax>347</ymax>
    </bndbox>
  </object>
  <object>
    <type>bndbox</type>
    <name>kinda</name>
    <pose>Unspecified</pose>
    <truncated>0</truncated>
    <difficult>0</difficult>
    <bndbox>
      <xmin>1207</xmin>
      <ymin>250</ymin>
      <xmax>1402</xmax>
      <ymax>328</ymax>
    </bndbox>
  </object>
  <object>
    <type>bndbox</type>
    <name>crazy</name>
    <pose>Unspecified</pose>
    <truncated>0</truncated>
    <difficult>0</difficult>
    <bndbox>
      <xmin>1435</xmin>
      <ymin>273</ymin>
      <xmax>1610</xmax>
      <ymax>368</ymax>
    </bndbox>
  </object>
  <object>
    <type>bndbox</type>
    <name>shes</name>
    <pose>Unspecified</pose>
    <truncated>0</truncated>
    <difficult>0</difficult>
    <bndbox>
      <xmin>737</xmin>
      <ymin>341</ymin>
      <xmax>931</xmax>
      <ymax>445</ymax>
    </bndbox>
  </object>
  <object>
    <type>bndbox</type>
    <name>poison</name>
    <pose>Unspecified</pose>
    <truncated>0</truncated>
    <difficult>0</difficult>
    <bndbox>
      <xmin>948</xmin>
      <ymin>369</ymin>
      <xmax>1183</xmax>
      <ymax>473</ymax>
    </bndbox>
  </object>
  <object>
    <type>bndbox</type>
    <name>but</name>
    <pose>Unspecified</pose>
    <truncated>0</truncated>
    <difficult>0</difficult>
    <bndbox>
      <xmin>1218</xmin>
      <ymin>356</ymin>
      <xmax>1354</xmax>
      <ymax>437</ymax>
    </bndbox>
  </object>
  <object>
    <type>bndbox</type>
    <name>tasty</name>
    <pose>Unspecified</pose>
    <truncated>0</truncated>
    <difficult>0</difficult>
    <bndbox>
      <xmin>1380</xmin>
      <ymin>358</ymin>
      <xmax>1551</xmax>
      <ymax>481</ymax>
    </bndbox>
  </object>
</annotation>
