<annotation verified="no">
  <folder>zd-h01o7LtI</folder>
  <filename>02_frame_01729</filename>
  <path>/home/m_1te16262p/Downloads/annotation/&#23665;&#32291;/annotation/zd-h01o7LtI/02_frame_01729.jpg</path>
  <source>
    <database>Unknown</database>
  </source>
  <size>
    <width>1920</width>
    <height>1080</height>
    <depth>3</depth>
  </size>
  <segmented>0</segmented>
  <object>
    <type>bndbox</type>
    <name>cause</name>
    <pose>Unspecified</pose>
    <truncated>0</truncated>
    <difficult>0</difficult>
    <bndbox>
      <xmin>96</xmin>
      <ymin>107</ymin>
      <xmax>376</xmax>
      <ymax>233</ymax>
    </bndbox>
  </object>
  <object>
    <type>bndbox</type>
    <name>shes</name>
    <pose>Unspecified</pose>
    <truncated>0</truncated>
    <difficult>0</difficult>
    <bndbox>
      <xmin>412</xmin>
      <ymin>111</ymin>
      <xmax>627</xmax>
      <ymax>238</ymax>
    </bndbox>
  </object>
  <object>
    <type>bndbox</type>
    <name>sweet</name>
    <pose>Unspecified</pose>
    <truncated>0</truncated>
    <difficult>0</difficult>
    <bndbox>
      <xmin>663</xmin>
      <ymin>120</ymin>
      <xmax>920</xmax>
      <ymax>240</ymax>
    </bndbox>
  </object>
  <object>
    <type>bndbox</type>
    <name>but</name>
    <pose>Unspecified</pose>
    <truncated>0</truncated>
    <difficult>0</difficult>
    <bndbox>
      <xmin>961</xmin>
      <ymin>123</ymin>
      <xmax>1148</xmax>
      <ymax>233</ymax>
    </bndbox>
  </object>
  <object>
    <type>bndbox</type>
    <name>a</name>
    <pose>Unspecified</pose>
    <truncated>0</truncated>
    <difficult>0</difficult>
    <bndbox>
      <xmin>1183</xmin>
      <ymin>173</ymin>
      <xmax>1254</xmax>
      <ymax>238</ymax>
    </bndbox>
  </object>
  <object>
    <type>bndbox</type>
    <name>psycho</name>
    <pose>Unspecified</pose>
    <truncated>0</truncated>
    <difficult>0</difficult>
    <bndbox>
      <xmin>1280</xmin>
      <ymin>134</ymin>
      <xmax>1623</xmax>
      <ymax>298</ymax>
    </bndbox>
  </object>
  <object>
    <type>bndbox</type>
    <name>a</name>
    <pose>Unspecified</pose>
    <truncated>0</truncated>
    <difficult>0</difficult>
    <bndbox>
      <xmin>244</xmin>
      <ymin>308</ymin>
      <xmax>296</xmax>
      <ymax>358</ymax>
    </bndbox>
  </object>
  <object>
    <type>bndbox</type>
    <name>little</name>
    <pose>Unspecified</pose>
    <truncated>0</truncated>
    <difficult>0</difficult>
    <bndbox>
      <xmin>329</xmin>
      <ymin>279</ymin>
      <xmax>501</xmax>
      <ymax>360</ymax>
    </bndbox>
  </object>
  <object>
    <type>bndbox</type>
    <name>bit</name>
    <pose>Unspecified</pose>
    <truncated>0</truncated>
    <difficult>0</difficult>
    <bndbox>
      <xmin>536</xmin>
      <ymin>282</ymin>
      <xmax>645</xmax>
      <ymax>362</ymax>
    </bndbox>
  </object>
  <object>
    <type>bndbox</type>
    <name>psycho</name>
    <pose>Unspecified</pose>
    <truncated>0</truncated>
    <difficult>0</difficult>
    <bndbox>
      <xmin>658</xmin>
      <ymin>289</ymin>
      <xmax>905</xmax>
      <ymax>408</ymax>
    </bndbox>
  </object>
  <object>
    <type>bndbox</type>
    <name>at</name>
    <pose>Unspecified</pose>
    <truncated>0</truncated>
    <difficult>0</difficult>
    <bndbox>
      <xmin>374</xmin>
      <ymin>692</ymin>
      <xmax>499</xmax>
      <ymax>779</ymax>
    </bndbox>
  </object>
  <object>
    <type>bndbox</type>
    <name>night</name>
    <pose>Unspecified</pose>
    <truncated>0</truncated>
    <difficult>0</difficult>
    <bndbox>
      <xmin>523</xmin>
      <ymin>699</ymin>
      <xmax>716</xmax>
      <ymax>797</ymax>
    </bndbox>
  </object>
  <object>
    <type>bndbox</type>
    <name>she</name>
    <pose>Unspecified</pose>
    <truncated>0</truncated>
    <difficult>0</difficult>
    <bndbox>
      <xmin>731</xmin>
      <ymin>703</ymin>
      <xmax>848</xmax>
      <ymax>786</ymax>
    </bndbox>
  </object>
  <object>
    <type>bndbox</type>
    <name>screamin</name>
    <pose>Unspecified</pose>
    <truncated>0</truncated>
    <difficult>0</difficult>
    <bndbox>
      <xmin>871</xmin>
      <ymin>724</ymin>
      <xmax>1197</xmax>
      <ymax>790</ymax>
    </bndbox>
  </object>
  <object>
    <type>bndbox</type>
    <name>im</name>
    <pose>Unspecified</pose>
    <truncated>0</truncated>
    <difficult>0</difficult>
    <bndbox>
      <xmin>224</xmin>
      <ymin>779</ymin>
      <xmax>342</xmax>
      <ymax>855</ymax>
    </bndbox>
  </object>
  <object>
    <type>bndbox</type>
    <name>ma</name>
    <pose>Unspecified</pose>
    <truncated>0</truncated>
    <difficult>0</difficult>
    <bndbox>
      <xmin>370</xmin>
      <ymin>811</ymin>
      <xmax>475</xmax>
      <ymax>858</ymax>
    </bndbox>
  </object>
</annotation>
