<annotation verified="no">
  <folder>zd-h01o7LtI</folder>
  <filename>04_frame_02953</filename>
  <path>/home/m_1te16262p/Downloads/annotation/&#23665;&#32291;/annotation/zd-h01o7LtI/04_frame_02953.jpg</path>
  <source>
    <database>Unknown</database>
  </source>
  <size>
    <width>1920</width>
    <height>1080</height>
    <depth>3</depth>
  </size>
  <segmented>0</segmented>
  <object>
    <type>robndbox</type>
    <name>grab</name>
    <pose>Unspecified</pose>
    <truncated>0</truncated>
    <difficult>0</difficult>
    <robndbox>
      <cx>530.7283</cx>
      <cy>810.7864</cy>
      <w>177.2962</w>
      <h>77.833</h>
      <angle>2.081593</angle>
    </robndbox>
  </object>
  <object>
    <type>robndbox</type>
    <name>a</name>
    <pose>Unspecified</pose>
    <truncated>0</truncated>
    <difficult>0</difficult>
    <robndbox>
      <cx>610.0945</cx>
      <cy>693.3875</cy>
      <w>45.2367</w>
      <h>45.9333</h>
      <angle>2.081593</angle>
    </robndbox>
  </object>
  <object>
    <type>robndbox</type>
    <name>cop</name>
    <pose>Unspecified</pose>
    <truncated>0</truncated>
    <difficult>0</difficult>
    <robndbox>
      <cx>672.2944</cx>
      <cy>605.3452</cy>
      <w>108.544</w>
      <h>84.1619</h>
      <angle>2.081593</angle>
    </robndbox>
  </object>
  <object>
    <type>robndbox</type>
    <name>gun</name>
    <pose>Unspecified</pose>
    <truncated>0</truncated>
    <difficult>0</difficult>
    <robndbox>
      <cx>738.1899</cx>
      <cy>482.4628</cy>
      <w>127.5631</w>
      <h>67.069</h>
      <angle>2.081593</angle>
    </robndbox>
  </object>
  <object>
    <type>robndbox</type>
    <name>kinda</name>
    <pose>Unspecified</pose>
    <truncated>0</truncated>
    <difficult>0</difficult>
    <robndbox>
      <cx>806.0813</cx>
      <cy>308.2644</cy>
      <w>183.4407</w>
      <h>72.915</h>
      <angle>2.081593</angle>
    </robndbox>
  </object>
  <object>
    <type>robndbox</type>
    <name>crazy</name>
    <pose>Unspecified</pose>
    <truncated>0</truncated>
    <difficult>0</difficult>
    <robndbox>
      <cx>931.2521</cx>
      <cy>142.283</cy>
      <w>167.3168</w>
      <h>89.4898</h>
      <angle>2.081593</angle>
    </robndbox>
  </object>
  <object>
    <type>robndbox</type>
    <name>shes</name>
    <pose>Unspecified</pose>
    <truncated>0</truncated>
    <difficult>0</difficult>
    <robndbox>
      <cx>751.5307</cx>
      <cy>928.9162</cy>
      <w>177.5956</w>
      <h>97.8294</h>
      <angle>1.941593</angle>
    </robndbox>
  </object>
  <object>
    <type>robndbox</type>
    <name>poison</name>
    <pose>Unspecified</pose>
    <truncated>0</truncated>
    <difficult>0</difficult>
    <robndbox>
      <cx>855.6454</cx>
      <cy>728.9047</cy>
      <w>224.7132</w>
      <h>103.5189</h>
      <angle>1.941593</angle>
    </robndbox>
  </object>
  <object>
    <type>robndbox</type>
    <name>but</name>
    <pose>Unspecified</pose>
    <truncated>0</truncated>
    <difficult>0</difficult>
    <robndbox>
      <cx>907.8894</cx>
      <cy>525.4164</cy>
      <w>134.6696</w>
      <h>84.0561</h>
      <angle>1.941593</angle>
    </robndbox>
  </object>
  <object>
    <type>robndbox</type>
    <name>tasty</name>
    <pose>Unspecified</pose>
    <truncated>0</truncated>
    <difficult>0</difficult>
    <robndbox>
      <cx>987.0302</cx>
      <cy>370.915</cy>
      <w>166.6708</w>
      <h>120.4038</h>
      <angle>1.941593</angle>
    </robndbox>
  </object>
  <object>
    <type>robndbox</type>
    <name>yeah</name>
    <pose>Unspecified</pose>
    <truncated>0</truncated>
    <difficult>0</difficult>
    <robndbox>
      <cx>988.7213</cx>
      <cy>989.8339</cy>
      <w>137.1481</w>
      <h>70.9725</h>
      <angle>1.831593</angle>
    </robndbox>
  </object>
  <object>
    <type>robndbox</type>
    <name>people</name>
    <pose>Unspecified</pose>
    <truncated>0</truncated>
    <difficult>0</difficult>
    <robndbox>
      <cx>1033.7585</cx>
      <cy>837.0739</cy>
      <w>159.7496</w>
      <h>81.2212</h>
      <angle>1.831593</angle>
    </robndbox>
  </object>
  <object>
    <type>robndbox</type>
    <name>say</name>
    <pose>Unspecified</pose>
    <truncated>0</truncated>
    <difficult>0</difficult>
    <robndbox>
      <cx>1078.5255</cx>
      <cy>711.5792</cy>
      <w>72.8582</w>
      <h>61.6899</h>
      <angle>1.831593</angle>
    </robndbox>
  </object>
  <object>
    <type>robndbox</type>
    <name>run</name>
    <pose>Unspecified</pose>
    <truncated>0</truncated>
    <difficult>0</difficult>
    <robndbox>
      <cx>1091.3017</cx>
      <cy>599.5501</cy>
      <w>88.7676</w>
      <h>40.6324</h>
      <angle>1.831593</angle>
    </robndbox>
  </object>
  <object>
    <type>robndbox</type>
    <name>dont</name>
    <pose>Unspecified</pose>
    <truncated>0</truncated>
    <difficult>0</difficult>
    <robndbox>
      <cx>1115.1427</cx>
      <cy>472.8757</cy>
      <w>129.0273</w>
      <h>55.1874</h>
      <angle>1.831593</angle>
    </robndbox>
  </object>
  <object>
    <type>robndbox</type>
    <name>walk</name>
    <pose>Unspecified</pose>
    <truncated>0</truncated>
    <difficult>0</difficult>
    <robndbox>
      <cx>1150.5248</cx>
      <cy>338.444</cy>
      <w>115.3703</w>
      <h>56.4737</h>
      <angle>1.831593</angle>
    </robndbox>
  </object>
</annotation>
