<annotation verified="no">
  <folder>6DaL-Z4dwzI</folder>
  <filename>05_frame_04825</filename>
  <path>/home/mitsuo/roLabelImg-master/&#28288;&#23614;/annotation/6DaL-Z4dwzI/05_frame_04825.jpg</path>
  <source>
    <database>Unknown</database>
  </source>
  <size>
    <width>1920</width>
    <height>1080</height>
    <depth>3</depth>
  </size>
  <segmented>0</segmented>
  <object>
    <type>bndbox</type>
    <name>young</name>
    <pose>Unspecified</pose>
    <truncated>0</truncated>
    <difficult>0</difficult>
    <bndbox>
      <xmin>173</xmin>
      <ymin>320</ymin>
      <xmax>1797</xmax>
      <ymax>708</ymax>
    </bndbox>
  </object>
</annotation>
