<annotation verified="no">
  <folder>6DaL-Z4dwzI</folder>
  <filename>00_frame_02665</filename>
  <path>/home/mitsuo/roLabelImg-master/&#28288;&#23614;/annotation/6DaL-Z4dwzI/00_frame_02665.jpg</path>
  <source>
    <database>Unknown</database>
  </source>
  <size>
    <width>1920</width>
    <height>1080</height>
    <depth>3</depth>
  </size>
  <segmented>0</segmented>
  <object>
    <type>bndbox</type>
    <name>its</name>
    <pose>Unspecified</pose>
    <truncated>0</truncated>
    <difficult>0</difficult>
    <bndbox>
      <xmin>318</xmin>
      <ymin>456</ymin>
      <xmax>657</xmax>
      <ymax>640</ymax>
    </bndbox>
  </object>
  <object>
    <type>bndbox</type>
    <name>fuck</name>
    <pose>Unspecified</pose>
    <truncated>0</truncated>
    <difficult>0</difficult>
    <bndbox>
      <xmin>730</xmin>
      <ymin>455</ymin>
      <xmax>1183</xmax>
      <ymax>639</ymax>
    </bndbox>
  </object>
  <object>
    <type>bndbox</type>
    <name>you</name>
    <pose>Unspecified</pose>
    <truncated>0</truncated>
    <difficult>0</difficult>
    <bndbox>
      <xmin>1250</xmin>
      <ymin>456</ymin>
      <xmax>1589</xmax>
      <ymax>637</ymax>
    </bndbox>
  </object>
</annotation>
