<annotation verified="no">
  <folder>6DaL-Z4dwzI</folder>
  <filename>07_frame_04033</filename>
  <path>/home/mitsuo/roLabelImg-master/&#28288;&#23614;/annotation/6DaL-Z4dwzI/07_frame_04033.jpg</path>
  <source>
    <database>Unknown</database>
  </source>
  <size>
    <width>1920</width>
    <height>1080</height>
    <depth>3</depth>
  </size>
  <segmented>0</segmented>
  <object>
    <type>bndbox</type>
    <name>jackie</name>
    <pose>Unspecified</pose>
    <truncated>0</truncated>
    <difficult>0</difficult>
    <bndbox>
      <xmin>378</xmin>
      <ymin>775</ymin>
      <xmax>1083</xmax>
      <ymax>980</ymax>
    </bndbox>
  </object>
  <object>
    <type>bndbox</type>
    <name>chan</name>
    <pose>Unspecified</pose>
    <truncated>0</truncated>
    <difficult>0</difficult>
    <bndbox>
      <xmin>1169</xmin>
      <ymin>779</ymin>
      <xmax>1679</xmax>
      <ymax>979</ymax>
    </bndbox>
  </object>
</annotation>
