<annotation verified="no">
  <folder>6DaL-Z4dwzI</folder>
  <filename>08_frame_01081</filename>
  <path>/home/mitsuo/roLabelImg-master/&#28288;&#23614;/annotation/6DaL-Z4dwzI/08_frame_01081.jpg</path>
  <source>
    <database>Unknown</database>
  </source>
  <size>
    <width>1920</width>
    <height>1080</height>
    <depth>3</depth>
  </size>
  <segmented>0</segmented>
  <object>
    <type>bndbox</type>
    <name>dance</name>
    <pose>Unspecified</pose>
    <truncated>0</truncated>
    <difficult>0</difficult>
    <bndbox>
      <xmin>789</xmin>
      <ymin>80</ymin>
      <xmax>1157</xmax>
      <ymax>192</ymax>
    </bndbox>
  </object>
  <object>
    <type>bndbox</type>
    <name>dance</name>
    <pose>Unspecified</pose>
    <truncated>0</truncated>
    <difficult>0</difficult>
    <bndbox>
      <xmin>597</xmin>
      <ymin>304</ymin>
      <xmax>1342</xmax>
      <ymax>525</ymax>
    </bndbox>
  </object>
</annotation>
