<annotation verified="no">
  <folder>6DaL-Z4dwzI</folder>
  <filename>09_frame_01297</filename>
  <path>/home/mitsuo/roLabelImg-master/&#28288;&#23614;/annotation/6DaL-Z4dwzI/09_frame_01297.jpg</path>
  <source>
    <database>Unknown</database>
  </source>
  <size>
    <width>1920</width>
    <height>1080</height>
    <depth>3</depth>
  </size>
  <segmented>0</segmented>
  <object>
    <type>bndbox</type>
    <name>she</name>
    <pose>Unspecified</pose>
    <truncated>0</truncated>
    <difficult>0</difficult>
    <bndbox>
      <xmin>462</xmin>
      <ymin>289</ymin>
      <xmax>798</xmax>
      <ymax>487</ymax>
    </bndbox>
  </object>
  <object>
    <type>bndbox</type>
    <name>gon</name>
    <pose>Unspecified</pose>
    <truncated>0</truncated>
    <difficult>0</difficult>
    <bndbox>
      <xmin>835</xmin>
      <ymin>283</ymin>
      <xmax>1221</xmax>
      <ymax>491</ymax>
    </bndbox>
  </object>
  <object>
    <type>bndbox</type>
    <name>call</name>
    <pose>Unspecified</pose>
    <truncated>0</truncated>
    <difficult>0</difficult>
    <bndbox>
      <xmin>621</xmin>
      <ymin>507</ymin>
      <xmax>1050</xmax>
      <ymax>705</ymax>
    </bndbox>
  </object>
</annotation>
