<annotation verified="no">
  <folder>6DaL-Z4dwzI</folder>
  <filename>06_frame_02449</filename>
  <path>/home/mitsuo/roLabelImg-master/&#28288;&#23614;/annotation/6DaL-Z4dwzI/06_frame_02449.jpg</path>
  <source>
    <database>Unknown</database>
  </source>
  <size>
    <width>1920</width>
    <height>1080</height>
    <depth>3</depth>
  </size>
  <segmented>0</segmented>
  <object>
    <type>bndbox</type>
    <name>think</name>
    <pose>Unspecified</pose>
    <truncated>0</truncated>
    <difficult>0</difficult>
    <bndbox>
      <xmin>830</xmin>
      <ymin>171</ymin>
      <xmax>1735</xmax>
      <ymax>529</ymax>
    </bndbox>
  </object>
  <object>
    <type>bndbox</type>
    <name>im</name>
    <pose>Unspecified</pose>
    <truncated>0</truncated>
    <difficult>0</difficult>
    <bndbox>
      <xmin>458</xmin>
      <ymin>573</ymin>
      <xmax>830</xmax>
      <ymax>925</ymax>
    </bndbox>
  </object>
  <object>
    <type>bndbox</type>
    <name>crazy</name>
    <pose>Unspecified</pose>
    <truncated>0</truncated>
    <difficult>0</difficult>
    <bndbox>
      <xmin>909</xmin>
      <ymin>552</ymin>
      <xmax>1714</xmax>
      <ymax>987</ymax>
    </bndbox>
  </object>
  <object>
    <type>robndbox</type>
    <name>they</name>
    <pose>Unspecified</pose>
    <truncated>0</truncated>
    <difficult>0</difficult>
    <robndbox>
      <cx>438.0</cx>
      <cy>364.5</cy>
      <w>681.2878</w>
      <h>390.1486</h>
      <angle>3.031593</angle>
    </robndbox>
  </object>
</annotation>
