<annotation verified="no">
  <folder>6DaL-Z4dwzI</folder>
  <filename>03_frame_00793</filename>
  <path>/home/mitsuo/roLabelImg-master/&#28288;&#23614;/annotation/6DaL-Z4dwzI/03_frame_00793.jpg</path>
  <source>
    <database>Unknown</database>
  </source>
  <size>
    <width>1920</width>
    <height>1080</height>
    <depth>3</depth>
  </size>
  <segmented>0</segmented>
  <object>
    <type>bndbox</type>
    <name>like</name>
    <pose>Unspecified</pose>
    <truncated>0</truncated>
    <difficult>0</difficult>
    <bndbox>
      <xmin>631</xmin>
      <ymin>72</ymin>
      <xmax>1163</xmax>
      <ymax>331</ymax>
    </bndbox>
  </object>
  <object>
    <type>bndbox</type>
    <name>a</name>
    <pose>Unspecified</pose>
    <truncated>0</truncated>
    <difficult>0</difficult>
    <bndbox>
      <xmin>1334</xmin>
      <ymin>73</ymin>
      <xmax>1477</xmax>
      <ymax>332</ymax>
    </bndbox>
  </object>
  <object>
    <type>bndbox</type>
    <name>fucking</name>
    <pose>Unspecified</pose>
    <truncated>0</truncated>
    <difficult>0</difficult>
    <bndbox>
      <xmin>505</xmin>
      <ymin>395</ymin>
      <xmax>1595</xmax>
      <ymax>655</ymax>
    </bndbox>
  </object>
  <object>
    <type>bndbox</type>
    <name>recipe</name>
    <pose>Unspecified</pose>
    <truncated>0</truncated>
    <difficult>0</difficult>
    <bndbox>
      <xmin>530</xmin>
      <ymin>717</ymin>
      <xmax>1407</xmax>
      <ymax>975</ymax>
    </bndbox>
  </object>
</annotation>
