<annotation verified="no">
  <folder>6DaL-Z4dwzI</folder>
  <filename>01_frame_00505</filename>
  <path>/home/mitsuo/roLabelImg-master/&#28288;&#23614;/annotation/6DaL-Z4dwzI/01_frame_00505.jpg</path>
  <source>
    <database>Unknown</database>
  </source>
  <size>
    <width>1920</width>
    <height>1080</height>
    <depth>3</depth>
  </size>
  <segmented>0</segmented>
  <object>
    <type>bndbox</type>
    <name>how</name>
    <pose>Unspecified</pose>
    <truncated>0</truncated>
    <difficult>0</difficult>
    <bndbox>
      <xmin>477</xmin>
      <ymin>385</ymin>
      <xmax>755</xmax>
      <ymax>513</ymax>
    </bndbox>
  </object>
  <object>
    <type>bndbox</type>
    <name>we</name>
    <pose>Unspecified</pose>
    <truncated>0</truncated>
    <difficult>0</difficult>
    <bndbox>
      <xmin>827</xmin>
      <ymin>385</ymin>
      <xmax>1019</xmax>
      <ymax>511</ymax>
    </bndbox>
  </object>
  <object>
    <type>bndbox</type>
    <name>rollin</name>
    <pose>Unspecified</pose>
    <truncated>0</truncated>
    <difficult>0</difficult>
    <bndbox>
      <xmin>1098</xmin>
      <ymin>385</ymin>
      <xmax>1537</xmax>
      <ymax>508</ymax>
    </bndbox>
  </object>
  <object>
    <type>bndbox</type>
    <name>down</name>
    <pose>Unspecified</pose>
    <truncated>0</truncated>
    <difficult>0</difficult>
    <bndbox>
      <xmin>702</xmin>
      <ymin>564</ymin>
      <xmax>1067</xmax>
      <ymax>692</ymax>
    </bndbox>
  </object>
  <object>
    <type>bndbox</type>
    <name>on</name>
    <pose>Unspecified</pose>
    <truncated>0</truncated>
    <difficult>0</difficult>
    <bndbox>
      <xmin>1141</xmin>
      <ymin>563</ymin>
      <xmax>1311</xmax>
      <ymax>693</ymax>
    </bndbox>
  </object>
</annotation>
