<annotation verified="no">
  <folder>PT2_F-1esPk</folder>
  <filename>04_frame_04393</filename>
  <path>/home/keisuke/Documents/lyric/&#31070;&#30000;/annotation/PT2_F-1esPk/04_frame_04393.jpg</path>
  <source>
    <database>Unknown</database>
  </source>
  <size>
    <width>1920</width>
    <height>1080</height>
    <depth>3</depth>
  </size>
  <segmented>0</segmented>
  <object>
    <type>bndbox</type>
    <name>the</name>
    <pose>Unspecified</pose>
    <truncated>0</truncated>
    <difficult>0</difficult>
    <bndbox>
      <xmin>575</xmin>
      <ymin>312</ymin>
      <xmax>788</xmax>
      <ymax>488</ymax>
    </bndbox>
  </object>
  <object>
    <type>bndbox</type>
    <name>sheets</name>
    <pose>Unspecified</pose>
    <truncated>0</truncated>
    <difficult>0</difficult>
    <bndbox>
      <xmin>852</xmin>
      <ymin>269</ymin>
      <xmax>1259</xmax>
      <ymax>489</ymax>
    </bndbox>
  </object>
  <object>
    <type>bndbox</type>
    <name>right</name>
    <pose>Unspecified</pose>
    <truncated>0</truncated>
    <difficult>0</difficult>
    <bndbox>
      <xmin>1348</xmin>
      <ymin>284</ymin>
      <xmax>1682</xmax>
      <ymax>512</ymax>
    </bndbox>
  </object>
  <object>
    <type>bndbox</type>
    <name>corner</name>
    <pose>Unspecified</pose>
    <truncated>0</truncated>
    <difficult>0</difficult>
    <bndbox>
      <xmin>944</xmin>
      <ymin>543</ymin>
      <xmax>1478</xmax>
      <ymax>701</ymax>
    </bndbox>
  </object>
  <object>
    <type>robndbox</type>
    <name>pull</name>
    <pose>Unspecified</pose>
    <truncated>0</truncated>
    <difficult>0</difficult>
    <robndbox>
      <cx>322.8182</cx>
      <cy>434.9416</cy>
      <w>255.4862</w>
      <h>233.3063</h>
      <angle>2.871593</angle>
    </robndbox>
  </object>
  <object>
    <type>robndbox</type>
    <name>off</name>
    <pose>Unspecified</pose>
    <truncated>0</truncated>
    <difficult>0</difficult>
    <robndbox>
      <cx>335.5249</cx>
      <cy>661.8664</cy>
      <w>269.4426</w>
      <h>185.5095</h>
      <angle>2.841593</angle>
    </robndbox>
  </object>
  <object>
    <type>robndbox</type>
    <name>the</name>
    <pose>Unspecified</pose>
    <truncated>0</truncated>
    <difficult>0</difficult>
    <robndbox>
      <cx>703.6166</cx>
      <cy>623.0989</cy>
      <w>239.5822</w>
      <h>173.169</h>
      <angle>2.941593</angle>
    </robndbox>
  </object>
</annotation>
