<annotation verified="no">
  <folder>PT2_F-1esPk</folder>
  <filename>01_frame_00937</filename>
  <path>/home/keisuke/Documents/lyric/&#31070;&#30000;/annotation/PT2_F-1esPk/01_frame_00937.jpg</path>
  <source>
    <database>Unknown</database>
  </source>
  <size>
    <width>1920</width>
    <height>1080</height>
    <depth>3</depth>
  </size>
  <segmented>0</segmented>
  <object>
    <type>robndbox</type>
    <name>now</name>
    <pose>Unspecified</pose>
    <truncated>0</truncated>
    <difficult>0</difficult>
    <robndbox>
      <cx>694.9736</cx>
      <cy>250.6742</cy>
      <w>288.653</w>
      <h>293.2683</h>
      <angle>2.981593</angle>
    </robndbox>
  </object>
  <object>
    <type>robndbox</type>
    <name>youre</name>
    <pose>Unspecified</pose>
    <truncated>0</truncated>
    <difficult>0</difficult>
    <robndbox>
      <cx>1194.8407</cx>
      <cy>241.8549</cy>
      <w>434.0107</w>
      <h>255.457</h>
      <angle>2.951593</angle>
    </robndbox>
  </object>
  <object>
    <type>robndbox</type>
    <name>lookin</name>
    <pose>Unspecified</pose>
    <truncated>0</truncated>
    <difficult>0</difficult>
    <robndbox>
      <cx>685.3182</cx>
      <cy>546.4416</cy>
      <w>395.2459</w>
      <h>273.7986</h>
      <angle>2.901593</angle>
    </robndbox>
  </object>
  <object>
    <type>robndbox</type>
    <name>pretty</name>
    <pose>Unspecified</pose>
    <truncated>0</truncated>
    <difficult>0</difficult>
    <robndbox>
      <cx>1209.502</cx>
      <cy>475.1141</cy>
      <w>525.2999</w>
      <h>293.8963</h>
      <angle>3.101593</angle>
    </robndbox>
  </object>
  <object>
    <type>robndbox</type>
    <name>in</name>
    <pose>Unspecified</pose>
    <truncated>0</truncated>
    <difficult>0</difficult>
    <robndbox>
      <cx>576.71</cx>
      <cy>784.1297</cy>
      <w>120.7506</w>
      <h>138.1188</h>
      <angle>2.941593</angle>
    </robndbox>
  </object>
  <object>
    <type>robndbox</type>
    <name>a</name>
    <pose>Unspecified</pose>
    <truncated>0</truncated>
    <difficult>0</difficult>
    <robndbox>
      <cx>791.8182</cx>
      <cy>742.9416</cy>
      <w>83.1119</w>
      <h>111.1639</h>
      <angle>3.011593</angle>
    </robndbox>
  </object>
  <object>
    <type>robndbox</type>
    <name>hotel</name>
    <pose>Unspecified</pose>
    <truncated>0</truncated>
    <difficult>0</difficult>
    <robndbox>
      <cx>1036.2199</cx>
      <cy>688.9841</cy>
      <w>280.4051</w>
      <h>195.0771</h>
      <angle>3.051593</angle>
    </robndbox>
  </object>
  <object>
    <type>robndbox</type>
    <name>bar</name>
    <pose>Unspecified</pose>
    <truncated>0</truncated>
    <difficult>0</difficult>
    <robndbox>
      <cx>1459.3182</cx>
      <cy>683.9416</cy>
      <w>387.0</w>
      <h>179.0</h>
      <angle>0.0</angle>
    </robndbox>
  </object>
</annotation>
