<annotation verified="no">
  <folder>PT2_F-1esPk</folder>
  <filename>08_frame_02521</filename>
  <path>/home/keisuke/Documents/lyric/&#31070;&#30000;/annotation/PT2_F-1esPk/08_frame_02521.jpg</path>
  <source>
    <database>Unknown</database>
  </source>
  <size>
    <width>1920</width>
    <height>1080</height>
    <depth>3</depth>
  </size>
  <segmented>0</segmented>
  <object>
    <type>bndbox</type>
    <name>and</name>
    <pose>Unspecified</pose>
    <truncated>0</truncated>
    <difficult>0</difficult>
    <bndbox>
      <xmin>226</xmin>
      <ymin>162</ymin>
      <xmax>622</xmax>
      <ymax>453</ymax>
    </bndbox>
  </object>
  <object>
    <type>bndbox</type>
    <name>play</name>
    <pose>Unspecified</pose>
    <truncated>0</truncated>
    <difficult>0</difficult>
    <bndbox>
      <xmin>696</xmin>
      <ymin>217</ymin>
      <xmax>1112</xmax>
      <ymax>569</ymax>
    </bndbox>
  </object>
  <object>
    <type>bndbox</type>
    <name>that</name>
    <pose>Unspecified</pose>
    <truncated>0</truncated>
    <difficult>0</difficult>
    <bndbox>
      <xmin>1181</xmin>
      <ymin>186</ymin>
      <xmax>1627</xmax>
      <ymax>441</ymax>
    </bndbox>
  </object>
  <object>
    <type>bndbox</type>
    <name>blink</name>
    <pose>Unspecified</pose>
    <truncated>0</truncated>
    <difficult>0</difficult>
    <bndbox>
      <xmin>147</xmin>
      <ymin>527</ymin>
      <xmax>712</xmax>
      <ymax>819</ymax>
    </bndbox>
  </object>
  <object>
    <type>bndbox</type>
    <name>182</name>
    <pose>Unspecified</pose>
    <truncated>0</truncated>
    <difficult>0</difficult>
    <bndbox>
      <xmin>829</xmin>
      <ymin>547</ymin>
      <xmax>1204</xmax>
      <ymax>777</ymax>
    </bndbox>
  </object>
  <object>
    <type>bndbox</type>
    <name>song</name>
    <pose>Unspecified</pose>
    <truncated>0</truncated>
    <difficult>0</difficult>
    <bndbox>
      <xmin>1252</xmin>
      <ymin>566</ymin>
      <xmax>1681</xmax>
      <ymax>912</ymax>
    </bndbox>
  </object>
</annotation>
