<annotation verified="no">
  <folder>PT2_F-1esPk</folder>
  <filename>07_frame_01513</filename>
  <path>/home/keisuke/Documents/lyric/&#31070;&#30000;/annotation/PT2_F-1esPk/07_frame_01513.jpg</path>
  <source>
    <database>Unknown</database>
  </source>
  <size>
    <width>1920</width>
    <height>1080</height>
    <depth>3</depth>
  </size>
  <segmented>0</segmented>
  <object>
    <type>bndbox</type>
    <name>of</name>
    <pose>Unspecified</pose>
    <truncated>0</truncated>
    <difficult>0</difficult>
    <bndbox>
      <xmin>510</xmin>
      <ymin>377</ymin>
      <xmax>723</xmax>
      <ymax>633</ymax>
    </bndbox>
  </object>
  <object>
    <type>bndbox</type>
    <name>that</name>
    <pose>Unspecified</pose>
    <truncated>0</truncated>
    <difficult>0</difficult>
    <bndbox>
      <xmin>859</xmin>
      <ymin>401</ymin>
      <xmax>1186</xmax>
      <ymax>606</ymax>
    </bndbox>
  </object>
  <object>
    <type>bndbox</type>
    <name>that</name>
    <pose>Unspecified</pose>
    <truncated>0</truncated>
    <difficult>0</difficult>
    <bndbox>
      <xmin>478</xmin>
      <ymin>662</ymin>
      <xmax>795</xmax>
      <ymax>854</ymax>
    </bndbox>
  </object>
  <object>
    <type>bndbox</type>
    <name>you</name>
    <pose>Unspecified</pose>
    <truncated>0</truncated>
    <difficult>0</difficult>
    <bndbox>
      <xmin>885</xmin>
      <ymin>693</ymin>
      <xmax>1103</xmax>
      <ymax>877</ymax>
    </bndbox>
  </object>
  <object>
    <type>bndbox</type>
    <name>stole</name>
    <pose>Unspecified</pose>
    <truncated>0</truncated>
    <difficult>0</difficult>
    <bndbox>
      <xmin>1191</xmin>
      <ymin>655</ymin>
      <xmax>1582</xmax>
      <ymax>823</ymax>
    </bndbox>
  </object>
  <object>
    <type>robndbox</type>
    <name>mattress</name>
    <pose>Unspecified</pose>
    <truncated>0</truncated>
    <difficult>0</difficult>
    <robndbox>
      <cx>1555.8182</cx>
      <cy>515.9416</cy>
      <w>598.0</w>
      <h>229.0</h>
      <angle>0.12</angle>
    </robndbox>
  </object>
</annotation>
