<annotation verified="no">
  <folder>PT2_F-1esPk</folder>
  <filename>06_frame_05545</filename>
  <path>/home/keisuke/Documents/lyric/&#31070;&#30000;/annotation/PT2_F-1esPk/06_frame_05545.jpg</path>
  <source>
    <database>Unknown</database>
  </source>
  <size>
    <width>1920</width>
    <height>1080</height>
    <depth>3</depth>
  </size>
  <segmented>0</segmented>
  <object>
    <type>bndbox</type>
    <name>no</name>
    <pose>Unspecified</pose>
    <truncated>0</truncated>
    <difficult>0</difficult>
    <bndbox>
      <xmin>353</xmin>
      <ymin>199</ymin>
      <xmax>679</xmax>
      <ymax>471</ymax>
    </bndbox>
  </object>
  <object>
    <type>bndbox</type>
    <name>we</name>
    <pose>Unspecified</pose>
    <truncated>0</truncated>
    <difficult>0</difficult>
    <bndbox>
      <xmin>290</xmin>
      <ymin>536</ymin>
      <xmax>622</xmax>
      <ymax>766</ymax>
    </bndbox>
  </object>
  <object>
    <type>bndbox</type>
    <name>getting</name>
    <pose>Unspecified</pose>
    <truncated>0</truncated>
    <difficult>0</difficult>
    <bndbox>
      <xmin>259</xmin>
      <ymin>759</ymin>
      <xmax>879</xmax>
      <ymax>1046</ymax>
    </bndbox>
  </object>
  <object>
    <type>bndbox</type>
    <name>older</name>
    <pose>Unspecified</pose>
    <truncated>0</truncated>
    <difficult>0</difficult>
    <bndbox>
      <xmin>957</xmin>
      <ymin>704</ymin>
      <xmax>1547</xmax>
      <ymax>938</ymax>
    </bndbox>
  </object>
  <object>
    <type>robndbox</type>
    <name>aint</name>
    <pose>Unspecified</pose>
    <truncated>0</truncated>
    <difficult>0</difficult>
    <robndbox>
      <cx>957.0591</cx>
      <cy>583.5202</cy>
      <w>551.361</w>
      <h>304.1949</h>
      <angle>3.001593</angle>
    </robndbox>
  </object>
  <object>
    <type>robndbox</type>
    <name>ever</name>
    <pose>Unspecified</pose>
    <truncated>0</truncated>
    <difficult>0</difficult>
    <robndbox>
      <cx>1553.3182</cx>
      <cy>553.4416</cy>
      <w>548.5402</w>
      <h>228.3783</h>
      <angle>3.041593</angle>
    </robndbox>
  </object>
</annotation>
