<annotation verified="no">
  <folder>PT2_F-1esPk</folder>
  <filename>00_frame_00577</filename>
  <path>/home/keisuke/Documents/lyric/&#31070;&#30000;/annotation/PT2_F-1esPk/00_frame_00577.jpg</path>
  <source>
    <database>Unknown</database>
  </source>
  <size>
    <width>1920</width>
    <height>1080</height>
    <depth>3</depth>
  </size>
  <segmented>0</segmented>
  <object>
    <type>bndbox</type>
    <name>tell</name>
    <pose>Unspecified</pose>
    <truncated>0</truncated>
    <difficult>0</difficult>
    <bndbox>
      <xmin>288</xmin>
      <ymin>145</ymin>
      <xmax>685</xmax>
      <ymax>369</ymax>
    </bndbox>
  </object>
  <object>
    <type>bndbox</type>
    <name>your</name>
    <pose>Unspecified</pose>
    <truncated>0</truncated>
    <difficult>0</difficult>
    <bndbox>
      <xmin>725</xmin>
      <ymin>177</ymin>
      <xmax>1127</xmax>
      <ymax>402</ymax>
    </bndbox>
  </object>
  <object>
    <type>bndbox</type>
    <name>friends</name>
    <pose>Unspecified</pose>
    <truncated>0</truncated>
    <difficult>0</difficult>
    <bndbox>
      <xmin>75</xmin>
      <ymin>456</ymin>
      <xmax>647</xmax>
      <ymax>630</ymax>
    </bndbox>
  </object>
  <object>
    <type>bndbox</type>
    <name>it</name>
    <pose>Unspecified</pose>
    <truncated>0</truncated>
    <difficult>0</difficult>
    <bndbox>
      <xmin>775</xmin>
      <ymin>398</ymin>
      <xmax>948</xmax>
      <ymax>577</ymax>
    </bndbox>
  </object>
  <object>
    <type>bndbox</type>
    <name>was</name>
    <pose>Unspecified</pose>
    <truncated>0</truncated>
    <difficult>0</difficult>
    <bndbox>
      <xmin>1069</xmin>
      <ymin>402</ymin>
      <xmax>1408</xmax>
      <ymax>593</ymax>
    </bndbox>
  </object>
  <object>
    <type>bndbox</type>
    <name>nice</name>
    <pose>Unspecified</pose>
    <truncated>0</truncated>
    <difficult>0</difficult>
    <bndbox>
      <xmin>233</xmin>
      <ymin>684</ymin>
      <xmax>621</xmax>
      <ymax>855</ymax>
    </bndbox>
  </object>
  <object>
    <type>bndbox</type>
    <name>to</name>
    <pose>Unspecified</pose>
    <truncated>0</truncated>
    <difficult>0</difficult>
    <bndbox>
      <xmin>630</xmin>
      <ymin>627</ymin>
      <xmax>791</xmax>
      <ymax>824</ymax>
    </bndbox>
  </object>
  <object>
    <type>bndbox</type>
    <name>meet</name>
    <pose>Unspecified</pose>
    <truncated>0</truncated>
    <difficult>0</difficult>
    <bndbox>
      <xmin>870</xmin>
      <ymin>616</ymin>
      <xmax>1316</xmax>
      <ymax>788</ymax>
    </bndbox>
  </object>
  <object>
    <type>bndbox</type>
    <name>them</name>
    <pose>Unspecified</pose>
    <truncated>0</truncated>
    <difficult>0</difficult>
    <bndbox>
      <xmin>1377</xmin>
      <ymin>569</ymin>
      <xmax>1785</xmax>
      <ymax>769</ymax>
    </bndbox>
  </object>
</annotation>
