<annotation verified="no">
  <folder>PT2_F-1esPk</folder>
  <filename>03_frame_01585</filename>
  <path>/home/keisuke/Documents/lyric/&#31070;&#30000;/annotation/PT2_F-1esPk/03_frame_01585.jpg</path>
  <source>
    <database>Unknown</database>
  </source>
  <size>
    <width>1920</width>
    <height>1080</height>
    <depth>3</depth>
  </size>
  <segmented>0</segmented>
  <object>
    <type>bndbox</type>
    <name>from</name>
    <pose>Unspecified</pose>
    <truncated>0</truncated>
    <difficult>0</difficult>
    <bndbox>
      <xmin>356</xmin>
      <ymin>458</ymin>
      <xmax>701</xmax>
      <ymax>634</ymax>
    </bndbox>
  </object>
  <object>
    <type>bndbox</type>
    <name>your</name>
    <pose>Unspecified</pose>
    <truncated>0</truncated>
    <difficult>0</difficult>
    <bndbox>
      <xmin>869</xmin>
      <ymin>471</ymin>
      <xmax>1244</xmax>
      <ymax>686</ymax>
    </bndbox>
  </object>
  <object>
    <type>bndbox</type>
    <name>roommate</name>
    <pose>Unspecified</pose>
    <truncated>0</truncated>
    <difficult>0</difficult>
    <bndbox>
      <xmin>1355</xmin>
      <ymin>481</ymin>
      <xmax>1919</xmax>
      <ymax>683</ymax>
    </bndbox>
  </object>
  <object>
    <type>bndbox</type>
    <name>back</name>
    <pose>Unspecified</pose>
    <truncated>0</truncated>
    <difficult>0</difficult>
    <bndbox>
      <xmin>485</xmin>
      <ymin>675</ymin>
      <xmax>885</xmax>
      <ymax>845</ymax>
    </bndbox>
  </object>
  <object>
    <type>bndbox</type>
    <name>in</name>
    <pose>Unspecified</pose>
    <truncated>0</truncated>
    <difficult>0</difficult>
    <bndbox>
      <xmin>985</xmin>
      <ymin>655</ymin>
      <xmax>1148</xmax>
      <ymax>829</ymax>
    </bndbox>
  </object>
  <object>
    <type>bndbox</type>
    <name>boulder</name>
    <pose>Unspecified</pose>
    <truncated>0</truncated>
    <difficult>0</difficult>
    <bndbox>
      <xmin>1251</xmin>
      <ymin>684</ymin>
      <xmax>1855</xmax>
      <ymax>882</ymax>
    </bndbox>
  </object>
</annotation>
