<annotation verified="no">
  <folder>PT2_F-1esPk</folder>
  <filename>02_frame_01297</filename>
  <path>/home/keisuke/Documents/lyric/&#31070;&#30000;/annotation/PT2_F-1esPk/02_frame_01297.jpg</path>
  <source>
    <database>Unknown</database>
  </source>
  <size>
    <width>1920</width>
    <height>1080</height>
    <depth>3</depth>
  </size>
  <segmented>0</segmented>
  <object>
    <type>bndbox</type>
    <name>back</name>
    <pose>Unspecified</pose>
    <truncated>0</truncated>
    <difficult>0</difficult>
    <bndbox>
      <xmin>930</xmin>
      <ymin>316</ymin>
      <xmax>1268</xmax>
      <ymax>510</ymax>
    </bndbox>
  </object>
  <object>
    <type>bndbox</type>
    <name>seat</name>
    <pose>Unspecified</pose>
    <truncated>0</truncated>
    <difficult>0</difficult>
    <bndbox>
      <xmin>1318</xmin>
      <ymin>310</ymin>
      <xmax>1666</xmax>
      <ymax>499</ymax>
    </bndbox>
  </object>
  <object>
    <type>bndbox</type>
    <name>of</name>
    <pose>Unspecified</pose>
    <truncated>0</truncated>
    <difficult>0</difficult>
    <bndbox>
      <xmin>412</xmin>
      <ymin>563</ymin>
      <xmax>609</xmax>
      <ymax>768</ymax>
    </bndbox>
  </object>
  <object>
    <type>bndbox</type>
    <name>your</name>
    <pose>Unspecified</pose>
    <truncated>0</truncated>
    <difficult>0</difficult>
    <bndbox>
      <xmin>673</xmin>
      <ymin>634</ymin>
      <xmax>1039</xmax>
      <ymax>817</ymax>
    </bndbox>
  </object>
  <object>
    <type>bndbox</type>
    <name>rover</name>
    <pose>Unspecified</pose>
    <truncated>0</truncated>
    <difficult>0</difficult>
    <bndbox>
      <xmin>1112</xmin>
      <ymin>579</ymin>
      <xmax>1631</xmax>
      <ymax>749</ymax>
    </bndbox>
  </object>
  <object>
    <type>robndbox</type>
    <name>in</name>
    <pose>Unspecified</pose>
    <truncated>0</truncated>
    <difficult>0</difficult>
    <robndbox>
      <cx>298.3182</cx>
      <cy>482.4416</cy>
      <w>245.0</w>
      <h>142.0</h>
      <angle>0.0</angle>
    </robndbox>
  </object>
  <object>
    <type>robndbox</type>
    <name>the</name>
    <pose>Unspecified</pose>
    <truncated>0</truncated>
    <difficult>0</difficult>
    <robndbox>
      <cx>700.8182</cx>
      <cy>450.4416</cy>
      <w>246.0</w>
      <h>192.0</h>
      <angle>0.0</angle>
    </robndbox>
  </object>
</annotation>
