<annotation verified="no">
  <folder>PT2_F-1esPk</folder>
  <filename>09_frame_03457</filename>
  <path>/home/keisuke/Documents/lyric/&#31070;&#30000;/annotation/PT2_F-1esPk/09_frame_03457.jpg</path>
  <source>
    <database>Unknown</database>
  </source>
  <size>
    <width>1920</width>
    <height>1080</height>
    <depth>3</depth>
  </size>
  <segmented>0</segmented>
  <object>
    <type>bndbox</type>
    <name>of</name>
    <pose>Unspecified</pose>
    <truncated>0</truncated>
    <difficult>0</difficult>
    <bndbox>
      <xmin>483</xmin>
      <ymin>350</ymin>
      <xmax>661</xmax>
      <ymax>574</ymax>
    </bndbox>
  </object>
  <object>
    <type>bndbox</type>
    <name>that</name>
    <pose>Unspecified</pose>
    <truncated>0</truncated>
    <difficult>0</difficult>
    <bndbox>
      <xmin>775</xmin>
      <ymin>379</ymin>
      <xmax>1066</xmax>
      <ymax>551</ymax>
    </bndbox>
  </object>
  <object>
    <type>bndbox</type>
    <name>that</name>
    <pose>Unspecified</pose>
    <truncated>0</truncated>
    <difficult>0</difficult>
    <bndbox>
      <xmin>447</xmin>
      <ymin>602</ymin>
      <xmax>721</xmax>
      <ymax>777</ymax>
    </bndbox>
  </object>
  <object>
    <type>bndbox</type>
    <name>you</name>
    <pose>Unspecified</pose>
    <truncated>0</truncated>
    <difficult>0</difficult>
    <bndbox>
      <xmin>810</xmin>
      <ymin>636</ymin>
      <xmax>1000</xmax>
      <ymax>793</ymax>
    </bndbox>
  </object>
  <object>
    <type>bndbox</type>
    <name>stole</name>
    <pose>Unspecified</pose>
    <truncated>0</truncated>
    <difficult>0</difficult>
    <bndbox>
      <xmin>1090</xmin>
      <ymin>596</ymin>
      <xmax>1427</xmax>
      <ymax>754</ymax>
    </bndbox>
  </object>
  <object>
    <type>robndbox</type>
    <name>mattress</name>
    <pose>Unspecified</pose>
    <truncated>0</truncated>
    <difficult>0</difficult>
    <robndbox>
      <cx>1404.4914</cx>
      <cy>479.6781</cy>
      <w>531.0199</w>
      <h>198.0516</h>
      <angle>0.15</angle>
    </robndbox>
  </object>
</annotation>
