<annotation verified="no">
  <folder>GwwGL6ZWJ68</folder>
  <filename>09_frame_00937</filename>
  <path>/home/keisuke/Documents/lyric/&#31070;&#30000;/annotation/GwwGL6ZWJ68/09_frame_00937.jpg</path>
  <source>
    <database>Unknown</database>
  </source>
  <size>
    <width>1920</width>
    <height>1080</height>
    <depth>3</depth>
  </size>
  <segmented>0</segmented>
  <object>
    <type>bndbox</type>
    <name>and</name>
    <pose>Unspecified</pose>
    <truncated>0</truncated>
    <difficult>0</difficult>
    <bndbox>
      <xmin>585</xmin>
      <ymin>320</ymin>
      <xmax>831</xmax>
      <ymax>424</ymax>
    </bndbox>
  </object>
  <object>
    <type>bndbox</type>
    <name>they</name>
    <pose>Unspecified</pose>
    <truncated>0</truncated>
    <difficult>0</difficult>
    <bndbox>
      <xmin>849</xmin>
      <ymin>310</ymin>
      <xmax>1116</xmax>
      <ymax>424</ymax>
    </bndbox>
  </object>
  <object>
    <type>bndbox</type>
    <name>got</name>
    <pose>Unspecified</pose>
    <truncated>0</truncated>
    <difficult>0</difficult>
    <bndbox>
      <xmin>1133</xmin>
      <ymin>302</ymin>
      <xmax>1369</xmax>
      <ymax>411</ymax>
    </bndbox>
  </object>
  <object>
    <type>bndbox</type>
    <name>my</name>
    <pose>Unspecified</pose>
    <truncated>0</truncated>
    <difficult>0</difficult>
    <bndbox>
      <xmin>561</xmin>
      <ymin>427</ymin>
      <xmax>861</xmax>
      <ymax>592</ymax>
    </bndbox>
  </object>
  <object>
    <type>bndbox</type>
    <name>mind</name>
    <pose>Unspecified</pose>
    <truncated>0</truncated>
    <difficult>0</difficult>
    <bndbox>
      <xmin>891</xmin>
      <ymin>402</ymin>
      <xmax>1396</xmax>
      <ymax>594</ymax>
    </bndbox>
  </object>
</annotation>
