<annotation verified="no">
  <folder>GwwGL6ZWJ68</folder>
  <filename>04_frame_02881</filename>
  <path>/home/keisuke/Documents/lyric/&#31070;&#30000;/annotation/GwwGL6ZWJ68/04_frame_02881.jpg</path>
  <source>
    <database>Unknown</database>
  </source>
  <size>
    <width>1920</width>
    <height>1080</height>
    <depth>3</depth>
  </size>
  <segmented>0</segmented>
  <object>
    <type>bndbox</type>
    <name>and</name>
    <pose>Unspecified</pose>
    <truncated>0</truncated>
    <difficult>0</difficult>
    <bndbox>
      <xmin>559</xmin>
      <ymin>325</ymin>
      <xmax>816</xmax>
      <ymax>434</ymax>
    </bndbox>
  </object>
  <object>
    <type>bndbox</type>
    <name>they</name>
    <pose>Unspecified</pose>
    <truncated>0</truncated>
    <difficult>0</difficult>
    <bndbox>
      <xmin>833</xmin>
      <ymin>310</ymin>
      <xmax>1117</xmax>
      <ymax>423</ymax>
    </bndbox>
  </object>
  <object>
    <type>bndbox</type>
    <name>got</name>
    <pose>Unspecified</pose>
    <truncated>0</truncated>
    <difficult>0</difficult>
    <bndbox>
      <xmin>1136</xmin>
      <ymin>308</ymin>
      <xmax>1378</xmax>
      <ymax>417</ymax>
    </bndbox>
  </object>
  <object>
    <type>bndbox</type>
    <name>my</name>
    <pose>Unspecified</pose>
    <truncated>0</truncated>
    <difficult>0</difficult>
    <bndbox>
      <xmin>521</xmin>
      <ymin>425</ymin>
      <xmax>831</xmax>
      <ymax>594</ymax>
    </bndbox>
  </object>
  <object>
    <type>bndbox</type>
    <name>mind</name>
    <pose>Unspecified</pose>
    <truncated>0</truncated>
    <difficult>0</difficult>
    <bndbox>
      <xmin>870</xmin>
      <ymin>412</ymin>
      <xmax>1356</xmax>
      <ymax>582</ymax>
    </bndbox>
  </object>
  <object>
    <type>bndbox</type>
    <name>spinning</name>
    <pose>Unspecified</pose>
    <truncated>0</truncated>
    <difficult>0</difficult>
    <bndbox>
      <xmin>531</xmin>
      <ymin>586</ymin>
      <xmax>1446</xmax>
      <ymax>769</ymax>
    </bndbox>
  </object>
</annotation>
