<annotation verified="no">
  <folder>GwwGL6ZWJ68</folder>
  <filename>03_frame_01369</filename>
  <path>/home/keisuke/Documents/lyric/&#31070;&#30000;/annotation/GwwGL6ZWJ68/03_frame_01369.jpg</path>
  <source>
    <database>Unknown</database>
  </source>
  <size>
    <width>1920</width>
    <height>1080</height>
    <depth>3</depth>
  </size>
  <segmented>0</segmented>
  <object>
    <type>bndbox</type>
    <name>this</name>
    <pose>Unspecified</pose>
    <truncated>0</truncated>
    <difficult>0</difficult>
    <bndbox>
      <xmin>466</xmin>
      <ymin>301</ymin>
      <xmax>764</xmax>
      <ymax>441</ymax>
    </bndbox>
  </object>
  <object>
    <type>bndbox</type>
    <name>madness</name>
    <pose>Unspecified</pose>
    <truncated>0</truncated>
    <difficult>0</difficult>
    <bndbox>
      <xmin>797</xmin>
      <ymin>281</ymin>
      <xmax>1464</xmax>
      <ymax>437</ymax>
    </bndbox>
  </object>
  <object>
    <type>bndbox</type>
    <name>so</name>
    <pose>Unspecified</pose>
    <truncated>0</truncated>
    <difficult>0</difficult>
    <bndbox>
      <xmin>540</xmin>
      <ymin>446</ymin>
      <xmax>766</xmax>
      <ymax>606</ymax>
    </bndbox>
  </object>
  <object>
    <type>bndbox</type>
    <name>good</name>
    <pose>Unspecified</pose>
    <truncated>0</truncated>
    <difficult>0</difficult>
    <bndbox>
      <xmin>788</xmin>
      <ymin>420</ymin>
      <xmax>1334</xmax>
      <ymax>590</ymax>
    </bndbox>
  </object>
  <object>
    <type>bndbox</type>
    <name>for</name>
    <pose>Unspecified</pose>
    <truncated>0</truncated>
    <difficult>0</difficult>
    <bndbox>
      <xmin>672</xmin>
      <ymin>602</ymin>
      <xmax>992</xmax>
      <ymax>751</ymax>
    </bndbox>
  </object>
  <object>
    <type>bndbox</type>
    <name>me</name>
    <pose>Unspecified</pose>
    <truncated>0</truncated>
    <difficult>0</difficult>
    <bndbox>
      <xmin>1016</xmin>
      <ymin>598</ymin>
      <xmax>1244</xmax>
      <ymax>751</ymax>
    </bndbox>
  </object>
</annotation>
