<annotation verified="no">
  <folder>GwwGL6ZWJ68</folder>
  <filename>06_frame_04537</filename>
  <path>/home/keisuke/Documents/lyric/&#31070;&#30000;/annotation/GwwGL6ZWJ68/06_frame_04537.jpg</path>
  <source>
    <database>Unknown</database>
  </source>
  <size>
    <width>1920</width>
    <height>1080</height>
    <depth>3</depth>
  </size>
  <segmented>0</segmented>
  <object>
    <type>bndbox</type>
    <name>this</name>
    <pose>Unspecified</pose>
    <truncated>0</truncated>
    <difficult>0</difficult>
    <bndbox>
      <xmin>479</xmin>
      <ymin>302</ymin>
      <xmax>782</xmax>
      <ymax>438</ymax>
    </bndbox>
  </object>
  <object>
    <type>bndbox</type>
    <name>madness</name>
    <pose>Unspecified</pose>
    <truncated>0</truncated>
    <difficult>0</difficult>
    <bndbox>
      <xmin>814</xmin>
      <ymin>292</ymin>
      <xmax>1485</xmax>
      <ymax>442</ymax>
    </bndbox>
  </object>
  <object>
    <type>bndbox</type>
    <name>so</name>
    <pose>Unspecified</pose>
    <truncated>0</truncated>
    <difficult>0</difficult>
    <bndbox>
      <xmin>516</xmin>
      <ymin>446</ymin>
      <xmax>749</xmax>
      <ymax>604</ymax>
    </bndbox>
  </object>
  <object>
    <type>bndbox</type>
    <name>good</name>
    <pose>Unspecified</pose>
    <truncated>0</truncated>
    <difficult>0</difficult>
    <bndbox>
      <xmin>774</xmin>
      <ymin>437</ymin>
      <xmax>1321</xmax>
      <ymax>595</ymax>
    </bndbox>
  </object>
  <object>
    <type>bndbox</type>
    <name>for</name>
    <pose>Unspecified</pose>
    <truncated>0</truncated>
    <difficult>0</difficult>
    <bndbox>
      <xmin>664</xmin>
      <ymin>604</ymin>
      <xmax>991</xmax>
      <ymax>754</ymax>
    </bndbox>
  </object>
  <object>
    <type>bndbox</type>
    <name>me</name>
    <pose>Unspecified</pose>
    <truncated>0</truncated>
    <difficult>0</difficult>
    <bndbox>
      <xmin>1013</xmin>
      <ymin>611</ymin>
      <xmax>1252</xmax>
      <ymax>758</ymax>
    </bndbox>
  </object>
</annotation>
