<annotation verified="no">
  <folder>GwwGL6ZWJ68</folder>
  <filename>00_frame_01081</filename>
  <path>/home/keisuke/Documents/lyric/&#31070;&#30000;/annotation/GwwGL6ZWJ68/00_frame_01081.jpg</path>
  <source>
    <database>Unknown</database>
  </source>
  <size>
    <width>1920</width>
    <height>1080</height>
    <depth>3</depth>
  </size>
  <segmented>0</segmented>
  <object>
    <type>bndbox</type>
    <name>spinning</name>
    <pose>Unspecified</pose>
    <truncated>0</truncated>
    <difficult>0</difficult>
    <bndbox>
      <xmin>533</xmin>
      <ymin>584</ymin>
      <xmax>1462</xmax>
      <ymax>772</ymax>
    </bndbox>
  </object>
  <object>
    <type>robndbox</type>
    <name>they</name>
    <pose>Unspecified</pose>
    <truncated>0</truncated>
    <difficult>0</difficult>
    <robndbox>
      <cx>959.6495</cx>
      <cy>376.0264</cy>
      <w>275.5993</w>
      <h>104.6107</h>
      <angle>0.05</angle>
    </robndbox>
  </object>
  <object>
    <type>robndbox</type>
    <name>got</name>
    <pose>Unspecified</pose>
    <truncated>0</truncated>
    <difficult>0</difficult>
    <robndbox>
      <cx>1238.5261</cx>
      <cy>376.2494</cy>
      <w>248.1593</w>
      <h>105.3446</h>
      <angle>3.091593</angle>
    </robndbox>
  </object>
  <object>
    <type>robndbox</type>
    <name>my</name>
    <pose>Unspecified</pose>
    <truncated>0</truncated>
    <difficult>0</difficult>
    <robndbox>
      <cx>668.2429</cx>
      <cy>504.2009</cy>
      <w>313.5286</w>
      <h>165.9962</h>
      <angle>3.071593</angle>
    </robndbox>
  </object>
  <object>
    <type>robndbox</type>
    <name>mind</name>
    <pose>Unspecified</pose>
    <truncated>0</truncated>
    <difficult>0</difficult>
    <robndbox>
      <cx>1108.786</cx>
      <cy>508.2733</cy>
      <w>475.7364</w>
      <h>178.8581</h>
      <angle>0.02</angle>
    </robndbox>
  </object>
  <object>
    <type>robndbox</type>
    <name>and</name>
    <pose>Unspecified</pose>
    <truncated>0</truncated>
    <difficult>0</difficult>
    <robndbox>
      <cx>682.8182</cx>
      <cy>371.4416</cy>
      <w>242.2913</w>
      <h>97.647</h>
      <angle>3.081593</angle>
    </robndbox>
  </object>
</annotation>
