<annotation verified="no">
  <folder>GwwGL6ZWJ68</folder>
  <filename>05_frame_03169</filename>
  <path>/home/keisuke/Documents/lyric/&#31070;&#30000;/annotation/GwwGL6ZWJ68/05_frame_03169.jpg</path>
  <source>
    <database>Unknown</database>
  </source>
  <size>
    <width>1920</width>
    <height>1080</height>
    <depth>3</depth>
  </size>
  <segmented>0</segmented>
  <object>
    <type>bndbox</type>
    <name>this</name>
    <pose>Unspecified</pose>
    <truncated>0</truncated>
    <difficult>0</difficult>
    <bndbox>
      <xmin>466</xmin>
      <ymin>286</ymin>
      <xmax>759</xmax>
      <ymax>421</ymax>
    </bndbox>
  </object>
  <object>
    <type>bndbox</type>
    <name>madness</name>
    <pose>Unspecified</pose>
    <truncated>0</truncated>
    <difficult>0</difficult>
    <bndbox>
      <xmin>788</xmin>
      <ymin>297</ymin>
      <xmax>1462</xmax>
      <ymax>432</ymax>
    </bndbox>
  </object>
  <object>
    <type>bndbox</type>
    <name>so</name>
    <pose>Unspecified</pose>
    <truncated>0</truncated>
    <difficult>0</difficult>
    <bndbox>
      <xmin>553</xmin>
      <ymin>428</ymin>
      <xmax>768</xmax>
      <ymax>589</ymax>
    </bndbox>
  </object>
  <object>
    <type>bndbox</type>
    <name>good</name>
    <pose>Unspecified</pose>
    <truncated>0</truncated>
    <difficult>0</difficult>
    <bndbox>
      <xmin>792</xmin>
      <ymin>433</ymin>
      <xmax>1338</xmax>
      <ymax>594</ymax>
    </bndbox>
  </object>
  <object>
    <type>bndbox</type>
    <name>for</name>
    <pose>Unspecified</pose>
    <truncated>0</truncated>
    <difficult>0</difficult>
    <bndbox>
      <xmin>673</xmin>
      <ymin>602</ymin>
      <xmax>990</xmax>
      <ymax>753</ymax>
    </bndbox>
  </object>
  <object>
    <type>bndbox</type>
    <name>me</name>
    <pose>Unspecified</pose>
    <truncated>0</truncated>
    <difficult>0</difficult>
    <bndbox>
      <xmin>1016</xmin>
      <ymin>610</ymin>
      <xmax>1242</xmax>
      <ymax>758</ymax>
    </bndbox>
  </object>
</annotation>
