<annotation verified="no">
  <folder>nRc0yaMW7Mw</folder>
  <filename>05_frame_06211</filename>
  <path>/home/baba/Desktop/&#39340;&#22580;/annotation/nRc0yaMW7Mw/05_frame_06211.jpg</path>
  <source>
    <database>Unknown</database>
  </source>
  <size>
    <width>1920</width>
    <height>1080</height>
    <depth>3</depth>
  </size>
  <segmented>0</segmented>
  <object>
    <type>robndbox</type>
    <name>safe</name>
    <pose>Unspecified</pose>
    <truncated>0</truncated>
    <difficult>0</difficult>
    <robndbox>
      <cx>389.3333</cx>
      <cy>424.3333</cy>
      <w>356.0</w>
      <h>116.0</h>
      <angle>0.0</angle>
    </robndbox>
  </object>
  <object>
    <type>robndbox</type>
    <name>on</name>
    <pose>Unspecified</pose>
    <truncated>0</truncated>
    <difficult>0</difficult>
    <robndbox>
      <cx>714.7082</cx>
      <cy>433.5277</cy>
      <w>194.9985</w>
      <h>95.7676</h>
      <angle>0.16</angle>
    </robndbox>
  </object>
  <object>
    <type>robndbox</type>
    <name>the</name>
    <pose>Unspecified</pose>
    <truncated>0</truncated>
    <difficult>0</difficult>
    <robndbox>
      <cx>995.4696</cx>
      <cy>482.3238</cy>
      <w>291.8768</w>
      <h>99.5189</h>
      <angle>0.15</angle>
    </robndbox>
  </object>
  <object>
    <type>robndbox</type>
    <name>green</name>
    <pose>Unspecified</pose>
    <truncated>0</truncated>
    <difficult>0</difficult>
    <robndbox>
      <cx>1625.1978</cx>
      <cy>481.0809</cy>
      <w>335.5116</w>
      <h>96.5672</h>
      <angle>2.931593</angle>
    </robndbox>
  </object>
</annotation>
