<annotation verified="no">
  <folder>nRc0yaMW7Mw</folder>
  <filename>06_frame_02251</filename>
  <path>/home/baba/Desktop/&#39340;&#22580;/annotation/nRc0yaMW7Mw/06_frame_02251.jpg</path>
  <source>
    <database>Unknown</database>
  </source>
  <size>
    <width>1920</width>
    <height>1080</height>
    <depth>3</depth>
  </size>
  <segmented>0</segmented>
  <object>
    <type>bndbox</type>
    <name>with</name>
    <pose>Unspecified</pose>
    <truncated>0</truncated>
    <difficult>0</difficult>
    <bndbox>
      <xmin>736</xmin>
      <ymin>332</ymin>
      <xmax>1188</xmax>
      <ymax>444</ymax>
    </bndbox>
  </object>
  <object>
    <type>bndbox</type>
    <name>fiery</name>
    <pose>Unspecified</pose>
    <truncated>0</truncated>
    <difficult>0</difficult>
    <bndbox>
      <xmin>734</xmin>
      <ymin>485</ymin>
      <xmax>1204</xmax>
      <ymax>629</ymax>
    </bndbox>
  </object>
  <object>
    <type>bndbox</type>
    <name>oceans</name>
    <pose>Unspecified</pose>
    <truncated>0</truncated>
    <difficult>0</difficult>
    <bndbox>
      <xmin>640</xmin>
      <ymin>640</ymin>
      <xmax>1290</xmax>
      <ymax>745</ymax>
    </bndbox>
  </object>
</annotation>
