<annotation verified="no">
  <folder>nRc0yaMW7Mw</folder>
  <filename>03_frame_01801</filename>
  <path>/home/baba/Desktop/&#39340;&#22580;/annotation/nRc0yaMW7Mw/03_frame_01801.jpg</path>
  <source>
    <database>Unknown</database>
  </source>
  <size>
    <width>1920</width>
    <height>1080</height>
    <depth>3</depth>
  </size>
  <segmented>0</segmented>
  <object>
    <type>robndbox</type>
    <name>with</name>
    <pose>Unspecified</pose>
    <truncated>0</truncated>
    <difficult>0</difficult>
    <robndbox>
      <cx>529.7627</cx>
      <cy>396.1765</cy>
      <w>114.1796</w>
      <h>338.9025</h>
      <angle>0.4</angle>
    </robndbox>
  </object>
  <object>
    <type>robndbox</type>
    <name>graceful</name>
    <pose>Unspecified</pose>
    <truncated>0</truncated>
    <difficult>0</difficult>
    <robndbox>
      <cx>921.2567</cx>
      <cy>156.4278</cy>
      <w>587.0879</w>
      <h>163.6876</h>
      <angle>3.081593</angle>
    </robndbox>
  </object>
  <object>
    <type>robndbox</type>
    <name>motion</name>
    <pose>Unspecified</pose>
    <truncated>0</truncated>
    <difficult>0</difficult>
    <robndbox>
      <cx>1369.3333</cx>
      <cy>418.8333</cy>
      <w>128.1141</w>
      <h>506.3119</h>
      <angle>2.751593</angle>
    </robndbox>
  </object>
</annotation>
