<annotation verified="no">
  <folder>nRc0yaMW7Mw</folder>
  <filename>07_frame_02431</filename>
  <path>/home/baba/Desktop/&#39340;&#22580;/annotation/nRc0yaMW7Mw/07_frame_02431.jpg</path>
  <source>
    <database>Unknown</database>
  </source>
  <size>
    <width>1920</width>
    <height>1080</height>
    <depth>3</depth>
  </size>
  <segmented>0</segmented>
  <object>
    <type>bndbox</type>
    <name>so</name>
    <pose>Unspecified</pose>
    <truncated>0</truncated>
    <difficult>0</difficult>
    <bndbox>
      <xmin>276</xmin>
      <ymin>305</ymin>
      <xmax>442</xmax>
      <ymax>393</ymax>
    </bndbox>
  </object>
  <object>
    <type>robndbox</type>
    <name>very</name>
    <pose>Unspecified</pose>
    <truncated>0</truncated>
    <difficult>0</difficult>
    <robndbox>
      <cx>644.7782</cx>
      <cy>370.1455</cy>
      <w>336.583</w>
      <h>89.5645</h>
      <angle>0.18</angle>
    </robndbox>
  </object>
  <object>
    <type>robndbox</type>
    <name>lonely</name>
    <pose>Unspecified</pose>
    <truncated>0</truncated>
    <difficult>0</difficult>
    <robndbox>
      <cx>1073.9491</cx>
      <cy>423.4457</cy>
      <w>464.6239</w>
      <h>118.0167</h>
      <angle>0.07</angle>
    </robndbox>
  </object>
  <object>
    <type>robndbox</type>
    <name>its</name>
    <pose>Unspecified</pose>
    <truncated>0</truncated>
    <difficult>0</difficult>
    <robndbox>
      <cx>59.5891</cx>
      <cy>368.2143</cy>
      <w>103.1791</w>
      <h>82.3787</h>
      <angle>2.941593</angle>
    </robndbox>
  </object>
</annotation>
