<annotation verified="no">
  <folder>nRc0yaMW7Mw</folder>
  <filename>02_frame_04771</filename>
  <path>/home/baba/Desktop/&#39340;&#22580;/annotation/nRc0yaMW7Mw/02_frame_04771.jpg</path>
  <source>
    <database>Unknown</database>
  </source>
  <size>
    <width>1920</width>
    <height>1080</height>
    <depth>3</depth>
  </size>
  <segmented>0</segmented>
  <object>
    <type>bndbox</type>
    <name>its</name>
    <pose>Unspecified</pose>
    <truncated>0</truncated>
    <difficult>0</difficult>
    <bndbox>
      <xmin>598</xmin>
      <ymin>229</ymin>
      <xmax>834</xmax>
      <ymax>324</ymax>
    </bndbox>
  </object>
  <object>
    <type>bndbox</type>
    <name>so</name>
    <pose>Unspecified</pose>
    <truncated>0</truncated>
    <difficult>0</difficult>
    <bndbox>
      <xmin>880</xmin>
      <ymin>232</ymin>
      <xmax>1055</xmax>
      <ymax>322</ymax>
    </bndbox>
  </object>
  <object>
    <type>bndbox</type>
    <name>very</name>
    <pose>Unspecified</pose>
    <truncated>0</truncated>
    <difficult>0</difficult>
    <bndbox>
      <xmin>655</xmin>
      <ymin>357</ymin>
      <xmax>1007</xmax>
      <ymax>441</ymax>
    </bndbox>
  </object>
  <object>
    <type>bndbox</type>
    <name>lonely</name>
    <pose>Unspecified</pose>
    <truncated>0</truncated>
    <difficult>0</difficult>
    <bndbox>
      <xmin>582</xmin>
      <ymin>460</ymin>
      <xmax>1080</xmax>
      <ymax>577</ymax>
    </bndbox>
  </object>
</annotation>
