<annotation verified="no">
  <folder>nRc0yaMW7Mw</folder>
  <filename>00_frame_04411</filename>
  <path>/home/baba/Desktop/&#39340;&#22580;/annotation/nRc0yaMW7Mw/00_frame_04411.jpg</path>
  <source>
    <database>Unknown</database>
  </source>
  <size>
    <width>1920</width>
    <height>1080</height>
    <depth>3</depth>
  </size>
  <segmented>0</segmented>
  <object>
    <type>bndbox</type>
    <name>very</name>
    <pose>Unspecified</pose>
    <truncated>1</truncated>
    <difficult>0</difficult>
    <bndbox>
      <xmin>1</xmin>
      <ymin>328</ymin>
      <xmax>44</xmax>
      <ymax>428</ymax>
    </bndbox>
  </object>
  <object>
    <type>bndbox</type>
    <name>light</name>
    <pose>Unspecified</pose>
    <truncated>0</truncated>
    <difficult>0</difficult>
    <bndbox>
      <xmin>859</xmin>
      <ymin>202</ymin>
      <xmax>1274</xmax>
      <ymax>382</ymax>
    </bndbox>
  </object>
  <object>
    <type>robndbox</type>
    <name>lonely</name>
    <pose>Unspecified</pose>
    <truncated>0</truncated>
    <difficult>0</difficult>
    <robndbox>
      <cx>350.101</cx>
      <cy>274.2258</cy>
      <w>544.5076</w>
      <h>115.691</h>
      <angle>2.881593</angle>
    </robndbox>
  </object>
  <object>
    <type>robndbox</type>
    <name>years</name>
    <pose>Unspecified</pose>
    <truncated>0</truncated>
    <difficult>0</difficult>
    <robndbox>
      <cx>1506.5362</cx>
      <cy>218.2929</cy>
      <w>472.1695</w>
      <h>111.7325</h>
      <angle>2.921593</angle>
    </robndbox>
  </object>
  <object>
    <type>robndbox</type>
    <name>thousand</name>
    <pose>Unspecified</pose>
    <truncated>0</truncated>
    <difficult>0</difficult>
    <robndbox>
      <cx>788.3333</cx>
      <cy>461.3333</cy>
      <w>812.0</w>
      <h>202.0</h>
      <angle>0.0</angle>
    </robndbox>
  </object>
  <object>
    <type>robndbox</type>
    <name>a</name>
    <pose>Unspecified</pose>
    <truncated>0</truncated>
    <difficult>0</difficult>
    <robndbox>
      <cx>295.3627</cx>
      <cy>454.1873</cy>
      <w>38.6241</w>
      <h>61.8639</h>
      <angle>2.781593</angle>
    </robndbox>
  </object>
  <object>
    <type>robndbox</type>
    <name>youre</name>
    <pose>Unspecified</pose>
    <truncated>0</truncated>
    <difficult>0</difficult>
    <robndbox>
      <cx>119.6667</cx>
      <cy>529.875</cy>
      <w>239.3333</w>
      <h>155.0833</h>
      <angle>0.0</angle>
    </robndbox>
  </object>
</annotation>
