<annotation verified="no">
  <folder>nRc0yaMW7Mw</folder>
  <filename>04_frame_01981</filename>
  <path>/home/baba/Desktop/&#39340;&#22580;/annotation/nRc0yaMW7Mw/04_frame_01981.jpg</path>
  <source>
    <database>Unknown</database>
  </source>
  <size>
    <width>1920</width>
    <height>1080</height>
    <depth>3</depth>
  </size>
  <segmented>0</segmented>
  <object>
    <type>robndbox</type>
    <name>with</name>
    <pose>Unspecified</pose>
    <truncated>0</truncated>
    <difficult>0</difficult>
    <robndbox>
      <cx>515.1442</cx>
      <cy>457.425</cy>
      <w>99.7911</w>
      <h>354.0657</h>
      <angle>0.29</angle>
    </robndbox>
  </object>
  <object>
    <type>robndbox</type>
    <name>soft</name>
    <pose>Unspecified</pose>
    <truncated>0</truncated>
    <difficult>0</difficult>
    <robndbox>
      <cx>724.323</cx>
      <cy>181.9768</cy>
      <w>322.6198</w>
      <h>97.0313</h>
      <angle>2.531593</angle>
    </robndbox>
  </object>
  <object>
    <type>robndbox</type>
    <name>explosion</name>
    <pose>Unspecified</pose>
    <truncated>0</truncated>
    <difficult>0</difficult>
    <robndbox>
      <cx>1033.6974</cx>
      <cy>128.6011</cy>
      <w>298.2874</w>
      <h>118.2163</h>
      <angle>0.15</angle>
    </robndbox>
  </object>
</annotation>
