<annotation verified="no">
  <folder>nRc0yaMW7Mw</folder>
  <filename>09_frame_06121</filename>
  <path>/home/baba/Desktop/&#39340;&#22580;/annotation/nRc0yaMW7Mw/09_frame_06121.jpg</path>
  <source>
    <database>Unknown</database>
  </source>
  <size>
    <width>1920</width>
    <height>1080</height>
    <depth>3</depth>
  </size>
  <segmented>0</segmented>
  <object>
    <type>bndbox</type>
    <name>aldebaran</name>
    <pose>Unspecified</pose>
    <truncated>1</truncated>
    <difficult>0</difficult>
    <bndbox>
      <xmin>1</xmin>
      <ymin>367</ymin>
      <xmax>880</xmax>
      <ymax>522</ymax>
    </bndbox>
  </object>
  <object>
    <type>robndbox</type>
    <name>safe</name>
    <pose>Unspecified</pose>
    <truncated>0</truncated>
    <difficult>0</difficult>
    <robndbox>
      <cx>1680.4562</cx>
      <cy>487.4777</cy>
      <w>216.0437</w>
      <h>122.9847</h>
      <angle>2.891593</angle>
    </robndbox>
  </object>
</annotation>
