<annotation verified="no">
  <folder>nRc0yaMW7Mw</folder>
  <filename>01_frame_04321</filename>
  <path>/home/baba/Desktop/&#39340;&#22580;/annotation/nRc0yaMW7Mw/01_frame_04321.jpg</path>
  <source>
    <database>Unknown</database>
  </source>
  <size>
    <width>1920</width>
    <height>1080</height>
    <depth>3</depth>
  </size>
  <segmented>0</segmented>
  <object>
    <type>robndbox</type>
    <name>its</name>
    <pose>Unspecified</pose>
    <truncated>0</truncated>
    <difficult>0</difficult>
    <robndbox>
      <cx>445.6971</cx>
      <cy>282.6247</cy>
      <w>178.7781</w>
      <h>85.4139</h>
      <angle>2.881593</angle>
    </robndbox>
  </object>
  <object>
    <type>robndbox</type>
    <name>so</name>
    <pose>Unspecified</pose>
    <truncated>0</truncated>
    <difficult>0</difficult>
    <robndbox>
      <cx>680.3333</cx>
      <cy>258.8333</cy>
      <w>188.0</w>
      <h>89.0</h>
      <angle>0.1</angle>
    </robndbox>
  </object>
  <object>
    <type>robndbox</type>
    <name>very</name>
    <pose>Unspecified</pose>
    <truncated>0</truncated>
    <difficult>0</difficult>
    <robndbox>
      <cx>980.2482</cx>
      <cy>340.3194</cy>
      <w>343.9517</w>
      <h>117.5556</h>
      <angle>0.26</angle>
    </robndbox>
  </object>
  <object>
    <type>robndbox</type>
    <name>lonely</name>
    <pose>Unspecified</pose>
    <truncated>0</truncated>
    <difficult>0</difficult>
    <robndbox>
      <cx>1363.4245</cx>
      <cy>304.5956</cy>
      <w>370.3597</w>
      <h>122.601</h>
      <angle>2.861593</angle>
    </robndbox>
  </object>
  <object>
    <type>robndbox</type>
    <name>youre</name>
    <pose>Unspecified</pose>
    <truncated>0</truncated>
    <difficult>0</difficult>
    <robndbox>
      <cx>1336.2609</cx>
      <cy>491.4328</cy>
      <w>367.453</w>
      <h>91.3399</h>
      <angle>2.791593</angle>
    </robndbox>
  </object>
</annotation>
