<annotation verified="no">
  <folder>nRc0yaMW7Mw</folder>
  <filename>08_frame_03511</filename>
  <path>/home/baba/Desktop/&#39340;&#22580;/annotation/nRc0yaMW7Mw/08_frame_03511.jpg</path>
  <source>
    <database>Unknown</database>
  </source>
  <size>
    <width>1920</width>
    <height>1080</height>
    <depth>3</depth>
  </size>
  <segmented>0</segmented>
  <object>
    <type>bndbox</type>
    <name>from</name>
    <pose>Unspecified</pose>
    <truncated>0</truncated>
    <difficult>0</difficult>
    <bndbox>
      <xmin>424</xmin>
      <ymin>462</ymin>
      <xmax>923</xmax>
      <ymax>602</ymax>
    </bndbox>
  </object>
  <object>
    <type>robndbox</type>
    <name>light</name>
    <pose>Unspecified</pose>
    <truncated>0</truncated>
    <difficult>0</difficult>
    <robndbox>
      <cx>478.2352</cx>
      <cy>281.6738</cy>
      <w>435.4808</w>
      <h>153.1854</h>
      <angle>2.621593</angle>
    </robndbox>
  </object>
  <object>
    <type>robndbox</type>
    <name>years</name>
    <pose>Unspecified</pose>
    <truncated>0</truncated>
    <difficult>0</difficult>
    <robndbox>
      <cx>906.2821</cx>
      <cy>341.8287</cy>
      <w>552.1273</w>
      <h>166.4277</h>
      <angle>0.86</angle>
    </robndbox>
  </object>
</annotation>
