<annotation verified="no">
  <folder>uEDhGX-UTeI</folder>
  <filename>00_frame_03889</filename>
  <path>/Users/KengoAraki/Desktop/annotation_&#21407;&#21475;/annotation/uEDhGX-UTeI/00_frame_03889.jpg</path>
  <source>
    <database>Unknown</database>
  </source>
  <size>
    <width>1920</width>
    <height>1080</height>
    <depth>3</depth>
  </size>
  <segmented>0</segmented>
  <object>
    <type>robndbox</type>
    <name>i</name>
    <pose>Unspecified</pose>
    <truncated>0</truncated>
    <difficult>0</difficult>
    <robndbox>
      <cx>172.4714</cx>
      <cy>868.7905</cy>
      <w>37.8466</w>
      <h>116.4377</h>
      <angle>0.33</angle>
    </robndbox>
  </object>
  <object>
    <type>robndbox</type>
    <name>wish</name>
    <pose>Unspecified</pose>
    <truncated>0</truncated>
    <difficult>0</difficult>
    <robndbox>
      <cx>448.8148</cx>
      <cy>935.1152</cy>
      <w>357.0236</w>
      <h>121.1134</h>
      <angle>0.17</angle>
    </robndbox>
  </object>
  <object>
    <type>robndbox</type>
    <name>i</name>
    <pose>Unspecified</pose>
    <truncated>0</truncated>
    <difficult>0</difficult>
    <robndbox>
      <cx>723.0082</cx>
      <cy>986.5</cy>
      <w>21.0</w>
      <h>71.0</h>
      <angle>0.06</angle>
    </robndbox>
  </object>
  <object>
    <type>robndbox</type>
    <name>could</name>
    <pose>Unspecified</pose>
    <truncated>0</truncated>
    <difficult>0</difficult>
    <robndbox>
      <cx>928.0082</cx>
      <cy>998.0</cy>
      <w>261.0</w>
      <h>74.0</h>
      <angle>0.0</angle>
    </robndbox>
  </object>
  <object>
    <type>robndbox</type>
    <name>erase</name>
    <pose>Unspecified</pose>
    <truncated>0</truncated>
    <difficult>0</difficult>
    <robndbox>
      <cx>1345.0036</cx>
      <cy>948.9669</cy>
      <w>409.3968</w>
      <h>123.8133</h>
      <angle>3.021593</angle>
    </robndbox>
  </object>
  <object>
    <type>robndbox</type>
    <name>it</name>
    <pose>Unspecified</pose>
    <truncated>0</truncated>
    <difficult>0</difficult>
    <robndbox>
      <cx>1683.144</cx>
      <cy>883.9896</cy>
      <w>124.6749</w>
      <h>116.3311</h>
      <angle>2.841593</angle>
    </robndbox>
  </object>
</annotation>
