<annotation verified="no">
  <folder>uEDhGX-UTeI</folder>
  <filename>01_frame_01297</filename>
  <path>/Users/KengoAraki/Desktop/annotation_&#21407;&#21475;/annotation/uEDhGX-UTeI/01_frame_01297.jpg</path>
  <source>
    <database>Unknown</database>
  </source>
  <size>
    <width>1920</width>
    <height>1080</height>
    <depth>3</depth>
  </size>
  <segmented>0</segmented>
  <object>
    <type>robndbox</type>
    <name>trust</name>
    <pose>Unspecified</pose>
    <truncated>0</truncated>
    <difficult>0</difficult>
    <robndbox>
      <cx>374.0082</cx>
      <cy>650.5</cy>
      <w>293.0</w>
      <h>103.0</h>
      <angle>0.0</angle>
    </robndbox>
  </object>
  <object>
    <type>robndbox</type>
    <name>me</name>
    <pose>Unspecified</pose>
    <truncated>0</truncated>
    <difficult>0</difficult>
    <robndbox>
      <cx>621.5082</cx>
      <cy>652.0</cy>
      <w>106.0</w>
      <h>100.0</h>
      <angle>0.0</angle>
    </robndbox>
  </object>
  <object>
    <type>robndbox</type>
    <name>darlin</name>
    <pose>Unspecified</pose>
    <truncated>0</truncated>
    <difficult>0</difficult>
    <robndbox>
      <cx>454.5082</cx>
      <cy>789.0</cy>
      <w>448.0</w>
      <h>118.0</h>
      <angle>0.0</angle>
    </robndbox>
  </object>
  <object>
    <type>robndbox</type>
    <name>trust</name>
    <pose>Unspecified</pose>
    <truncated>0</truncated>
    <difficult>0</difficult>
    <robndbox>
      <cx>1410.0082</cx>
      <cy>649.0</cy>
      <w>293.0</w>
      <h>104.0</h>
      <angle>0.0</angle>
    </robndbox>
  </object>
  <object>
    <type>robndbox</type>
    <name>me</name>
    <pose>Unspecified</pose>
    <truncated>0</truncated>
    <difficult>0</difficult>
    <robndbox>
      <cx>1658.0082</cx>
      <cy>650.0</cy>
      <w>105.0</w>
      <h>98.0</h>
      <angle>0.0</angle>
    </robndbox>
  </object>
  <object>
    <type>robndbox</type>
    <name>darlin</name>
    <pose>Unspecified</pose>
    <truncated>0</truncated>
    <difficult>0</difficult>
    <robndbox>
      <cx>1486.5082</cx>
      <cy>789.5</cy>
      <w>446.0</w>
      <h>115.0</h>
      <angle>0.0</angle>
    </robndbox>
  </object>
</annotation>
