<annotation verified="no">
  <folder>uEDhGX-UTeI</folder>
  <filename>04_frame_03313</filename>
  <path>/Users/KengoAraki/Desktop/annotation_&#21407;&#21475;/annotation/uEDhGX-UTeI/04_frame_03313.jpg</path>
  <source>
    <database>Unknown</database>
  </source>
  <size>
    <width>1920</width>
    <height>1080</height>
    <depth>3</depth>
  </size>
  <segmented>0</segmented>
  <object>
    <type>robndbox</type>
    <name>oh</name>
    <pose>Unspecified</pose>
    <truncated>0</truncated>
    <difficult>0</difficult>
    <robndbox>
      <cx>358.1313</cx>
      <cy>798.5066</cy>
      <w>160.3343</w>
      <h>150.2783</h>
      <angle>0.5</angle>
    </robndbox>
  </object>
  <object>
    <type>robndbox</type>
    <name>ive</name>
    <pose>Unspecified</pose>
    <truncated>0</truncated>
    <difficult>0</difficult>
    <robndbox>
      <cx>609.5082</cx>
      <cy>875.5</cy>
      <w>254.3552</w>
      <h>147.4057</h>
      <angle>0.2</angle>
    </robndbox>
  </object>
  <object>
    <type>robndbox</type>
    <name>been</name>
    <pose>Unspecified</pose>
    <truncated>0</truncated>
    <difficult>0</difficult>
    <robndbox>
      <cx>954.0906</cx>
      <cy>904.8712</cy>
      <w>317.2287</w>
      <h>146.5454</h>
      <angle>0.04</angle>
    </robndbox>
  </object>
  <object>
    <type>robndbox</type>
    <name>askin</name>
    <pose>Unspecified</pose>
    <truncated>0</truncated>
    <difficult>0</difficult>
    <robndbox>
      <cx>1362.6</cx>
      <cy>862.1383</cy>
      <w>425.4087</w>
      <h>165.5388</h>
      <angle>2.941593</angle>
    </robndbox>
  </object>
  <object>
    <type>robndbox</type>
    <name>darlin</name>
    <pose>Unspecified</pose>
    <truncated>0</truncated>
    <difficult>0</difficult>
    <robndbox>
      <cx>1435.5082</cx>
      <cy>591.0</cy>
      <w>256.0</w>
      <h>76.0</h>
      <angle>0.0</angle>
    </robndbox>
  </object>
</annotation>
