<annotation verified="no">
  <folder>uEDhGX-UTeI</folder>
  <filename>09_frame_00505</filename>
  <path>/Users/KengoAraki/Desktop/annotation_&#21407;&#21475;/annotation/uEDhGX-UTeI/09_frame_00505.jpg</path>
  <source>
    <database>Unknown</database>
  </source>
  <size>
    <width>1920</width>
    <height>1080</height>
    <depth>3</depth>
  </size>
  <segmented>0</segmented>
  <object>
    <type>robndbox</type>
    <name>its</name>
    <pose>Unspecified</pose>
    <truncated>0</truncated>
    <difficult>0</difficult>
    <robndbox>
      <cx>56.0082</cx>
      <cy>295.0</cy>
      <w>97.0</w>
      <h>60.0</h>
      <angle>0.0</angle>
    </robndbox>
  </object>
  <object>
    <type>robndbox</type>
    <name>been</name>
    <pose>Unspecified</pose>
    <truncated>0</truncated>
    <difficult>0</difficult>
    <robndbox>
      <cx>183.0082</cx>
      <cy>296.0</cy>
      <w>115.0</w>
      <h>56.0</h>
      <angle>0.0</angle>
    </robndbox>
  </object>
  <object>
    <type>robndbox</type>
    <name>a</name>
    <pose>Unspecified</pose>
    <truncated>0</truncated>
    <difficult>0</difficult>
    <robndbox>
      <cx>37.0082</cx>
      <cy>391.5</cy>
      <w>49.0</w>
      <h>93.0</h>
      <angle>0.0</angle>
    </robndbox>
  </object>
  <object>
    <type>robndbox</type>
    <name>difficult</name>
    <pose>Unspecified</pose>
    <truncated>0</truncated>
    <difficult>0</difficult>
    <robndbox>
      <cx>338.0082</cx>
      <cy>390.0</cy>
      <w>461.0</w>
      <h>100.0</h>
      <angle>0.0</angle>
    </robndbox>
  </object>
  <object>
    <type>robndbox</type>
    <name>year</name>
    <pose>Unspecified</pose>
    <truncated>0</truncated>
    <difficult>0</difficult>
    <robndbox>
      <cx>726.5082</cx>
      <cy>390.0</cy>
      <w>222.0</w>
      <h>96.0</h>
      <angle>0.0</angle>
    </robndbox>
  </object>
</annotation>
