<annotation verified="no">
  <folder>uEDhGX-UTeI</folder>
  <filename>06_frame_01441</filename>
  <path>/Users/KengoAraki/Desktop/annotation_&#21407;&#21475;/annotation/uEDhGX-UTeI/06_frame_01441.jpg</path>
  <source>
    <database>Unknown</database>
  </source>
  <size>
    <width>1920</width>
    <height>1080</height>
    <depth>3</depth>
  </size>
  <segmented>0</segmented>
  <object>
    <type>robndbox</type>
    <name>so</name>
    <pose>Unspecified</pose>
    <truncated>0</truncated>
    <difficult>0</difficult>
    <robndbox>
      <cx>193.9718</cx>
      <cy>775.5925</cy>
      <w>181.3134</w>
      <h>120.7315</h>
      <angle>0.48</angle>
    </robndbox>
  </object>
  <object>
    <type>robndbox</type>
    <name>look</name>
    <pose>Unspecified</pose>
    <truncated>0</truncated>
    <difficult>0</difficult>
    <robndbox>
      <cx>655.706</cx>
      <cy>891.7289</cy>
      <w>438.3309</w>
      <h>125.8552</h>
      <angle>0.13</angle>
    </robndbox>
  </object>
  <object>
    <type>robndbox</type>
    <name>me</name>
    <pose>Unspecified</pose>
    <truncated>0</truncated>
    <difficult>0</difficult>
    <robndbox>
      <cx>1101.7804</cx>
      <cy>912.39</cy>
      <w>173.7052</w>
      <h>114.0081</h>
      <angle>3.041593</angle>
    </robndbox>
  </object>
  <object>
    <type>robndbox</type>
    <name>in</name>
    <pose>Unspecified</pose>
    <truncated>0</truncated>
    <difficult>0</difficult>
    <robndbox>
      <cx>1388.0284</cx>
      <cy>877.5655</cy>
      <w>147.1331</w>
      <h>113.3027</h>
      <angle>2.961593</angle>
    </robndbox>
  </object>
  <object>
    <type>robndbox</type>
    <name>the</name>
    <pose>Unspecified</pose>
    <truncated>0</truncated>
    <difficult>0</difficult>
    <robndbox>
      <cx>1686.3306</cx>
      <cy>782.1585</cy>
      <w>237.6645</w>
      <h>121.8529</h>
      <angle>2.741593</angle>
    </robndbox>
  </object>
  <object>
    <type>robndbox</type>
    <name>eyes</name>
    <pose>Unspecified</pose>
    <truncated>0</truncated>
    <difficult>0</difficult>
    <robndbox>
      <cx>929.5082</cx>
      <cy>497.5</cy>
      <w>874.0</w>
      <h>315.0</h>
      <angle>0.0</angle>
    </robndbox>
  </object>
</annotation>
