<annotation verified="no">
  <folder>uEDhGX-UTeI</folder>
  <filename>07_frame_01801</filename>
  <path>/Users/KengoAraki/Desktop/annotation_&#21407;&#21475;/annotation/uEDhGX-UTeI/07_frame_01801.jpg</path>
  <source>
    <database>Unknown</database>
  </source>
  <size>
    <width>1920</width>
    <height>1080</height>
    <depth>3</depth>
  </size>
  <segmented>0</segmented>
  <object>
    <type>robndbox</type>
    <name>i</name>
    <pose>Unspecified</pose>
    <truncated>0</truncated>
    <difficult>0</difficult>
    <robndbox>
      <cx>226.8856</cx>
      <cy>886.052</cy>
      <w>32.1573</w>
      <h>116.8249</h>
      <angle>0.3</angle>
    </robndbox>
  </object>
  <object>
    <type>robndbox</type>
    <name>wish</name>
    <pose>Unspecified</pose>
    <truncated>0</truncated>
    <difficult>0</difficult>
    <robndbox>
      <cx>485.2471</cx>
      <cy>941.6509</cy>
      <w>343.4116</w>
      <h>120.4539</h>
      <angle>0.12</angle>
    </robndbox>
  </object>
  <object>
    <type>robndbox</type>
    <name>i</name>
    <pose>Unspecified</pose>
    <truncated>0</truncated>
    <difficult>0</difficult>
    <robndbox>
      <cx>744.4988</cx>
      <cy>988.5228</cy>
      <w>25.9036</w>
      <h>80.0392</h>
      <angle>0.095924</angle>
    </robndbox>
  </object>
  <object>
    <type>robndbox</type>
    <name>could</name>
    <pose>Unspecified</pose>
    <truncated>0</truncated>
    <difficult>0</difficult>
    <robndbox>
      <cx>930.0082</cx>
      <cy>997.5</cy>
      <w>251.0</w>
      <h>85.0</h>
      <angle>0.0</angle>
    </robndbox>
  </object>
</annotation>
