<annotation verified="no">
  <folder>uEDhGX-UTeI</folder>
  <filename>05_frame_03817</filename>
  <path>/Users/KengoAraki/Desktop/annotation_&#21407;&#21475;/annotation/uEDhGX-UTeI/05_frame_03817.jpg</path>
  <source>
    <database>Unknown</database>
  </source>
  <size>
    <width>1920</width>
    <height>1080</height>
    <depth>3</depth>
  </size>
  <segmented>0</segmented>
  <object>
    <type>robndbox</type>
    <name>i</name>
    <pose>Unspecified</pose>
    <truncated>0</truncated>
    <difficult>0</difficult>
    <robndbox>
      <cx>486.6883</cx>
      <cy>399.5028</cy>
      <w>22.7637</w>
      <h>100.8072</h>
      <angle>0.13</angle>
    </robndbox>
  </object>
  <object>
    <type>robndbox</type>
    <name>dont</name>
    <pose>Unspecified</pose>
    <truncated>0</truncated>
    <difficult>0</difficult>
    <robndbox>
      <cx>713.02</cx>
      <cy>419.1774</cy>
      <w>295.5858</w>
      <h>104.31</h>
      <angle>0.08</angle>
    </robndbox>
  </object>
  <object>
    <type>robndbox</type>
    <name>want</name>
    <pose>Unspecified</pose>
    <truncated>0</truncated>
    <difficult>0</difficult>
    <robndbox>
      <cx>1087.2931</cx>
      <cy>422.9062</cy>
      <w>307.8321</w>
      <h>99.6974</h>
      <angle>3.091593</angle>
    </robndbox>
  </object>
  <object>
    <type>robndbox</type>
    <name>to</name>
    <pose>Unspecified</pose>
    <truncated>0</truncated>
    <difficult>0</difficult>
    <robndbox>
      <cx>1370.0082</cx>
      <cy>404.5</cy>
      <w>121.0</w>
      <h>93.0</h>
      <angle>3.051593</angle>
    </robndbox>
  </object>
  <object>
    <type>robndbox</type>
    <name>fake</name>
    <pose>Unspecified</pose>
    <truncated>0</truncated>
    <difficult>0</difficult>
    <robndbox>
      <cx>778.3731</cx>
      <cy>635.8688</cy>
      <w>495.2097</w>
      <h>200.9292</h>
      <angle>0.06</angle>
    </robndbox>
  </object>
  <object>
    <type>robndbox</type>
    <name>it</name>
    <pose>Unspecified</pose>
    <truncated>0</truncated>
    <difficult>0</difficult>
    <robndbox>
      <cx>1264.6417</cx>
      <cy>631.8597</cy>
      <w>190.2732</w>
      <h>194.0329</h>
      <angle>3.091593</angle>
    </robndbox>
  </object>
</annotation>
