<annotation verified="no">
  <folder>uEDhGX-UTeI</folder>
  <filename>02_frame_01009</filename>
  <path>/Users/KengoAraki/Desktop/annotation_&#21407;&#21475;/annotation/uEDhGX-UTeI/02_frame_01009.jpg</path>
  <source>
    <database>Unknown</database>
  </source>
  <size>
    <width>1920</width>
    <height>1080</height>
    <depth>3</depth>
  </size>
  <segmented>0</segmented>
  <object>
    <type>robndbox</type>
    <name>im</name>
    <pose>Unspecified</pose>
    <truncated>0</truncated>
    <difficult>0</difficult>
    <robndbox>
      <cx>771.5082</cx>
      <cy>396.5</cy>
      <w>108.0</w>
      <h>73.0</h>
      <angle>0.0</angle>
    </robndbox>
  </object>
  <object>
    <type>robndbox</type>
    <name>a</name>
    <pose>Unspecified</pose>
    <truncated>0</truncated>
    <difficult>0</difficult>
    <robndbox>
      <cx>894.5082</cx>
      <cy>396.5</cy>
      <w>42.0</w>
      <h>73.0</h>
      <angle>0.0</angle>
    </robndbox>
  </object>
  <object>
    <type>robndbox</type>
    <name>man</name>
    <pose>Unspecified</pose>
    <truncated>0</truncated>
    <difficult>0</difficult>
    <robndbox>
      <cx>1039.5082</cx>
      <cy>397.0</cy>
      <w>152.0</w>
      <h>72.0</h>
      <angle>0.0</angle>
    </robndbox>
  </object>
  <object>
    <type>robndbox</type>
    <name>of</name>
    <pose>Unspecified</pose>
    <truncated>0</truncated>
    <difficult>0</difficult>
    <robndbox>
      <cx>1210.0082</cx>
      <cy>396.5</cy>
      <w>77.0</w>
      <h>71.0</h>
      <angle>0.0</angle>
    </robndbox>
  </object>
  <object>
    <type>robndbox</type>
    <name>three</name>
    <pose>Unspecified</pose>
    <truncated>0</truncated>
    <difficult>0</difficult>
    <robndbox>
      <cx>709.5082</cx>
      <cy>605.5</cy>
      <w>462.0</w>
      <h>145.0</h>
      <angle>0.0</angle>
    </robndbox>
  </object>
  <object>
    <type>robndbox</type>
    <name>fears</name>
    <pose>Unspecified</pose>
    <truncated>0</truncated>
    <difficult>0</difficult>
    <robndbox>
      <cx>1260.5082</cx>
      <cy>606.5</cy>
      <w>444.0</w>
      <h>143.0</h>
      <angle>0.0</angle>
    </robndbox>
  </object>
</annotation>
