<annotation verified="no">
  <folder>JYNH0ABzfc8</folder>
  <filename>07_frame_03781</filename>
  <path>/home/junya/&#12480;&#12454;&#12531;&#12525;&#12540;&#12489;/&#26519;&#30000;/annotation/JYNH0ABzfc8/07_frame_03781.jpg</path>
  <source>
    <database>Unknown</database>
  </source>
  <size>
    <width>1920</width>
    <height>1080</height>
    <depth>3</depth>
  </size>
  <segmented>0</segmented>
  <object>
    <type>bndbox</type>
    <name>misery</name>
    <pose>Unspecified</pose>
    <truncated>0</truncated>
    <difficult>0</difficult>
    <bndbox>
      <xmin>77</xmin>
      <ymin>436</ymin>
      <xmax>880</xmax>
      <ymax>560</ymax>
    </bndbox>
  </object>
  <object>
    <type>bndbox</type>
    <name>misery</name>
    <pose>Unspecified</pose>
    <truncated>0</truncated>
    <difficult>0</difficult>
    <bndbox>
      <xmin>1032</xmin>
      <ymin>438</ymin>
      <xmax>1834</xmax>
      <ymax>560</ymax>
    </bndbox>
  </object>
  <object>
    <type>bndbox</type>
    <name>is</name>
    <pose>Unspecified</pose>
    <truncated>0</truncated>
    <difficult>0</difficult>
    <bndbox>
      <xmin>88</xmin>
      <ymin>575</ymin>
      <xmax>192</xmax>
      <ymax>646</ymax>
    </bndbox>
  </object>
  <object>
    <type>bndbox</type>
    <name>the</name>
    <pose>Unspecified</pose>
    <truncated>0</truncated>
    <difficult>0</difficult>
    <bndbox>
      <xmin>244</xmin>
      <ymin>575</ymin>
      <xmax>470</xmax>
      <ymax>646</ymax>
    </bndbox>
  </object>
  <object>
    <type>bndbox</type>
    <name>venom</name>
    <pose>Unspecified</pose>
    <truncated>0</truncated>
    <difficult>0</difficult>
    <bndbox>
      <xmin>517</xmin>
      <ymin>575</ymin>
      <xmax>946</xmax>
      <ymax>646</ymax>
    </bndbox>
  </object>
  <object>
    <type>bndbox</type>
    <name>in</name>
    <pose>Unspecified</pose>
    <truncated>0</truncated>
    <difficult>0</difficult>
    <bndbox>
      <xmin>1002</xmin>
      <ymin>578</ymin>
      <xmax>1122</xmax>
      <ymax>646</ymax>
    </bndbox>
  </object>
  <object>
    <type>bndbox</type>
    <name>our</name>
    <pose>Unspecified</pose>
    <truncated>0</truncated>
    <difficult>0</difficult>
    <bndbox>
      <xmin>1172</xmin>
      <ymin>574</ymin>
      <xmax>1422</xmax>
      <ymax>644</ymax>
    </bndbox>
  </object>
  <object>
    <type>bndbox</type>
    <name>venis</name>
    <pose>Unspecified</pose>
    <truncated>0</truncated>
    <difficult>0</difficult>
    <bndbox>
      <xmin>1474</xmin>
      <ymin>575</ymin>
      <xmax>1825</xmax>
      <ymax>647</ymax>
    </bndbox>
  </object>
</annotation>
