<annotation verified="no">
  <folder>JYNH0ABzfc8</folder>
  <filename>02_frame_00451</filename>
  <path>/home/junya/&#12480;&#12454;&#12531;&#12525;&#12540;&#12489;/&#26519;&#30000;/annotation/JYNH0ABzfc8/02_frame_00451.jpg</path>
  <source>
    <database>Unknown</database>
  </source>
  <size>
    <width>1920</width>
    <height>1080</height>
    <depth>3</depth>
  </size>
  <segmented>0</segmented>
  <object>
    <type>bndbox</type>
    <name>running</name>
    <pose>Unspecified</pose>
    <truncated>0</truncated>
    <difficult>0</difficult>
    <bndbox>
      <xmin>465</xmin>
      <ymin>320</ymin>
      <xmax>1050</xmax>
      <ymax>396</ymax>
    </bndbox>
  </object>
  <object>
    <type>bndbox</type>
    <name>from</name>
    <pose>Unspecified</pose>
    <truncated>0</truncated>
    <difficult>0</difficult>
    <bndbox>
      <xmin>1106</xmin>
      <ymin>319</ymin>
      <xmax>1465</xmax>
      <ymax>394</ymax>
    </bndbox>
  </object>
  <object>
    <type>bndbox</type>
    <name>something</name>
    <pose>Unspecified</pose>
    <truncated>0</truncated>
    <difficult>0</difficult>
    <bndbox>
      <xmin>105</xmin>
      <ymin>420</ymin>
      <xmax>1840</xmax>
      <ymax>594</ymax>
    </bndbox>
  </object>
  <object>
    <type>bndbox</type>
    <name>that</name>
    <pose>Unspecified</pose>
    <truncated>0</truncated>
    <difficult>0</difficult>
    <bndbox>
      <xmin>94</xmin>
      <ymin>626</ymin>
      <xmax>385</xmax>
      <ymax>690</ymax>
    </bndbox>
  </object>
  <object>
    <type>bndbox</type>
    <name>i</name>
    <pose>Unspecified</pose>
    <truncated>0</truncated>
    <difficult>0</difficult>
    <bndbox>
      <xmin>434</xmin>
      <ymin>627</ymin>
      <xmax>466</xmax>
      <ymax>688</ymax>
    </bndbox>
  </object>
  <object>
    <type>bndbox</type>
    <name>can</name>
    <pose>Unspecified</pose>
    <truncated>0</truncated>
    <difficult>0</difficult>
    <bndbox>
      <xmin>512</xmin>
      <ymin>624</ymin>
      <xmax>738</xmax>
      <ymax>692</ymax>
    </bndbox>
  </object>
</annotation>
