<annotation verified="no">
  <folder>JYNH0ABzfc8</folder>
  <filename>04_frame_01621</filename>
  <path>/home/junya/&#12480;&#12454;&#12531;&#12525;&#12540;&#12489;/&#26519;&#30000;/annotation/JYNH0ABzfc8/04_frame_01621.jpg</path>
  <source>
    <database>Unknown</database>
  </source>
  <size>
    <width>1920</width>
    <height>1080</height>
    <depth>3</depth>
  </size>
  <segmented>0</segmented>
  <object>
    <type>bndbox</type>
    <name>youre</name>
    <pose>Unspecified</pose>
    <truncated>0</truncated>
    <difficult>0</difficult>
    <bndbox>
      <xmin>446</xmin>
      <ymin>143</ymin>
      <xmax>1464</xmax>
      <ymax>314</ymax>
    </bndbox>
  </object>
  <object>
    <type>bndbox</type>
    <name>nauseous</name>
    <pose>Unspecified</pose>
    <truncated>0</truncated>
    <difficult>0</difficult>
    <bndbox>
      <xmin>234</xmin>
      <ymin>328</ymin>
      <xmax>1748</xmax>
      <ymax>491</ymax>
    </bndbox>
  </object>
</annotation>
