<annotation verified="no">
  <folder>JYNH0ABzfc8</folder>
  <filename>00_frame_02701</filename>
  <path>/home/junya/&#12480;&#12454;&#12531;&#12525;&#12540;&#12489;/&#26519;&#30000;/annotation/JYNH0ABzfc8/00_frame_02701.jpg</path>
  <source>
    <database>Unknown</database>
  </source>
  <size>
    <width>1920</width>
    <height>1080</height>
    <depth>3</depth>
  </size>
  <segmented>0</segmented>
  <object>
    <type>bndbox</type>
    <name>they</name>
    <pose>Unspecified</pose>
    <truncated>0</truncated>
    <difficult>0</difficult>
    <bndbox>
      <xmin>221</xmin>
      <ymin>280</ymin>
      <xmax>570</xmax>
      <ymax>358</ymax>
    </bndbox>
  </object>
  <object>
    <type>bndbox</type>
    <name>prey</name>
    <pose>Unspecified</pose>
    <truncated>0</truncated>
    <difficult>0</difficult>
    <bndbox>
      <xmin>634</xmin>
      <ymin>280</ymin>
      <xmax>968</xmax>
      <ymax>359</ymax>
    </bndbox>
  </object>
  <object>
    <type>bndbox</type>
    <name>on</name>
    <pose>Unspecified</pose>
    <truncated>0</truncated>
    <difficult>0</difficult>
    <bndbox>
      <xmin>1027</xmin>
      <ymin>279</ymin>
      <xmax>1214</xmax>
      <ymax>360</ymax>
    </bndbox>
  </object>
  <object>
    <type>bndbox</type>
    <name>your</name>
    <pose>Unspecified</pose>
    <truncated>0</truncated>
    <difficult>0</difficult>
    <bndbox>
      <xmin>1281</xmin>
      <ymin>280</ymin>
      <xmax>1658</xmax>
      <ymax>358</ymax>
    </bndbox>
  </object>
  <object>
    <type>bndbox</type>
    <name>fear</name>
    <pose>Unspecified</pose>
    <truncated>0</truncated>
    <difficult>0</difficult>
    <bndbox>
      <xmin>293</xmin>
      <ymin>374</ymin>
      <xmax>1656</xmax>
      <ymax>684</ymax>
    </bndbox>
  </object>
  <object>
    <type>bndbox</type>
    <name>of</name>
    <pose>Unspecified</pose>
    <truncated>0</truncated>
    <difficult>0</difficult>
    <bndbox>
      <xmin>398</xmin>
      <ymin>697</ymin>
      <xmax>573</xmax>
      <ymax>772</ymax>
    </bndbox>
  </object>
  <object>
    <type>bndbox</type>
    <name>how</name>
    <pose>Unspecified</pose>
    <truncated>0</truncated>
    <difficult>0</difficult>
    <bndbox>
      <xmin>628</xmin>
      <ymin>700</ymin>
      <xmax>966</xmax>
      <ymax>780</ymax>
    </bndbox>
  </object>
  <object>
    <type>bndbox</type>
    <name>it</name>
    <pose>Unspecified</pose>
    <truncated>0</truncated>
    <difficult>0</difficult>
    <bndbox>
      <xmin>1020</xmin>
      <ymin>698</ymin>
      <xmax>1152</xmax>
      <ymax>780</ymax>
    </bndbox>
  </object>
  <object>
    <type>bndbox</type>
    <name>just</name>
    <pose>Unspecified</pose>
    <truncated>0</truncated>
    <difficult>0</difficult>
    <bndbox>
      <xmin>1189</xmin>
      <ymin>698</ymin>
      <xmax>1530</xmax>
      <ymax>806</ymax>
    </bndbox>
  </object>
  <object>
    <type>bndbox</type>
    <name>you</name>
    <pose>Unspecified</pose>
    <truncated>0</truncated>
    <difficult>0</difficult>
    <bndbox>
      <xmin>89</xmin>
      <ymin>6</ymin>
      <xmax>148</xmax>
      <ymax>190</ymax>
    </bndbox>
  </object>
  <object>
    <type>bndbox</type>
    <name>fear</name>
    <pose>Unspecified</pose>
    <truncated>0</truncated>
    <difficult>0</difficult>
    <bndbox>
      <xmin>92</xmin>
      <ymin>223</ymin>
      <xmax>144</xmax>
      <ymax>443</ymax>
    </bndbox>
  </object>
  <object>
    <type>bndbox</type>
    <name>your</name>
    <pose>Unspecified</pose>
    <truncated>0</truncated>
    <difficult>0</difficult>
    <bndbox>
      <xmin>88</xmin>
      <ymin>488</ymin>
      <xmax>146</xmax>
      <ymax>728</ymax>
    </bndbox>
  </object>
  <object>
    <type>bndbox</type>
    <name>fear</name>
    <pose>Unspecified</pose>
    <truncated>0</truncated>
    <difficult>0</difficult>
    <bndbox>
      <xmin>92</xmin>
      <ymin>768</ymin>
      <xmax>146</xmax>
      <ymax>988</ymax>
    </bndbox>
  </object>
  <object>
    <type>bndbox</type>
    <name>your</name>
    <pose>Unspecified</pose>
    <truncated>0</truncated>
    <difficult>0</difficult>
    <bndbox>
      <xmin>94</xmin>
      <ymin>1024</ymin>
      <xmax>148</xmax>
      <ymax>1079</ymax>
    </bndbox>
  </object>
  <object>
    <type>bndbox</type>
    <name>fear</name>
    <pose>Unspecified</pose>
    <truncated>1</truncated>
    <difficult>0</difficult>
    <bndbox>
      <xmin>1774</xmin>
      <ymin>1</ymin>
      <xmax>1812</xmax>
      <ymax>96</ymax>
    </bndbox>
  </object>
  <object>
    <type>bndbox</type>
    <name>your</name>
    <pose>Unspecified</pose>
    <truncated>0</truncated>
    <difficult>0</difficult>
    <bndbox>
      <xmin>1776</xmin>
      <ymin>118</ymin>
      <xmax>1808</xmax>
      <ymax>254</ymax>
    </bndbox>
  </object>
  <object>
    <type>bndbox</type>
    <name>fear</name>
    <pose>Unspecified</pose>
    <truncated>0</truncated>
    <difficult>0</difficult>
    <bndbox>
      <xmin>1757</xmin>
      <ymin>282</ymin>
      <xmax>1786</xmax>
      <ymax>400</ymax>
    </bndbox>
  </object>
  <object>
    <type>bndbox</type>
    <name>your</name>
    <pose>Unspecified</pose>
    <truncated>0</truncated>
    <difficult>0</difficult>
    <bndbox>
      <xmin>1778</xmin>
      <ymin>420</ymin>
      <xmax>1808</xmax>
      <ymax>563</ymax>
    </bndbox>
  </object>
  <object>
    <type>bndbox</type>
    <name>fear</name>
    <pose>Unspecified</pose>
    <truncated>0</truncated>
    <difficult>0</difficult>
    <bndbox>
      <xmin>1774</xmin>
      <ymin>583</ymin>
      <xmax>1808</xmax>
      <ymax>704</ymax>
    </bndbox>
  </object>
  <object>
    <type>bndbox</type>
    <name>your</name>
    <pose>Unspecified</pose>
    <truncated>0</truncated>
    <difficult>0</difficult>
    <bndbox>
      <xmin>1777</xmin>
      <ymin>726</ymin>
      <xmax>1810</xmax>
      <ymax>871</ymax>
    </bndbox>
  </object>
  <object>
    <type>bndbox</type>
    <name>fear</name>
    <pose>Unspecified</pose>
    <truncated>0</truncated>
    <difficult>0</difficult>
    <bndbox>
      <xmin>1776</xmin>
      <ymin>888</ymin>
      <xmax>1810</xmax>
      <ymax>1008</ymax>
    </bndbox>
  </object>
  <object>
    <type>bndbox</type>
    <name>your</name>
    <pose>Unspecified</pose>
    <truncated>1</truncated>
    <difficult>0</difficult>
    <bndbox>
      <xmin>1777</xmin>
      <ymin>1032</ymin>
      <xmax>1807</xmax>
      <ymax>1080</ymax>
    </bndbox>
  </object>
</annotation>
