<annotation verified="no">
  <folder>JYNH0ABzfc8</folder>
  <filename>06_frame_01351</filename>
  <path>/home/junya/&#12480;&#12454;&#12531;&#12525;&#12540;&#12489;/&#26519;&#30000;/annotation/JYNH0ABzfc8/06_frame_01351.jpg</path>
  <source>
    <database>Unknown</database>
  </source>
  <size>
    <width>1920</width>
    <height>1080</height>
    <depth>3</depth>
  </size>
  <segmented>0</segmented>
  <object>
    <type>bndbox</type>
    <name>cautionary</name>
    <pose>Unspecified</pose>
    <truncated>0</truncated>
    <difficult>0</difficult>
    <bndbox>
      <xmin>153</xmin>
      <ymin>214</ymin>
      <xmax>1769</xmax>
      <ymax>354</ymax>
    </bndbox>
  </object>
  <object>
    <type>bndbox</type>
    <name>tale</name>
    <pose>Unspecified</pose>
    <truncated>0</truncated>
    <difficult>0</difficult>
    <bndbox>
      <xmin>112</xmin>
      <ymin>375</ymin>
      <xmax>1788</xmax>
      <ymax>766</ymax>
    </bndbox>
  </object>
  <object>
    <type>bndbox</type>
    <name>how</name>
    <pose>Unspecified</pose>
    <truncated>0</truncated>
    <difficult>0</difficult>
    <bndbox>
      <xmin>257</xmin>
      <ymin>787</ymin>
      <xmax>448</xmax>
      <ymax>834</ymax>
    </bndbox>
  </object>
  <object>
    <type>bndbox</type>
    <name>quick</name>
    <pose>Unspecified</pose>
    <truncated>0</truncated>
    <difficult>0</difficult>
    <bndbox>
      <xmin>481</xmin>
      <ymin>786</ymin>
      <xmax>736</xmax>
      <ymax>848</ymax>
    </bndbox>
  </object>
  <object>
    <type>bndbox</type>
    <name>the</name>
    <pose>Unspecified</pose>
    <truncated>0</truncated>
    <difficult>0</difficult>
    <bndbox>
      <xmin>768</xmin>
      <ymin>787</ymin>
      <xmax>916</xmax>
      <ymax>835</ymax>
    </bndbox>
  </object>
  <object>
    <type>bndbox</type>
    <name>sick</name>
    <pose>Unspecified</pose>
    <truncated>0</truncated>
    <difficult>0</difficult>
    <bndbox>
      <xmin>954</xmin>
      <ymin>786</ymin>
      <xmax>1134</xmax>
      <ymax>834</ymax>
    </bndbox>
  </object>
  <object>
    <type>bndbox</type>
    <name>can</name>
    <pose>Unspecified</pose>
    <truncated>0</truncated>
    <difficult>0</difficult>
    <bndbox>
      <xmin>1168</xmin>
      <ymin>784</ymin>
      <xmax>1328</xmax>
      <ymax>835</ymax>
    </bndbox>
  </object>
  <object>
    <type>bndbox</type>
    <name>spread</name>
    <pose>Unspecified</pose>
    <truncated>0</truncated>
    <difficult>0</difficult>
    <bndbox>
      <xmin>1364</xmin>
      <ymin>786</ymin>
      <xmax>1661</xmax>
      <ymax>834</ymax>
    </bndbox>
  </object>
</annotation>
