<annotation verified="no">
  <folder>JYNH0ABzfc8</folder>
  <filename>08_frame_02071</filename>
  <path>/home/junya/&#12480;&#12454;&#12531;&#12525;&#12540;&#12489;/&#26519;&#30000;/annotation/JYNH0ABzfc8/08_frame_02071.jpg</path>
  <source>
    <database>Unknown</database>
  </source>
  <size>
    <width>1920</width>
    <height>1080</height>
    <depth>3</depth>
  </size>
  <segmented>0</segmented>
  <object>
    <type>bndbox</type>
    <name>running</name>
    <pose>Unspecified</pose>
    <truncated>0</truncated>
    <difficult>0</difficult>
    <bndbox>
      <xmin>450</xmin>
      <ymin>314</ymin>
      <xmax>1054</xmax>
      <ymax>394</ymax>
    </bndbox>
  </object>
  <object>
    <type>bndbox</type>
    <name>from</name>
    <pose>Unspecified</pose>
    <truncated>0</truncated>
    <difficult>0</difficult>
    <bndbox>
      <xmin>1112</xmin>
      <ymin>316</ymin>
      <xmax>1477</xmax>
      <ymax>391</ymax>
    </bndbox>
  </object>
  <object>
    <type>bndbox</type>
    <name>something</name>
    <pose>Unspecified</pose>
    <truncated>0</truncated>
    <difficult>0</difficult>
    <bndbox>
      <xmin>89</xmin>
      <ymin>419</ymin>
      <xmax>1856</xmax>
      <ymax>592</ymax>
    </bndbox>
  </object>
  <object>
    <type>bndbox</type>
    <name>that</name>
    <pose>Unspecified</pose>
    <truncated>0</truncated>
    <difficult>0</difficult>
    <bndbox>
      <xmin>77</xmin>
      <ymin>628</ymin>
      <xmax>376</xmax>
      <ymax>695</ymax>
    </bndbox>
  </object>
  <object>
    <type>bndbox</type>
    <name>i</name>
    <pose>Unspecified</pose>
    <truncated>0</truncated>
    <difficult>0</difficult>
    <bndbox>
      <xmin>422</xmin>
      <ymin>628</ymin>
      <xmax>456</xmax>
      <ymax>692</ymax>
    </bndbox>
  </object>
  <object>
    <type>bndbox</type>
    <name>cant</name>
    <pose>Unspecified</pose>
    <truncated>0</truncated>
    <difficult>0</difficult>
    <bndbox>
      <xmin>506</xmin>
      <ymin>626</ymin>
      <xmax>837</xmax>
      <ymax>694</ymax>
    </bndbox>
  </object>
  <object>
    <type>bndbox</type>
    <name>really</name>
    <pose>Unspecified</pose>
    <truncated>0</truncated>
    <difficult>0</difficult>
    <bndbox>
      <xmin>885</xmin>
      <ymin>628</ymin>
      <xmax>1313</xmax>
      <ymax>694</ymax>
    </bndbox>
  </object>
</annotation>
