<annotation verified="no">
  <folder>JYNH0ABzfc8</folder>
  <filename>01_frame_04501</filename>
  <path>/home/sakaguchi/Downloads/hayashida/annotation/JYNH0ABzfc8/01_frame_04501.jpg</path>
  <source>
    <database>Unknown</database>
  </source>
  <size>
    <width>1920</width>
    <height>1080</height>
    <depth>3</depth>
  </size>
  <segmented>0</segmented>
  <object>
    <type>bndbox</type>
    <name>strong</name>
    <pose>Unspecified</pose>
    <truncated>0</truncated>
    <difficult>0</difficult>
    <bndbox>
      <xmin>203</xmin>
      <ymin>404</ymin>
      <xmax>1815</xmax>
      <ymax>680</ymax>
    </bndbox>
  </object>
</annotation>
