<annotation verified="no">
  <folder>JYNH0ABzfc8</folder>
  <filename>05_frame_02971</filename>
  <path>/home/junya/&#12480;&#12454;&#12531;&#12525;&#12540;&#12489;/&#26519;&#30000;/annotation/JYNH0ABzfc8/05_frame_02971.jpg</path>
  <source>
    <database>Unknown</database>
  </source>
  <size>
    <width>1920</width>
    <height>1080</height>
    <depth>3</depth>
  </size>
  <segmented>0</segmented>
  <object>
    <type>bndbox</type>
    <name>did</name>
    <pose>Unspecified</pose>
    <truncated>0</truncated>
    <difficult>0</difficult>
    <bndbox>
      <xmin>418</xmin>
      <ymin>192</ymin>
      <xmax>612</xmax>
      <ymax>259</ymax>
    </bndbox>
  </object>
  <object>
    <type>bndbox</type>
    <name>we</name>
    <pose>Unspecified</pose>
    <truncated>0</truncated>
    <difficult>0</difficult>
    <bndbox>
      <xmin>660</xmin>
      <ymin>194</ymin>
      <xmax>830</xmax>
      <ymax>259</ymax>
    </bndbox>
  </object>
  <object>
    <type>bndbox</type>
    <name>drink</name>
    <pose>Unspecified</pose>
    <truncated>0</truncated>
    <difficult>0</difficult>
    <bndbox>
      <xmin>878</xmin>
      <ymin>190</ymin>
      <xmax>1237</xmax>
      <ymax>259</ymax>
    </bndbox>
  </object>
  <object>
    <type>bndbox</type>
    <name>the</name>
    <pose>Unspecified</pose>
    <truncated>0</truncated>
    <difficult>0</difficult>
    <bndbox>
      <xmin>1280</xmin>
      <ymin>191</ymin>
      <xmax>1496</xmax>
      <ymax>260</ymax>
    </bndbox>
  </object>
  <object>
    <type>bndbox</type>
    <name>poison</name>
    <pose>Unspecified</pose>
    <truncated>0</truncated>
    <difficult>0</difficult>
    <bndbox>
      <xmin>386</xmin>
      <ymin>283</ymin>
      <xmax>1538</xmax>
      <ymax>464</ymax>
    </bndbox>
  </object>
  <object>
    <type>bndbox</type>
    <name>or</name>
    <pose>Unspecified</pose>
    <truncated>0</truncated>
    <difficult>0</difficult>
    <bndbox>
      <xmin>666</xmin>
      <ymin>582</ymin>
      <xmax>821</xmax>
      <ymax>652</ymax>
    </bndbox>
  </object>
  <object>
    <type>bndbox</type>
    <name>just</name>
    <pose>Unspecified</pose>
    <truncated>0</truncated>
    <difficult>0</difficult>
    <bndbox>
      <xmin>858</xmin>
      <ymin>585</ymin>
      <xmax>1138</xmax>
      <ymax>672</ymax>
    </bndbox>
  </object>
  <object>
    <type>bndbox</type>
    <name>a</name>
    <pose>Unspecified</pose>
    <truncated>0</truncated>
    <difficult>0</difficult>
    <bndbox>
      <xmin>1182</xmin>
      <ymin>583</ymin>
      <xmax>1253</xmax>
      <ymax>651</ymax>
    </bndbox>
  </object>
  <object>
    <type>bndbox</type>
    <name>placebo</name>
    <pose>Unspecified</pose>
    <truncated>0</truncated>
    <difficult>0</difficult>
    <bndbox>
      <xmin>194</xmin>
      <ymin>676</ymin>
      <xmax>1561</xmax>
      <ymax>851</ymax>
    </bndbox>
  </object>
</annotation>
