<annotation verified="no">
  <folder>JYNH0ABzfc8</folder>
  <filename>09_frame_02161</filename>
  <path>/home/junya/&#12480;&#12454;&#12531;&#12525;&#12540;&#12489;/&#26519;&#30000;/annotation/JYNH0ABzfc8/09_frame_02161.jpg</path>
  <source>
    <database>Unknown</database>
  </source>
  <size>
    <width>1920</width>
    <height>1080</height>
    <depth>3</depth>
  </size>
  <segmented>0</segmented>
  <object>
    <type>bndbox</type>
    <name>misery</name>
    <pose>Unspecified</pose>
    <truncated>0</truncated>
    <difficult>0</difficult>
    <bndbox>
      <xmin>65</xmin>
      <ymin>432</ymin>
      <xmax>878</xmax>
      <ymax>559</ymax>
    </bndbox>
  </object>
  <object>
    <type>bndbox</type>
    <name>misery</name>
    <pose>Unspecified</pose>
    <truncated>0</truncated>
    <difficult>0</difficult>
    <bndbox>
      <xmin>1037</xmin>
      <ymin>432</ymin>
      <xmax>1842</xmax>
      <ymax>559</ymax>
    </bndbox>
  </object>
  <object>
    <type>bndbox</type>
    <name>is</name>
    <pose>Unspecified</pose>
    <truncated>0</truncated>
    <difficult>0</difficult>
    <bndbox>
      <xmin>80</xmin>
      <ymin>575</ymin>
      <xmax>184</xmax>
      <ymax>645</ymax>
    </bndbox>
  </object>
  <object>
    <type>bndbox</type>
    <name>the</name>
    <pose>Unspecified</pose>
    <truncated>0</truncated>
    <difficult>0</difficult>
    <bndbox>
      <xmin>236</xmin>
      <ymin>576</ymin>
      <xmax>462</xmax>
      <ymax>647</ymax>
    </bndbox>
  </object>
  <object>
    <type>bndbox</type>
    <name>venom</name>
    <pose>Unspecified</pose>
    <truncated>0</truncated>
    <difficult>0</difficult>
    <bndbox>
      <xmin>518</xmin>
      <ymin>576</ymin>
      <xmax>945</xmax>
      <ymax>646</ymax>
    </bndbox>
  </object>
  <object>
    <type>bndbox</type>
    <name>in</name>
    <pose>Unspecified</pose>
    <truncated>0</truncated>
    <difficult>0</difficult>
    <bndbox>
      <xmin>1006</xmin>
      <ymin>583</ymin>
      <xmax>1118</xmax>
      <ymax>640</ymax>
    </bndbox>
  </object>
</annotation>
