<annotation verified="no">
  <folder>JYNH0ABzfc8</folder>
  <filename>03_frame_01081</filename>
  <path>/home/sakaguchi/Downloads/hayashida/annotation/JYNH0ABzfc8/03_frame_01081.jpg</path>
  <source>
    <database>Unknown</database>
  </source>
  <size>
    <width>1920</width>
    <height>1080</height>
    <depth>3</depth>
  </size>
  <segmented>0</segmented>
  <object>
    <type>bndbox</type>
    <name>myself</name>
    <pose>Unspecified</pose>
    <truncated>0</truncated>
    <difficult>0</difficult>
    <bndbox>
      <xmin>88</xmin>
      <ymin>20</ymin>
      <xmax>145</xmax>
      <ymax>391</ymax>
    </bndbox>
  </object>
  <object>
    <type>bndbox</type>
    <name>been</name>
    <pose>Unspecified</pose>
    <truncated>0</truncated>
    <difficult>0</difficult>
    <bndbox>
      <xmin>86</xmin>
      <ymin>423</ymin>
      <xmax>146</xmax>
      <ymax>656</ymax>
    </bndbox>
  </object>
  <object>
    <type>bndbox</type>
    <name>havent</name>
    <pose>Unspecified</pose>
    <truncated>1</truncated>
    <difficult>0</difficult>
    <bndbox>
      <xmin>86</xmin>
      <ymin>691</ymin>
      <xmax>145</xmax>
      <ymax>1080</ymax>
    </bndbox>
  </object>
  <object>
    <type>bndbox</type>
    <name>been</name>
    <pose>Unspecified</pose>
    <truncated>1</truncated>
    <difficult>0</difficult>
    <bndbox>
      <xmin>1743</xmin>
      <ymin>1</ymin>
      <xmax>1801</xmax>
      <ymax>92</ymax>
    </bndbox>
  </object>
  <object>
    <type>bndbox</type>
    <name>havent</name>
    <pose>Unspecified</pose>
    <truncated>0</truncated>
    <difficult>0</difficult>
    <bndbox>
      <xmin>1745</xmin>
      <ymin>136</ymin>
      <xmax>1802</xmax>
      <ymax>546</ymax>
    </bndbox>
  </object>
  <object>
    <type>bndbox</type>
    <name>myself</name>
    <pose>Unspecified</pose>
    <truncated>0</truncated>
    <difficult>0</difficult>
    <bndbox>
      <xmin>1745</xmin>
      <ymin>590</ymin>
      <xmax>1802</xmax>
      <ymax>956</ymax>
    </bndbox>
  </object>
  <object>
    <type>bndbox</type>
    <name>been</name>
    <pose>Unspecified</pose>
    <truncated>0</truncated>
    <difficult>0</difficult>
    <bndbox>
      <xmin>1744</xmin>
      <ymin>994</ymin>
      <xmax>1802</xmax>
      <ymax>1079</ymax>
    </bndbox>
  </object>
  <object>
    <type>bndbox</type>
    <name>havent</name>
    <pose>Unspecified</pose>
    <truncated>0</truncated>
    <difficult>0</difficult>
    <bndbox>
      <xmin>222</xmin>
      <ymin>448</ymin>
      <xmax>1663</xmax>
      <ymax>597</ymax>
    </bndbox>
  </object>
</annotation>
