<annotation verified="no">
  <folder>IetIg7y5k3A</folder>
  <filename>01_frame_00937</filename>
  <path>/home/m_1te16262p/Downloads/annotation/&#23665;&#32291;/annotation/IetIg7y5k3A/01_frame_00937.jpg</path>
  <source>
    <database>Unknown</database>
  </source>
  <size>
    <width>1920</width>
    <height>1080</height>
    <depth>3</depth>
  </size>
  <segmented>0</segmented>
  <object>
    <type>bndbox</type>
    <name>hell</name>
    <pose>Unspecified</pose>
    <truncated>0</truncated>
    <difficult>0</difficult>
    <bndbox>
      <xmin>1541</xmin>
      <ymin>421</ymin>
      <xmax>1919</xmax>
      <ymax>625</ymax>
    </bndbox>
  </object>
  <object>
    <type>bndbox</type>
    <name>nah</name>
    <pose>Unspecified</pose>
    <truncated>0</truncated>
    <difficult>0</difficult>
    <bndbox>
      <xmin>1510</xmin>
      <ymin>617</ymin>
      <xmax>1919</xmax>
      <ymax>820</ymax>
    </bndbox>
  </object>
</annotation>
