<annotation verified="no">
  <folder>IetIg7y5k3A</folder>
  <filename>00_frame_01225</filename>
  <path>/home/m_1te16262p/Downloads/annotation/&#23665;&#32291;/annotation/IetIg7y5k3A/00_frame_01225.jpg</path>
  <source>
    <database>Unknown</database>
  </source>
  <size>
    <width>1920</width>
    <height>1080</height>
    <depth>3</depth>
  </size>
  <segmented>0</segmented>
  <object>
    <type>bndbox</type>
    <name>body</name>
    <pose>Unspecified</pose>
    <truncated>0</truncated>
    <difficult>0</difficult>
    <bndbox>
      <xmin>1107</xmin>
      <ymin>275</ymin>
      <xmax>1589</xmax>
      <ymax>419</ymax>
    </bndbox>
  </object>
  <object>
    <type>bndbox</type>
    <name>on</name>
    <pose>Unspecified</pose>
    <truncated>0</truncated>
    <difficult>0</difficult>
    <bndbox>
      <xmin>1109</xmin>
      <ymin>471</ymin>
      <xmax>1354</xmax>
      <ymax>611</ymax>
    </bndbox>
  </object>
  <object>
    <type>bndbox</type>
    <name>my</name>
    <pose>Unspecified</pose>
    <truncated>0</truncated>
    <difficult>0</difficult>
    <bndbox>
      <xmin>1418</xmin>
      <ymin>471</ymin>
      <xmax>1677</xmax>
      <ymax>610</ymax>
    </bndbox>
  </object>
</annotation>
