<annotation verified="no">
  <folder>IetIg7y5k3A</folder>
  <filename>05_frame_01873</filename>
  <path>/home/m_1te16262p/Downloads/annotation/&#23665;&#32291;/annotation/IetIg7y5k3A/05_frame_01873.jpg</path>
  <source>
    <database>Unknown</database>
  </source>
  <size>
    <width>1920</width>
    <height>1080</height>
    <depth>3</depth>
  </size>
  <segmented>0</segmented>
  <object>
    <type>bndbox</type>
    <name>body</name>
    <pose>Unspecified</pose>
    <truncated>0</truncated>
    <difficult>0</difficult>
    <bndbox>
      <xmin>175</xmin>
      <ymin>389</ymin>
      <xmax>598</xmax>
      <ymax>580</ymax>
    </bndbox>
  </object>
  <object>
    <type>bndbox</type>
    <name>on</name>
    <pose>Unspecified</pose>
    <truncated>0</truncated>
    <difficult>0</difficult>
    <bndbox>
      <xmin>1241</xmin>
      <ymin>385</ymin>
      <xmax>1502</xmax>
      <ymax>581</ymax>
    </bndbox>
  </object>
  <object>
    <type>bndbox</type>
    <name>my</name>
    <pose>Unspecified</pose>
    <truncated>0</truncated>
    <difficult>0</difficult>
    <bndbox>
      <xmin>1514</xmin>
      <ymin>392</ymin>
      <xmax>1803</xmax>
      <ymax>586</ymax>
    </bndbox>
  </object>
</annotation>
