<annotation verified="no">
  <folder>IetIg7y5k3A</folder>
  <filename>08_frame_03385</filename>
  <path>/home/m_1te16262p/Downloads/annotation/&#23665;&#32291;/annotation/IetIg7y5k3A/08_frame_03385.jpg</path>
  <source>
    <database>Unknown</database>
  </source>
  <size>
    <width>1920</width>
    <height>1080</height>
    <depth>3</depth>
  </size>
  <segmented>0</segmented>
  <object>
    <type>bndbox</type>
    <name>body</name>
    <pose>Unspecified</pose>
    <truncated>0</truncated>
    <difficult>0</difficult>
    <bndbox>
      <xmin>1294</xmin>
      <ymin>302</ymin>
      <xmax>1725</xmax>
      <ymax>497</ymax>
    </bndbox>
  </object>
  <object>
    <type>bndbox</type>
    <name>on</name>
    <pose>Unspecified</pose>
    <truncated>0</truncated>
    <difficult>0</difficult>
    <bndbox>
      <xmin>1303</xmin>
      <ymin>524</ymin>
      <xmax>1557</xmax>
      <ymax>715</ymax>
    </bndbox>
  </object>
  <object>
    <type>bndbox</type>
    <name>my</name>
    <pose>Unspecified</pose>
    <truncated>0</truncated>
    <difficult>0</difficult>
    <bndbox>
      <xmin>1567</xmin>
      <ymin>529</ymin>
      <xmax>1845</xmax>
      <ymax>717</ymax>
    </bndbox>
  </object>
</annotation>
