<annotation verified="no">
  <folder>IetIg7y5k3A</folder>
  <filename>03_frame_03529</filename>
  <path>/home/m_1te16262p/Downloads/annotation/&#23665;&#32291;/annotation/IetIg7y5k3A/03_frame_03529.jpg</path>
  <source>
    <database>Unknown</database>
  </source>
  <size>
    <width>1920</width>
    <height>1080</height>
    <depth>3</depth>
  </size>
  <segmented>0</segmented>
  <object>
    <type>bndbox</type>
    <name>on</name>
    <pose>Unspecified</pose>
    <truncated>0</truncated>
    <difficult>0</difficult>
    <bndbox>
      <xmin>1229</xmin>
      <ymin>681</ymin>
      <xmax>1377</xmax>
      <ymax>840</ymax>
    </bndbox>
  </object>
  <object>
    <type>bndbox</type>
    <name>my</name>
    <pose>Unspecified</pose>
    <truncated>0</truncated>
    <difficult>0</difficult>
    <bndbox>
      <xmin>1387</xmin>
      <ymin>675</ymin>
      <xmax>1570</xmax>
      <ymax>846</ymax>
    </bndbox>
  </object>
  <object>
    <type>robndbox</type>
    <name>grinding</name>
    <pose>Unspecified</pose>
    <truncated>0</truncated>
    <difficult>0</difficult>
    <robndbox>
      <cx>1484.316</cx>
      <cy>568.1239</cy>
      <w>506.9484</w>
      <h>207.3651</h>
      <angle>3.081593</angle>
    </robndbox>
  </object>
</annotation>
