<annotation verified="no">
  <folder>IetIg7y5k3A</folder>
  <filename>10_frame_01585</filename>
  <path>/home/m_1te16262p/Downloads/annotation/&#23665;&#32291;/annotation/IetIg7y5k3A/10_frame_01585.jpg</path>
  <source>
    <database>Unknown</database>
  </source>
  <size>
    <width>1920</width>
    <height>1080</height>
    <depth>3</depth>
  </size>
  <segmented>0</segmented>
  <object>
    <type>bndbox</type>
    <name>body</name>
    <pose>Unspecified</pose>
    <truncated>0</truncated>
    <difficult>0</difficult>
    <bndbox>
      <xmin>219</xmin>
      <ymin>184</ymin>
      <xmax>693</xmax>
      <ymax>399</ymax>
    </bndbox>
  </object>
  <object>
    <type>bndbox</type>
    <name>on</name>
    <pose>Unspecified</pose>
    <truncated>0</truncated>
    <difficult>0</difficult>
    <bndbox>
      <xmin>1297</xmin>
      <ymin>227</ymin>
      <xmax>1470</xmax>
      <ymax>356</ymax>
    </bndbox>
  </object>
  <object>
    <type>bndbox</type>
    <name>my</name>
    <pose>Unspecified</pose>
    <truncated>0</truncated>
    <difficult>0</difficult>
    <bndbox>
      <xmin>1475</xmin>
      <ymin>232</ymin>
      <xmax>1666</xmax>
      <ymax>358</ymax>
    </bndbox>
  </object>
</annotation>
