<annotation verified="no">
  <folder>O4irXQhgMqg</folder>
  <filename>06_frame_02665</filename>
  <path>/Users/KengoAraki/Desktop/annotation_&#32210;&#32396;/annotation/O4irXQhgMqg/06_frame_02665.jpg</path>
  <source>
    <database>Unknown</database>
  </source>
  <size>
    <width>1920</width>
    <height>1080</height>
    <depth>3</depth>
  </size>
  <segmented>0</segmented>
  <object>
    <type>robndbox</type>
    <name>before</name>
    <pose>Unspecified</pose>
    <truncated>0</truncated>
    <difficult>0</difficult>
    <robndbox>
      <cx>696.0082</cx>
      <cy>348.5</cy>
      <w>829.0</w>
      <h>183.0</h>
      <angle>0.0</angle>
    </robndbox>
  </object>
  <object>
    <type>robndbox</type>
    <name>the</name>
    <pose>Unspecified</pose>
    <truncated>0</truncated>
    <difficult>0</difficult>
    <robndbox>
      <cx>1363.5082</cx>
      <cy>344.0</cy>
      <w>390.0</w>
      <h>182.0</h>
      <angle>0.0</angle>
    </robndbox>
  </object>
  <object>
    <type>robndbox</type>
    <name>mornin</name>
    <pose>Unspecified</pose>
    <truncated>0</truncated>
    <difficult>0</difficult>
    <robndbox>
      <cx>886.7655</cx>
      <cy>564.3879</cy>
      <w>819.9757</w>
      <h>192.3437</h>
      <angle>3.071593</angle>
    </robndbox>
  </object>
  <object>
    <type>robndbox</type>
    <name>comes</name>
    <pose>Unspecified</pose>
    <truncated>0</truncated>
    <difficult>0</difficult>
    <robndbox>
      <cx>941.6429</cx>
      <cy>765.6821</cy>
      <w>665.2618</w>
      <h>191.5533</h>
      <angle>3.031593</angle>
    </robndbox>
  </object>
  <object>
    <type>robndbox</type>
    <name>me</name>
    <pose>Unspecified</pose>
    <truncated>0</truncated>
    <difficult>0</difficult>
    <robndbox>
      <cx>1646.5082</cx>
      <cy>694.0</cy>
      <w>310.0</w>
      <h>194.0</h>
      <angle>0.0</angle>
    </robndbox>
  </object>
</annotation>
