<annotation verified="no">
  <folder>O4irXQhgMqg</folder>
  <filename>10_frame_03961</filename>
  <path>/Users/KengoAraki/Desktop/annotation_&#32210;&#32396;/annotation/O4irXQhgMqg/10_frame_03961.jpg</path>
  <source>
    <database>Unknown</database>
  </source>
  <size>
    <width>1920</width>
    <height>1080</height>
    <depth>3</depth>
  </size>
  <segmented>0</segmented>
  <object>
    <type>robndbox</type>
    <name>dont</name>
    <pose>Unspecified</pose>
    <truncated>0</truncated>
    <difficult>0</difficult>
    <robndbox>
      <cx>944.6846</cx>
      <cy>311.2466</cy>
      <w>725.715</w>
      <h>234.4118</h>
      <angle>3.081593</angle>
    </robndbox>
  </object>
  <object>
    <type>robndbox</type>
    <name>wanna</name>
    <pose>Unspecified</pose>
    <truncated>0</truncated>
    <difficult>0</difficult>
    <robndbox>
      <cx>692.1072</cx>
      <cy>559.0793</cy>
      <w>791.3095</w>
      <h>221.9511</h>
      <angle>3.041593</angle>
    </robndbox>
  </object>
  <object>
    <type>robndbox</type>
    <name>see</name>
    <pose>Unspecified</pose>
    <truncated>0</truncated>
    <difficult>0</difficult>
    <robndbox>
      <cx>1401.2994</cx>
      <cy>488.927</cy>
      <w>454.6055</w>
      <h>227.8996</h>
      <angle>3.041593</angle>
    </robndbox>
  </object>
  <object>
    <type>robndbox</type>
    <name>the</name>
    <pose>Unspecified</pose>
    <truncated>0</truncated>
    <difficult>0</difficult>
    <robndbox>
      <cx>707.15</cx>
      <cy>791.4341</cy>
      <w>438.287</w>
      <h>228.5177</h>
      <angle>3.041593</angle>
    </robndbox>
  </object>
  <object>
    <type>robndbox</type>
    <name>sun</name>
    <pose>Unspecified</pose>
    <truncated>0</truncated>
    <difficult>0</difficult>
    <robndbox>
      <cx>1217.0465</cx>
      <cy>732.3646</cy>
      <w>452.4175</w>
      <h>211.1593</h>
      <angle>3.041593</angle>
    </robndbox>
  </object>
</annotation>
