<annotation verified="no">
  <folder>O4irXQhgMqg</folder>
  <filename>08_frame_01441</filename>
  <path>/Users/KengoAraki/Desktop/annotation_&#32210;&#32396;/annotation/O4irXQhgMqg/08_frame_01441.jpg</path>
  <source>
    <database>Unknown</database>
  </source>
  <size>
    <width>1920</width>
    <height>1080</height>
    <depth>3</depth>
  </size>
  <segmented>0</segmented>
  <object>
    <type>robndbox</type>
    <name>it</name>
    <pose>Unspecified</pose>
    <truncated>0</truncated>
    <difficult>0</difficult>
    <robndbox>
      <cx>411.8916</cx>
      <cy>304.5265</cy>
      <w>207.1682</w>
      <h>191.1085</h>
      <angle>3.061593</angle>
    </robndbox>
  </object>
  <object>
    <type>robndbox</type>
    <name>just</name>
    <pose>Unspecified</pose>
    <truncated>0</truncated>
    <difficult>0</difficult>
    <robndbox>
      <cx>841.0082</cx>
      <cy>305.0</cy>
      <w>499.0</w>
      <h>194.0</h>
      <angle>0.0</angle>
    </robndbox>
  </object>
  <object>
    <type>robndbox</type>
    <name>happens</name>
    <pose>Unspecified</pose>
    <truncated>0</truncated>
    <difficult>0</difficult>
    <robndbox>
      <cx>799.8564</cx>
      <cy>487.8917</cy>
      <w>951.0569</w>
      <h>197.7781</h>
      <angle>3.111593</angle>
    </robndbox>
  </object>
  <object>
    <type>robndbox</type>
    <name>every</name>
    <pose>Unspecified</pose>
    <truncated>0</truncated>
    <difficult>0</difficult>
    <robndbox>
      <cx>789.4954</cx>
      <cy>668.7724</cy>
      <w>678.9802</w>
      <h>190.4144</h>
      <angle>0.08</angle>
    </robndbox>
  </object>
</annotation>
