<annotation verified="no">
  <folder>O4irXQhgMqg</folder>
  <filename>09_frame_03817</filename>
  <path>/Users/KengoAraki/Desktop/annotation_&#32210;&#32396;/annotation/O4irXQhgMqg/09_frame_03817.jpg</path>
  <source>
    <database>Unknown</database>
  </source>
  <size>
    <width>1920</width>
    <height>1080</height>
    <depth>3</depth>
  </size>
  <segmented>0</segmented>
  <object>
    <type>robndbox</type>
    <name>i</name>
    <pose>Unspecified</pose>
    <truncated>0</truncated>
    <difficult>0</difficult>
    <robndbox>
      <cx>221.5082</cx>
      <cy>311.5</cy>
      <w>68.0</w>
      <h>201.0</h>
      <angle>0.0</angle>
    </robndbox>
  </object>
  <object>
    <type>robndbox</type>
    <name>wanna</name>
    <pose>Unspecified</pose>
    <truncated>0</truncated>
    <difficult>0</difficult>
    <robndbox>
      <cx>716.7653</cx>
      <cy>264.2461</cy>
      <w>771.288</w>
      <h>209.5544</h>
      <angle>3.041593</angle>
    </robndbox>
  </object>
  <object>
    <type>robndbox</type>
    <name>see</name>
    <pose>Unspecified</pose>
    <truncated>0</truncated>
    <difficult>0</difficult>
    <robndbox>
      <cx>321.5082</cx>
      <cy>525.0</cy>
      <w>444.0</w>
      <h>220.0</h>
      <angle>0.0</angle>
    </robndbox>
  </object>
  <object>
    <type>robndbox</type>
    <name>your</name>
    <pose>Unspecified</pose>
    <truncated>0</truncated>
    <difficult>0</difficult>
    <robndbox>
      <cx>923.1172</cx>
      <cy>524.7395</cy>
      <w>578.7</w>
      <h>225.9812</h>
      <angle>0.03</angle>
    </robndbox>
  </object>
  <object>
    <type>robndbox</type>
    <name>face</name>
    <pose>Unspecified</pose>
    <truncated>0</truncated>
    <difficult>0</difficult>
    <robndbox>
      <cx>637.0082</cx>
      <cy>771.5</cy>
      <w>767.0</w>
      <h>295.0</h>
      <angle>0.0</angle>
    </robndbox>
  </object>
</annotation>
