<annotation verified="no">
  <folder>O4irXQhgMqg</folder>
  <filename>04_frame_01873</filename>
  <path>/Users/KengoAraki/Desktop/annotation_&#32210;&#32396;/annotation/O4irXQhgMqg/04_frame_01873.jpg</path>
  <source>
    <database>Unknown</database>
  </source>
  <size>
    <width>1920</width>
    <height>1080</height>
    <depth>3</depth>
  </size>
  <segmented>0</segmented>
  <object>
    <type>robndbox</type>
    <name>and</name>
    <pose>Unspecified</pose>
    <truncated>0</truncated>
    <difficult>0</difficult>
    <robndbox>
      <cx>729.8698</cx>
      <cy>313.0038</cy>
      <w>413.0257</w>
      <h>181.5559</h>
      <angle>2.941593</angle>
    </robndbox>
  </object>
  <object>
    <type>robndbox</type>
    <name>not</name>
    <pose>Unspecified</pose>
    <truncated>0</truncated>
    <difficult>0</difficult>
    <robndbox>
      <cx>1176.6011</cx>
      <cy>226.7605</cy>
      <w>416.7695</w>
      <h>179.5436</h>
      <angle>2.931593</angle>
    </robndbox>
  </object>
  <object>
    <type>robndbox</type>
    <name>have</name>
    <pose>Unspecified</pose>
    <truncated>0</truncated>
    <difficult>0</difficult>
    <robndbox>
      <cx>816.0657</cx>
      <cy>541.4363</cy>
      <w>554.8351</w>
      <h>189.6327</h>
      <angle>2.931593</angle>
    </robndbox>
  </object>
  <object>
    <type>robndbox</type>
    <name>to</name>
    <pose>Unspecified</pose>
    <truncated>0</truncated>
    <difficult>0</difficult>
    <robndbox>
      <cx>1250.3576</cx>
      <cy>456.2994</cy>
      <w>216.4782</w>
      <h>171.834</h>
      <angle>2.941593</angle>
    </robndbox>
  </object>
</annotation>
