<annotation verified="no">
  <folder>O4irXQhgMqg</folder>
  <filename>01_frame_01729</filename>
  <path>/Users/KengoAraki/Desktop/annotation_&#32210;&#32396;/annotation/O4irXQhgMqg/01_frame_01729.jpg</path>
  <source>
    <database>Unknown</database>
  </source>
  <size>
    <width>1920</width>
    <height>1080</height>
    <depth>3</depth>
  </size>
  <segmented>0</segmented>
  <object>
    <type>robndbox</type>
    <name>i</name>
    <pose>Unspecified</pose>
    <truncated>0</truncated>
    <difficult>0</difficult>
    <robndbox>
      <cx>624.5082</cx>
      <cy>335.0</cy>
      <w>34.0</w>
      <h>108.0</h>
      <angle>0.0</angle>
    </robndbox>
  </object>
  <object>
    <type>robndbox</type>
    <name>see</name>
    <pose>Unspecified</pose>
    <truncated>0</truncated>
    <difficult>0</difficult>
    <robndbox>
      <cx>878.6351</cx>
      <cy>302.2024</cy>
      <w>298.6112</w>
      <h>118.7014</h>
      <angle>3.021593</angle>
    </robndbox>
  </object>
  <object>
    <type>robndbox</type>
    <name>my</name>
    <pose>Unspecified</pose>
    <truncated>0</truncated>
    <difficult>0</difficult>
    <robndbox>
      <cx>1217.1686</cx>
      <cy>260.3652</cy>
      <w>219.2078</w>
      <h>121.6045</h>
      <angle>2.941593</angle>
    </robndbox>
  </object>
  <object>
    <type>robndbox</type>
    <name>red</name>
    <pose>Unspecified</pose>
    <truncated>0</truncated>
    <difficult>0</difficult>
    <robndbox>
      <cx>701.87</cx>
      <cy>459.7884</cy>
      <w>308.8537</w>
      <h>119.8559</h>
      <angle>3.041593</angle>
    </robndbox>
  </object>
  <object>
    <type>robndbox</type>
    <name>door</name>
    <pose>Unspecified</pose>
    <truncated>0</truncated>
    <difficult>0</difficult>
    <robndbox>
      <cx>1174.9891</cx>
      <cy>424.3362</cy>
      <w>451.806</w>
      <h>119.2202</h>
      <angle>3.071593</angle>
    </robndbox>
  </object>
  <object>
    <type>robndbox</type>
    <name>i</name>
    <pose>Unspecified</pose>
    <truncated>0</truncated>
    <difficult>0</difficult>
    <robndbox>
      <cx>565.0082</cx>
      <cy>601.5</cy>
      <w>19.0</w>
      <h>83.0</h>
      <angle>0.0</angle>
    </robndbox>
  </object>
  <object>
    <type>robndbox</type>
    <name>must</name>
    <pose>Unspecified</pose>
    <truncated>0</truncated>
    <difficult>0</difficult>
    <robndbox>
      <cx>805.1874</cx>
      <cy>582.1224</cy>
      <w>319.0442</w>
      <h>92.0664</h>
      <angle>3.041593</angle>
    </robndbox>
  </object>
  <object>
    <type>robndbox</type>
    <name>have</name>
    <pose>Unspecified</pose>
    <truncated>0</truncated>
    <difficult>0</difficult>
    <robndbox>
      <cx>1187.9324</cx>
      <cy>556.935</cy>
      <w>317.7838</w>
      <h>90.5971</h>
      <angle>3.041593</angle>
    </robndbox>
  </object>
  <object>
    <type>robndbox</type>
    <name>it</name>
    <pose>Unspecified</pose>
    <truncated>0</truncated>
    <difficult>0</difficult>
    <robndbox>
      <cx>1467.0082</cx>
      <cy>539.5</cy>
      <w>105.0</w>
      <h>87.0</h>
      <angle>0.0</angle>
    </robndbox>
  </object>
  <object>
    <type>robndbox</type>
    <name>painted</name>
    <pose>Unspecified</pose>
    <truncated>0</truncated>
    <difficult>0</difficult>
    <robndbox>
      <cx>641.5082</cx>
      <cy>753.0</cy>
      <w>746.0</w>
      <h>132.0</h>
      <angle>3.001593</angle>
    </robndbox>
  </object>
</annotation>
