<annotation verified="no">
  <folder>HHnjuUVgSJ4</folder>
  <filename>03_frame_02926</filename>
  <path>/Users/KengoAraki/Desktop/annotation_&#21407;&#21475;/annotation/HHnjuUVgSJ4/03_frame_02926.jpg</path>
  <source>
    <database>Unknown</database>
  </source>
  <size>
    <width>1920</width>
    <height>1080</height>
    <depth>3</depth>
  </size>
  <segmented>0</segmented>
  <object>
    <type>robndbox</type>
    <name>need</name>
    <pose>Unspecified</pose>
    <truncated>0</truncated>
    <difficult>0</difficult>
    <robndbox>
      <cx>963.0082</cx>
      <cy>540.0</cy>
      <w>439.0</w>
      <h>104.0</h>
      <angle>0.0</angle>
    </robndbox>
  </object>
</annotation>
