<annotation verified="no">
  <folder>HHnjuUVgSJ4</folder>
  <filename>09_frame_02101</filename>
  <path>/Users/KengoAraki/Desktop/annotation_&#21407;&#21475;/annotation/HHnjuUVgSJ4/09_frame_02101.jpg</path>
  <source>
    <database>Unknown</database>
  </source>
  <size>
    <width>1920</width>
    <height>1080</height>
    <depth>3</depth>
  </size>
  <segmented>0</segmented>
  <object>
    <type>robndbox</type>
    <name>face</name>
    <pose>Unspecified</pose>
    <truncated>0</truncated>
    <difficult>0</difficult>
    <robndbox>
      <cx>858.5082</cx>
      <cy>519.0</cy>
      <w>420.0</w>
      <h>108.0</h>
      <angle>0.0</angle>
    </robndbox>
  </object>
  <object>
    <type>robndbox</type>
    <name>in</name>
    <pose>Unspecified</pose>
    <truncated>0</truncated>
    <difficult>0</difficult>
    <robndbox>
      <cx>1201.5082</cx>
      <cy>519.5</cy>
      <w>156.0</w>
      <h>103.0</h>
      <angle>0.0</angle>
    </robndbox>
  </object>
</annotation>
