<annotation verified="no">
  <folder>HHnjuUVgSJ4</folder>
  <filename>06_frame_00976</filename>
  <path>/Users/KengoAraki/Desktop/annotation_&#21407;&#21475;/annotation/HHnjuUVgSJ4/06_frame_00976.jpg</path>
  <source>
    <database>Unknown</database>
  </source>
  <size>
    <width>1920</width>
    <height>1080</height>
    <depth>3</depth>
  </size>
  <segmented>0</segmented>
  <object>
    <type>robndbox</type>
    <name>cause</name>
    <pose>Unspecified</pose>
    <truncated>0</truncated>
    <difficult>0</difficult>
    <robndbox>
      <cx>966.0082</cx>
      <cy>518.0</cy>
      <w>575.0</w>
      <h>106.0</h>
      <angle>0.0</angle>
    </robndbox>
  </object>
</annotation>
