<annotation verified="no">
  <folder>HHnjuUVgSJ4</folder>
  <filename>07_frame_01201</filename>
  <path>/Users/KengoAraki/Desktop/annotation_&#21407;&#21475;/annotation/HHnjuUVgSJ4/07_frame_01201.jpg</path>
  <source>
    <database>Unknown</database>
  </source>
  <size>
    <width>1920</width>
    <height>1080</height>
    <depth>3</depth>
  </size>
  <segmented>0</segmented>
  <object>
    <type>robndbox</type>
    <name>say</name>
    <pose>Unspecified</pose>
    <truncated>0</truncated>
    <difficult>0</difficult>
    <robndbox>
      <cx>963.0082</cx>
      <cy>530.0</cy>
      <w>567.0</w>
      <h>180.0</h>
      <angle>0.0</angle>
    </robndbox>
  </object>
</annotation>
