<annotation verified="no">
  <folder>HHnjuUVgSJ4</folder>
  <filename>02_frame_02251</filename>
  <path>/Users/KengoAraki/Desktop/annotation_&#21407;&#21475;/annotation/HHnjuUVgSJ4/02_frame_02251.jpg</path>
  <source>
    <database>Unknown</database>
  </source>
  <size>
    <width>1920</width>
    <height>1080</height>
    <depth>3</depth>
  </size>
  <segmented>0</segmented>
  <object>
    <type>robndbox</type>
    <name>that</name>
    <pose>Unspecified</pose>
    <truncated>0</truncated>
    <difficult>0</difficult>
    <robndbox>
      <cx>966.0082</cx>
      <cy>396.0</cy>
      <w>451.0</w>
      <h>108.0</h>
      <angle>0.0</angle>
    </robndbox>
  </object>
  <object>
    <type>robndbox</type>
    <name>its</name>
    <pose>Unspecified</pose>
    <truncated>0</truncated>
    <difficult>0</difficult>
    <robndbox>
      <cx>962.5082</cx>
      <cy>519.5</cy>
      <w>286.0</w>
      <h>109.0</h>
      <angle>0.0</angle>
    </robndbox>
  </object>
  <object>
    <type>robndbox</type>
    <name>gonna</name>
    <pose>Unspecified</pose>
    <truncated>0</truncated>
    <difficult>0</difficult>
    <robndbox>
      <cx>965.5082</cx>
      <cy>648.0</cy>
      <w>648.0</w>
      <h>108.0</h>
      <angle>0.0</angle>
    </robndbox>
  </object>
</annotation>
