<annotation verified="no">
  <folder>HHnjuUVgSJ4</folder>
  <filename>04_frame_01276</filename>
  <path>/Users/KengoAraki/Desktop/annotation_&#21407;&#21475;/annotation/HHnjuUVgSJ4/04_frame_01276.jpg</path>
  <source>
    <database>Unknown</database>
  </source>
  <size>
    <width>1920</width>
    <height>1080</height>
    <depth>3</depth>
  </size>
  <segmented>0</segmented>
  <object>
    <type>robndbox</type>
    <name>in</name>
    <pose>Unspecified</pose>
    <truncated>0</truncated>
    <difficult>0</difficult>
    <robndbox>
      <cx>806.0082</cx>
      <cy>539.0</cy>
      <w>157.0</w>
      <h>106.0</h>
      <angle>0.0</angle>
    </robndbox>
  </object>
  <object>
    <type>robndbox</type>
    <name>my</name>
    <pose>Unspecified</pose>
    <truncated>0</truncated>
    <difficult>0</difficult>
    <robndbox>
      <cx>1082.5082</cx>
      <cy>539.0</cy>
      <w>290.0</w>
      <h>110.0</h>
      <angle>0.0</angle>
    </robndbox>
  </object>
</annotation>
