<annotation verified="no">
  <folder>H06GaGISVCo</folder>
  <filename>00_frame_00826</filename>
  <path>/home/junya/&#12480;&#12454;&#12531;&#12525;&#12540;&#12489;/&#26519;&#30000;/annotation/H06GaGISVCo/00_frame_00826.jpg</path>
  <source>
    <database>Unknown</database>
  </source>
  <size>
    <width>1920</width>
    <height>1080</height>
    <depth>3</depth>
  </size>
  <segmented>0</segmented>
  <object>
    <type>bndbox</type>
    <name>can</name>
    <pose>Unspecified</pose>
    <truncated>0</truncated>
    <difficult>0</difficult>
    <bndbox>
      <xmin>629</xmin>
      <ymin>496</ymin>
      <xmax>916</xmax>
      <ymax>626</ymax>
    </bndbox>
  </object>
  <object>
    <type>bndbox</type>
    <name>see</name>
    <pose>Unspecified</pose>
    <truncated>0</truncated>
    <difficult>0</difficult>
    <bndbox>
      <xmin>942</xmin>
      <ymin>496</ymin>
      <xmax>1210</xmax>
      <ymax>626</ymax>
    </bndbox>
  </object>
  <object>
    <type>bndbox</type>
    <name>ya</name>
    <pose>Unspecified</pose>
    <truncated>0</truncated>
    <difficult>0</difficult>
    <bndbox>
      <xmin>1256</xmin>
      <ymin>503</ymin>
      <xmax>1374</xmax>
      <ymax>622</ymax>
    </bndbox>
  </object>
  <object>
    <type>bndbox</type>
    <name>i</name>
    <pose>Unspecified</pose>
    <truncated>0</truncated>
    <difficult>0</difficult>
    <bndbox>
      <xmin>522</xmin>
      <ymin>498</ymin>
      <xmax>604</xmax>
      <ymax>628</ymax>
    </bndbox>
  </object>
</annotation>
