<annotation verified="no">
  <folder>H06GaGISVCo</folder>
  <filename>04_frame_01651</filename>
  <path>/home/junya/&#12480;&#12454;&#12531;&#12525;&#12540;&#12489;/&#26519;&#30000;/annotation/H06GaGISVCo/04_frame_01651.jpg</path>
  <source>
    <database>Unknown</database>
  </source>
  <size>
    <width>1920</width>
    <height>1080</height>
    <depth>3</depth>
  </size>
  <segmented>0</segmented>
  <object>
    <type>bndbox</type>
    <name>you</name>
    <pose>Unspecified</pose>
    <truncated>0</truncated>
    <difficult>0</difficult>
    <bndbox>
      <xmin>761</xmin>
      <ymin>431</ymin>
      <xmax>897</xmax>
      <ymax>482</ymax>
    </bndbox>
  </object>
  <object>
    <type>bndbox</type>
    <name>dont</name>
    <pose>Unspecified</pose>
    <truncated>0</truncated>
    <difficult>0</difficult>
    <bndbox>
      <xmin>908</xmin>
      <ymin>431</ymin>
      <xmax>1086</xmax>
      <ymax>483</ymax>
    </bndbox>
  </object>
  <object>
    <type>bndbox</type>
    <name>have</name>
    <pose>Unspecified</pose>
    <truncated>0</truncated>
    <difficult>0</difficult>
    <bndbox>
      <xmin>552</xmin>
      <ymin>511</ymin>
      <xmax>872</xmax>
      <ymax>643</ymax>
    </bndbox>
  </object>
  <object>
    <type>bndbox</type>
    <name>to</name>
    <pose>Unspecified</pose>
    <truncated>0</truncated>
    <difficult>0</difficult>
    <bndbox>
      <xmin>901</xmin>
      <ymin>518</ymin>
      <xmax>1057</xmax>
      <ymax>636</ymax>
    </bndbox>
  </object>
  <object>
    <type>bndbox</type>
    <name>fit</name>
    <pose>Unspecified</pose>
    <truncated>0</truncated>
    <difficult>0</difficult>
    <bndbox>
      <xmin>1090</xmin>
      <ymin>518</ymin>
      <xmax>1322</xmax>
      <ymax>638</ymax>
    </bndbox>
  </object>
</annotation>
