<annotation verified="no">
  <folder>H06GaGISVCo</folder>
  <filename>06_frame_02401</filename>
  <path>/home/junya/&#12480;&#12454;&#12531;&#12525;&#12540;&#12489;/&#26519;&#30000;/annotation/H06GaGISVCo/06_frame_02401.jpg</path>
  <source>
    <database>Unknown</database>
  </source>
  <size>
    <width>1920</width>
    <height>1080</height>
    <depth>3</depth>
  </size>
  <segmented>0</segmented>
  <object>
    <type>bndbox</type>
    <name>so</name>
    <pose>Unspecified</pose>
    <truncated>0</truncated>
    <difficult>0</difficult>
    <bndbox>
      <xmin>614</xmin>
      <ymin>439</ymin>
      <xmax>736</xmax>
      <ymax>502</ymax>
    </bndbox>
  </object>
  <object>
    <type>bndbox</type>
    <name>let</name>
    <pose>Unspecified</pose>
    <truncated>0</truncated>
    <difficult>0</difficult>
    <bndbox>
      <xmin>755</xmin>
      <ymin>439</ymin>
      <xmax>905</xmax>
      <ymax>502</ymax>
    </bndbox>
  </object>
  <object>
    <type>bndbox</type>
    <name>me</name>
    <pose>Unspecified</pose>
    <truncated>0</truncated>
    <difficult>0</difficult>
    <bndbox>
      <xmin>920</xmin>
      <ymin>440</ymin>
      <xmax>1049</xmax>
      <ymax>502</ymax>
    </bndbox>
  </object>
  <object>
    <type>bndbox</type>
    <name>tell</name>
    <pose>Unspecified</pose>
    <truncated>0</truncated>
    <difficult>0</difficult>
    <bndbox>
      <xmin>266</xmin>
      <ymin>536</ymin>
      <xmax>581</xmax>
      <ymax>643</ymax>
    </bndbox>
  </object>
  <object>
    <type>bndbox</type>
    <name>you</name>
    <pose>Unspecified</pose>
    <truncated>0</truncated>
    <difficult>0</difficult>
    <bndbox>
      <xmin>630</xmin>
      <ymin>535</ymin>
      <xmax>892</xmax>
      <ymax>643</ymax>
    </bndbox>
  </object>
  <object>
    <type>bndbox</type>
    <name>bout</name>
    <pose>Unspecified</pose>
    <truncated>0</truncated>
    <difficult>0</difficult>
    <bndbox>
      <xmin>1083</xmin>
      <ymin>559</ymin>
      <xmax>1282</xmax>
      <ymax>613</ymax>
    </bndbox>
  </object>
</annotation>
