<annotation verified="no">
  <folder>H06GaGISVCo</folder>
  <filename>02_frame_03901</filename>
  <path>/home/junya/&#12480;&#12454;&#12531;&#12525;&#12540;&#12489;/&#26519;&#30000;/annotation/H06GaGISVCo/02_frame_03901.jpg</path>
  <source>
    <database>Unknown</database>
  </source>
  <size>
    <width>1920</width>
    <height>1080</height>
    <depth>3</depth>
  </size>
  <segmented>0</segmented>
  <object>
    <type>bndbox</type>
    <name>is</name>
    <pose>Unspecified</pose>
    <truncated>0</truncated>
    <difficult>0</difficult>
    <bndbox>
      <xmin>661</xmin>
      <ymin>431</ymin>
      <xmax>798</xmax>
      <ymax>550</ymax>
    </bndbox>
  </object>
  <object>
    <type>bndbox</type>
    <name>dark</name>
    <pose>Unspecified</pose>
    <truncated>0</truncated>
    <difficult>0</difficult>
    <bndbox>
      <xmin>832</xmin>
      <ymin>432</ymin>
      <xmax>1166</xmax>
      <ymax>551</ymax>
    </bndbox>
  </object>
  <object>
    <type>bndbox</type>
    <name>and</name>
    <pose>Unspecified</pose>
    <truncated>0</truncated>
    <difficult>0</difficult>
    <bndbox>
      <xmin>628</xmin>
      <ymin>583</ymin>
      <xmax>797</xmax>
      <ymax>654</ymax>
    </bndbox>
  </object>
  <object>
    <type>robndbox</type>
    <name>twisted</name>
    <pose>Unspecified</pose>
    <truncated>0</truncated>
    <difficult>0</difficult>
    <robndbox>
      <cx>1023.3333</cx>
      <cy>622.3333</cy>
      <w>306.788</w>
      <h>47.6355</h>
      <angle>0.08</angle>
    </robndbox>
  </object>
</annotation>
