<annotation verified="no">
  <folder>H06GaGISVCo</folder>
  <filename>07_frame_04276</filename>
  <path>/home/junya/&#12480;&#12454;&#12531;&#12525;&#12540;&#12489;/&#26519;&#30000;/annotation/H06GaGISVCo/07_frame_04276.jpg</path>
  <source>
    <database>Unknown</database>
  </source>
  <size>
    <width>1920</width>
    <height>1080</height>
    <depth>3</depth>
  </size>
  <segmented>0</segmented>
  <object>
    <type>bndbox</type>
    <name>into</name>
    <pose>Unspecified</pose>
    <truncated>0</truncated>
    <difficult>0</difficult>
    <bndbox>
      <xmin>642</xmin>
      <ymin>440</ymin>
      <xmax>777</xmax>
      <ymax>491</ymax>
    </bndbox>
  </object>
  <object>
    <type>bndbox</type>
    <name>the</name>
    <pose>Unspecified</pose>
    <truncated>0</truncated>
    <difficult>0</difficult>
    <bndbox>
      <xmin>785</xmin>
      <ymin>440</ymin>
      <xmax>888</xmax>
      <ymax>490</ymax>
    </bndbox>
  </object>
  <object>
    <type>bndbox</type>
    <name>format</name>
    <pose>Unspecified</pose>
    <truncated>0</truncated>
    <difficult>0</difficult>
    <bndbox>
      <xmin>428</xmin>
      <ymin>523</ymin>
      <xmax>1093</xmax>
      <ymax>640</ymax>
    </bndbox>
  </object>
</annotation>
