<annotation verified="no">
  <folder>H06GaGISVCo</folder>
  <filename>03_frame_03976</filename>
  <path>/home/junya/&#12480;&#12454;&#12531;&#12525;&#12540;&#12489;/&#26519;&#30000;/annotation/H06GaGISVCo/03_frame_03976.jpg</path>
  <source>
    <database>Unknown</database>
  </source>
  <size>
    <width>1920</width>
    <height>1080</height>
    <depth>3</depth>
  </size>
  <segmented>0</segmented>
  <object>
    <type>bndbox</type>
    <name>oh</name>
    <pose>Unspecified</pose>
    <truncated>0</truncated>
    <difficult>0</difficult>
    <bndbox>
      <xmin>1192</xmin>
      <ymin>432</ymin>
      <xmax>1278</xmax>
      <ymax>482</ymax>
    </bndbox>
  </object>
  <object>
    <type>bndbox</type>
    <name>but</name>
    <pose>Unspecified</pose>
    <truncated>0</truncated>
    <difficult>0</difficult>
    <bndbox>
      <xmin>1309</xmin>
      <ymin>431</ymin>
      <xmax>1418</xmax>
      <ymax>483</ymax>
    </bndbox>
  </object>
  <object>
    <type>bndbox</type>
    <name>its</name>
    <pose>Unspecified</pose>
    <truncated>0</truncated>
    <difficult>0</difficult>
    <bndbox>
      <xmin>1014</xmin>
      <ymin>516</ymin>
      <xmax>1266</xmax>
      <ymax>638</ymax>
    </bndbox>
  </object>
  <object>
    <type>bndbox</type>
    <name>okay</name>
    <pose>Unspecified</pose>
    <truncated>0</truncated>
    <difficult>0</difficult>
    <bndbox>
      <xmin>1296</xmin>
      <ymin>514</ymin>
      <xmax>1621</xmax>
      <ymax>640</ymax>
    </bndbox>
  </object>
</annotation>
