<annotation verified="no">
  <folder>H06GaGISVCo</folder>
  <filename>05_frame_02251</filename>
  <path>/home/junya/&#12480;&#12454;&#12531;&#12525;&#12540;&#12489;/&#26519;&#30000;/annotation/H06GaGISVCo/05_frame_02251.jpg</path>
  <source>
    <database>Unknown</database>
  </source>
  <size>
    <width>1920</width>
    <height>1080</height>
    <depth>3</depth>
  </size>
  <segmented>0</segmented>
  <object>
    <type>bndbox</type>
    <name>were</name>
    <pose>Unspecified</pose>
    <truncated>0</truncated>
    <difficult>0</difficult>
    <bndbox>
      <xmin>725</xmin>
      <ymin>419</ymin>
      <xmax>1022</xmax>
      <ymax>500</ymax>
    </bndbox>
  </object>
  <object>
    <type>bndbox</type>
    <name>the</name>
    <pose>Unspecified</pose>
    <truncated>0</truncated>
    <difficult>0</difficult>
    <bndbox>
      <xmin>1038</xmin>
      <ymin>422</ymin>
      <xmax>1205</xmax>
      <ymax>496</ymax>
    </bndbox>
  </object>
  <object>
    <type>bndbox</type>
    <name>sinners</name>
    <pose>Unspecified</pose>
    <truncated>0</truncated>
    <difficult>0</difficult>
    <bndbox>
      <xmin>658</xmin>
      <ymin>520</ymin>
      <xmax>1273</xmax>
      <ymax>652</ymax>
    </bndbox>
  </object>
</annotation>
