<annotation verified="no">
  <folder>wB_H7LJsVcI</folder>
  <filename>09_frame_02089</filename>
  <path>/Users/KengoAraki/Desktop/annotation_&#32210;&#32396;/annotation/wB_H7LJsVcI/09_frame_02089.jpg</path>
  <source>
    <database>Unknown</database>
  </source>
  <size>
    <width>1920</width>
    <height>1080</height>
    <depth>3</depth>
  </size>
  <segmented>0</segmented>
  <object>
    <type>robndbox</type>
    <name>he</name>
    <pose>Unspecified</pose>
    <truncated>0</truncated>
    <difficult>0</difficult>
    <robndbox>
      <cx>359.0082</cx>
      <cy>216.5</cy>
      <w>359.0</w>
      <h>179.0</h>
      <angle>0.0</angle>
    </robndbox>
  </object>
  <object>
    <type>robndbox</type>
    <name>put</name>
    <pose>Unspecified</pose>
    <truncated>0</truncated>
    <difficult>0</difficult>
    <robndbox>
      <cx>894.5082</cx>
      <cy>217.5</cy>
      <w>550.0</w>
      <h>185.0</h>
      <angle>0.0</angle>
    </robndbox>
  </object>
  <object>
    <type>robndbox</type>
    <name>that</name>
    <pose>Unspecified</pose>
    <truncated>0</truncated>
    <difficult>0</difficult>
    <robndbox>
      <cx>539.5082</cx>
      <cy>418.0</cy>
      <w>732.0</w>
      <h>176.0</h>
      <angle>0.0</angle>
    </robndbox>
  </object>
  <object>
    <type>robndbox</type>
    <name>hunger</name>
    <pose>Unspecified</pose>
    <truncated>0</truncated>
    <difficult>0</difficult>
    <robndbox>
      <cx>750.0082</cx>
      <cy>619.5</cy>
      <w>1141.0</w>
      <h>181.0</h>
      <angle>0.0</angle>
    </robndbox>
  </object>
  <object>
    <type>robndbox</type>
    <name>in</name>
    <pose>Unspecified</pose>
    <truncated>0</truncated>
    <difficult>0</difficult>
    <robndbox>
      <cx>320.0082</cx>
      <cy>817.0</cy>
      <w>277.0</w>
      <h>184.0</h>
      <angle>0.0</angle>
    </robndbox>
  </object>
  <object>
    <type>robndbox</type>
    <name>your</name>
    <pose>Unspecified</pose>
    <truncated>0</truncated>
    <difficult>0</difficult>
    <robndbox>
      <cx>914.0082</cx>
      <cy>820.5</cy>
      <w>767.0</w>
      <h>187.0</h>
      <angle>0.0</angle>
    </robndbox>
  </object>
  <object>
    <type>robndbox</type>
    <name>heart</name>
    <pose>Unspecified</pose>
    <truncated>0</truncated>
    <difficult>0</difficult>
    <robndbox>
      <cx>1646.7541</cx>
      <cy>817.0666</cy>
      <w>546.4918</w>
      <h>184.1333</h>
      <angle>0.0</angle>
    </robndbox>
  </object>
</annotation>
