<annotation verified="no">
  <folder>wB_H7LJsVcI</folder>
  <filename>03_frame_01009</filename>
  <path>/Users/KengoAraki/Desktop/annotation_&#32210;&#32396;/annotation/wB_H7LJsVcI/03_frame_01009.jpg</path>
  <source>
    <database>Unknown</database>
  </source>
  <size>
    <width>1920</width>
    <height>1080</height>
    <depth>3</depth>
  </size>
  <segmented>0</segmented>
  <object>
    <type>bndbox</type>
    <name>put</name>
    <pose>Unspecified</pose>
    <truncated>0</truncated>
    <difficult>0</difficult>
    <bndbox>
      <xmin>650</xmin>
      <ymin>169</ymin>
      <xmax>1143</xmax>
      <ymax>329</ymax>
    </bndbox>
  </object>
  <object>
    <type>robndbox</type>
    <name>he</name>
    <pose>Unspecified</pose>
    <truncated>0</truncated>
    <difficult>0</difficult>
    <robndbox>
      <cx>422.5082</cx>
      <cy>250.5</cy>
      <w>318.0</w>
      <h>159.0</h>
      <angle>0.0</angle>
    </robndbox>
  </object>
  <object>
    <type>robndbox</type>
    <name>that</name>
    <pose>Unspecified</pose>
    <truncated>0</truncated>
    <difficult>0</difficult>
    <robndbox>
      <cx>583.5082</cx>
      <cy>433.0</cy>
      <w>648.0</w>
      <h>154.0</h>
      <angle>0.0</angle>
    </robndbox>
  </object>
  <object>
    <type>robndbox</type>
    <name>fire</name>
    <pose>Unspecified</pose>
    <truncated>0</truncated>
    <difficult>0</difficult>
    <robndbox>
      <cx>535.5082</cx>
      <cy>615.5</cy>
      <w>544.0</w>
      <h>157.0</h>
      <angle>0.0</angle>
    </robndbox>
  </object>
  <object>
    <type>robndbox</type>
    <name>in</name>
    <pose>Unspecified</pose>
    <truncated>0</truncated>
    <difficult>0</difficult>
    <robndbox>
      <cx>386.5082</cx>
      <cy>795.5</cy>
      <w>246.0</w>
      <h>157.0</h>
      <angle>0.0</angle>
    </robndbox>
  </object>
  <object>
    <type>robndbox</type>
    <name>your</name>
    <pose>Unspecified</pose>
    <truncated>0</truncated>
    <difficult>0</difficult>
    <robndbox>
      <cx>912.5082</cx>
      <cy>797.0</cy>
      <w>672.0</w>
      <h>162.0</h>
      <angle>0.0</angle>
    </robndbox>
  </object>
  <object>
    <type>robndbox</type>
    <name>soul</name>
    <pose>Unspecified</pose>
    <truncated>0</truncated>
    <difficult>0</difficult>
    <robndbox>
      <cx>1616.2541</cx>
      <cy>795.8674</cy>
      <w>607.4918</w>
      <h>161.7348</h>
      <angle>0.0</angle>
    </robndbox>
  </object>
</annotation>
