<annotation verified="no">
  <folder>wB_H7LJsVcI</folder>
  <filename>08_frame_02017</filename>
  <path>/Users/KengoAraki/Desktop/annotation_&#32210;&#32396;/annotation/wB_H7LJsVcI/08_frame_02017.jpg</path>
  <source>
    <database>Unknown</database>
  </source>
  <size>
    <width>1920</width>
    <height>1080</height>
    <depth>3</depth>
  </size>
  <segmented>0</segmented>
  <object>
    <type>robndbox</type>
    <name>hold</name>
    <pose>Unspecified</pose>
    <truncated>0</truncated>
    <difficult>0</difficult>
    <robndbox>
      <cx>750.0082</cx>
      <cy>455.0</cy>
      <w>649.0</w>
      <h>138.0</h>
      <angle>0.0</angle>
    </robndbox>
  </object>
  <object>
    <type>robndbox</type>
    <name>on</name>
    <pose>Unspecified</pose>
    <truncated>0</truncated>
    <difficult>0</difficult>
    <robndbox>
      <cx>1342.0082</cx>
      <cy>452.5</cy>
      <w>315.0</w>
      <h>139.0</h>
      <angle>0.0</angle>
    </robndbox>
  </object>
  <object>
    <type>robndbox</type>
    <name>to</name>
    <pose>Unspecified</pose>
    <truncated>0</truncated>
    <difficult>0</difficult>
    <robndbox>
      <cx>516.5082</cx>
      <cy>571.0</cy>
      <w>192.0</w>
      <h>88.0</h>
      <angle>0.0</angle>
    </robndbox>
  </object>
  <object>
    <type>robndbox</type>
    <name>what</name>
    <pose>Unspecified</pose>
    <truncated>0</truncated>
    <difficult>0</difficult>
    <robndbox>
      <cx>904.5082</cx>
      <cy>569.0</cy>
      <w>452.0</w>
      <h>90.0</h>
      <angle>0.0</angle>
    </robndbox>
  </object>
  <object>
    <type>robndbox</type>
    <name>you</name>
    <pose>Unspecified</pose>
    <truncated>0</truncated>
    <difficult>0</difficult>
    <robndbox>
      <cx>1346.5082</cx>
      <cy>572.0</cy>
      <w>308.0</w>
      <h>86.0</h>
      <angle>0.0</angle>
    </robndbox>
  </object>
</annotation>
