<annotation verified="no">
  <folder>wB_H7LJsVcI</folder>
  <filename>05_frame_03745</filename>
  <path>/Users/KengoAraki/Desktop/annotation_&#32210;&#32396;/annotation/wB_H7LJsVcI/05_frame_03745.jpg</path>
  <source>
    <database>Unknown</database>
  </source>
  <size>
    <width>1920</width>
    <height>1080</height>
    <depth>3</depth>
  </size>
  <segmented>0</segmented>
  <object>
    <type>bndbox</type>
    <name>is</name>
    <pose>Unspecified</pose>
    <truncated>0</truncated>
    <difficult>0</difficult>
    <bndbox>
      <xmin>28</xmin>
      <ymin>425</ymin>
      <xmax>227</xmax>
      <ymax>560</ymax>
    </bndbox>
  </object>
  <object>
    <type>robndbox</type>
    <name>his</name>
    <pose>Unspecified</pose>
    <truncated>0</truncated>
    <difficult>0</difficult>
    <robndbox>
      <cx>181.5082</cx>
      <cy>331.0</cy>
      <w>298.0</w>
      <h>116.0</h>
      <angle>0.0</angle>
    </robndbox>
  </object>
  <object>
    <type>robndbox</type>
    <name>love</name>
    <pose>Unspecified</pose>
    <truncated>0</truncated>
    <difficult>0</difficult>
    <robndbox>
      <cx>607.0082</cx>
      <cy>329.5</cy>
      <w>451.0</w>
      <h>119.0</h>
      <angle>0.0</angle>
    </robndbox>
  </object>
  <object>
    <type>robndbox</type>
    <name>the</name>
    <pose>Unspecified</pose>
    <truncated>0</truncated>
    <difficult>0</difficult>
    <robndbox>
      <cx>482.0082</cx>
      <cy>493.5</cy>
      <w>405.0</w>
      <h>133.0</h>
      <angle>0.0</angle>
    </robndbox>
  </object>
  <object>
    <type>robndbox</type>
    <name>reason</name>
    <pose>Unspecified</pose>
    <truncated>0</truncated>
    <difficult>0</difficult>
    <robndbox>
      <cx>707.0082</cx>
      <cy>704.0</cy>
      <w>1337.0</w>
      <h>222.0</h>
      <angle>0.0</angle>
    </robndbox>
  </object>
</annotation>
