<annotation verified="no">
  <folder>pL32uHAiHgU</folder>
  <filename>07_frame_01726</filename>
  <path>/home/uchidalab/&#12487;&#12473;&#12463;&#12488;&#12483;&#12503;/&#24029;&#19978; (1)/&#24029;&#19978;/annotation/pL32uHAiHgU/07_frame_01726.jpg</path>
  <source>
    <database>Unknown</database>
  </source>
  <size>
    <width>1920</width>
    <height>1080</height>
    <depth>3</depth>
  </size>
  <segmented>0</segmented>
  <object>
    <type>robndbox</type>
    <name>more</name>
    <pose>Unspecified</pose>
    <truncated>0</truncated>
    <difficult>0</difficult>
    <robndbox>
      <cx>561.5606</cx>
      <cy>184.3788</cy>
      <w>923.0</w>
      <h>265.0</h>
      <angle>0.0</angle>
    </robndbox>
  </object>
  <object>
    <type>robndbox</type>
    <name>than</name>
    <pose>Unspecified</pose>
    <truncated>0</truncated>
    <difficult>0</difficult>
    <robndbox>
      <cx>569.0606</cx>
      <cy>443.8788</cy>
      <w>926.0</w>
      <h>250.0</h>
      <angle>0.0</angle>
    </robndbox>
  </object>
  <object>
    <type>robndbox</type>
    <name>you</name>
    <pose>Unspecified</pose>
    <truncated>0</truncated>
    <difficult>0</difficult>
    <robndbox>
      <cx>1193.0606</cx>
      <cy>193.8788</cy>
      <w>220.0</w>
      <h>202.0</h>
      <angle>0.0</angle>
    </robndbox>
  </object>
  <object>
    <type>robndbox</type>
    <name>ever</name>
    <pose>Unspecified</pose>
    <truncated>0</truncated>
    <difficult>0</difficult>
    <robndbox>
      <cx>1511.5606</cx>
      <cy>205.8788</cy>
      <w>253.0</w>
      <h>202.0</h>
      <angle>0.0</angle>
    </robndbox>
  </object>
</annotation>
