<annotation verified="no">
  <folder>YCRnw3WELY4</folder>
  <filename>08_frame_02593</filename>
  <path>/home/baba/Desktop/&#39340;&#22580;/annotation/YCRnw3WELY4/08_frame_02593.jpg</path>
  <source>
    <database>Unknown</database>
  </source>
  <size>
    <width>1920</width>
    <height>1080</height>
    <depth>3</depth>
  </size>
  <segmented>0</segmented>
  <object>
    <type>bndbox</type>
    <name>on</name>
    <pose>Unspecified</pose>
    <truncated>1</truncated>
    <difficult>0</difficult>
    <bndbox>
      <xmin>462</xmin>
      <ymin>1</ymin>
      <xmax>702</xmax>
      <ymax>225</ymax>
    </bndbox>
  </object>
  <object>
    <type>bndbox</type>
    <name>youtube</name>
    <pose>Unspecified</pose>
    <truncated>1</truncated>
    <difficult>0</difficult>
    <bndbox>
      <xmin>789</xmin>
      <ymin>1</ymin>
      <xmax>1642</xmax>
      <ymax>210</ymax>
    </bndbox>
  </object>
  <object>
    <type>bndbox</type>
    <name>shes</name>
    <pose>Unspecified</pose>
    <truncated>0</truncated>
    <difficult>0</difficult>
    <bndbox>
      <xmin>703</xmin>
      <ymin>241</ymin>
      <xmax>874</xmax>
      <ymax>318</ymax>
    </bndbox>
  </object>
  <object>
    <type>bndbox</type>
    <name>a</name>
    <pose>Unspecified</pose>
    <truncated>0</truncated>
    <difficult>0</difficult>
    <bndbox>
      <xmin>898</xmin>
      <ymin>242</ymin>
      <xmax>938</xmax>
      <ymax>314</ymax>
    </bndbox>
  </object>
  <object>
    <type>bndbox</type>
    <name>make</name>
    <pose>Unspecified</pose>
    <truncated>0</truncated>
    <difficult>0</difficult>
    <bndbox>
      <xmin>963</xmin>
      <ymin>242</ymin>
      <xmax>1128</xmax>
      <ymax>316</ymax>
    </bndbox>
  </object>
  <object>
    <type>bndbox</type>
    <name>up</name>
    <pose>Unspecified</pose>
    <truncated>0</truncated>
    <difficult>0</difficult>
    <bndbox>
      <xmin>1156</xmin>
      <ymin>246</ymin>
      <xmax>1227</xmax>
      <ymax>321</ymax>
    </bndbox>
  </object>
  <object>
    <type>bndbox</type>
    <name>artist</name>
    <pose>Unspecified</pose>
    <truncated>0</truncated>
    <difficult>0</difficult>
    <bndbox>
      <xmin>1254</xmin>
      <ymin>246</ymin>
      <xmax>1470</xmax>
      <ymax>321</ymax>
    </bndbox>
  </object>
</annotation>
