<annotation verified="no">
  <folder>YCRnw3WELY4</folder>
  <filename>01_frame_03241</filename>
  <path>/home/baba/Desktop/&#39340;&#22580;/annotation/YCRnw3WELY4/01_frame_03241.jpg</path>
  <source>
    <database>Unknown</database>
  </source>
  <size>
    <width>1920</width>
    <height>1080</height>
    <depth>3</depth>
  </size>
  <segmented>0</segmented>
  <object>
    <type>bndbox</type>
    <name>your</name>
    <pose>Unspecified</pose>
    <truncated>0</truncated>
    <difficult>0</difficult>
    <bndbox>
      <xmin>1094</xmin>
      <ymin>913</ymin>
      <xmax>1214</xmax>
      <ymax>976</ymax>
    </bndbox>
  </object>
  <object>
    <type>bndbox</type>
    <name>travelin</name>
    <pose>Unspecified</pose>
    <truncated>0</truncated>
    <difficult>0</difficult>
    <bndbox>
      <xmin>1232</xmin>
      <ymin>885</ymin>
      <xmax>1487</xmax>
      <ymax>970</ymax>
    </bndbox>
  </object>
  <object>
    <type>bndbox</type>
    <name>ass</name>
    <pose>Unspecified</pose>
    <truncated>0</truncated>
    <difficult>0</difficult>
    <bndbox>
      <xmin>1518</xmin>
      <ymin>884</ymin>
      <xmax>1608</xmax>
      <ymax>950</ymax>
    </bndbox>
  </object>
  <object>
    <type>bndbox</type>
    <name>go</name>
    <pose>Unspecified</pose>
    <truncated>0</truncated>
    <difficult>0</difficult>
    <bndbox>
      <xmin>874</xmin>
      <ymin>981</ymin>
      <xmax>928</xmax>
      <ymax>1044</ymax>
    </bndbox>
  </object>
  <object>
    <type>bndbox</type>
    <name>head</name>
    <pose>Unspecified</pose>
    <truncated>0</truncated>
    <difficult>0</difficult>
    <bndbox>
      <xmin>954</xmin>
      <ymin>974</ymin>
      <xmax>1100</xmax>
      <ymax>1053</ymax>
    </bndbox>
  </object>
  <object>
    <type>bndbox</type>
    <name>round</name>
    <pose>Unspecified</pose>
    <truncated>0</truncated>
    <difficult>0</difficult>
    <bndbox>
      <xmin>1120</xmin>
      <ymin>981</ymin>
      <xmax>1295</xmax>
      <ymax>1052</ymax>
    </bndbox>
  </object>
  <object>
    <type>bndbox</type>
    <name>the</name>
    <pose>Unspecified</pose>
    <truncated>0</truncated>
    <difficult>0</difficult>
    <bndbox>
      <xmin>1316</xmin>
      <ymin>988</ymin>
      <xmax>1411</xmax>
      <ymax>1045</ymax>
    </bndbox>
  </object>
  <object>
    <type>bndbox</type>
    <name>world</name>
    <pose>Unspecified</pose>
    <truncated>0</truncated>
    <difficult>0</difficult>
    <bndbox>
      <xmin>1432</xmin>
      <ymin>974</ymin>
      <xmax>1595</xmax>
      <ymax>1041</ymax>
    </bndbox>
  </object>
  <object>
    <type>robndbox</type>
    <name>go</name>
    <pose>Unspecified</pose>
    <truncated>0</truncated>
    <difficult>0</difficult>
    <robndbox>
      <cx>731.291</cx>
      <cy>872.5558</cy>
      <w>50.3915</w>
      <h>61.2319</h>
      <angle>0.38</angle>
    </robndbox>
  </object>
  <object>
    <type>robndbox</type>
    <name>head</name>
    <pose>Unspecified</pose>
    <truncated>0</truncated>
    <difficult>0</difficult>
    <robndbox>
      <cx>852.3854</cx>
      <cy>902.0709</cy>
      <w>135.8199</w>
      <h>69.4986</h>
      <angle>0.19</angle>
    </robndbox>
  </object>
  <object>
    <type>robndbox</type>
    <name>with</name>
    <pose>Unspecified</pose>
    <truncated>0</truncated>
    <difficult>0</difficult>
    <robndbox>
      <cx>1008.4137</cx>
      <cy>933.2114</cy>
      <w>132.6442</w>
      <h>60.8612</h>
      <angle>0.14</angle>
    </robndbox>
  </object>
</annotation>
