<annotation verified="no">
  <folder>YCRnw3WELY4</folder>
  <filename>05_frame_02737</filename>
  <path>/home/baba/Desktop/&#39340;&#22580;/annotation/YCRnw3WELY4/05_frame_02737.jpg</path>
  <source>
    <database>Unknown</database>
  </source>
  <size>
    <width>1920</width>
    <height>1080</height>
    <depth>3</depth>
  </size>
  <segmented>0</segmented>
  <object>
    <type>robndbox</type>
    <name>all</name>
    <pose>Unspecified</pose>
    <truncated>0</truncated>
    <difficult>0</difficult>
    <robndbox>
      <cx>987.5034</cx>
      <cy>547.1766</cy>
      <w>135.7996</w>
      <h>85.9368</h>
      <angle>2.691593</angle>
    </robndbox>
  </object>
  <object>
    <type>robndbox</type>
    <name>her</name>
    <pose>Unspecified</pose>
    <truncated>0</truncated>
    <difficult>0</difficult>
    <robndbox>
      <cx>1136.8333</cx>
      <cy>460.8333</cy>
      <w>139.9088</w>
      <h>87.2899</h>
      <angle>2.431593</angle>
    </robndbox>
  </object>
  <object>
    <type>robndbox</type>
    <name>friends</name>
    <pose>Unspecified</pose>
    <truncated>0</truncated>
    <difficult>0</difficult>
    <robndbox>
      <cx>1215.3839</cx>
      <cy>260.2193</cy>
      <w>110.8613</w>
      <h>296.6018</h>
      <angle>3.091593</angle>
    </robndbox>
  </object>
  <object>
    <type>robndbox</type>
    <name>are</name>
    <pose>Unspecified</pose>
    <truncated>0</truncated>
    <difficult>0</difficult>
    <robndbox>
      <cx>1112.0537</cx>
      <cy>73.7154</cy>
      <w>131.6108</w>
      <h>89.0106</h>
      <angle>0.4</angle>
    </robndbox>
  </object>
  <object>
    <type>robndbox</type>
    <name>verified</name>
    <pose>Unspecified</pose>
    <truncated>0</truncated>
    <difficult>0</difficult>
    <robndbox>
      <cx>930.2147</cx>
      <cy>78.9448</cy>
      <w>177.7738</w>
      <h>96.4307</h>
      <angle>2.751593</angle>
    </robndbox>
  </object>
</annotation>
