<annotation verified="no">
  <folder>YCRnw3WELY4</folder>
  <filename>06_frame_00577</filename>
  <path>/home/baba/Desktop/&#39340;&#22580;/annotation/YCRnw3WELY4/06_frame_00577.jpg</path>
  <source>
    <database>Unknown</database>
  </source>
  <size>
    <width>1920</width>
    <height>1080</height>
    <depth>3</depth>
  </size>
  <segmented>0</segmented>
  <object>
    <type>robndbox</type>
    <name>you</name>
    <pose>Unspecified</pose>
    <truncated>0</truncated>
    <difficult>0</difficult>
    <robndbox>
      <cx>445.5776</cx>
      <cy>309.3705</cy>
      <w>175.2702</w>
      <h>93.0537</h>
      <angle>2.601593</angle>
    </robndbox>
  </object>
  <object>
    <type>robndbox</type>
    <name>feel</name>
    <pose>Unspecified</pose>
    <truncated>0</truncated>
    <difficult>0</difficult>
    <robndbox>
      <cx>712.7096</cx>
      <cy>195.5229</cy>
      <w>242.0707</w>
      <h>96.2675</h>
      <angle>2.861593</angle>
    </robndbox>
  </object>
  <object>
    <type>robndbox</type>
    <name>invincible</name>
    <pose>Unspecified</pose>
    <truncated>0</truncated>
    <difficult>0</difficult>
    <robndbox>
      <cx>1216.9959</cx>
      <cy>222.1892</cy>
      <w>634.8407</w>
      <h>139.6794</h>
      <angle>0.32</angle>
    </robndbox>
  </object>
  <object>
    <type>robndbox</type>
    <name>so</name>
    <pose>Unspecified</pose>
    <truncated>0</truncated>
    <difficult>0</difficult>
    <robndbox>
      <cx>358.0849</cx>
      <cy>732.5343</cy>
      <w>71.1619</w>
      <h>70.963</h>
      <angle>0.78</angle>
    </robndbox>
  </object>
  <object>
    <type>robndbox</type>
    <name>hard</name>
    <pose>Unspecified</pose>
    <truncated>0</truncated>
    <difficult>0</difficult>
    <robndbox>
      <cx>492.7546</cx>
      <cy>842.3523</cy>
      <w>166.4175</w>
      <h>66.7281</h>
      <angle>0.63</angle>
    </robndbox>
  </object>
  <object>
    <type>robndbox</type>
    <name>to</name>
    <pose>Unspecified</pose>
    <truncated>0</truncated>
    <difficult>0</difficult>
    <robndbox>
      <cx>641.7719</cx>
      <cy>926.2048</cy>
      <w>76.3735</w>
      <h>60.361</h>
      <angle>0.42</angle>
    </robndbox>
  </object>
</annotation>
