<annotation verified="no">
  <folder>YCRnw3WELY4</folder>
  <filename>07_frame_01513</filename>
  <path>/home/baba/Desktop/&#39340;&#22580;/annotation/YCRnw3WELY4/07_frame_01513.jpg</path>
  <source>
    <database>Unknown</database>
  </source>
  <size>
    <width>1920</width>
    <height>1080</height>
    <depth>3</depth>
  </size>
  <segmented>0</segmented>
  <object>
    <type>bndbox</type>
    <name>hennessy</name>
    <pose>Unspecified</pose>
    <truncated>0</truncated>
    <difficult>0</difficult>
    <bndbox>
      <xmin>699</xmin>
      <ymin>102</ymin>
      <xmax>1299</xmax>
      <ymax>208</ymax>
    </bndbox>
  </object>
  <object>
    <type>robndbox</type>
    <name>in</name>
    <pose>Unspecified</pose>
    <truncated>0</truncated>
    <difficult>0</difficult>
    <robndbox>
      <cx>802.7815</cx>
      <cy>726.7432</cy>
      <w>105.2991</w>
      <h>100.7092</h>
      <angle>0.39</angle>
    </robndbox>
  </object>
  <object>
    <type>robndbox</type>
    <name>the</name>
    <pose>Unspecified</pose>
    <truncated>0</truncated>
    <difficult>0</difficult>
    <robndbox>
      <cx>1033.8333</cx>
      <cy>767.3333</cy>
      <w>195.0</w>
      <h>106.0</h>
      <angle>0.0</angle>
    </robndbox>
  </object>
  <object>
    <type>robndbox</type>
    <name>freezer</name>
    <pose>Unspecified</pose>
    <truncated>0</truncated>
    <difficult>0</difficult>
    <robndbox>
      <cx>1420.6333</cx>
      <cy>620.8065</cy>
      <w>491.6903</w>
      <h>113.6972</h>
      <angle>2.581593</angle>
    </robndbox>
  </object>
</annotation>
