<annotation verified="no">
  <folder>YCRnw3WELY4</folder>
  <filename>04_frame_02881</filename>
  <path>/home/baba/Desktop/&#39340;&#22580;/annotation/YCRnw3WELY4/04_frame_02881.jpg</path>
  <source>
    <database>Unknown</database>
  </source>
  <size>
    <width>1920</width>
    <height>1080</height>
    <depth>3</depth>
  </size>
  <segmented>0</segmented>
  <object>
    <type>bndbox</type>
    <name>lets</name>
    <pose>Unspecified</pose>
    <truncated>0</truncated>
    <difficult>0</difficult>
    <bndbox>
      <xmin>1159</xmin>
      <ymin>61</ymin>
      <xmax>1346</xmax>
      <ymax>146</ymax>
    </bndbox>
  </object>
  <object>
    <type>bndbox</type>
    <name>take</name>
    <pose>Unspecified</pose>
    <truncated>0</truncated>
    <difficult>0</difficult>
    <bndbox>
      <xmin>1167</xmin>
      <ymin>147</ymin>
      <xmax>1342</xmax>
      <ymax>229</ymax>
    </bndbox>
  </object>
  <object>
    <type>bndbox</type>
    <name>a</name>
    <pose>Unspecified</pose>
    <truncated>0</truncated>
    <difficult>0</difficult>
    <bndbox>
      <xmin>1368</xmin>
      <ymin>149</ymin>
      <xmax>1412</xmax>
      <ymax>229</ymax>
    </bndbox>
  </object>
  <object>
    <type>bndbox</type>
    <name>thousand</name>
    <pose>Unspecified</pose>
    <truncated>0</truncated>
    <difficult>0</difficult>
    <bndbox>
      <xmin>1440</xmin>
      <ymin>144</ymin>
      <xmax>1806</xmax>
      <ymax>230</ymax>
    </bndbox>
  </object>
  <object>
    <type>bndbox</type>
    <name>pictures</name>
    <pose>Unspecified</pose>
    <truncated>0</truncated>
    <difficult>0</difficult>
    <bndbox>
      <xmin>1168</xmin>
      <ymin>246</ymin>
      <xmax>1487</xmax>
      <ymax>334</ymax>
    </bndbox>
  </object>
  <object>
    <type>bndbox</type>
    <name>like</name>
    <pose>Unspecified</pose>
    <truncated>0</truncated>
    <difficult>0</difficult>
    <bndbox>
      <xmin>1166</xmin>
      <ymin>346</ymin>
      <xmax>1302</xmax>
      <ymax>429</ymax>
    </bndbox>
  </object>
  <object>
    <type>bndbox</type>
    <name>a</name>
    <pose>Unspecified</pose>
    <truncated>0</truncated>
    <difficult>0</difficult>
    <bndbox>
      <xmin>1331</xmin>
      <ymin>344</ymin>
      <xmax>1374</xmax>
      <ymax>428</ymax>
    </bndbox>
  </object>
  <object>
    <type>bndbox</type>
    <name>hypebeast</name>
    <pose>Unspecified</pose>
    <truncated>0</truncated>
    <difficult>0</difficult>
    <bndbox>
      <xmin>1404</xmin>
      <ymin>341</ymin>
      <xmax>1788</xmax>
      <ymax>424</ymax>
    </bndbox>
  </object>
  <object>
    <type>bndbox</type>
    <name>now</name>
    <pose>Unspecified</pose>
    <truncated>0</truncated>
    <difficult>0</difficult>
    <bndbox>
      <xmin>1164</xmin>
      <ymin>442</ymin>
      <xmax>1310</xmax>
      <ymax>525</ymax>
    </bndbox>
  </object>
</annotation>
