<annotation verified="no">
  <folder>YCRnw3WELY4</folder>
  <filename>02_frame_03025</filename>
  <path>/home/baba/Desktop/&#39340;&#22580;/annotation/YCRnw3WELY4/02_frame_03025.jpg</path>
  <source>
    <database>Unknown</database>
  </source>
  <size>
    <width>1920</width>
    <height>1080</height>
    <depth>3</depth>
  </size>
  <segmented>0</segmented>
  <object>
    <type>robndbox</type>
    <name>fuck</name>
    <pose>Unspecified</pose>
    <truncated>0</truncated>
    <difficult>0</difficult>
    <robndbox>
      <cx>658.048</cx>
      <cy>155.2048</cy>
      <w>256.3015</w>
      <h>104.6784</h>
      <angle>3.041593</angle>
    </robndbox>
  </object>
  <object>
    <type>robndbox</type>
    <name>the</name>
    <pose>Unspecified</pose>
    <truncated>0</truncated>
    <difficult>0</difficult>
    <robndbox>
      <cx>918.3333</cx>
      <cy>133.3333</cy>
      <w>188.0</w>
      <h>114.0</h>
      <angle>0.0</angle>
    </robndbox>
  </object>
  <object>
    <type>robndbox</type>
    <name>haters</name>
    <pose>Unspecified</pose>
    <truncated>0</truncated>
    <difficult>0</difficult>
    <robndbox>
      <cx>1242.6761</cx>
      <cy>147.0427</cy>
      <w>373.3512</w>
      <h>121.9174</h>
      <angle>0.1</angle>
    </robndbox>
  </object>
  <object>
    <type>robndbox</type>
    <name>fuck</name>
    <pose>Unspecified</pose>
    <truncated>0</truncated>
    <difficult>0</difficult>
    <robndbox>
      <cx>352.602</cx>
      <cy>342.8953</cy>
      <w>462.4031</w>
      <h>203.6962</h>
      <angle>3.021593</angle>
    </robndbox>
  </object>
  <object>
    <type>robndbox</type>
    <name>the</name>
    <pose>Unspecified</pose>
    <truncated>0</truncated>
    <difficult>0</difficult>
    <robndbox>
      <cx>842.4639</cx>
      <cy>303.0466</cy>
      <w>349.6824</w>
      <h>207.1556</h>
      <angle>3.111593</angle>
    </robndbox>
  </object>
  <object>
    <type>robndbox</type>
    <name>trolls</name>
    <pose>Unspecified</pose>
    <truncated>0</truncated>
    <difficult>0</difficult>
    <robndbox>
      <cx>1455.2384</cx>
      <cy>348.0862</cy>
      <w>717.0183</w>
      <h>223.1298</h>
      <angle>0.11</angle>
    </robndbox>
  </object>
</annotation>
