<annotation verified="no">
  <folder>YCRnw3WELY4</folder>
  <filename>00_frame_00793</filename>
  <path>/home/baba/Desktop/&#39340;&#22580;/annotation/YCRnw3WELY4/00_frame_00793.jpg</path>
  <source>
    <database>Unknown</database>
  </source>
  <size>
    <width>1920</width>
    <height>1080</height>
    <depth>3</depth>
  </size>
  <segmented>0</segmented>
  <object>
    <type>bndbox</type>
    <name>buff</name>
    <pose>Unspecified</pose>
    <truncated>0</truncated>
    <difficult>0</difficult>
    <bndbox>
      <xmin>584</xmin>
      <ymin>342</ymin>
      <xmax>895</xmax>
      <ymax>504</ymax>
    </bndbox>
  </object>
  <object>
    <type>bndbox</type>
    <name>but</name>
    <pose>Unspecified</pose>
    <truncated>0</truncated>
    <difficult>0</difficult>
    <bndbox>
      <xmin>78</xmin>
      <ymin>576</ymin>
      <xmax>236</xmax>
      <ymax>714</ymax>
    </bndbox>
  </object>
  <object>
    <type>bndbox</type>
    <name>she</name>
    <pose>Unspecified</pose>
    <truncated>0</truncated>
    <difficult>0</difficult>
    <bndbox>
      <xmin>279</xmin>
      <ymin>557</ymin>
      <xmax>426</xmax>
      <ymax>693</ymax>
    </bndbox>
  </object>
  <object>
    <type>bndbox</type>
    <name>aint</name>
    <pose>Unspecified</pose>
    <truncated>0</truncated>
    <difficult>0</difficult>
    <bndbox>
      <xmin>466</xmin>
      <ymin>541</ymin>
      <xmax>678</xmax>
      <ymax>656</ymax>
    </bndbox>
  </object>
  <object>
    <type>bndbox</type>
    <name>seen</name>
    <pose>Unspecified</pose>
    <truncated>0</truncated>
    <difficult>0</difficult>
    <bndbox>
      <xmin>726</xmin>
      <ymin>522</ymin>
      <xmax>902</xmax>
      <ymax>616</ymax>
    </bndbox>
  </object>
  <object>
    <type>bndbox</type>
    <name>tiffanys</name>
    <pose>Unspecified</pose>
    <truncated>0</truncated>
    <difficult>0</difficult>
    <bndbox>
      <xmin>1218</xmin>
      <ymin>252</ymin>
      <xmax>1891</xmax>
      <ymax>490</ymax>
    </bndbox>
  </object>
  <object>
    <type>robndbox</type>
    <name>and</name>
    <pose>Unspecified</pose>
    <truncated>0</truncated>
    <difficult>0</difficult>
    <robndbox>
      <cx>189.3333</cx>
      <cy>255.3333</cy>
      <w>65.0498</w>
      <h>69.0545</h>
      <angle>0.15</angle>
    </robndbox>
  </object>
  <object>
    <type>robndbox</type>
    <name>she</name>
    <pose>Unspecified</pose>
    <truncated>0</truncated>
    <difficult>0</difficult>
    <robndbox>
      <cx>279.7839</cx>
      <cy>265.9037</cy>
      <w>64.5325</w>
      <h>64.1629</h>
      <angle>0.11</angle>
    </robndbox>
  </object>
  <object>
    <type>robndbox</type>
    <name>a</name>
    <pose>Unspecified</pose>
    <truncated>0</truncated>
    <difficult>0</difficult>
    <robndbox>
      <cx>346.058</cx>
      <cy>270.8692</cy>
      <w>14.5907</w>
      <h>59.7703</h>
      <angle>0.1</angle>
    </robndbox>
  </object>
  <object>
    <type>robndbox</type>
    <name>movie</name>
    <pose>Unspecified</pose>
    <truncated>0</truncated>
    <difficult>0</difficult>
    <robndbox>
      <cx>315.3333</cx>
      <cy>424.3333</cy>
      <w>392.0</w>
      <h>216.0</h>
      <angle>0.0</angle>
    </robndbox>
  </object>
  <object>
    <type>robndbox</type>
    <name>breakfast</name>
    <pose>Unspecified</pose>
    <truncated>0</truncated>
    <difficult>0</difficult>
    <robndbox>
      <cx>1444.8534</cx>
      <cy>234.1194</cy>
      <w>460.4236</w>
      <h>111.2807</h>
      <angle>2.971593</angle>
    </robndbox>
  </object>
  <object>
    <type>robndbox</type>
    <name>at</name>
    <pose>Unspecified</pose>
    <truncated>0</truncated>
    <difficult>0</difficult>
    <robndbox>
      <cx>1761.6426</cx>
      <cy>170.6107</cy>
      <w>114.5677</w>
      <h>115.8937</h>
      <angle>2.951593</angle>
    </robndbox>
  </object>
</annotation>
