<annotation verified="no">
  <folder>jPW5A_JyXCY</folder>
  <filename>16_frame_01051</filename>
  <path>/home/keisuke/Documents/lyric/&#31070;&#30000;/annotation/jPW5A_JyXCY/16_frame_01051.jpg</path>
  <source>
    <database>Unknown</database>
  </source>
  <size>
    <width>1920</width>
    <height>1080</height>
    <depth>3</depth>
  </size>
  <segmented>0</segmented>
  <object>
    <type>bndbox</type>
    <name>you</name>
    <pose>Unspecified</pose>
    <truncated>1</truncated>
    <difficult>0</difficult>
    <bndbox>
      <xmin>1</xmin>
      <ymin>469</ymin>
      <xmax>155</xmax>
      <ymax>593</ymax>
    </bndbox>
  </object>
  <object>
    <type>bndbox</type>
    <name>danger</name>
    <pose>Unspecified</pose>
    <truncated>0</truncated>
    <difficult>0</difficult>
    <bndbox>
      <xmin>148</xmin>
      <ymin>833</ymin>
      <xmax>479</xmax>
      <ymax>956</ymax>
    </bndbox>
  </object>
  <object>
    <type>bndbox</type>
    <name>by</name>
    <pose>Unspecified</pose>
    <truncated>0</truncated>
    <difficult>0</difficult>
    <bndbox>
      <xmin>526</xmin>
      <ymin>273</ymin>
      <xmax>636</xmax>
      <ymax>394</ymax>
    </bndbox>
  </object>
  <object>
    <type>bndbox</type>
    <name>design</name>
    <pose>Unspecified</pose>
    <truncated>0</truncated>
    <difficult>0</difficult>
    <bndbox>
      <xmin>666</xmin>
      <ymin>260</ymin>
      <xmax>957</xmax>
      <ymax>392</ymax>
    </bndbox>
  </object>
</annotation>
