<annotation verified="no">
  <folder>jPW5A_JyXCY</folder>
  <filename>09_frame_04426</filename>
  <path>/home/keisuke/Documents/lyric/&#31070;&#30000;/annotation/jPW5A_JyXCY/09_frame_04426.jpg</path>
  <source>
    <database>Unknown</database>
  </source>
  <size>
    <width>1920</width>
    <height>1080</height>
    <depth>3</depth>
  </size>
  <segmented>0</segmented>
  <object>
    <type>bndbox</type>
    <name>but</name>
    <pose>Unspecified</pose>
    <truncated>0</truncated>
    <difficult>0</difficult>
    <bndbox>
      <xmin>121</xmin>
      <ymin>466</ymin>
      <xmax>322</xmax>
      <ymax>615</ymax>
    </bndbox>
  </object>
  <object>
    <type>bndbox</type>
    <name>but</name>
    <pose>Unspecified</pose>
    <truncated>0</truncated>
    <difficult>0</difficult>
    <bndbox>
      <xmin>359</xmin>
      <ymin>466</ymin>
      <xmax>562</xmax>
      <ymax>615</ymax>
    </bndbox>
  </object>
  <object>
    <type>bndbox</type>
    <name>wont</name>
    <pose>Unspecified</pose>
    <truncated>0</truncated>
    <difficult>0</difficult>
    <bndbox>
      <xmin>600</xmin>
      <ymin>464</ymin>
      <xmax>942</xmax>
      <ymax>616</ymax>
    </bndbox>
  </object>
  <object>
    <type>bndbox</type>
    <name>get</name>
    <pose>Unspecified</pose>
    <truncated>0</truncated>
    <difficult>0</difficult>
    <bndbox>
      <xmin>978</xmin>
      <ymin>466</ymin>
      <xmax>1168</xmax>
      <ymax>616</ymax>
    </bndbox>
  </object>
  <object>
    <type>bndbox</type>
    <name>me</name>
    <pose>Unspecified</pose>
    <truncated>0</truncated>
    <difficult>0</difficult>
    <bndbox>
      <xmin>1207</xmin>
      <ymin>466</ymin>
      <xmax>1366</xmax>
      <ymax>614</ymax>
    </bndbox>
  </object>
  <object>
    <type>bndbox</type>
    <name>tonight</name>
    <pose>Unspecified</pose>
    <truncated>0</truncated>
    <difficult>0</difficult>
    <bndbox>
      <xmin>1401</xmin>
      <ymin>466</ymin>
      <xmax>1840</xmax>
      <ymax>612</ymax>
    </bndbox>
  </object>
</annotation>
