<annotation verified="no">
  <folder>jPW5A_JyXCY</folder>
  <filename>04_frame_01426</filename>
  <path>/home/keisuke/Documents/lyric/&#31070;&#30000;/annotation/jPW5A_JyXCY/04_frame_01426.jpg</path>
  <source>
    <database>Unknown</database>
  </source>
  <size>
    <width>1920</width>
    <height>1080</height>
    <depth>3</depth>
  </size>
  <segmented>0</segmented>
  <object>
    <type>bndbox</type>
    <name>before</name>
    <pose>Unspecified</pose>
    <truncated>1</truncated>
    <difficult>0</difficult>
    <bndbox>
      <xmin>1</xmin>
      <ymin>702</ymin>
      <xmax>142</xmax>
      <ymax>825</ymax>
    </bndbox>
  </object>
  <object>
    <type>bndbox</type>
    <name>you</name>
    <pose>Unspecified</pose>
    <truncated>0</truncated>
    <difficult>0</difficult>
    <bndbox>
      <xmin>127</xmin>
      <ymin>450</ymin>
      <xmax>291</xmax>
      <ymax>573</ymax>
    </bndbox>
  </object>
  <object>
    <type>bndbox</type>
    <name>play</name>
    <pose>Unspecified</pose>
    <truncated>0</truncated>
    <difficult>0</difficult>
    <bndbox>
      <xmin>323</xmin>
      <ymin>451</ymin>
      <xmax>535</xmax>
      <ymax>572</ymax>
    </bndbox>
  </object>
  <object>
    <type>bndbox</type>
    <name>with</name>
    <pose>Unspecified</pose>
    <truncated>0</truncated>
    <difficult>0</difficult>
    <bndbox>
      <xmin>423</xmin>
      <ymin>669</ymin>
      <xmax>647</xmax>
      <ymax>794</ymax>
    </bndbox>
  </object>
  <object>
    <type>bndbox</type>
    <name>fire</name>
    <pose>Unspecified</pose>
    <truncated>0</truncated>
    <difficult>0</difficult>
    <bndbox>
      <xmin>677</xmin>
      <ymin>671</ymin>
      <xmax>849</xmax>
      <ymax>793</ymax>
    </bndbox>
  </object>
  <object>
    <type>bndbox</type>
    <name>do</name>
    <pose>Unspecified</pose>
    <truncated>0</truncated>
    <difficult>0</difficult>
    <bndbox>
      <xmin>1140</xmin>
      <ymin>298</ymin>
      <xmax>1226</xmax>
      <ymax>372</ymax>
    </bndbox>
  </object>
  <object>
    <type>bndbox</type>
    <name>think</name>
    <pose>Unspecified</pose>
    <truncated>0</truncated>
    <difficult>0</difficult>
    <bndbox>
      <xmin>1292</xmin>
      <ymin>288</ymin>
      <xmax>1361</xmax>
      <ymax>341</ymax>
    </bndbox>
  </object>
</annotation>
