<annotation verified="no">
  <folder>jPW5A_JyXCY</folder>
  <filename>11_frame_02851</filename>
  <path>/home/keisuke/Documents/lyric/&#31070;&#30000;/annotation/jPW5A_JyXCY/11_frame_02851.jpg</path>
  <source>
    <database>Unknown</database>
  </source>
  <size>
    <width>1920</width>
    <height>1080</height>
    <depth>3</depth>
  </size>
  <segmented>0</segmented>
  <object>
    <type>bndbox</type>
    <name>desire</name>
    <pose>Unspecified</pose>
    <truncated>1</truncated>
    <difficult>0</difficult>
    <bndbox>
      <xmin>1</xmin>
      <ymin>690</ymin>
      <xmax>143</xmax>
      <ymax>815</ymax>
    </bndbox>
  </object>
  <object>
    <type>bndbox</type>
    <name>shes</name>
    <pose>Unspecified</pose>
    <truncated>0</truncated>
    <difficult>0</difficult>
    <bndbox>
      <xmin>748</xmin>
      <ymin>250</ymin>
      <xmax>983</xmax>
      <ymax>371</ymax>
    </bndbox>
  </object>
  <object>
    <type>bndbox</type>
    <name>out</name>
    <pose>Unspecified</pose>
    <truncated>0</truncated>
    <difficult>0</difficult>
    <bndbox>
      <xmin>1013</xmin>
      <ymin>229</ymin>
      <xmax>1177</xmax>
      <ymax>369</ymax>
    </bndbox>
  </object>
  <object>
    <type>bndbox</type>
    <name>to</name>
    <pose>Unspecified</pose>
    <truncated>0</truncated>
    <difficult>0</difficult>
    <bndbox>
      <xmin>955</xmin>
      <ymin>434</ymin>
      <xmax>1057</xmax>
      <ymax>553</ymax>
    </bndbox>
  </object>
  <object>
    <type>bndbox</type>
    <name>get</name>
    <pose>Unspecified</pose>
    <truncated>0</truncated>
    <difficult>0</difficult>
    <bndbox>
      <xmin>1100</xmin>
      <ymin>434</ymin>
      <xmax>1236</xmax>
      <ymax>540</ymax>
    </bndbox>
  </object>
  <object>
    <type>bndbox</type>
    <name>you</name>
    <pose>Unspecified</pose>
    <truncated>0</truncated>
    <difficult>0</difficult>
    <bndbox>
      <xmin>1299</xmin>
      <ymin>508</ymin>
      <xmax>1427</xmax>
      <ymax>551</ymax>
    </bndbox>
  </object>
</annotation>
