<annotation verified="no">
  <folder>hHimjVYsd6I</folder>
  <filename>06_frame_01009</filename>
  <path>/home/ikoma/roLabelImg/&#29983;&#39378;/annotation/hHimjVYsd6I/06_frame_01009.jpg</path>
  <source>
    <database>Unknown</database>
  </source>
  <size>
    <width>1920</width>
    <height>1080</height>
    <depth>3</depth>
  </size>
  <segmented>0</segmented>
  <object>
    <type>bndbox</type>
    <name>unconditionally</name>
    <pose>Unspecified</pose>
    <truncated>0</truncated>
    <difficult>0</difficult>
    <bndbox>
      <xmin>1340</xmin>
      <ymin>181</ymin>
      <xmax>1919</xmax>
      <ymax>258</ymax>
    </bndbox>
  </object>
</annotation>
