<annotation verified="no">
  <folder>hHimjVYsd6I</folder>
  <filename>07_frame_01441</filename>
  <path>/home/ikoma/roLabelImg/&#29983;&#39378;/annotation/hHimjVYsd6I/07_frame_01441.jpg</path>
  <source>
    <database>Unknown</database>
  </source>
  <size>
    <width>1920</width>
    <height>1080</height>
    <depth>3</depth>
  </size>
  <segmented>0</segmented>
  <object>
    <type>bndbox</type>
    <name>will</name>
    <pose>Unspecified</pose>
    <truncated>0</truncated>
    <difficult>0</difficult>
    <bndbox>
      <xmin>1344</xmin>
      <ymin>389</ymin>
      <xmax>1480</xmax>
      <ymax>471</ymax>
    </bndbox>
  </object>
  <object>
    <type>bndbox</type>
    <name>love</name>
    <pose>Unspecified</pose>
    <truncated>0</truncated>
    <difficult>0</difficult>
    <bndbox>
      <xmin>1522</xmin>
      <ymin>482</ymin>
      <xmax>1775</xmax>
      <ymax>590</ymax>
    </bndbox>
  </object>
  <object>
    <type>bndbox</type>
    <name>you</name>
    <pose>Unspecified</pose>
    <truncated>0</truncated>
    <difficult>0</difficult>
    <bndbox>
      <xmin>1682</xmin>
      <ymin>619</ymin>
      <xmax>1919</xmax>
      <ymax>772</ymax>
    </bndbox>
  </object>
  <object>
    <type>bndbox</type>
    <name>i</name>
    <pose>Unspecified</pose>
    <truncated>0</truncated>
    <difficult>0</difficult>
    <bndbox>
      <xmin>1264</xmin>
      <ymin>282</ymin>
      <xmax>1296</xmax>
      <ymax>370</ymax>
    </bndbox>
  </object>
</annotation>
