<annotation verified="no">
  <folder>hHimjVYsd6I</folder>
  <filename>04_frame_04465</filename>
  <path>/home/ikoma/roLabelImg/&#29983;&#39378;/annotation/hHimjVYsd6I/04_frame_04465.jpg</path>
  <source>
    <database>Unknown</database>
  </source>
  <size>
    <width>1920</width>
    <height>1080</height>
    <depth>3</depth>
  </size>
  <segmented>0</segmented>
  <object>
    <type>bndbox</type>
    <name>cause</name>
    <pose>Unspecified</pose>
    <truncated>0</truncated>
    <difficult>0</difficult>
    <bndbox>
      <xmin>140</xmin>
      <ymin>444</ymin>
      <xmax>385</xmax>
      <ymax>505</ymax>
    </bndbox>
  </object>
  <object>
    <type>bndbox</type>
    <name>i</name>
    <pose>Unspecified</pose>
    <truncated>0</truncated>
    <difficult>0</difficult>
    <bndbox>
      <xmin>248</xmin>
      <ymin>296</ymin>
      <xmax>278</xmax>
      <ymax>377</ymax>
    </bndbox>
  </object>
  <object>
    <type>bndbox</type>
    <name>will</name>
    <pose>Unspecified</pose>
    <truncated>0</truncated>
    <difficult>0</difficult>
    <bndbox>
      <xmin>418</xmin>
      <ymin>319</ymin>
      <xmax>580</xmax>
      <ymax>412</ymax>
    </bndbox>
  </object>
  <object>
    <type>bndbox</type>
    <name>love</name>
    <pose>Unspecified</pose>
    <truncated>0</truncated>
    <difficult>0</difficult>
    <bndbox>
      <xmin>535</xmin>
      <ymin>416</ymin>
      <xmax>728</xmax>
      <ymax>502</ymax>
    </bndbox>
  </object>
  <object>
    <type>bndbox</type>
    <name>you</name>
    <pose>Unspecified</pose>
    <truncated>0</truncated>
    <difficult>0</difficult>
    <bndbox>
      <xmin>750</xmin>
      <ymin>327</ymin>
      <xmax>975</xmax>
      <ymax>430</ymax>
    </bndbox>
  </object>
</annotation>
