<annotation verified="no">
  <folder>hHimjVYsd6I</folder>
  <filename>09_frame_03817</filename>
  <path>/home/ikoma/roLabelImg/&#29983;&#39378;/annotation/hHimjVYsd6I/09_frame_03817.jpg</path>
  <source>
    <database>Unknown</database>
  </source>
  <size>
    <width>1920</width>
    <height>1080</height>
    <depth>3</depth>
  </size>
  <segmented>0</segmented>
  <object>
    <type>bndbox</type>
    <name>the</name>
    <pose>Unspecified</pose>
    <truncated>0</truncated>
    <difficult>0</difficult>
    <bndbox>
      <xmin>360</xmin>
      <ymin>295</ymin>
      <xmax>436</xmax>
      <ymax>342</ymax>
    </bndbox>
  </object>
  <object>
    <type>bndbox</type>
    <name>same</name>
    <pose>Unspecified</pose>
    <truncated>0</truncated>
    <difficult>0</difficult>
    <bndbox>
      <xmin>622</xmin>
      <ymin>353</ymin>
      <xmax>755</xmax>
      <ymax>400</ymax>
    </bndbox>
  </object>
  <object>
    <type>bndbox</type>
    <name>me</name>
    <pose>Unspecified</pose>
    <truncated>0</truncated>
    <difficult>0</difficult>
    <bndbox>
      <xmin>463</xmin>
      <ymin>456</ymin>
      <xmax>540</xmax>
      <ymax>499</ymax>
    </bndbox>
  </object>
  <object>
    <type>bndbox</type>
    <name>for</name>
    <pose>Unspecified</pose>
    <truncated>0</truncated>
    <difficult>0</difficult>
    <bndbox>
      <xmin>589</xmin>
      <ymin>584</ymin>
      <xmax>656</xmax>
      <ymax>633</ymax>
    </bndbox>
  </object>
</annotation>
