<annotation verified="no">
  <folder>hHimjVYsd6I</folder>
  <filename>02_frame_03169</filename>
  <path>/home/sakaguchi/&#12487;&#12473;&#12463;&#12488;&#12483;&#12503;/youtube_list/annotation_result/hHimjVYsd6I/02_frame_03169.jpg</path>
  <source>
    <database>Unknown</database>
  </source>
  <size>
    <width>1920</width>
    <height>1080</height>
    <depth>3</depth>
  </size>
  <segmented>0</segmented>
  <object>
    <type>bndbox</type>
    <name>and</name>
    <pose>Unspecified</pose>
    <truncated>0</truncated>
    <difficult>0</difficult>
    <bndbox>
      <xmin>499</xmin>
      <ymin>445</ymin>
      <xmax>637</xmax>
      <ymax>495</ymax>
    </bndbox>
  </object>
  <object>
    <type>bndbox</type>
    <name>just</name>
    <pose>Unspecified</pose>
    <truncated>0</truncated>
    <difficult>0</difficult>
    <bndbox>
      <xmin>491</xmin>
      <ymin>504</ymin>
      <xmax>603</xmax>
      <ymax>572</ymax>
    </bndbox>
  </object>
  <object>
    <type>bndbox</type>
    <name>let</name>
    <pose>Unspecified</pose>
    <truncated>0</truncated>
    <difficult>0</difficult>
    <bndbox>
      <xmin>628</xmin>
      <ymin>538</ymin>
      <xmax>716</xmax>
      <ymax>604</ymax>
    </bndbox>
  </object>
  <object>
    <type>bndbox</type>
    <name>begin</name>
    <pose>Unspecified</pose>
    <truncated>0</truncated>
    <difficult>0</difficult>
    <bndbox>
      <xmin>730</xmin>
      <ymin>418</ymin>
      <xmax>923</xmax>
      <ymax>497</ymax>
    </bndbox>
  </object>
  <object>
    <type>robndbox</type>
    <name>it</name>
    <pose>Unspecified</pose>
    <truncated>0</truncated>
    <difficult>0</difficult>
    <robndbox>
      <cx>771.0</cx>
      <cy>554.3125</cy>
      <w>54.0</w>
      <h>54.625</h>
      <angle>0.0</angle>
    </robndbox>
  </object>
  <object>
    <type>robndbox</type>
    <name>up</name>
    <pose>Unspecified</pose>
    <truncated>0</truncated>
    <difficult>0</difficult>
    <robndbox>
      <cx>39.1047</cx>
      <cy>486.9689</cy>
      <w>78.2093</w>
      <h>63.6587</h>
      <angle>0.0</angle>
    </robndbox>
  </object>
</annotation>
