<annotation verified="no">
  <folder>hHimjVYsd6I</folder>
  <filename>00_frame_04321</filename>
  <path>/home/sakaguchi/&#12487;&#12473;&#12463;&#12488;&#12483;&#12503;/youtube_list/annotation_result/hHimjVYsd6I/00_frame_04321.jpg</path>
  <source>
    <database>Unknown</database>
  </source>
  <size>
    <width>1920</width>
    <height>1080</height>
    <depth>3</depth>
  </size>
  <segmented>0</segmented>
  <object>
    <type>bndbox</type>
    <name>now</name>
    <pose>Unspecified</pose>
    <truncated>0</truncated>
    <difficult>0</difficult>
    <bndbox>
      <xmin>174</xmin>
      <ymin>832</ymin>
      <xmax>413</xmax>
      <ymax>913</ymax>
    </bndbox>
  </object>
  <object>
    <type>bndbox</type>
    <name>fear</name>
    <pose>Unspecified</pose>
    <truncated>1</truncated>
    <difficult>0</difficult>
    <bndbox>
      <xmin>1</xmin>
      <ymin>663</ymin>
      <xmax>149</xmax>
      <ymax>743</ymax>
    </bndbox>
  </object>
  <object>
    <type>bndbox</type>
    <name>no</name>
    <pose>Unspecified</pose>
    <truncated>1</truncated>
    <difficult>0</difficult>
    <bndbox>
      <xmin>1</xmin>
      <ymin>531</ymin>
      <xmax>81</xmax>
      <ymax>596</ymax>
    </bndbox>
  </object>
  <object>
    <type>bndbox</type>
    <name>there</name>
    <pose>Unspecified</pose>
    <truncated>1</truncated>
    <difficult>0</difficult>
    <bndbox>
      <xmin>1</xmin>
      <ymin>460</ymin>
      <xmax>103</xmax>
      <ymax>525</ymax>
    </bndbox>
  </object>
  <object>
    <type>bndbox</type>
    <name>is</name>
    <pose>Unspecified</pose>
    <truncated>0</truncated>
    <difficult>0</difficult>
    <bndbox>
      <xmin>20</xmin>
      <ymin>343</ymin>
      <xmax>61</xmax>
      <ymax>416</ymax>
    </bndbox>
  </object>
</annotation>
