<annotation verified="no">
  <folder>hHimjVYsd6I</folder>
  <filename>01_frame_02809</filename>
  <path>/home/ikoma/roLabelImg/&#29983;&#39378;/annotation/hHimjVYsd6I/01_frame_02809.jpg</path>
  <source>
    <database>Unknown</database>
  </source>
  <size>
    <width>1920</width>
    <height>1080</height>
    <depth>3</depth>
  </size>
  <segmented>0</segmented>
  <object>
    <type>bndbox</type>
    <name>there</name>
    <pose>Unspecified</pose>
    <truncated>0</truncated>
    <difficult>0</difficult>
    <bndbox>
      <xmin>250</xmin>
      <ymin>276</ymin>
      <xmax>450</xmax>
      <ymax>348</ymax>
    </bndbox>
  </object>
  <object>
    <type>bndbox</type>
    <name>is</name>
    <pose>Unspecified</pose>
    <truncated>0</truncated>
    <difficult>0</difficult>
    <bndbox>
      <xmin>284</xmin>
      <ymin>411</ymin>
      <xmax>341</xmax>
      <ymax>470</ymax>
    </bndbox>
  </object>
  <object>
    <type>bndbox</type>
    <name>no</name>
    <pose>Unspecified</pose>
    <truncated>0</truncated>
    <difficult>0</difficult>
    <bndbox>
      <xmin>473</xmin>
      <ymin>417</ymin>
      <xmax>570</xmax>
      <ymax>473</ymax>
    </bndbox>
  </object>
  <object>
    <type>bndbox</type>
    <name>fear</name>
    <pose>Unspecified</pose>
    <truncated>0</truncated>
    <difficult>0</difficult>
    <bndbox>
      <xmin>666</xmin>
      <ymin>410</ymin>
      <xmax>811</xmax>
      <ymax>473</ymax>
    </bndbox>
  </object>
  <object>
    <type>bndbox</type>
    <name>now</name>
    <pose>Unspecified</pose>
    <truncated>0</truncated>
    <difficult>0</difficult>
    <bndbox>
      <xmin>580</xmin>
      <ymin>576</ymin>
      <xmax>750</xmax>
      <ymax>640</ymax>
    </bndbox>
  </object>
</annotation>
