<annotation verified="no">
  <folder>pnTZa4FY_7I</folder>
  <filename>02_frame_00217</filename>
  <path>/home/m_1te16262p/Downloads/annotation/&#23665;&#32291;/annotation/pnTZa4FY_7I/02_frame_00217.jpg</path>
  <source>
    <database>Unknown</database>
  </source>
  <size>
    <width>1920</width>
    <height>1080</height>
    <depth>3</depth>
  </size>
  <segmented>0</segmented>
  <object>
    <type>bndbox</type>
    <name>im</name>
    <pose>Unspecified</pose>
    <truncated>0</truncated>
    <difficult>0</difficult>
    <bndbox>
      <xmin>561</xmin>
      <ymin>454</ymin>
      <xmax>638</xmax>
      <ymax>510</ymax>
    </bndbox>
  </object>
  <object>
    <type>bndbox</type>
    <name>like</name>
    <pose>Unspecified</pose>
    <truncated>0</truncated>
    <difficult>0</difficult>
    <bndbox>
      <xmin>672</xmin>
      <ymin>453</ymin>
      <xmax>822</xmax>
      <ymax>506</ymax>
    </bndbox>
  </object>
  <object>
    <type>bndbox</type>
    <name>an</name>
    <pose>Unspecified</pose>
    <truncated>0</truncated>
    <difficult>0</difficult>
    <bndbox>
      <xmin>850</xmin>
      <ymin>458</ymin>
      <xmax>932</xmax>
      <ymax>508</ymax>
    </bndbox>
  </object>
  <object>
    <type>bndbox</type>
    <name>ambulance</name>
    <pose>Unspecified</pose>
    <truncated>0</truncated>
    <difficult>0</difficult>
    <bndbox>
      <xmin>961</xmin>
      <ymin>455</ymin>
      <xmax>1357</xmax>
      <ymax>507</ymax>
    </bndbox>
  </object>
  <object>
    <type>bndbox</type>
    <name>thats</name>
    <pose>Unspecified</pose>
    <truncated>0</truncated>
    <difficult>0</difficult>
    <bndbox>
      <xmin>506</xmin>
      <ymin>581</ymin>
      <xmax>703</xmax>
      <ymax>637</ymax>
    </bndbox>
  </object>
  <object>
    <type>bndbox</type>
    <name>turning</name>
    <pose>Unspecified</pose>
    <truncated>0</truncated>
    <difficult>0</difficult>
    <bndbox>
      <xmin>718</xmin>
      <ymin>581</ymin>
      <xmax>967</xmax>
      <ymax>636</ymax>
    </bndbox>
  </object>
  <object>
    <type>bndbox</type>
    <name>on</name>
    <pose>Unspecified</pose>
    <truncated>0</truncated>
    <difficult>0</difficult>
    <bndbox>
      <xmin>983</xmin>
      <ymin>584</ymin>
      <xmax>1062</xmax>
      <ymax>634</ymax>
    </bndbox>
  </object>
  <object>
    <type>bndbox</type>
    <name>the</name>
    <pose>Unspecified</pose>
    <truncated>0</truncated>
    <difficult>0</difficult>
    <bndbox>
      <xmin>1075</xmin>
      <ymin>582</ymin>
      <xmax>1188</xmax>
      <ymax>633</ymax>
    </bndbox>
  </object>
  <object>
    <type>bndbox</type>
    <name>sirens</name>
    <pose>Unspecified</pose>
    <truncated>0</truncated>
    <difficult>0</difficult>
    <bndbox>
      <xmin>1205</xmin>
      <ymin>581</ymin>
      <xmax>1412</xmax>
      <ymax>636</ymax>
    </bndbox>
  </object>
</annotation>
