<annotation verified="no">
  <folder>pnTZa4FY_7I</folder>
  <filename>03_frame_03817</filename>
  <path>/home/m_1te16262p/Downloads/annotation/&#23665;&#32291;/annotation/pnTZa4FY_7I/03_frame_03817.jpg</path>
  <source>
    <database>Unknown</database>
  </source>
  <size>
    <width>1920</width>
    <height>1080</height>
    <depth>3</depth>
  </size>
  <segmented>0</segmented>
  <object>
    <type>bndbox</type>
    <name>just</name>
    <pose>Unspecified</pose>
    <truncated>0</truncated>
    <difficult>0</difficult>
    <bndbox>
      <xmin>223</xmin>
      <ymin>510</ymin>
      <xmax>368</xmax>
      <ymax>563</ymax>
    </bndbox>
  </object>
  <object>
    <type>bndbox</type>
    <name>to</name>
    <pose>Unspecified</pose>
    <truncated>0</truncated>
    <difficult>0</difficult>
    <bndbox>
      <xmin>387</xmin>
      <ymin>511</ymin>
      <xmax>468</xmax>
      <ymax>563</ymax>
    </bndbox>
  </object>
  <object>
    <type>bndbox</type>
    <name>find</name>
    <pose>Unspecified</pose>
    <truncated>0</truncated>
    <difficult>0</difficult>
    <bndbox>
      <xmin>493</xmin>
      <ymin>510</ymin>
      <xmax>633</xmax>
      <ymax>563</ymax>
    </bndbox>
  </object>
  <object>
    <type>bndbox</type>
    <name>a</name>
    <pose>Unspecified</pose>
    <truncated>0</truncated>
    <difficult>0</difficult>
    <bndbox>
      <xmin>654</xmin>
      <ymin>514</ymin>
      <xmax>694</xmax>
      <ymax>566</ymax>
    </bndbox>
  </object>
  <object>
    <type>bndbox</type>
    <name>home</name>
    <pose>Unspecified</pose>
    <truncated>0</truncated>
    <difficult>0</difficult>
    <bndbox>
      <xmin>714</xmin>
      <ymin>510</ymin>
      <xmax>875</xmax>
      <ymax>563</ymax>
    </bndbox>
  </object>
  <object>
    <type>bndbox</type>
    <name>thats</name>
    <pose>Unspecified</pose>
    <truncated>0</truncated>
    <difficult>0</difficult>
    <bndbox>
      <xmin>894</xmin>
      <ymin>512</ymin>
      <xmax>1101</xmax>
      <ymax>564</ymax>
    </bndbox>
  </object>
  <object>
    <type>bndbox</type>
    <name>for</name>
    <pose>Unspecified</pose>
    <truncated>0</truncated>
    <difficult>0</difficult>
    <bndbox>
      <xmin>1125</xmin>
      <ymin>511</ymin>
      <xmax>1240</xmax>
      <ymax>563</ymax>
    </bndbox>
  </object>
  <object>
    <type>bndbox</type>
    <name>the</name>
    <pose>Unspecified</pose>
    <truncated>0</truncated>
    <difficult>0</difficult>
    <bndbox>
      <xmin>1261</xmin>
      <ymin>510</ymin>
      <xmax>1374</xmax>
      <ymax>563</ymax>
    </bndbox>
  </object>
  <object>
    <type>bndbox</type>
    <name>restless</name>
    <pose>Unspecified</pose>
    <truncated>0</truncated>
    <difficult>0</difficult>
    <bndbox>
      <xmin>1397</xmin>
      <ymin>511</ymin>
      <xmax>1701</xmax>
      <ymax>564</ymax>
    </bndbox>
  </object>
</annotation>
