<annotation verified="no">
  <folder>pnTZa4FY_7I</folder>
  <filename>00_frame_00433</filename>
  <path>/home/m_1te16262p/Downloads/annotation/&#23665;&#32291;/annotation/pnTZa4FY_7I/00_frame_00433.jpg</path>
  <source>
    <database>Unknown</database>
  </source>
  <size>
    <width>1920</width>
    <height>1080</height>
    <depth>3</depth>
  </size>
  <segmented>0</segmented>
  <object>
    <type>bndbox</type>
    <name>im</name>
    <pose>Unspecified</pose>
    <truncated>0</truncated>
    <difficult>0</difficult>
    <bndbox>
      <xmin>927</xmin>
      <ymin>168</ymin>
      <xmax>1001</xmax>
      <ymax>225</ymax>
    </bndbox>
  </object>
  <object>
    <type>bndbox</type>
    <name>like</name>
    <pose>Unspecified</pose>
    <truncated>0</truncated>
    <difficult>0</difficult>
    <bndbox>
      <xmin>1027</xmin>
      <ymin>171</ymin>
      <xmax>1161</xmax>
      <ymax>223</ymax>
    </bndbox>
  </object>
  <object>
    <type>bndbox</type>
    <name>a</name>
    <pose>Unspecified</pose>
    <truncated>0</truncated>
    <difficult>0</difficult>
    <bndbox>
      <xmin>1183</xmin>
      <ymin>172</ymin>
      <xmax>1222</xmax>
      <ymax>223</ymax>
    </bndbox>
  </object>
  <object>
    <type>bndbox</type>
    <name>soldier</name>
    <pose>Unspecified</pose>
    <truncated>0</truncated>
    <difficult>0</difficult>
    <bndbox>
      <xmin>1244</xmin>
      <ymin>169</ymin>
      <xmax>1502</xmax>
      <ymax>225</ymax>
    </bndbox>
  </object>
  <object>
    <type>bndbox</type>
    <name>coming</name>
    <pose>Unspecified</pose>
    <truncated>0</truncated>
    <difficult>0</difficult>
    <bndbox>
      <xmin>538</xmin>
      <ymin>853</ymin>
      <xmax>763</xmax>
      <ymax>906</ymax>
    </bndbox>
  </object>
  <object>
    <type>bndbox</type>
    <name>home</name>
    <pose>Unspecified</pose>
    <truncated>0</truncated>
    <difficult>0</difficult>
    <bndbox>
      <xmin>779</xmin>
      <ymin>851</ymin>
      <xmax>935</xmax>
      <ymax>905</ymax>
    </bndbox>
  </object>
</annotation>
