<annotation verified="no">
  <folder>pnTZa4FY_7I</folder>
  <filename>07_frame_01513</filename>
  <path>/home/m_1te16262p/Downloads/annotation/&#23665;&#32291;/annotation/pnTZa4FY_7I/07_frame_01513.jpg</path>
  <source>
    <database>Unknown</database>
  </source>
  <size>
    <width>1920</width>
    <height>1080</height>
    <depth>3</depth>
  </size>
  <segmented>0</segmented>
  <object>
    <type>bndbox</type>
    <name>my</name>
    <pose>Unspecified</pose>
    <truncated>0</truncated>
    <difficult>0</difficult>
    <bndbox>
      <xmin>371</xmin>
      <ymin>620</ymin>
      <xmax>451</xmax>
      <ymax>673</ymax>
    </bndbox>
  </object>
  <object>
    <type>bndbox</type>
    <name>heads</name>
    <pose>Unspecified</pose>
    <truncated>0</truncated>
    <difficult>0</difficult>
    <bndbox>
      <xmin>475</xmin>
      <ymin>617</ymin>
      <xmax>672</xmax>
      <ymax>671</ymax>
    </bndbox>
  </object>
  <object>
    <type>bndbox</type>
    <name>above</name>
    <pose>Unspecified</pose>
    <truncated>0</truncated>
    <difficult>0</difficult>
    <bndbox>
      <xmin>694</xmin>
      <ymin>619</ymin>
      <xmax>892</xmax>
      <ymax>672</ymax>
    </bndbox>
  </object>
  <object>
    <type>bndbox</type>
    <name>the</name>
    <pose>Unspecified</pose>
    <truncated>0</truncated>
    <difficult>0</difficult>
    <bndbox>
      <xmin>914</xmin>
      <ymin>619</ymin>
      <xmax>1028</xmax>
      <ymax>671</ymax>
    </bndbox>
  </object>
  <object>
    <type>bndbox</type>
    <name>rain</name>
    <pose>Unspecified</pose>
    <truncated>0</truncated>
    <difficult>0</difficult>
    <bndbox>
      <xmin>1050</xmin>
      <ymin>620</ymin>
      <xmax>1190</xmax>
      <ymax>672</ymax>
    </bndbox>
  </object>
  <object>
    <type>bndbox</type>
    <name>and</name>
    <pose>Unspecified</pose>
    <truncated>0</truncated>
    <difficult>0</difficult>
    <bndbox>
      <xmin>1212</xmin>
      <ymin>620</ymin>
      <xmax>1331</xmax>
      <ymax>672</ymax>
    </bndbox>
  </object>
</annotation>
