<annotation verified="no">
  <folder>pnTZa4FY_7I</folder>
  <filename>05_frame_02809</filename>
  <path>/home/m_1te16262p/Downloads/annotation/&#23665;&#32291;/annotation/pnTZa4FY_7I/05_frame_02809.jpg</path>
  <source>
    <database>Unknown</database>
  </source>
  <size>
    <width>1920</width>
    <height>1080</height>
    <depth>3</depth>
  </size>
  <segmented>0</segmented>
  <object>
    <type>bndbox</type>
    <name>cause</name>
    <pose>Unspecified</pose>
    <truncated>0</truncated>
    <difficult>0</difficult>
    <bndbox>
      <xmin>355</xmin>
      <ymin>519</ymin>
      <xmax>559</xmax>
      <ymax>572</ymax>
    </bndbox>
  </object>
  <object>
    <type>bndbox</type>
    <name>im</name>
    <pose>Unspecified</pose>
    <truncated>0</truncated>
    <difficult>0</difficult>
    <bndbox>
      <xmin>590</xmin>
      <ymin>519</ymin>
      <xmax>659</xmax>
      <ymax>572</ymax>
    </bndbox>
  </object>
  <object>
    <type>bndbox</type>
    <name>still</name>
    <pose>Unspecified</pose>
    <truncated>0</truncated>
    <difficult>0</difficult>
    <bndbox>
      <xmin>683</xmin>
      <ymin>520</ymin>
      <xmax>858</xmax>
      <ymax>573</ymax>
    </bndbox>
  </object>
  <object>
    <type>bndbox</type>
    <name>breathing</name>
    <pose>Unspecified</pose>
    <truncated>0</truncated>
    <difficult>0</difficult>
    <bndbox>
      <xmin>883</xmin>
      <ymin>520</ymin>
      <xmax>1216</xmax>
      <ymax>573</ymax>
    </bndbox>
  </object>
  <object>
    <type>bndbox</type>
    <name>on</name>
    <pose>Unspecified</pose>
    <truncated>0</truncated>
    <difficult>0</difficult>
    <bndbox>
      <xmin>1236</xmin>
      <ymin>521</ymin>
      <xmax>1319</xmax>
      <ymax>575</ymax>
    </bndbox>
  </object>
  <object>
    <type>bndbox</type>
    <name>my</name>
    <pose>Unspecified</pose>
    <truncated>0</truncated>
    <difficult>0</difficult>
    <bndbox>
      <xmin>1335</xmin>
      <ymin>523</ymin>
      <xmax>1416</xmax>
      <ymax>575</ymax>
    </bndbox>
  </object>
  <object>
    <type>bndbox</type>
    <name>own</name>
    <pose>Unspecified</pose>
    <truncated>0</truncated>
    <difficult>0</difficult>
    <bndbox>
      <xmin>1438</xmin>
      <ymin>521</ymin>
      <xmax>1564</xmax>
      <ymax>572</ymax>
    </bndbox>
  </object>
</annotation>
