<annotation verified="no">
  <folder>pnTZa4FY_7I</folder>
  <filename>01_frame_00145</filename>
  <path>/home/m_1te16262p/Downloads/annotation/&#23665;&#32291;/annotation/pnTZa4FY_7I/01_frame_00145.jpg</path>
  <source>
    <database>Unknown</database>
  </source>
  <size>
    <width>1920</width>
    <height>1080</height>
    <depth>3</depth>
  </size>
  <segmented>0</segmented>
  <object>
    <type>bndbox</type>
    <name>im</name>
    <pose>Unspecified</pose>
    <truncated>0</truncated>
    <difficult>0</difficult>
    <bndbox>
      <xmin>241</xmin>
      <ymin>468</ymin>
      <xmax>314</xmax>
      <ymax>523</ymax>
    </bndbox>
  </object>
  <object>
    <type>bndbox</type>
    <name>like</name>
    <pose>Unspecified</pose>
    <truncated>0</truncated>
    <difficult>0</difficult>
    <bndbox>
      <xmin>340</xmin>
      <ymin>469</ymin>
      <xmax>474</xmax>
      <ymax>523</ymax>
    </bndbox>
  </object>
  <object>
    <type>bndbox</type>
    <name>a</name>
    <pose>Unspecified</pose>
    <truncated>0</truncated>
    <difficult>0</difficult>
    <bndbox>
      <xmin>492</xmin>
      <ymin>475</ymin>
      <xmax>535</xmax>
      <ymax>521</ymax>
    </bndbox>
  </object>
  <object>
    <type>bndbox</type>
    <name>child</name>
    <pose>Unspecified</pose>
    <truncated>0</truncated>
    <difficult>0</difficult>
    <bndbox>
      <xmin>553</xmin>
      <ymin>469</ymin>
      <xmax>740</xmax>
      <ymax>523</ymax>
    </bndbox>
  </object>
  <object>
    <type>bndbox</type>
    <name>looking</name>
    <pose>Unspecified</pose>
    <truncated>0</truncated>
    <difficult>0</difficult>
    <bndbox>
      <xmin>818</xmin>
      <ymin>646</ymin>
      <xmax>1061</xmax>
      <ymax>698</ymax>
    </bndbox>
  </object>
  <object>
    <type>bndbox</type>
    <name>off</name>
    <pose>Unspecified</pose>
    <truncated>0</truncated>
    <difficult>0</difficult>
    <bndbox>
      <xmin>1075</xmin>
      <ymin>649</ymin>
      <xmax>1190</xmax>
      <ymax>698</ymax>
    </bndbox>
  </object>
  <object>
    <type>bndbox</type>
    <name>on</name>
    <pose>Unspecified</pose>
    <truncated>0</truncated>
    <difficult>0</difficult>
    <bndbox>
      <xmin>1205</xmin>
      <ymin>647</ymin>
      <xmax>1284</xmax>
      <ymax>699</ymax>
    </bndbox>
  </object>
  <object>
    <type>bndbox</type>
    <name>the</name>
    <pose>Unspecified</pose>
    <truncated>0</truncated>
    <difficult>0</difficult>
    <bndbox>
      <xmin>1297</xmin>
      <ymin>647</ymin>
      <xmax>1410</xmax>
      <ymax>698</ymax>
    </bndbox>
  </object>
  <object>
    <type>bndbox</type>
    <name>horizon</name>
    <pose>Unspecified</pose>
    <truncated>0</truncated>
    <difficult>0</difficult>
    <bndbox>
      <xmin>1427</xmin>
      <ymin>646</ymin>
      <xmax>1675</xmax>
      <ymax>699</ymax>
    </bndbox>
  </object>
</annotation>
