<annotation verified="no">
  <folder>pnTZa4FY_7I</folder>
  <filename>08_frame_02593</filename>
  <path>/home/m_1te16262p/Downloads/annotation/&#23665;&#32291;/annotation/pnTZa4FY_7I/08_frame_02593.jpg</path>
  <source>
    <database>Unknown</database>
  </source>
  <size>
    <width>1920</width>
    <height>1080</height>
    <depth>3</depth>
  </size>
  <segmented>0</segmented>
  <object>
    <type>bndbox</type>
    <name>just</name>
    <pose>Unspecified</pose>
    <truncated>0</truncated>
    <difficult>0</difficult>
    <bndbox>
      <xmin>536</xmin>
      <ymin>402</ymin>
      <xmax>676</xmax>
      <ymax>456</ymax>
    </bndbox>
  </object>
  <object>
    <type>bndbox</type>
    <name>shine</name>
    <pose>Unspecified</pose>
    <truncated>0</truncated>
    <difficult>0</difficult>
    <bndbox>
      <xmin>696</xmin>
      <ymin>402</ymin>
      <xmax>868</xmax>
      <ymax>454</ymax>
    </bndbox>
  </object>
  <object>
    <type>bndbox</type>
    <name>a</name>
    <pose>Unspecified</pose>
    <truncated>0</truncated>
    <difficult>0</difficult>
    <bndbox>
      <xmin>883</xmin>
      <ymin>405</ymin>
      <xmax>924</xmax>
      <ymax>456</ymax>
    </bndbox>
  </object>
  <object>
    <type>bndbox</type>
    <name>light</name>
    <pose>Unspecified</pose>
    <truncated>0</truncated>
    <difficult>0</difficult>
    <bndbox>
      <xmin>944</xmin>
      <ymin>401</ymin>
      <xmax>1107</xmax>
      <ymax>455</ymax>
    </bndbox>
  </object>
  <object>
    <type>bndbox</type>
    <name>into</name>
    <pose>Unspecified</pose>
    <truncated>0</truncated>
    <difficult>0</difficult>
    <bndbox>
      <xmin>1136</xmin>
      <ymin>402</ymin>
      <xmax>1259</xmax>
      <ymax>455</ymax>
    </bndbox>
  </object>
  <object>
    <type>bndbox</type>
    <name>the</name>
    <pose>Unspecified</pose>
    <truncated>0</truncated>
    <difficult>0</difficult>
    <bndbox>
      <xmin>1276</xmin>
      <ymin>402</ymin>
      <xmax>1388</xmax>
      <ymax>454</ymax>
    </bndbox>
  </object>
</annotation>
