<annotation verified="no">
  <folder>hAXCNeAk7-0</folder>
  <filename>01_frame_03385</filename>
  <path>/Users/KengoAraki/Desktop/annotation_&#32210;&#32396;/annotation/hAXCNeAk7-0/01_frame_03385.jpg</path>
  <source>
    <database>Unknown</database>
  </source>
  <size>
    <width>1920</width>
    <height>1080</height>
    <depth>3</depth>
  </size>
  <segmented>0</segmented>
  <object>
    <type>robndbox</type>
    <name>every</name>
    <pose>Unspecified</pose>
    <truncated>0</truncated>
    <difficult>0</difficult>
    <robndbox>
      <cx>787.0082</cx>
      <cy>603.0</cy>
      <w>343.0</w>
      <h>74.0</h>
      <angle>0.0</angle>
    </robndbox>
  </object>
  <object>
    <type>robndbox</type>
    <name>day</name>
    <pose>Unspecified</pose>
    <truncated>0</truncated>
    <difficult>0</difficult>
    <robndbox>
      <cx>1112.0082</cx>
      <cy>600.0</cy>
      <w>205.0</w>
      <h>70.0</h>
      <angle>0.0</angle>
    </robndbox>
  </object>
  <object>
    <type>robndbox</type>
    <name>ill</name>
    <pose>Unspecified</pose>
    <truncated>0</truncated>
    <difficult>0</difficult>
    <robndbox>
      <cx>1351.4692</cx>
      <cy>594.187</cy>
      <w>167.0855</w>
      <h>78.4961</h>
      <angle>3.081593</angle>
    </robndbox>
  </object>
  <object>
    <type>robndbox</type>
    <name>fight</name>
    <pose>Unspecified</pose>
    <truncated>0</truncated>
    <difficult>0</difficult>
    <robndbox>
      <cx>833.5082</cx>
      <cy>695.0</cy>
      <w>302.0</w>
      <h>74.0</h>
      <angle>0.0</angle>
    </robndbox>
  </object>
  <object>
    <type>robndbox</type>
    <name>to</name>
    <pose>Unspecified</pose>
    <truncated>0</truncated>
    <difficult>0</difficult>
    <robndbox>
      <cx>1108.0082</cx>
      <cy>695.0</cy>
      <w>133.0</w>
      <h>70.0</h>
      <angle>0.0</angle>
    </robndbox>
  </object>
  <object>
    <type>robndbox</type>
    <name>be</name>
    <pose>Unspecified</pose>
    <truncated>0</truncated>
    <difficult>0</difficult>
    <robndbox>
      <cx>1292.5082</cx>
      <cy>691.5</cy>
      <w>138.0</w>
      <h>67.0</h>
      <angle>0.0</angle>
    </robndbox>
  </object>
</annotation>
