<annotation verified="no">
  <folder>hAXCNeAk7-0</folder>
  <filename>07_frame_02737</filename>
  <path>/Users/KengoAraki/Desktop/annotation_&#32210;&#32396;/annotation/hAXCNeAk7-0/07_frame_02737.jpg</path>
  <source>
    <database>Unknown</database>
  </source>
  <size>
    <width>1920</width>
    <height>1080</height>
    <depth>3</depth>
  </size>
  <segmented>0</segmented>
  <object>
    <type>robndbox</type>
    <name>aint</name>
    <pose>Unspecified</pose>
    <truncated>0</truncated>
    <difficult>0</difficult>
    <robndbox>
      <cx>710.5082</cx>
      <cy>672.0</cy>
      <w>256.0</w>
      <h>74.0</h>
      <angle>0.0</angle>
    </robndbox>
  </object>
  <object>
    <type>robndbox</type>
    <name>never</name>
    <pose>Unspecified</pose>
    <truncated>0</truncated>
    <difficult>0</difficult>
    <robndbox>
      <cx>1063.0082</cx>
      <cy>672.5</cy>
      <w>351.0</w>
      <h>69.0</h>
      <angle>0.0</angle>
    </robndbox>
  </object>
  <object>
    <type>robndbox</type>
    <name>gonna</name>
    <pose>Unspecified</pose>
    <truncated>0</truncated>
    <difficult>0</difficult>
    <robndbox>
      <cx>745.0082</cx>
      <cy>759.0</cy>
      <w>351.0</w>
      <h>74.0</h>
      <angle>0.0</angle>
    </robndbox>
  </object>
  <object>
    <type>robndbox</type>
    <name>stop</name>
    <pose>Unspecified</pose>
    <truncated>0</truncated>
    <difficult>0</difficult>
    <robndbox>
      <cx>1110.5082</cx>
      <cy>755.5</cy>
      <w>282.0</w>
      <h>71.0</h>
      <angle>0.0</angle>
    </robndbox>
  </object>
</annotation>
