<annotation verified="no">
  <folder>hAXCNeAk7-0</folder>
  <filename>05_frame_03097</filename>
  <path>/Users/KengoAraki/Desktop/annotation_&#32210;&#32396;/annotation/hAXCNeAk7-0/05_frame_03097.jpg</path>
  <source>
    <database>Unknown</database>
  </source>
  <size>
    <width>1920</width>
    <height>1080</height>
    <depth>3</depth>
  </size>
  <segmented>0</segmented>
  <object>
    <type>robndbox</type>
    <name>destiny</name>
    <pose>Unspecified</pose>
    <truncated>0</truncated>
    <difficult>0</difficult>
    <robndbox>
      <cx>942.0082</cx>
      <cy>612.5</cy>
      <w>495.0</w>
      <h>77.0</h>
      <angle>0.0</angle>
    </robndbox>
  </object>
  <object>
    <type>robndbox</type>
    <name>is</name>
    <pose>Unspecified</pose>
    <truncated>0</truncated>
    <difficult>0</difficult>
    <robndbox>
      <cx>1295.0082</cx>
      <cy>610.5</cy>
      <w>103.0</w>
      <h>81.0</h>
      <angle>0.0</angle>
    </robndbox>
  </object>
  <object>
    <type>robndbox</type>
    <name>calling</name>
    <pose>Unspecified</pose>
    <truncated>0</truncated>
    <difficult>0</difficult>
    <robndbox>
      <cx>908.0082</cx>
      <cy>710.5</cy>
      <w>467.0</w>
      <h>81.0</h>
      <angle>0.0</angle>
    </robndbox>
  </object>
  <object>
    <type>robndbox</type>
    <name>me</name>
    <pose>Unspecified</pose>
    <truncated>0</truncated>
    <difficult>0</difficult>
    <robndbox>
      <cx>1281.0082</cx>
      <cy>708.5</cy>
      <w>161.0</w>
      <h>77.0</h>
      <angle>0.0</angle>
    </robndbox>
  </object>
</annotation>
