<annotation verified="no">
  <folder>fhH4pbRJh0k</folder>
  <filename>08_frame_01801</filename>
  <path>/home/daichi/&#12480;&#12454;&#12531;&#12525;&#12540;&#12489;/&#21407;&#21475; (1)/&#21407;&#21475;/annotation/fhH4pbRJh0k/08_frame_01801.jpg</path>
  <source>
    <database>Unknown</database>
  </source>
  <size>
    <width>1920</width>
    <height>1080</height>
    <depth>3</depth>
  </size>
  <segmented>0</segmented>
  <object>
    <type>robndbox</type>
    <name>youre</name>
    <pose>Unspecified</pose>
    <truncated>0</truncated>
    <difficult>0</difficult>
    <robndbox>
      <cx>488.1429</cx>
      <cy>13.125</cy>
      <w>268.0</w>
      <h>26.0</h>
      <angle>0.0</angle>
    </robndbox>
  </object>
  <object>
    <type>robndbox</type>
    <name>just</name>
    <pose>Unspecified</pose>
    <truncated>0</truncated>
    <difficult>0</difficult>
    <robndbox>
      <cx>774.1429</cx>
      <cy>13.5</cy>
      <w>178.0</w>
      <h>27.0</h>
      <angle>0.0</angle>
    </robndbox>
  </object>
  <object>
    <type>robndbox</type>
    <name>in</name>
    <pose>Unspecified</pose>
    <truncated>0</truncated>
    <difficult>0</difficult>
    <robndbox>
      <cx>245.1429</cx>
      <cy>93.125</cy>
      <w>84.0</w>
      <h>54.0</h>
      <angle>0.0</angle>
    </robndbox>
  </object>
  <object>
    <type>robndbox</type>
    <name>a</name>
    <pose>Unspecified</pose>
    <truncated>0</truncated>
    <difficult>0</difficult>
    <robndbox>
      <cx>338.1429</cx>
      <cy>98.125</cy>
      <w>50.0</w>
      <h>44.0</h>
      <angle>0.0</angle>
    </robndbox>
  </object>
  <object>
    <type>robndbox</type>
    <name>t</name>
    <pose>Unspecified</pose>
    <truncated>0</truncated>
    <difficult>0</difficult>
    <robndbox>
      <cx>479.6429</cx>
      <cy>151.625</cy>
      <w>33.0</w>
      <h>57.0</h>
      <angle>0.0</angle>
    </robndbox>
  </object>
  <object>
    <type>robndbox</type>
    <name>shirt</name>
    <pose>Unspecified</pose>
    <truncated>0</truncated>
    <difficult>0</difficult>
    <robndbox>
      <cx>628.6429</cx>
      <cy>163.125</cy>
      <w>200.5815</w>
      <h>54.296</h>
      <angle>0.1</angle>
    </robndbox>
  </object>
  <object>
    <type>robndbox</type>
    <name>i</name>
    <pose>Unspecified</pose>
    <truncated>0</truncated>
    <difficult>0</difficult>
    <robndbox>
      <cx>113.6429</cx>
      <cy>453.125</cy>
      <w>29.0</w>
      <h>46.0</h>
      <angle>3.001593</angle>
    </robndbox>
  </object>
  <object>
    <type>robndbox</type>
    <name>have</name>
    <pose>Unspecified</pose>
    <truncated>0</truncated>
    <difficult>0</difficult>
    <robndbox>
      <cx>234.609</cx>
      <cy>432.2492</cy>
      <w>166.3586</w>
      <h>45.4101</h>
      <angle>2.961593</angle>
    </robndbox>
  </object>
  <object>
    <type>robndbox</type>
    <name>cold</name>
    <pose>Unspecified</pose>
    <truncated>0</truncated>
    <difficult>0</difficult>
    <robndbox>
      <cx>411.2523</cx>
      <cy>481.4977</cy>
      <w>144.34</w>
      <h>47.5908</h>
      <angle>3.091593</angle>
    </robndbox>
  </object>
  <object>
    <type>robndbox</type>
    <name>blodd</name>
    <pose>Unspecified</pose>
    <truncated>0</truncated>
    <difficult>0</difficult>
    <robndbox>
      <cx>609.7426</cx>
      <cy>471.1105</cy>
      <w>193.3594</w>
      <h>46.365</h>
      <angle>3.091593</angle>
    </robndbox>
  </object>
  <object>
    <type>robndbox</type>
    <name>even</name>
    <pose>Unspecified</pose>
    <truncated>0</truncated>
    <difficult>0</difficult>
    <robndbox>
      <cx>276.6429</cx>
      <cy>591.625</cy>
      <w>169.0</w>
      <h>39.0</h>
      <angle>3.071593</angle>
    </robndbox>
  </object>
  <object>
    <type>robndbox</type>
    <name>in</name>
    <pose>Unspecified</pose>
    <truncated>0</truncated>
    <difficult>0</difficult>
    <robndbox>
      <cx>446.6429</cx>
      <cy>579.125</cy>
      <w>69.0</w>
      <h>44.0</h>
      <angle>0.0</angle>
    </robndbox>
  </object>
  <object>
    <type>robndbox</type>
    <name>a</name>
    <pose>Unspecified</pose>
    <truncated>0</truncated>
    <difficult>0</difficult>
    <robndbox>
      <cx>524.6429</cx>
      <cy>584.125</cy>
      <w>45.0</w>
      <h>38.0</h>
      <angle>0.0</angle>
    </robndbox>
  </object>
  <object>
    <type>robndbox</type>
    <name>sweater</name>
    <pose>Unspecified</pose>
    <truncated>0</truncated>
    <difficult>0</difficult>
    <robndbox>
      <cx>565.168</cx>
      <cy>681.5031</cy>
      <w>285.379</w>
      <h>44.9158</h>
      <angle>3.021593</angle>
    </robndbox>
  </object>
  <object>
    <type>robndbox</type>
    <name>you</name>
    <pose>Unspecified</pose>
    <truncated>0</truncated>
    <difficult>0</difficult>
    <robndbox>
      <cx>1132.6429</cx>
      <cy>457.625</cy>
      <w>87.0</w>
      <h>37.0</h>
      <angle>3.011593</angle>
    </robndbox>
  </object>
  <object>
    <type>robndbox</type>
    <name>start</name>
    <pose>Unspecified</pose>
    <truncated>0</truncated>
    <difficult>0</difficult>
    <robndbox>
      <cx>1294.1429</cx>
      <cy>449.125</cy>
      <w>126.0</w>
      <h>34.0</h>
      <angle>0.0</angle>
    </robndbox>
  </object>
  <object>
    <type>robndbox</type>
    <name>your</name>
    <pose>Unspecified</pose>
    <truncated>0</truncated>
    <difficult>0</difficult>
    <robndbox>
      <cx>1120.1973</cx>
      <cy>545.4651</cy>
      <w>116.2479</w>
      <h>38.2033</h>
      <angle>2.971593</angle>
    </robndbox>
  </object>
  <object>
    <type>robndbox</type>
    <name>night</name>
    <pose>Unspecified</pose>
    <truncated>0</truncated>
    <difficult>0</difficult>
    <robndbox>
      <cx>1278.1429</cx>
      <cy>548.625</cy>
      <w>134.0</w>
      <h>39.0</h>
      <angle>0.08</angle>
    </robndbox>
  </object>
  <object>
    <type>robndbox</type>
    <name>sippin</name>
    <pose>Unspecified</pose>
    <truncated>0</truncated>
    <difficult>0</difficult>
    <robndbox>
      <cx>1451.6429</cx>
      <cy>517.625</cy>
      <w>153.0</w>
      <h>41.0</h>
      <angle>0.0</angle>
    </robndbox>
  </object>
  <object>
    <type>robndbox</type>
    <name>by</name>
    <pose>Unspecified</pose>
    <truncated>0</truncated>
    <difficult>0</difficult>
    <robndbox>
      <cx>1130.9314</cx>
      <cy>650.8054</cy>
      <w>59.5675</w>
      <h>42.9106</h>
      <angle>3.071593</angle>
    </robndbox>
  </object>
  <object>
    <type>robndbox</type>
    <name>the</name>
    <pose>Unspecified</pose>
    <truncated>0</truncated>
    <difficult>0</difficult>
    <robndbox>
      <cx>1215.6173</cx>
      <cy>638.614</cy>
      <w>78.9627</w>
      <h>32.6248</h>
      <angle>3.071593</angle>
    </robndbox>
  </object>
  <object>
    <type>robndbox</type>
    <name>kilo</name>
    <pose>Unspecified</pose>
    <truncated>0</truncated>
    <difficult>0</difficult>
    <robndbox>
      <cx>1365.6429</cx>
      <cy>632.625</cy>
      <w>91.0</w>
      <h>35.0</h>
      <angle>0.0</angle>
    </robndbox>
  </object>
</annotation>
