<annotation verified="no">
  <folder>u5WiqJFq2-o</folder>
  <filename>03_frame_02305</filename>
  <path>/Users/KengoAraki/Desktop/annotation_&#21407;&#21475;/annotation/u5WiqJFq2-o/03_frame_02305.jpg</path>
  <source>
    <database>Unknown</database>
  </source>
  <size>
    <width>1920</width>
    <height>1080</height>
    <depth>3</depth>
  </size>
  <segmented>0</segmented>
  <object>
    <type>robndbox</type>
    <name>sometimes</name>
    <pose>Unspecified</pose>
    <truncated>0</truncated>
    <difficult>0</difficult>
    <robndbox>
      <cx>283.6104</cx>
      <cy>472.5473</cy>
      <w>385.6584</w>
      <h>91.0294</h>
      <angle>2.861593</angle>
    </robndbox>
  </object>
  <object>
    <type>robndbox</type>
    <name>it</name>
    <pose>Unspecified</pose>
    <truncated>0</truncated>
    <difficult>0</difficult>
    <robndbox>
      <cx>442.8074</cx>
      <cy>348.5479</cy>
      <w>106.3238</w>
      <h>70.7186</h>
      <angle>2.911593</angle>
    </robndbox>
  </object>
  <object>
    <type>robndbox</type>
    <name>may</name>
    <pose>Unspecified</pose>
    <truncated>0</truncated>
    <difficult>0</difficult>
    <robndbox>
      <cx>660.526</cx>
      <cy>366.7998</cy>
      <w>254.1718</w>
      <h>117.8444</h>
      <angle>0.05</angle>
    </robndbox>
  </object>
  <object>
    <type>robndbox</type>
    <name>seem</name>
    <pose>Unspecified</pose>
    <truncated>0</truncated>
    <difficult>0</difficult>
    <robndbox>
      <cx>858.1744</cx>
      <cy>262.683</cy>
      <w>223.6324</w>
      <h>80.3732</h>
      <angle>0.04</angle>
    </robndbox>
  </object>
  <object>
    <type>robndbox</type>
    <name>dark</name>
    <pose>Unspecified</pose>
    <truncated>0</truncated>
    <difficult>0</difficult>
    <robndbox>
      <cx>1009.5518</cx>
      <cy>341.4144</cy>
      <w>277.9626</w>
      <h>118.1426</h>
      <angle>2.901593</angle>
    </robndbox>
  </object>
  <object>
    <type>robndbox</type>
    <name>but</name>
    <pose>Unspecified</pose>
    <truncated>0</truncated>
    <difficult>0</difficult>
    <robndbox>
      <cx>895.1361</cx>
      <cy>508.6656</cy>
      <w>264.5344</w>
      <h>122.5129</h>
      <angle>2.991593</angle>
    </robndbox>
  </object>
  <object>
    <type>robndbox</type>
    <name>the</name>
    <pose>Unspecified</pose>
    <truncated>0</truncated>
    <difficult>0</difficult>
    <robndbox>
      <cx>1129.4919</cx>
      <cy>532.8867</cy>
      <w>157.0633</w>
      <h>93.9971</h>
      <angle>0.16</angle>
    </robndbox>
  </object>
  <object>
    <type>robndbox</type>
    <name>absence</name>
    <pose>Unspecified</pose>
    <truncated>0</truncated>
    <difficult>0</difficult>
    <robndbox>
      <cx>1309.8561</cx>
      <cy>439.7348</cy>
      <w>284.4297</w>
      <h>89.4081</h>
      <angle>2.841593</angle>
    </robndbox>
  </object>
  <object>
    <type>robndbox</type>
    <name>of</name>
    <pose>Unspecified</pose>
    <truncated>0</truncated>
    <difficult>0</difficult>
    <robndbox>
      <cx>1509.0082</cx>
      <cy>428.5</cy>
      <w>89.0</w>
      <h>91.0</h>
      <angle>0.0</angle>
    </robndbox>
  </object>
  <object>
    <type>robndbox</type>
    <name>the</name>
    <pose>Unspecified</pose>
    <truncated>0</truncated>
    <difficult>0</difficult>
    <robndbox>
      <cx>1618.6014</cx>
      <cy>409.7359</cy>
      <w>104.1776</w>
      <h>64.8253</h>
      <angle>2.921593</angle>
    </robndbox>
  </object>
  <object>
    <type>robndbox</type>
    <name>light</name>
    <pose>Unspecified</pose>
    <truncated>0</truncated>
    <difficult>0</difficult>
    <robndbox>
      <cx>1529.6101</cx>
      <cy>531.9394</cy>
      <w>251.4941</w>
      <h>147.7363</h>
      <angle>0.05</angle>
    </robndbox>
  </object>
  <object>
    <type>robndbox</type>
    <name>is</name>
    <pose>Unspecified</pose>
    <truncated>0</truncated>
    <difficult>0</difficult>
    <robndbox>
      <cx>1567.9855</cx>
      <cy>809.4562</cy>
      <w>121.0119</w>
      <h>82.7789</h>
      <angle>2.941593</angle>
    </robndbox>
  </object>
  <object>
    <type>robndbox</type>
    <name>a</name>
    <pose>Unspecified</pose>
    <truncated>0</truncated>
    <difficult>0</difficult>
    <robndbox>
      <cx>1705.4926</cx>
      <cy>741.7994</cy>
      <w>64.9944</w>
      <h>58.5632</h>
      <angle>2.831593</angle>
    </robndbox>
  </object>
  <object>
    <type>robndbox</type>
    <name>necessary</name>
    <pose>Unspecified</pose>
    <truncated>0</truncated>
    <difficult>0</difficult>
    <robndbox>
      <cx>1818.2541</cx>
      <cy>642.0</cy>
      <w>201.4918</w>
      <h>74.0</h>
      <angle>0.0</angle>
    </robndbox>
  </object>
</annotation>
