<annotation verified="no">
  <folder>u5WiqJFq2-o</folder>
  <filename>05_frame_01153</filename>
  <path>/Users/KengoAraki/Desktop/annotation_&#21407;&#21475;/annotation/u5WiqJFq2-o/05_frame_01153.jpg</path>
  <source>
    <database>Unknown</database>
  </source>
  <size>
    <width>1920</width>
    <height>1080</height>
    <depth>3</depth>
  </size>
  <segmented>0</segmented>
  <object>
    <type>robndbox</type>
    <name>if</name>
    <pose>Unspecified</pose>
    <truncated>0</truncated>
    <difficult>0</difficult>
    <robndbox>
      <cx>1339.0082</cx>
      <cy>359.5</cy>
      <w>303.893</w>
      <h>154.4119</h>
      <angle>2.621593</angle>
    </robndbox>
  </object>
  <object>
    <type>robndbox</type>
    <name>you</name>
    <pose>Unspecified</pose>
    <truncated>0</truncated>
    <difficult>0</difficult>
    <robndbox>
      <cx>1257.6111</cx>
      <cy>560.4545</cy>
      <w>149.4568</w>
      <h>77.7513</h>
      <angle>2.751593</angle>
    </robndbox>
  </object>
  <object>
    <type>robndbox</type>
    <name>do</name>
    <pose>Unspecified</pose>
    <truncated>0</truncated>
    <difficult>0</difficult>
    <robndbox>
      <cx>1391.5082</cx>
      <cy>491.5</cy>
      <w>118.333</w>
      <h>79.4375</h>
      <angle>2.691593</angle>
    </robndbox>
  </object>
  <object>
    <type>robndbox</type>
    <name>it</name>
    <pose>Unspecified</pose>
    <truncated>0</truncated>
    <difficult>0</difficult>
    <robndbox>
      <cx>1111.5744</cx>
      <cy>724.1415</cy>
      <w>76.4515</w>
      <h>73.1432</h>
      <angle>2.761593</angle>
    </robndbox>
  </object>
  <object>
    <type>robndbox</type>
    <name>right</name>
    <pose>Unspecified</pose>
    <truncated>0</truncated>
    <difficult>0</difficult>
    <robndbox>
      <cx>1313.7868</cx>
      <cy>630.0977</cy>
      <w>346.9951</w>
      <h>84.4918</h>
      <angle>2.731593</angle>
    </robndbox>
  </object>
  <object>
    <type>robndbox</type>
    <name>youll</name>
    <pose>Unspecified</pose>
    <truncated>0</truncated>
    <difficult>0</difficult>
    <robndbox>
      <cx>1097.4027</cx>
      <cy>818.5418</cy>
      <w>231.156</w>
      <h>89.0963</h>
      <angle>2.801593</angle>
    </robndbox>
  </object>
  <object>
    <type>robndbox</type>
    <name>love</name>
    <pose>Unspecified</pose>
    <truncated>0</truncated>
    <difficult>0</difficult>
    <robndbox>
      <cx>1349.7232</cx>
      <cy>722.0386</cy>
      <w>275.1101</w>
      <h>108.949</h>
      <angle>2.811593</angle>
    </robndbox>
  </object>
  <object>
    <type>robndbox</type>
    <name>where</name>
    <pose>Unspecified</pose>
    <truncated>0</truncated>
    <difficult>0</difficult>
    <robndbox>
      <cx>1322.4756</cx>
      <cy>850.49</cy>
      <w>360.3312</w>
      <h>101.9158</h>
      <angle>2.831593</angle>
    </robndbox>
  </object>
</annotation>
