<annotation verified="no">
  <folder>u5WiqJFq2-o</folder>
  <filename>08_frame_02593</filename>
  <path>/Users/KengoAraki/Desktop/annotation_&#21407;&#21475;/annotation/u5WiqJFq2-o/08_frame_02593.jpg</path>
  <source>
    <database>Unknown</database>
  </source>
  <size>
    <width>1920</width>
    <height>1080</height>
    <depth>3</depth>
  </size>
  <segmented>0</segmented>
  <object>
    <type>robndbox</type>
    <name>youre</name>
    <pose>Unspecified</pose>
    <truncated>0</truncated>
    <difficult>0</difficult>
    <robndbox>
      <cx>853.7743</cx>
      <cy>238.9313</cy>
      <w>346.6769</w>
      <h>101.7845</h>
      <angle>0.03</angle>
    </robndbox>
  </object>
  <object>
    <type>robndbox</type>
    <name>alone</name>
    <pose>Unspecified</pose>
    <truncated>0</truncated>
    <difficult>0</difficult>
    <robndbox>
      <cx>1285.8595</cx>
      <cy>218.7162</cy>
      <w>303.2431</w>
      <h>81.0154</h>
      <angle>0.09</angle>
    </robndbox>
  </object>
  <object>
    <type>robndbox</type>
    <name>never</name>
    <pose>Unspecified</pose>
    <truncated>0</truncated>
    <difficult>0</difficult>
    <robndbox>
      <cx>1061.2297</cx>
      <cy>307.7048</cy>
      <w>349.5382</w>
      <h>72.5804</h>
      <angle>3.081593</angle>
    </robndbox>
  </object>
  <object>
    <type>robndbox</type>
    <name>you</name>
    <pose>Unspecified</pose>
    <truncated>0</truncated>
    <difficult>0</difficult>
    <robndbox>
      <cx>803.0796</cx>
      <cy>449.972</cy>
      <w>246.2398</w>
      <h>92.9893</h>
      <angle>0.2</angle>
    </robndbox>
  </object>
  <object>
    <type>robndbox</type>
    <name>can</name>
    <pose>Unspecified</pose>
    <truncated>0</truncated>
    <difficult>0</difficult>
    <robndbox>
      <cx>1040.5082</cx>
      <cy>457.5</cy>
      <w>222.0</w>
      <h>67.0</h>
      <angle>0.0</angle>
    </robndbox>
  </object>
  <object>
    <type>robndbox</type>
    <name>always</name>
    <pose>Unspecified</pose>
    <truncated>0</truncated>
    <difficult>0</difficult>
    <robndbox>
      <cx>1223.0082</cx>
      <cy>558.0</cy>
      <w>421.0</w>
      <h>138.0</h>
      <angle>0.0</angle>
    </robndbox>
  </object>
  <object>
    <type>robndbox</type>
    <name>come</name>
    <pose>Unspecified</pose>
    <truncated>0</truncated>
    <difficult>0</difficult>
    <robndbox>
      <cx>768.4563</cx>
      <cy>658.3814</cy>
      <w>248.0659</w>
      <h>55.1646</h>
      <angle>0.09</angle>
    </robndbox>
  </object>
  <object>
    <type>robndbox</type>
    <name>back</name>
    <pose>Unspecified</pose>
    <truncated>0</truncated>
    <difficult>0</difficult>
    <robndbox>
      <cx>1033.0082</cx>
      <cy>654.5</cy>
      <w>225.0</w>
      <h>85.0</h>
      <angle>0.0</angle>
    </robndbox>
  </object>
  <object>
    <type>robndbox</type>
    <name>home</name>
    <pose>Unspecified</pose>
    <truncated>0</truncated>
    <difficult>0</difficult>
    <robndbox>
      <cx>1023.0425</cx>
      <cy>744.9297</cy>
      <w>387.0914</w>
      <h>104.139</h>
      <angle>3.121593</angle>
    </robndbox>
  </object>
</annotation>
