<annotation verified="no">
  <folder>u5WiqJFq2-o</folder>
  <filename>06_frame_01225</filename>
  <path>/Users/KengoAraki/Desktop/annotation_&#21407;&#21475;/annotation/u5WiqJFq2-o/06_frame_01225.jpg</path>
  <source>
    <database>Unknown</database>
  </source>
  <size>
    <width>1920</width>
    <height>1080</height>
    <depth>3</depth>
  </size>
  <segmented>0</segmented>
  <object>
    <type>robndbox</type>
    <name>if</name>
    <pose>Unspecified</pose>
    <truncated>0</truncated>
    <difficult>0</difficult>
    <robndbox>
      <cx>1361.3243</cx>
      <cy>265.7296</cy>
      <w>242.4564</w>
      <h>142.6869</h>
      <angle>2.641593</angle>
    </robndbox>
  </object>
  <object>
    <type>robndbox</type>
    <name>you</name>
    <pose>Unspecified</pose>
    <truncated>0</truncated>
    <difficult>0</difficult>
    <robndbox>
      <cx>1300.5186</cx>
      <cy>438.3496</cy>
      <w>144.6157</w>
      <h>69.9012</h>
      <angle>2.741593</angle>
    </robndbox>
  </object>
  <object>
    <type>robndbox</type>
    <name>do</name>
    <pose>Unspecified</pose>
    <truncated>0</truncated>
    <difficult>0</difficult>
    <robndbox>
      <cx>1425.2163</cx>
      <cy>377.3945</cy>
      <w>115.2207</w>
      <h>67.856</h>
      <angle>2.641593</angle>
    </robndbox>
  </object>
  <object>
    <type>robndbox</type>
    <name>it</name>
    <pose>Unspecified</pose>
    <truncated>0</truncated>
    <difficult>0</difficult>
    <robndbox>
      <cx>1176.0008</cx>
      <cy>581.9971</cy>
      <w>83.1003</w>
      <h>66.6631</h>
      <angle>2.811593</angle>
    </robndbox>
  </object>
  <object>
    <type>robndbox</type>
    <name>right</name>
    <pose>Unspecified</pose>
    <truncated>0</truncated>
    <difficult>0</difficult>
    <robndbox>
      <cx>1350.9971</cx>
      <cy>501.4424</cy>
      <w>317.8668</w>
      <h>81.5381</h>
      <angle>2.741593</angle>
    </robndbox>
  </object>
  <object>
    <type>robndbox</type>
    <name>youll</name>
    <pose>Unspecified</pose>
    <truncated>0</truncated>
    <difficult>0</difficult>
    <robndbox>
      <cx>1155.2125</cx>
      <cy>672.7848</cy>
      <w>207.2613</w>
      <h>78.6519</h>
      <angle>2.811593</angle>
    </robndbox>
  </object>
  <object>
    <type>robndbox</type>
    <name>love</name>
    <pose>Unspecified</pose>
    <truncated>0</truncated>
    <difficult>0</difficult>
    <robndbox>
      <cx>1389.9062</cx>
      <cy>585.3998</cy>
      <w>249.198</w>
      <h>95.1416</h>
      <angle>2.801593</angle>
    </robndbox>
  </object>
  <object>
    <type>robndbox</type>
    <name>where</name>
    <pose>Unspecified</pose>
    <truncated>0</truncated>
    <difficult>0</difficult>
    <robndbox>
      <cx>1359.0277</cx>
      <cy>699.4117</cy>
      <w>325.533</w>
      <h>94.8584</h>
      <angle>2.841593</angle>
    </robndbox>
  </object>
  <object>
    <type>robndbox</type>
    <name>you</name>
    <pose>Unspecified</pose>
    <truncated>0</truncated>
    <difficult>0</difficult>
    <robndbox>
      <cx>1175.64</cx>
      <cy>891.2635</cy>
      <w>99.6565</w>
      <h>38.81</h>
      <angle>2.841593</angle>
    </robndbox>
  </object>
  <object>
    <type>robndbox</type>
    <name>are</name>
    <pose>Unspecified</pose>
    <truncated>0</truncated>
    <difficult>0</difficult>
    <robndbox>
      <cx>1283.6711</cx>
      <cy>854.637</cy>
      <w>121.5444</w>
      <h>47.5357</h>
      <angle>2.841593</angle>
    </robndbox>
  </object>
</annotation>
