<annotation verified="no">
  <folder>u5WiqJFq2-o</folder>
  <filename>02_frame_01729</filename>
  <path>/Users/KengoAraki/Desktop/annotation_&#21407;&#21475;/annotation/u5WiqJFq2-o/02_frame_01729.jpg</path>
  <source>
    <database>Unknown</database>
  </source>
  <size>
    <width>1920</width>
    <height>1080</height>
    <depth>3</depth>
  </size>
  <segmented>0</segmented>
  <object>
    <type>robndbox</type>
    <name>240000</name>
    <pose>Unspecified</pose>
    <truncated>0</truncated>
    <difficult>0</difficult>
    <robndbox>
      <cx>1639.6079</cx>
      <cy>306.9881</cy>
      <w>256.6769</w>
      <h>89.0004</h>
      <angle>0.91</angle>
    </robndbox>
  </object>
  <object>
    <type>robndbox</type>
    <name>miles</name>
    <pose>Unspecified</pose>
    <truncated>0</truncated>
    <difficult>0</difficult>
    <robndbox>
      <cx>1457.2367</cx>
      <cy>311.8412</cy>
      <w>234.5487</w>
      <h>111.9217</h>
      <angle>1.11</angle>
    </robndbox>
  </object>
  <object>
    <type>robndbox</type>
    <name>from</name>
    <pose>Unspecified</pose>
    <truncated>0</truncated>
    <difficult>0</difficult>
    <robndbox>
      <cx>1643.5225</cx>
      <cy>489.1909</cy>
      <w>256.4829</w>
      <h>114.9639</h>
      <angle>0.57</angle>
    </robndbox>
  </object>
  <object>
    <type>robndbox</type>
    <name>the</name>
    <pose>Unspecified</pose>
    <truncated>0</truncated>
    <difficult>0</difficult>
    <robndbox>
      <cx>1316.5082</cx>
      <cy>402.5</cy>
      <w>168.35</w>
      <h>104.457</h>
      <angle>0.52</angle>
    </robndbox>
  </object>
  <object>
    <type>robndbox</type>
    <name>moon</name>
    <pose>Unspecified</pose>
    <truncated>0</truncated>
    <difficult>0</difficult>
    <robndbox>
      <cx>1512.7652</cx>
      <cy>594.2179</cy>
      <w>341.7758</w>
      <h>93.7823</h>
      <angle>0.33</angle>
    </robndbox>
  </object>
</annotation>
