<annotation verified="no">
  <folder>u5WiqJFq2-o</folder>
  <filename>00_frame_01801</filename>
  <path>/Users/KengoAraki/Desktop/annotation_&#21407;&#21475;/annotation/u5WiqJFq2-o/00_frame_01801.jpg</path>
  <source>
    <database>Unknown</database>
  </source>
  <size>
    <width>1920</width>
    <height>1080</height>
    <depth>3</depth>
  </size>
  <segmented>0</segmented>
  <object>
    <type>robndbox</type>
    <name>240000</name>
    <pose>Unspecified</pose>
    <truncated>0</truncated>
    <difficult>0</difficult>
    <robndbox>
      <cx>1614.8714</cx>
      <cy>337.5366</cy>
      <w>293.6895</w>
      <h>99.9631</h>
      <angle>0.82</angle>
    </robndbox>
  </object>
  <object>
    <type>robndbox</type>
    <name>miles</name>
    <pose>Unspecified</pose>
    <truncated>0</truncated>
    <difficult>0</difficult>
    <robndbox>
      <cx>1408.7312</cx>
      <cy>361.3152</cy>
      <w>275.5741</w>
      <h>131.7823</h>
      <angle>1.1</angle>
    </robndbox>
  </object>
  <object>
    <type>robndbox</type>
    <name>from</name>
    <pose>Unspecified</pose>
    <truncated>0</truncated>
    <difficult>0</difficult>
    <robndbox>
      <cx>1633.5958</cx>
      <cy>535.0473</cy>
      <w>297.6635</w>
      <h>137.4127</h>
      <angle>0.42</angle>
    </robndbox>
  </object>
  <object>
    <type>robndbox</type>
    <name>the</name>
    <pose>Unspecified</pose>
    <truncated>0</truncated>
    <difficult>0</difficult>
    <robndbox>
      <cx>1252.5082</cx>
      <cy>471.0</cy>
      <w>184.1415</w>
      <h>125.4269</h>
      <angle>0.39</angle>
    </robndbox>
  </object>
  <object>
    <type>robndbox</type>
    <name>moon</name>
    <pose>Unspecified</pose>
    <truncated>0</truncated>
    <difficult>0</difficult>
    <robndbox>
      <cx>1495.0082</cx>
      <cy>678.0</cy>
      <w>398.4135</w>
      <h>102.1945</h>
      <angle>0.29</angle>
    </robndbox>
  </object>
</annotation>
