<annotation verified="no">
  <folder>u5WiqJFq2-o</folder>
  <filename>09_frame_03241</filename>
  <path>/Users/KengoAraki/Desktop/annotation_&#21407;&#21475;/annotation/u5WiqJFq2-o/09_frame_03241.jpg</path>
  <source>
    <database>Unknown</database>
  </source>
  <size>
    <width>1920</width>
    <height>1080</height>
    <depth>3</depth>
  </size>
  <segmented>0</segmented>
  <object>
    <type>robndbox</type>
    <name>there</name>
    <pose>Unspecified</pose>
    <truncated>0</truncated>
    <difficult>0</difficult>
    <robndbox>
      <cx>878.9527</cx>
      <cy>324.9308</cy>
      <w>201.2448</w>
      <h>65.6992</h>
      <angle>0.5</angle>
    </robndbox>
  </object>
  <object>
    <type>robndbox</type>
    <name>is</name>
    <pose>Unspecified</pose>
    <truncated>0</truncated>
    <difficult>0</difficult>
    <robndbox>
      <cx>1022.4391</cx>
      <cy>408.866</cy>
      <w>65.7314</w>
      <h>68.0889</h>
      <angle>0.7</angle>
    </robndbox>
  </object>
  <object>
    <type>robndbox</type>
    <name>always</name>
    <pose>Unspecified</pose>
    <truncated>0</truncated>
    <difficult>0</difficult>
    <robndbox>
      <cx>1187.6196</cx>
      <cy>491.1521</cy>
      <w>245.9308</w>
      <h>106.6812</h>
      <angle>0.2</angle>
    </robndbox>
  </object>
  <object>
    <type>robndbox</type>
    <name>a</name>
    <pose>Unspecified</pose>
    <truncated>0</truncated>
    <difficult>0</difficult>
    <robndbox>
      <cx>1322.0082</cx>
      <cy>568.5</cy>
      <w>39.0</w>
      <h>35.0</h>
      <angle>0.6</angle>
    </robndbox>
  </object>
  <object>
    <type>robndbox</type>
    <name>hand</name>
    <pose>Unspecified</pose>
    <truncated>0</truncated>
    <difficult>0</difficult>
    <robndbox>
      <cx>1451.3679</cx>
      <cy>622.7028</cy>
      <w>209.1197</w>
      <h>82.9076</h>
      <angle>0.3</angle>
    </robndbox>
  </object>
  <object>
    <type>robndbox</type>
    <name>that</name>
    <pose>Unspecified</pose>
    <truncated>0</truncated>
    <difficult>0</difficult>
    <robndbox>
      <cx>500.3294</cx>
      <cy>591.4975</cy>
      <w>240.535</w>
      <h>95.2507</h>
      <angle>0.72</angle>
    </robndbox>
  </object>
  <object>
    <type>robndbox</type>
    <name>you</name>
    <pose>Unspecified</pose>
    <truncated>0</truncated>
    <difficult>0</difficult>
    <robndbox>
      <cx>664.7415</cx>
      <cy>742.7081</cy>
      <w>140.9489</w>
      <h>94.07</h>
      <angle>0.31</angle>
    </robndbox>
  </object>
  <object>
    <type>robndbox</type>
    <name>can</name>
    <pose>Unspecified</pose>
    <truncated>0</truncated>
    <difficult>0</difficult>
    <robndbox>
      <cx>809.8181</cx>
      <cy>779.4491</cy>
      <w>139.7764</w>
      <h>45.8334</h>
      <angle>0.7</angle>
    </robndbox>
  </object>
  <object>
    <type>robndbox</type>
    <name>hold</name>
    <pose>Unspecified</pose>
    <truncated>0</truncated>
    <difficult>0</difficult>
    <robndbox>
      <cx>848.8972</cx>
      <cy>869.9807</cy>
      <w>143.9913</w>
      <h>64.9574</h>
      <angle>0.5</angle>
    </robndbox>
  </object>
  <object>
    <type>robndbox</type>
    <name>on</name>
    <pose>Unspecified</pose>
    <truncated>0</truncated>
    <difficult>0</difficult>
    <robndbox>
      <cx>986.2807</cx>
      <cy>872.3534</cy>
      <w>105.4569</w>
      <h>59.3011</h>
      <angle>0.7</angle>
    </robndbox>
  </object>
</annotation>
