<annotation verified="no">
  <folder>V5M2WZiAy6k</folder>
  <filename>01_frame_00793</filename>
  <path>/home/junya/&#12480;&#12454;&#12531;&#12525;&#12540;&#12489;/&#26519;&#30000;/annotation/V5M2WZiAy6k/01_frame_00793.jpg</path>
  <source>
    <database>Unknown</database>
  </source>
  <size>
    <width>1920</width>
    <height>1080</height>
    <depth>3</depth>
  </size>
  <segmented>0</segmented>
  <object>
    <type>bndbox</type>
    <name>leave</name>
    <pose>Unspecified</pose>
    <truncated>0</truncated>
    <difficult>0</difficult>
    <bndbox>
      <xmin>430</xmin>
      <ymin>895</ymin>
      <xmax>610</xmax>
      <ymax>958</ymax>
    </bndbox>
  </object>
  <object>
    <type>bndbox</type>
    <name>behind</name>
    <pose>Unspecified</pose>
    <truncated>0</truncated>
    <difficult>0</difficult>
    <bndbox>
      <xmin>634</xmin>
      <ymin>895</ymin>
      <xmax>853</xmax>
      <ymax>959</ymax>
    </bndbox>
  </object>
  <object>
    <type>bndbox</type>
    <name>your</name>
    <pose>Unspecified</pose>
    <truncated>0</truncated>
    <difficult>0</difficult>
    <bndbox>
      <xmin>881</xmin>
      <ymin>895</ymin>
      <xmax>1034</xmax>
      <ymax>959</ymax>
    </bndbox>
  </object>
  <object>
    <type>bndbox</type>
    <name>heart</name>
    <pose>Unspecified</pose>
    <truncated>0</truncated>
    <difficult>0</difficult>
    <bndbox>
      <xmin>1062</xmin>
      <ymin>896</ymin>
      <xmax>1252</xmax>
      <ymax>960</ymax>
    </bndbox>
  </object>
  <object>
    <type>bndbox</type>
    <name>and</name>
    <pose>Unspecified</pose>
    <truncated>0</truncated>
    <difficult>0</difficult>
    <bndbox>
      <xmin>1280</xmin>
      <ymin>895</ymin>
      <xmax>1396</xmax>
      <ymax>958</ymax>
    </bndbox>
  </object>
</annotation>
