<annotation verified="no">
  <folder>V5M2WZiAy6k</folder>
  <filename>07_frame_02161</filename>
  <path>/home/junya/&#12480;&#12454;&#12531;&#12525;&#12540;&#12489;/&#26519;&#30000;/annotation/V5M2WZiAy6k/07_frame_02161.jpg</path>
  <source>
    <database>Unknown</database>
  </source>
  <size>
    <width>1920</width>
    <height>1080</height>
    <depth>3</depth>
  </size>
  <segmented>0</segmented>
  <object>
    <type>bndbox</type>
    <name>away</name>
    <pose>Unspecified</pose>
    <truncated>1</truncated>
    <difficult>0</difficult>
    <bndbox>
      <xmin>1</xmin>
      <ymin>248</ymin>
      <xmax>386</xmax>
      <ymax>639</ymax>
    </bndbox>
  </object>
  <object>
    <type>bndbox</type>
    <name>leave</name>
    <pose>Unspecified</pose>
    <truncated>1</truncated>
    <difficult>0</difficult>
    <bndbox>
      <xmin>1</xmin>
      <ymin>905</ymin>
      <xmax>78</xmax>
      <ymax>967</ymax>
    </bndbox>
  </object>
  <object>
    <type>bndbox</type>
    <name>behind</name>
    <pose>Unspecified</pose>
    <truncated>0</truncated>
    <difficult>0</difficult>
    <bndbox>
      <xmin>102</xmin>
      <ymin>903</ymin>
      <xmax>317</xmax>
      <ymax>966</ymax>
    </bndbox>
  </object>
  <object>
    <type>bndbox</type>
    <name>your</name>
    <pose>Unspecified</pose>
    <truncated>0</truncated>
    <difficult>0</difficult>
    <bndbox>
      <xmin>342</xmin>
      <ymin>904</ymin>
      <xmax>494</xmax>
      <ymax>967</ymax>
    </bndbox>
  </object>
  <object>
    <type>bndbox</type>
    <name>hear</name>
    <pose>Unspecified</pose>
    <truncated>0</truncated>
    <difficult>0</difficult>
    <bndbox>
      <xmin>521</xmin>
      <ymin>903</ymin>
      <xmax>669</xmax>
      <ymax>967</ymax>
    </bndbox>
  </object>
  <object>
    <type>bndbox</type>
    <name>and</name>
    <pose>Unspecified</pose>
    <truncated>0</truncated>
    <difficult>0</difficult>
    <bndbox>
      <xmin>736</xmin>
      <ymin>904</ymin>
      <xmax>852</xmax>
      <ymax>967</ymax>
    </bndbox>
  </object>
</annotation>
