<annotation verified="no">
  <folder>V5M2WZiAy6k</folder>
  <filename>00_frame_00361</filename>
  <path>/home/junya/&#12480;&#12454;&#12531;&#12525;&#12540;&#12489;/&#26519;&#30000;/annotation/V5M2WZiAy6k/00_frame_00361.jpg</path>
  <source>
    <database>Unknown</database>
  </source>
  <size>
    <width>1920</width>
    <height>1080</height>
    <depth>3</depth>
  </size>
  <segmented>0</segmented>
  <object>
    <type>bndbox</type>
    <name>will</name>
    <pose>Unspecified</pose>
    <truncated>0</truncated>
    <difficult>0</difficult>
    <bndbox>
      <xmin>213</xmin>
      <ymin>55</ymin>
      <xmax>409</xmax>
      <ymax>146</ymax>
    </bndbox>
  </object>
  <object>
    <type>bndbox</type>
    <name>you</name>
    <pose>Unspecified</pose>
    <truncated>0</truncated>
    <difficult>0</difficult>
    <bndbox>
      <xmin>440</xmin>
      <ymin>54</ymin>
      <xmax>598</xmax>
      <ymax>144</ymax>
    </bndbox>
  </object>
  <object>
    <type>bndbox</type>
    <name>hold</name>
    <pose>Unspecified</pose>
    <truncated>0</truncated>
    <difficult>0</difficult>
    <bndbox>
      <xmin>641</xmin>
      <ymin>52</ymin>
      <xmax>861</xmax>
      <ymax>144</ymax>
    </bndbox>
  </object>
  <object>
    <type>bndbox</type>
    <name>the</name>
    <pose>Unspecified</pose>
    <truncated>0</truncated>
    <difficult>0</difficult>
    <bndbox>
      <xmin>360</xmin>
      <ymin>190</ymin>
      <xmax>528</xmax>
      <ymax>280</ymax>
    </bndbox>
  </object>
  <object>
    <type>bndbox</type>
    <name>line</name>
    <pose>Unspecified</pose>
    <truncated>0</truncated>
    <difficult>0</difficult>
    <bndbox>
      <xmin>557</xmin>
      <ymin>192</ymin>
      <xmax>750</xmax>
      <ymax>278</ymax>
    </bndbox>
  </object>
  <object>
    <type>bndbox</type>
    <name>when</name>
    <pose>Unspecified</pose>
    <truncated>0</truncated>
    <difficult>0</difficult>
    <bndbox>
      <xmin>206</xmin>
      <ymin>399</ymin>
      <xmax>429</xmax>
      <ymax>490</ymax>
    </bndbox>
  </object>
  <object>
    <type>bndbox</type>
    <name>every</name>
    <pose>Unspecified</pose>
    <truncated>0</truncated>
    <difficult>0</difficult>
    <bndbox>
      <xmin>468</xmin>
      <ymin>402</ymin>
      <xmax>728</xmax>
      <ymax>490</ymax>
    </bndbox>
  </object>
  <object>
    <type>bndbox</type>
    <name>one</name>
    <pose>Unspecified</pose>
    <truncated>0</truncated>
    <difficult>0</difficult>
    <bndbox>
      <xmin>768</xmin>
      <ymin>400</ymin>
      <xmax>928</xmax>
      <ymax>490</ymax>
    </bndbox>
  </object>
  <object>
    <type>bndbox</type>
    <name>of</name>
    <pose>Unspecified</pose>
    <truncated>0</truncated>
    <difficult>0</difficult>
    <bndbox>
      <xmin>965</xmin>
      <ymin>400</ymin>
      <xmax>1064</xmax>
      <ymax>488</ymax>
    </bndbox>
  </object>
  <object>
    <type>bndbox</type>
    <name>them</name>
    <pose>Unspecified</pose>
    <truncated>0</truncated>
    <difficult>0</difficult>
    <bndbox>
      <xmin>206</xmin>
      <ymin>538</ymin>
      <xmax>426</xmax>
      <ymax>626</ymax>
    </bndbox>
  </object>
  <object>
    <type>bndbox</type>
    <name>has</name>
    <pose>Unspecified</pose>
    <truncated>0</truncated>
    <difficult>0</difficult>
    <bndbox>
      <xmin>464</xmin>
      <ymin>538</ymin>
      <xmax>629</xmax>
      <ymax>624</ymax>
    </bndbox>
  </object>
  <object>
    <type>bndbox</type>
    <name>given</name>
    <pose>Unspecified</pose>
    <truncated>0</truncated>
    <difficult>0</difficult>
    <bndbox>
      <xmin>670</xmin>
      <ymin>538</ymin>
      <xmax>916</xmax>
      <ymax>626</ymax>
    </bndbox>
  </object>
  <object>
    <type>bndbox</type>
    <name>up</name>
    <pose>Unspecified</pose>
    <truncated>0</truncated>
    <difficult>0</difficult>
    <bndbox>
      <xmin>956</xmin>
      <ymin>538</ymin>
      <xmax>1068</xmax>
      <ymax>626</ymax>
    </bndbox>
  </object>
  <object>
    <type>bndbox</type>
    <name>and</name>
    <pose>Unspecified</pose>
    <truncated>0</truncated>
    <difficult>0</difficult>
    <bndbox>
      <xmin>1124</xmin>
      <ymin>535</ymin>
      <xmax>1290</xmax>
      <ymax>622</ymax>
    </bndbox>
  </object>
  <object>
    <type>bndbox</type>
    <name>given</name>
    <pose>Unspecified</pose>
    <truncated>0</truncated>
    <difficult>0</difficult>
    <bndbox>
      <xmin>1328</xmin>
      <ymin>534</ymin>
      <xmax>1576</xmax>
      <ymax>622</ymax>
    </bndbox>
  </object>
  <object>
    <type>bndbox</type>
    <name>in</name>
    <pose>Unspecified</pose>
    <truncated>0</truncated>
    <difficult>0</difficult>
    <bndbox>
      <xmin>1614</xmin>
      <ymin>532</ymin>
      <xmax>1698</xmax>
      <ymax>624</ymax>
    </bndbox>
  </object>
  <object>
    <type>bndbox</type>
    <name>tell</name>
    <pose>Unspecified</pose>
    <truncated>0</truncated>
    <difficult>0</difficult>
    <bndbox>
      <xmin>1252</xmin>
      <ymin>670</ymin>
      <xmax>1462</xmax>
      <ymax>759</ymax>
    </bndbox>
  </object>
  <object>
    <type>bndbox</type>
    <name>me</name>
    <pose>Unspecified</pose>
    <truncated>0</truncated>
    <difficult>0</difficult>
    <bndbox>
      <xmin>1496</xmin>
      <ymin>671</ymin>
      <xmax>1597</xmax>
      <ymax>759</ymax>
    </bndbox>
  </object>
</annotation>
