<annotation verified="no">
  <folder>V5M2WZiAy6k</folder>
  <filename>05_frame_00937</filename>
  <path>/home/junya/&#12480;&#12454;&#12531;&#12525;&#12540;&#12489;/&#26519;&#30000;/annotation/V5M2WZiAy6k/05_frame_00937.jpg</path>
  <source>
    <database>Unknown</database>
  </source>
  <size>
    <width>1920</width>
    <height>1080</height>
    <depth>3</depth>
  </size>
  <segmented>0</segmented>
  <object>
    <type>bndbox</type>
    <name>just</name>
    <pose>Unspecified</pose>
    <truncated>1</truncated>
    <difficult>0</difficult>
    <bndbox>
      <xmin>1</xmin>
      <ymin>898</ymin>
      <xmax>66</xmax>
      <ymax>960</ymax>
    </bndbox>
  </object>
  <object>
    <type>bndbox</type>
    <name>another</name>
    <pose>Unspecified</pose>
    <truncated>0</truncated>
    <difficult>0</difficult>
    <bndbox>
      <xmin>86</xmin>
      <ymin>896</ymin>
      <xmax>364</xmax>
      <ymax>958</ymax>
    </bndbox>
  </object>
  <object>
    <type>bndbox</type>
    <name>product</name>
    <pose>Unspecified</pose>
    <truncated>0</truncated>
    <difficult>0</difficult>
    <bndbox>
      <xmin>388</xmin>
      <ymin>895</ymin>
      <xmax>662</xmax>
      <ymax>960</ymax>
    </bndbox>
  </object>
  <object>
    <type>bndbox</type>
    <name>of</name>
    <pose>Unspecified</pose>
    <truncated>0</truncated>
    <difficult>0</difficult>
    <bndbox>
      <xmin>692</xmin>
      <ymin>894</ymin>
      <xmax>760</xmax>
      <ymax>959</ymax>
    </bndbox>
  </object>
  <object>
    <type>bndbox</type>
    <name>today</name>
    <pose>Unspecified</pose>
    <truncated>0</truncated>
    <difficult>0</difficult>
    <bndbox>
      <xmin>748</xmin>
      <ymin>277</ymin>
      <xmax>1919</xmax>
      <ymax>686</ymax>
    </bndbox>
  </object>
</annotation>
