<annotation verified="no">
  <folder>V5M2WZiAy6k</folder>
  <filename>03_frame_00577</filename>
  <path>/home/junya/&#12480;&#12454;&#12531;&#12525;&#12540;&#12489;/&#26519;&#30000;/annotation/V5M2WZiAy6k/03_frame_00577.jpg</path>
  <source>
    <database>Unknown</database>
  </source>
  <size>
    <width>1920</width>
    <height>1080</height>
    <depth>3</depth>
  </size>
  <segmented>0</segmented>
  <object>
    <type>bndbox</type>
    <name>will</name>
    <pose>Unspecified</pose>
    <truncated>0</truncated>
    <difficult>0</difficult>
    <bndbox>
      <xmin>665</xmin>
      <ymin>178</ymin>
      <xmax>896</xmax>
      <ymax>283</ymax>
    </bndbox>
  </object>
  <object>
    <type>bndbox</type>
    <name>it</name>
    <pose>Unspecified</pose>
    <truncated>0</truncated>
    <difficult>0</difficult>
    <bndbox>
      <xmin>938</xmin>
      <ymin>178</ymin>
      <xmax>1032</xmax>
      <ymax>285</ymax>
    </bndbox>
  </object>
  <object>
    <type>bndbox</type>
    <name>save</name>
    <pose>Unspecified</pose>
    <truncated>0</truncated>
    <difficult>0</difficult>
    <bndbox>
      <xmin>1078</xmin>
      <ymin>178</ymin>
      <xmax>1325</xmax>
      <ymax>284</ymax>
    </bndbox>
  </object>
  <object>
    <type>bndbox</type>
    <name>us</name>
    <pose>Unspecified</pose>
    <truncated>0</truncated>
    <difficult>0</difficult>
    <bndbox>
      <xmin>1366</xmin>
      <ymin>180</ymin>
      <xmax>1498</xmax>
      <ymax>283</ymax>
    </bndbox>
  </object>
  <object>
    <type>bndbox</type>
    <name>from</name>
    <pose>Unspecified</pose>
    <truncated>0</truncated>
    <difficult>0</difficult>
    <bndbox>
      <xmin>744</xmin>
      <ymin>338</ymin>
      <xmax>998</xmax>
      <ymax>444</ymax>
    </bndbox>
  </object>
  <object>
    <type>bndbox</type>
    <name>our</name>
    <pose>Unspecified</pose>
    <truncated>0</truncated>
    <difficult>0</difficult>
    <bndbox>
      <xmin>1046</xmin>
      <ymin>340</ymin>
      <xmax>1245</xmax>
      <ymax>446</ymax>
    </bndbox>
  </object>
  <object>
    <type>bndbox</type>
    <name>sin</name>
    <pose>Unspecified</pose>
    <truncated>0</truncated>
    <difficult>0</difficult>
    <bndbox>
      <xmin>1288</xmin>
      <ymin>340</ymin>
      <xmax>1454</xmax>
      <ymax>446</ymax>
    </bndbox>
  </object>
</annotation>
