<annotation verified="no">
  <folder>V5M2WZiAy6k</folder>
  <filename>08_frame_02305</filename>
  <path>/home/junya/&#12480;&#12454;&#12531;&#12525;&#12540;&#12489;/&#26519;&#30000;/annotation/V5M2WZiAy6k/08_frame_02305.jpg</path>
  <source>
    <database>Unknown</database>
  </source>
  <size>
    <width>1920</width>
    <height>1080</height>
    <depth>3</depth>
  </size>
  <segmented>0</segmented>
  <object>
    <type>bndbox</type>
    <name>today</name>
    <pose>Unspecified</pose>
    <truncated>1</truncated>
    <difficult>0</difficult>
    <bndbox>
      <xmin>1</xmin>
      <ymin>240</ymin>
      <xmax>950</xmax>
      <ymax>645</ymax>
    </bndbox>
  </object>
  <object>
    <type>bndbox</type>
    <name>just</name>
    <pose>Unspecified</pose>
    <truncated>0</truncated>
    <difficult>0</difficult>
    <bndbox>
      <xmin>992</xmin>
      <ymin>906</ymin>
      <xmax>1156</xmax>
      <ymax>967</ymax>
    </bndbox>
  </object>
  <object>
    <type>bndbox</type>
    <name>another</name>
    <pose>Unspecified</pose>
    <truncated>0</truncated>
    <difficult>0</difficult>
    <bndbox>
      <xmin>1172</xmin>
      <ymin>906</ymin>
      <xmax>1449</xmax>
      <ymax>966</ymax>
    </bndbox>
  </object>
  <object>
    <type>bndbox</type>
    <name>product</name>
    <pose>Unspecified</pose>
    <truncated>0</truncated>
    <difficult>0</difficult>
    <bndbox>
      <xmin>1474</xmin>
      <ymin>903</ymin>
      <xmax>1745</xmax>
      <ymax>967</ymax>
    </bndbox>
  </object>
  <object>
    <type>bndbox</type>
    <name>of</name>
    <pose>Unspecified</pose>
    <truncated>0</truncated>
    <difficult>0</difficult>
    <bndbox>
      <xmin>1772</xmin>
      <ymin>904</ymin>
      <xmax>1838</xmax>
      <ymax>966</ymax>
    </bndbox>
  </object>
</annotation>
