<annotation verified="no">
  <folder>V5M2WZiAy6k</folder>
  <filename>06_frame_01801</filename>
  <path>/home/sakaguchi/Downloads/hayashida/annotation/V5M2WZiAy6k/06_frame_01801.jpg</path>
  <source>
    <database>Unknown</database>
  </source>
  <size>
    <width>1920</width>
    <height>1080</height>
    <depth>3</depth>
  </size>
  <segmented>0</segmented>
  <object>
    <type>bndbox</type>
    <name>whats</name>
    <pose>Unspecified</pose>
    <truncated>1</truncated>
    <difficult>0</difficult>
    <bndbox>
      <xmin>1</xmin>
      <ymin>594</ymin>
      <xmax>422</xmax>
      <ymax>868</ymax>
    </bndbox>
  </object>
  <object>
    <type>robndbox</type>
    <name>looking</name>
    <pose>Unspecified</pose>
    <truncated>0</truncated>
    <difficult>0</difficult>
    <robndbox>
      <cx>1028.3705</cx>
      <cy>296.6973</cy>
      <w>388.7899</w>
      <h>94.3928</h>
      <angle>2.931593</angle>
    </robndbox>
  </object>
  <object>
    <type>robndbox</type>
    <name>through</name>
    <pose>Unspecified</pose>
    <truncated>0</truncated>
    <difficult>0</difficult>
    <robndbox>
      <cx>1465.2467</cx>
      <cy>203.5452</cy>
      <w>430.1744</w>
      <h>93.3001</h>
      <angle>2.931593</angle>
    </robndbox>
  </object>
  <object>
    <type>robndbox</type>
    <name>the</name>
    <pose>Unspecified</pose>
    <truncated>0</truncated>
    <difficult>0</difficult>
    <robndbox>
      <cx>1127.2123</cx>
      <cy>423.9633</cy>
      <w>178.1466</w>
      <h>95.9852</h>
      <angle>2.931593</angle>
    </robndbox>
  </object>
  <object>
    <type>robndbox</type>
    <name>glass</name>
    <pose>Unspecified</pose>
    <truncated>0</truncated>
    <difficult>0</difficult>
    <robndbox>
      <cx>1392.0867</cx>
      <cy>367.9083</cy>
      <w>294.2549</w>
      <h>91.126</h>
      <angle>2.941593</angle>
    </robndbox>
  </object>
</annotation>
