<annotation verified="no">
  <folder>V5M2WZiAy6k</folder>
  <filename>02_frame_03169</filename>
  <path>/home/sakaguchi/Downloads/hayashida/annotation/V5M2WZiAy6k/02_frame_03169.jpg</path>
  <source>
    <database>Unknown</database>
  </source>
  <size>
    <width>1920</width>
    <height>1080</height>
    <depth>3</depth>
  </size>
  <segmented>0</segmented>
  <object>
    <type>bndbox</type>
    <name>took</name>
    <pose>Unspecified</pose>
    <truncated>0</truncated>
    <difficult>0</difficult>
    <bndbox>
      <xmin>1117</xmin>
      <ymin>14</ymin>
      <xmax>1341</xmax>
      <ymax>158</ymax>
    </bndbox>
  </object>
  <object>
    <type>bndbox</type>
    <name>an</name>
    <pose>Unspecified</pose>
    <truncated>0</truncated>
    <difficult>0</difficult>
    <bndbox>
      <xmin>1468</xmin>
      <ymin>32</ymin>
      <xmax>1620</xmax>
      <ymax>155</ymax>
    </bndbox>
  </object>
  <object>
    <type>bndbox</type>
    <name>by</name>
    <pose>Unspecified</pose>
    <truncated>0</truncated>
    <difficult>0</difficult>
    <bndbox>
      <xmin>1473</xmin>
      <ymin>160</ymin>
      <xmax>1608</xmax>
      <ymax>346</ymax>
    </bndbox>
  </object>
  <object>
    <type>bndbox</type>
    <name>oath</name>
    <pose>Unspecified</pose>
    <truncated>0</truncated>
    <difficult>0</difficult>
    <bndbox>
      <xmin>1132</xmin>
      <ymin>160</ymin>
      <xmax>1424</xmax>
      <ymax>338</ymax>
    </bndbox>
  </object>
</annotation>
