<annotation verified="no">
  <folder>e1UUAhZ3JzM</folder>
  <filename>00_frame_04321</filename>
  <path>/Users/KengoAraki/Desktop/&#22338;&#21475;&#12373;&#12435;_annotation/annotation/e1UUAhZ3JzM/00_frame_04321.jpg</path>
  <source>
    <database>Unknown</database>
  </source>
  <size>
    <width>1920</width>
    <height>1080</height>
    <depth>3</depth>
  </size>
  <segmented>0</segmented>
  <object>
    <type>robndbox</type>
    <name>it</name>
    <pose>Unspecified</pose>
    <truncated>0</truncated>
    <difficult>0</difficult>
    <robndbox>
      <cx>564.0082</cx>
      <cy>462.5</cy>
      <w>133.0</w>
      <h>85.0</h>
      <angle>3.091593</angle>
    </robndbox>
  </object>
  <object>
    <type>robndbox</type>
    <name>takes</name>
    <pose>Unspecified</pose>
    <truncated>0</truncated>
    <difficult>0</difficult>
    <robndbox>
      <cx>914.4279</cx>
      <cy>446.9994</cy>
      <w>438.2468</w>
      <h>78.4214</h>
      <angle>3.081593</angle>
    </robndbox>
  </object>
  <object>
    <type>robndbox</type>
    <name>an</name>
    <pose>Unspecified</pose>
    <truncated>0</truncated>
    <difficult>0</difficult>
    <robndbox>
      <cx>1301.5082</cx>
      <cy>423.5</cy>
      <w>187.7568</w>
      <h>76.3961</h>
      <angle>3.081593</angle>
    </robndbox>
  </object>
  <object>
    <type>robndbox</type>
    <name>dark</name>
    <pose>Unspecified</pose>
    <truncated>0</truncated>
    <difficult>0</difficult>
    <robndbox>
      <cx>600.0082</cx>
      <cy>584.5</cy>
      <w>409.857</w>
      <h>87.8818</h>
      <angle>3.071593</angle>
    </robndbox>
  </object>
  <object>
    <type>robndbox</type>
    <name>to</name>
    <pose>Unspecified</pose>
    <truncated>0</truncated>
    <difficult>0</difficult>
    <robndbox>
      <cx>975.0082</cx>
      <cy>562.0</cy>
      <w>203.0</w>
      <h>84.0</h>
      <angle>3.081593</angle>
    </robndbox>
  </object>
  <object>
    <type>robndbox</type>
    <name>inner</name>
    <pose>Unspecified</pose>
    <truncated>0</truncated>
    <difficult>0</difficult>
    <robndbox>
      <cx>1690.5488</cx>
      <cy>399.3171</cy>
      <w>456.9024</w>
      <h>100.0</h>
      <angle>0.0</angle>
    </robndbox>
  </object>
  <object>
    <type>robndbox</type>
    <name>rekindle</name>
    <pose>Unspecified</pose>
    <truncated>0</truncated>
    <difficult>0</difficult>
    <robndbox>
      <cx>1529.8257</cx>
      <cy>534.9045</cy>
      <w>732.5626</w>
      <h>89.8981</h>
      <angle>3.081593</angle>
    </robndbox>
  </object>
  <object>
    <type>robndbox</type>
    <name>the</name>
    <pose>Unspecified</pose>
    <truncated>0</truncated>
    <difficult>0</difficult>
    <robndbox>
      <cx>540.0976</cx>
      <cy>707.3171</cy>
      <w>302.0</w>
      <h>90.0</h>
      <angle>3.101593</angle>
    </robndbox>
  </object>
  <object>
    <type>robndbox</type>
    <name>fire</name>
    <pose>Unspecified</pose>
    <truncated>0</truncated>
    <difficult>0</difficult>
    <robndbox>
      <cx>959.5976</cx>
      <cy>684.8171</cy>
      <w>381.0</w>
      <h>95.0</h>
      <angle>3.101593</angle>
    </robndbox>
  </object>
  <object>
    <type>robndbox</type>
    <name>burning</name>
    <pose>Unspecified</pose>
    <truncated>0</truncated>
    <difficult>0</difficult>
    <robndbox>
      <cx>1560.9891</cx>
      <cy>657.05</cy>
      <w>661.427</w>
      <h>87.2666</h>
      <angle>3.091593</angle>
    </robndbox>
  </object>
  <object>
    <type>robndbox</type>
    <name>in</name>
    <pose>Unspecified</pose>
    <truncated>0</truncated>
    <difficult>0</difficult>
    <robndbox>
      <cx>906.3589</cx>
      <cy>832.8871</cy>
      <w>244.2047</w>
      <h>137.2041</h>
      <angle>3.101593</angle>
    </robndbox>
  </object>
  <object>
    <type>robndbox</type>
    <name>you</name>
    <pose>Unspecified</pose>
    <truncated>0</truncated>
    <difficult>0</difficult>
    <robndbox>
      <cx>1414.0976</cx>
      <cy>806.8171</cy>
      <w>524.0</w>
      <h>129.0</h>
      <angle>3.101593</angle>
    </robndbox>
  </object>
</annotation>
