<annotation verified="no">
  <folder>e1UUAhZ3JzM</folder>
  <filename>02_frame_01441</filename>
  <path>/Users/KengoAraki/Desktop/&#33618;&#26408;/annotation/e1UUAhZ3JzM/02_frame_01441.jpg</path>
  <source>
    <database>Unknown</database>
  </source>
  <size>
    <width>1920</width>
    <height>1080</height>
    <depth>3</depth>
  </size>
  <segmented>0</segmented>
  <object>
    <type>robndbox</type>
    <name>you</name>
    <pose>Unspecified</pose>
    <truncated>0</truncated>
    <difficult>0</difficult>
    <robndbox>
      <cx>476.5082</cx>
      <cy>486.0</cy>
      <w>174.0</w>
      <h>86.0</h>
      <angle>0.0</angle>
    </robndbox>
  </object>
  <object>
    <type>robndbox</type>
    <name>wait</name>
    <pose>Unspecified</pose>
    <truncated>0</truncated>
    <difficult>0</difficult>
    <robndbox>
      <cx>711.5082</cx>
      <cy>482.0</cy>
      <w>248.0</w>
      <h>80.0</h>
      <angle>0.0</angle>
    </robndbox>
  </object>
  <object>
    <type>robndbox</type>
    <name>and</name>
    <pose>Unspecified</pose>
    <truncated>0</truncated>
    <difficult>0</difficult>
    <robndbox>
      <cx>346.5082</cx>
      <cy>579.5</cy>
      <w>170.0</w>
      <h>77.0</h>
      <angle>0.0</angle>
    </robndbox>
  </object>
  <object>
    <type>robndbox</type>
    <name>hoping</name>
    <pose>Unspecified</pose>
    <truncated>0</truncated>
    <difficult>0</difficult>
    <robndbox>
      <cx>660.0082</cx>
      <cy>582.0</cy>
      <w>403.0</w>
      <h>90.0</h>
      <angle>0.0</angle>
    </robndbox>
  </object>
  <object>
    <type>robndbox</type>
    <name>it</name>
    <pose>Unspecified</pose>
    <truncated>0</truncated>
    <difficult>0</difficult>
    <robndbox>
      <cx>973.5082</cx>
      <cy>580.0</cy>
      <w>128.0</w>
      <h>100.0</h>
      <angle>0.0</angle>
    </robndbox>
  </object>
  <object>
    <type>robndbox</type>
    <name>would</name>
    <pose>Unspecified</pose>
    <truncated>0</truncated>
    <difficult>0</difficult>
    <robndbox>
      <cx>301.0082</cx>
      <cy>660.0</cy>
      <w>227.0</w>
      <h>72.0</h>
      <angle>0.0</angle>
    </robndbox>
  </object>
  <object>
    <type>robndbox</type>
    <name>call</name>
    <pose>Unspecified</pose>
    <truncated>0</truncated>
    <difficult>0</difficult>
    <robndbox>
      <cx>540.5082</cx>
      <cy>676.5</cy>
      <w>200.0</w>
      <h>77.0</h>
      <angle>0.0</angle>
    </robndbox>
  </object>
  <object>
    <type>robndbox</type>
    <name>out</name>
    <pose>Unspecified</pose>
    <truncated>0</truncated>
    <difficult>0</difficult>
    <robndbox>
      <cx>766.5082</cx>
      <cy>689.0</cy>
      <w>200.0</w>
      <h>88.0</h>
      <angle>0.02</angle>
    </robndbox>
  </object>
  <object>
    <type>robndbox</type>
    <name>again</name>
    <pose>Unspecified</pose>
    <truncated>0</truncated>
    <difficult>0</difficult>
    <robndbox>
      <cx>1099.0082</cx>
      <cy>712.5</cy>
      <w>373.0803</w>
      <h>87.7559</h>
      <angle>0.05</angle>
    </robndbox>
  </object>
</annotation>
