<annotation verified="no">
  <folder>e1UUAhZ3JzM</folder>
  <filename>09_frame_01009</filename>
  <path>/Users/KengoAraki/Desktop/&#33618;&#26408;/annotation/e1UUAhZ3JzM/09_frame_01009.jpg</path>
  <source>
    <database>Unknown</database>
  </source>
  <size>
    <width>1920</width>
    <height>1080</height>
    <depth>3</depth>
  </size>
  <segmented>0</segmented>
  <object>
    <type>robndbox</type>
    <name>a</name>
    <pose>Unspecified</pose>
    <truncated>0</truncated>
    <difficult>0</difficult>
    <robndbox>
      <cx>965.0082</cx>
      <cy>887.5</cy>
      <w>69.0</w>
      <h>55.0</h>
      <angle>0.0</angle>
    </robndbox>
  </object>
  <object>
    <type>robndbox</type>
    <name>clear</name>
    <pose>Unspecified</pose>
    <truncated>0</truncated>
    <difficult>0</difficult>
    <robndbox>
      <cx>1180.0082</cx>
      <cy>890.0</cy>
      <w>279.0</w>
      <h>54.0</h>
      <angle>0.0</angle>
    </robndbox>
  </object>
  <object>
    <type>robndbox</type>
    <name>reminder</name>
    <pose>Unspecified</pose>
    <truncated>0</truncated>
    <difficult>0</difficult>
    <robndbox>
      <cx>1587.5082</cx>
      <cy>889.0</cy>
      <w>456.0</w>
      <h>56.0</h>
      <angle>0.0</angle>
    </robndbox>
  </object>
  <object>
    <type>robndbox</type>
    <name>of</name>
    <pose>Unspecified</pose>
    <truncated>0</truncated>
    <difficult>0</difficult>
    <robndbox>
      <cx>751.0082</cx>
      <cy>942.5</cy>
      <w>163.0</w>
      <h>41.0</h>
      <angle>0.0</angle>
    </robndbox>
  </object>
  <object>
    <type>robndbox</type>
    <name>how</name>
    <pose>Unspecified</pose>
    <truncated>0</truncated>
    <difficult>0</difficult>
    <robndbox>
      <cx>1033.5082</cx>
      <cy>943.0</cy>
      <w>272.0</w>
      <h>36.0</h>
      <angle>0.0</angle>
    </robndbox>
  </object>
  <object>
    <type>robndbox</type>
    <name>it</name>
    <pose>Unspecified</pose>
    <truncated>0</truncated>
    <difficult>0</difficult>
    <robndbox>
      <cx>1285.5082</cx>
      <cy>944.0</cy>
      <w>110.0</w>
      <h>34.0</h>
      <angle>0.0</angle>
    </robndbox>
  </object>
  <object>
    <type>robndbox</type>
    <name>began</name>
    <pose>Unspecified</pose>
    <truncated>0</truncated>
    <difficult>0</difficult>
    <robndbox>
      <cx>1605.0082</cx>
      <cy>943.0</cy>
      <w>409.0</w>
      <h>36.0</h>
      <angle>0.0</angle>
    </robndbox>
  </object>
</annotation>
