<annotation verified="no">
  <folder>e1UUAhZ3JzM</folder>
  <filename>06_frame_01225</filename>
  <path>/Users/KengoAraki/Desktop/&#33618;&#26408;/annotation/e1UUAhZ3JzM/06_frame_01225.jpg</path>
  <source>
    <database>Unknown</database>
  </source>
  <size>
    <width>1920</width>
    <height>1080</height>
    <depth>3</depth>
  </size>
  <segmented>0</segmented>
  <object>
    <type>robndbox</type>
    <name>you</name>
    <pose>Unspecified</pose>
    <truncated>0</truncated>
    <difficult>0</difficult>
    <robndbox>
      <cx>374.0082</cx>
      <cy>605.0</cy>
      <w>252.4352</w>
      <h>80.3583</h>
      <angle>3.021593</angle>
    </robndbox>
  </object>
  <object>
    <type>robndbox</type>
    <name>heard</name>
    <pose>Unspecified</pose>
    <truncated>0</truncated>
    <difficult>0</difficult>
    <robndbox>
      <cx>753.1984</cx>
      <cy>550.1314</cy>
      <w>411.1954</w>
      <h>75.6232</h>
      <angle>3.001593</angle>
    </robndbox>
  </object>
  <object>
    <type>robndbox</type>
    <name>the</name>
    <pose>Unspecified</pose>
    <truncated>0</truncated>
    <difficult>0</difficult>
    <robndbox>
      <cx>331.2606</cx>
      <cy>712.3133</cy>
      <w>381.4861</w>
      <h>105.6408</h>
      <angle>3.001593</angle>
    </robndbox>
  </object>
  <object>
    <type>robndbox</type>
    <name>call</name>
    <pose>Unspecified</pose>
    <truncated>0</truncated>
    <difficult>0</difficult>
    <robndbox>
      <cx>855.5082</cx>
      <cy>632.5</cy>
      <w>484.0</w>
      <h>105.0</h>
      <angle>2.991593</angle>
    </robndbox>
  </object>
  <object>
    <type>robndbox</type>
    <name>as</name>
    <pose>Unspecified</pose>
    <truncated>0</truncated>
    <difficult>0</difficult>
    <robndbox>
      <cx>275.0082</cx>
      <cy>819.0</cy>
      <w>103.0</w>
      <h>48.0</h>
      <angle>3.001593</angle>
    </robndbox>
  </object>
  <object>
    <type>robndbox</type>
    <name>you</name>
    <pose>Unspecified</pose>
    <truncated>0</truncated>
    <difficult>0</difficult>
    <robndbox>
      <cx>425.2452</cx>
      <cy>797.9874</cy>
      <w>153.6223</w>
      <h>45.9114</h>
      <angle>3.001593</angle>
    </robndbox>
  </object>
  <object>
    <type>robndbox</type>
    <name>walked</name>
    <pose>Unspecified</pose>
    <truncated>0</truncated>
    <difficult>0</difficult>
    <robndbox>
      <cx>672.5463</cx>
      <cy>758.0015</cy>
      <w>297.4307</w>
      <h>52.0479</h>
      <angle>2.981593</angle>
    </robndbox>
  </object>
  <object>
    <type>robndbox</type>
    <name>away</name>
    <pose>Unspecified</pose>
    <truncated>0</truncated>
    <difficult>0</difficult>
    <robndbox>
      <cx>948.0082</cx>
      <cy>717.0</cy>
      <w>189.0</w>
      <h>56.0</h>
      <angle>3.001593</angle>
    </robndbox>
  </object>
</annotation>
