<annotation verified="no">
  <folder>e1UUAhZ3JzM</folder>
  <filename>01_frame_01297</filename>
  <path>/Users/KengoAraki/Desktop/&#33618;&#26408;/annotation/e1UUAhZ3JzM/01_frame_01297.jpg</path>
  <source>
    <database>Unknown</database>
  </source>
  <size>
    <width>1920</width>
    <height>1080</height>
    <depth>3</depth>
  </size>
  <segmented>0</segmented>
  <object>
    <type>robndbox</type>
    <name>a</name>
    <pose>Unspecified</pose>
    <truncated>0</truncated>
    <difficult>0</difficult>
    <robndbox>
      <cx>60.0082</cx>
      <cy>739.0</cy>
      <w>95.0</w>
      <h>80.0</h>
      <angle>2.901593</angle>
    </robndbox>
  </object>
  <object>
    <type>robndbox</type>
    <name>voice</name>
    <pose>Unspecified</pose>
    <truncated>0</truncated>
    <difficult>0</difficult>
    <robndbox>
      <cx>298.5925</cx>
      <cy>666.8676</cy>
      <w>344.1196</w>
      <h>75.5792</h>
      <angle>2.861593</angle>
    </robndbox>
  </object>
  <object>
    <type>robndbox</type>
    <name>of</name>
    <pose>Unspecified</pose>
    <truncated>0</truncated>
    <difficult>0</difficult>
    <robndbox>
      <cx>568.3715</cx>
      <cy>577.029</cy>
      <w>160.1681</w>
      <h>69.1867</h>
      <angle>2.821593</angle>
    </robndbox>
  </object>
  <object>
    <type>robndbox</type>
    <name>calm</name>
    <pose>Unspecified</pose>
    <truncated>0</truncated>
    <difficult>0</difficult>
    <robndbox>
      <cx>820.3414</cx>
      <cy>502.1375</cy>
      <w>304.3044</w>
      <h>75.7293</h>
      <angle>2.841593</angle>
    </robndbox>
  </object>
  <object>
    <type>robndbox</type>
    <name>from</name>
    <pose>Unspecified</pose>
    <truncated>0</truncated>
    <difficult>0</difficult>
    <robndbox>
      <cx>421.4352</cx>
      <cy>707.1742</cy>
      <w>307.8786</w>
      <h>72.2459</h>
      <angle>2.861593</angle>
    </robndbox>
  </object>
  <object>
    <type>robndbox</type>
    <name>within</name>
    <pose>Unspecified</pose>
    <truncated>0</truncated>
    <difficult>0</difficult>
    <robndbox>
      <cx>793.6596</cx>
      <cy>591.7684</cy>
      <w>398.9862</w>
      <h>69.4747</h>
      <angle>2.841593</angle>
    </robndbox>
  </object>
  <object>
    <type>robndbox</type>
    <name>the</name>
    <pose>Unspecified</pose>
    <truncated>0</truncated>
    <difficult>0</difficult>
    <robndbox>
      <cx>482.5908</cx>
      <cy>771.2276</cy>
      <w>211.3992</w>
      <h>60.315</h>
      <angle>2.861593</angle>
    </robndbox>
  </object>
  <object>
    <type>robndbox</type>
    <name>silence</name>
    <pose>Unspecified</pose>
    <truncated>0</truncated>
    <difficult>0</difficult>
    <robndbox>
      <cx>808.0023</cx>
      <cy>668.0357</cy>
      <w>422.526</w>
      <h>63.398</h>
      <angle>2.851593</angle>
    </robndbox>
  </object>
</annotation>
