<annotation verified="no">
  <folder>e1UUAhZ3JzM</folder>
  <filename>08_frame_03025</filename>
  <path>/Users/KengoAraki/Desktop/&#33618;&#26408;/annotation/e1UUAhZ3JzM/08_frame_03025.jpg</path>
  <source>
    <database>Unknown</database>
  </source>
  <size>
    <width>1920</width>
    <height>1080</height>
    <depth>3</depth>
  </size>
  <segmented>0</segmented>
  <object>
    <type>robndbox</type>
    <name>so</name>
    <pose>Unspecified</pose>
    <truncated>0</truncated>
    <difficult>0</difficult>
    <robndbox>
      <cx>384.0082</cx>
      <cy>490.0</cy>
      <w>189.0</w>
      <h>86.0</h>
      <angle>0.0</angle>
    </robndbox>
  </object>
  <object>
    <type>robndbox</type>
    <name>that</name>
    <pose>Unspecified</pose>
    <truncated>0</truncated>
    <difficult>0</difficult>
    <robndbox>
      <cx>712.5082</cx>
      <cy>496.5</cy>
      <w>332.0</w>
      <h>77.0</h>
      <angle>0.0</angle>
    </robndbox>
  </object>
  <object>
    <type>robndbox</type>
    <name>the</name>
    <pose>Unspecified</pose>
    <truncated>0</truncated>
    <difficult>0</difficult>
    <robndbox>
      <cx>1070.5082</cx>
      <cy>497.5</cy>
      <w>254.0</w>
      <h>79.0</h>
      <angle>0.0</angle>
    </robndbox>
  </object>
  <object>
    <type>robndbox</type>
    <name>door</name>
    <pose>Unspecified</pose>
    <truncated>0</truncated>
    <difficult>0</difficult>
    <robndbox>
      <cx>1458.5082</cx>
      <cy>496.0</cy>
      <w>374.0</w>
      <h>82.0</h>
      <angle>0.0</angle>
    </robndbox>
  </object>
  <object>
    <type>robndbox</type>
    <name>can</name>
    <pose>Unspecified</pose>
    <truncated>0</truncated>
    <difficult>0</difficult>
    <robndbox>
      <cx>397.0082</cx>
      <cy>574.5</cy>
      <w>241.0</w>
      <h>65.0</h>
      <angle>0.0</angle>
    </robndbox>
  </object>
  <object>
    <type>robndbox</type>
    <name>be</name>
    <pose>Unspecified</pose>
    <truncated>0</truncated>
    <difficult>0</difficult>
    <robndbox>
      <cx>642.5082</cx>
      <cy>575.0</cy>
      <w>146.0</w>
      <h>64.0</h>
      <angle>0.0</angle>
    </robndbox>
  </object>
  <object>
    <type>robndbox</type>
    <name>opened</name>
    <pose>Unspecified</pose>
    <truncated>0</truncated>
    <difficult>0</difficult>
    <robndbox>
      <cx>1009.0082</cx>
      <cy>576.0</cy>
      <w>465.0</w>
      <h>68.0</h>
      <angle>0.0</angle>
    </robndbox>
  </object>
  <object>
    <type>robndbox</type>
    <name>again</name>
    <pose>Unspecified</pose>
    <truncated>0</truncated>
    <difficult>0</difficult>
    <robndbox>
      <cx>1474.0082</cx>
      <cy>575.0</cy>
      <w>353.0</w>
      <h>64.0</h>
      <angle>0.0</angle>
    </robndbox>
  </object>
</annotation>
