<annotation verified="no">
  <folder>E5kJDWQSBUk</folder>
  <filename>09_frame_04177</filename>
  <path>/home/mitsuo/roLabelImg-master/&#28288;&#23614;/annotation/E5kJDWQSBUk/09_frame_04177.jpg</path>
  <source>
    <database>Unknown</database>
  </source>
  <size>
    <width>1920</width>
    <height>1080</height>
    <depth>3</depth>
  </size>
  <segmented>0</segmented>
  <object>
    <type>bndbox</type>
    <name>a</name>
    <pose>Unspecified</pose>
    <truncated>0</truncated>
    <difficult>0</difficult>
    <bndbox>
      <xmin>302</xmin>
      <ymin>821</ymin>
      <xmax>386</xmax>
      <ymax>897</ymax>
    </bndbox>
  </object>
  <object>
    <type>bndbox</type>
    <name>knock</name>
    <pose>Unspecified</pose>
    <truncated>0</truncated>
    <difficult>0</difficult>
    <bndbox>
      <xmin>418</xmin>
      <ymin>809</ymin>
      <xmax>787</xmax>
      <ymax>899</ymax>
    </bndbox>
  </object>
  <object>
    <type>bndbox</type>
    <name>dun</name>
    <pose>Unspecified</pose>
    <truncated>0</truncated>
    <difficult>0</difficult>
    <bndbox>
      <xmin>822</xmin>
      <ymin>805</ymin>
      <xmax>1050</xmax>
      <ymax>897</ymax>
    </bndbox>
  </object>
  <object>
    <type>bndbox</type>
    <name>di</name>
    <pose>Unspecified</pose>
    <truncated>0</truncated>
    <difficult>0</difficult>
    <bndbox>
      <xmin>1102</xmin>
      <ymin>805</ymin>
      <xmax>1237</xmax>
      <ymax>893</ymax>
    </bndbox>
  </object>
  <object>
    <type>bndbox</type>
    <name>place</name>
    <pose>Unspecified</pose>
    <truncated>0</truncated>
    <difficult>0</difficult>
    <bndbox>
      <xmin>1275</xmin>
      <ymin>815</ymin>
      <xmax>1614</xmax>
      <ymax>893</ymax>
    </bndbox>
  </object>
</annotation>
