<annotation verified="no">
  <folder>E5kJDWQSBUk</folder>
  <filename>03_frame_00361</filename>
  <path>/home/mitsuo/roLabelImg-master/&#28288;&#23614;/annotation/E5kJDWQSBUk/03_frame_00361.jpg</path>
  <source>
    <database>Unknown</database>
  </source>
  <size>
    <width>1920</width>
    <height>1080</height>
    <depth>3</depth>
  </size>
  <segmented>0</segmented>
  <object>
    <type>bndbox</type>
    <name>now</name>
    <pose>Unspecified</pose>
    <truncated>0</truncated>
    <difficult>0</difficult>
    <bndbox>
      <xmin>547</xmin>
      <ymin>449</ymin>
      <xmax>817</xmax>
      <ymax>527</ymax>
    </bndbox>
  </object>
  <object>
    <type>bndbox</type>
    <name>in</name>
    <pose>Unspecified</pose>
    <truncated>0</truncated>
    <difficult>0</difficult>
    <bndbox>
      <xmin>857</xmin>
      <ymin>449</ymin>
      <xmax>970</xmax>
      <ymax>529</ymax>
    </bndbox>
  </object>
  <object>
    <type>bndbox</type>
    <name>comes</name>
    <pose>Unspecified</pose>
    <truncated>0</truncated>
    <difficult>0</difficult>
    <bndbox>
      <xmin>1001</xmin>
      <ymin>448</ymin>
      <xmax>1383</xmax>
      <ymax>531</ymax>
    </bndbox>
  </object>
  <object>
    <type>bndbox</type>
    <name>di</name>
    <pose>Unspecified</pose>
    <truncated>0</truncated>
    <difficult>0</difficult>
    <bndbox>
      <xmin>491</xmin>
      <ymin>559</ymin>
      <xmax>626</xmax>
      <ymax>640</ymax>
    </bndbox>
  </object>
  <object>
    <type>bndbox</type>
    <name>ting</name>
    <pose>Unspecified</pose>
    <truncated>0</truncated>
    <difficult>0</difficult>
    <bndbox>
      <xmin>671</xmin>
      <ymin>555</ymin>
      <xmax>943</xmax>
      <ymax>639</ymax>
    </bndbox>
  </object>
  <object>
    <type>bndbox</type>
    <name>called</name>
    <pose>Unspecified</pose>
    <truncated>0</truncated>
    <difficult>0</difficult>
    <bndbox>
      <xmin>982</xmin>
      <ymin>552</ymin>
      <xmax>1438</xmax>
      <ymax>641</ymax>
    </bndbox>
  </object>
</annotation>
