<annotation verified="no">
  <folder>E5kJDWQSBUk</folder>
  <filename>00_frame_01369</filename>
  <path>/home/mitsuo/roLabelImg-master/&#28288;&#23614;/annotation/E5kJDWQSBUk/00_frame_01369.jpg</path>
  <source>
    <database>Unknown</database>
  </source>
  <size>
    <width>1920</width>
    <height>1080</height>
    <depth>3</depth>
  </size>
  <segmented>0</segmented>
  <object>
    <type>bndbox</type>
    <name>and</name>
    <pose>Unspecified</pose>
    <truncated>0</truncated>
    <difficult>0</difficult>
    <bndbox>
      <xmin>755</xmin>
      <ymin>401</ymin>
      <xmax>865</xmax>
      <ymax>443</ymax>
    </bndbox>
  </object>
  <object>
    <type>bndbox</type>
    <name>make</name>
    <pose>Unspecified</pose>
    <truncated>0</truncated>
    <difficult>0</difficult>
    <bndbox>
      <xmin>878</xmin>
      <ymin>385</ymin>
      <xmax>1017</xmax>
      <ymax>433</ymax>
    </bndbox>
  </object>
  <object>
    <type>bndbox</type>
    <name>your</name>
    <pose>Unspecified</pose>
    <truncated>0</truncated>
    <difficult>0</difficult>
    <bndbox>
      <xmin>1030</xmin>
      <ymin>376</ymin>
      <xmax>1170</xmax>
      <ymax>425</ymax>
    </bndbox>
  </object>
  <object>
    <type>bndbox</type>
    <name>a</name>
    <pose>Unspecified</pose>
    <truncated>0</truncated>
    <difficult>0</difficult>
    <bndbox>
      <xmin>337</xmin>
      <ymin>781</ymin>
      <xmax>486</xmax>
      <ymax>915</ymax>
    </bndbox>
  </object>
  <object>
    <type>bndbox</type>
    <name>major</name>
    <pose>Unspecified</pose>
    <truncated>0</truncated>
    <difficult>0</difficult>
    <bndbox>
      <xmin>547</xmin>
      <ymin>747</ymin>
      <xmax>1046</xmax>
      <ymax>917</ymax>
    </bndbox>
  </object>
  <object>
    <type>bndbox</type>
    <name>lazer</name>
    <pose>Unspecified</pose>
    <truncated>0</truncated>
    <difficult>0</difficult>
    <bndbox>
      <xmin>1106</xmin>
      <ymin>755</ymin>
      <xmax>1585</xmax>
      <ymax>935</ymax>
    </bndbox>
  </object>
  <object>
    <type>robndbox</type>
    <name>sound</name>
    <pose>Unspecified</pose>
    <truncated>0</truncated>
    <difficult>0</difficult>
    <robndbox>
      <cx>960.8993</cx>
      <cy>519.1255</cy>
      <w>399.5848</w>
      <h>146.3721</h>
      <angle>3.041593</angle>
    </robndbox>
  </object>
  <object>
    <type>robndbox</type>
    <name>play</name>
    <pose>Unspecified</pose>
    <truncated>0</truncated>
    <difficult>0</difficult>
    <robndbox>
      <cx>830.5992</cx>
      <cy>648.1389</cy>
      <w>240.598</w>
      <h>82.1128</h>
      <angle>3.041593</angle>
    </robndbox>
  </object>
  <object>
    <type>robndbox</type>
    <name>nice</name>
    <pose>Unspecified</pose>
    <truncated>0</truncated>
    <difficult>0</difficult>
    <robndbox>
      <cx>1100.01</cx>
      <cy>623.354</cy>
      <w>218.4394</w>
      <h>76.3049</h>
      <angle>3.091593</angle>
    </robndbox>
  </object>
</annotation>
