<annotation verified="no">
  <folder>E5kJDWQSBUk</folder>
  <filename>07_frame_01441</filename>
  <path>/home/mitsuo/roLabelImg-master/&#28288;&#23614;/annotation/E5kJDWQSBUk/07_frame_01441.jpg</path>
  <source>
    <database>Unknown</database>
  </source>
  <size>
    <width>1920</width>
    <height>1080</height>
    <depth>3</depth>
  </size>
  <segmented>0</segmented>
  <object>
    <type>bndbox</type>
    <name>a</name>
    <pose>Unspecified</pose>
    <truncated>0</truncated>
    <difficult>0</difficult>
    <bndbox>
      <xmin>331</xmin>
      <ymin>507</ymin>
      <xmax>411</xmax>
      <ymax>580</ymax>
    </bndbox>
  </object>
  <object>
    <type>bndbox</type>
    <name>knock</name>
    <pose>Unspecified</pose>
    <truncated>0</truncated>
    <difficult>0</difficult>
    <bndbox>
      <xmin>447</xmin>
      <ymin>496</ymin>
      <xmax>795</xmax>
      <ymax>577</ymax>
    </bndbox>
  </object>
  <object>
    <type>bndbox</type>
    <name>dun</name>
    <pose>Unspecified</pose>
    <truncated>0</truncated>
    <difficult>0</difficult>
    <bndbox>
      <xmin>827</xmin>
      <ymin>492</ymin>
      <xmax>1049</xmax>
      <ymax>579</ymax>
    </bndbox>
  </object>
  <object>
    <type>bndbox</type>
    <name>di</name>
    <pose>Unspecified</pose>
    <truncated>0</truncated>
    <difficult>0</difficult>
    <bndbox>
      <xmin>1097</xmin>
      <ymin>489</ymin>
      <xmax>1225</xmax>
      <ymax>575</ymax>
    </bndbox>
  </object>
  <object>
    <type>bndbox</type>
    <name>place</name>
    <pose>Unspecified</pose>
    <truncated>0</truncated>
    <difficult>0</difficult>
    <bndbox>
      <xmin>1258</xmin>
      <ymin>499</ymin>
      <xmax>1586</xmax>
      <ymax>576</ymax>
    </bndbox>
  </object>
</annotation>
