<annotation verified="no">
  <folder>E5kJDWQSBUk</folder>
  <filename>08_frame_02665</filename>
  <path>/home/mitsuo/roLabelImg-master/&#28288;&#23614;/annotation/E5kJDWQSBUk/08_frame_02665.jpg</path>
  <source>
    <database>Unknown</database>
  </source>
  <size>
    <width>1920</width>
    <height>1080</height>
    <depth>3</depth>
  </size>
  <segmented>0</segmented>
  <object>
    <type>bndbox</type>
    <name>a</name>
    <pose>Unspecified</pose>
    <truncated>0</truncated>
    <difficult>0</difficult>
    <bndbox>
      <xmin>329</xmin>
      <ymin>505</ymin>
      <xmax>409</xmax>
      <ymax>579</ymax>
    </bndbox>
  </object>
  <object>
    <type>bndbox</type>
    <name>knock</name>
    <pose>Unspecified</pose>
    <truncated>0</truncated>
    <difficult>0</difficult>
    <bndbox>
      <xmin>438</xmin>
      <ymin>493</ymin>
      <xmax>799</xmax>
      <ymax>579</ymax>
    </bndbox>
  </object>
  <object>
    <type>bndbox</type>
    <name>dun</name>
    <pose>Unspecified</pose>
    <truncated>0</truncated>
    <difficult>0</difficult>
    <bndbox>
      <xmin>826</xmin>
      <ymin>493</ymin>
      <xmax>1057</xmax>
      <ymax>579</ymax>
    </bndbox>
  </object>
  <object>
    <type>bndbox</type>
    <name>di</name>
    <pose>Unspecified</pose>
    <truncated>0</truncated>
    <difficult>0</difficult>
    <bndbox>
      <xmin>1095</xmin>
      <ymin>491</ymin>
      <xmax>1233</xmax>
      <ymax>576</ymax>
    </bndbox>
  </object>
  <object>
    <type>bndbox</type>
    <name>place</name>
    <pose>Unspecified</pose>
    <truncated>0</truncated>
    <difficult>0</difficult>
    <bndbox>
      <xmin>1262</xmin>
      <ymin>497</ymin>
      <xmax>1593</xmax>
      <ymax>576</ymax>
    </bndbox>
  </object>
</annotation>
