<annotation verified="no">
  <folder>E5kJDWQSBUk</folder>
  <filename>05_frame_00433</filename>
  <path>/home/mitsuo/roLabelImg-master/&#28288;&#23614;/annotation/E5kJDWQSBUk/05_frame_00433.jpg</path>
  <source>
    <database>Unknown</database>
  </source>
  <size>
    <width>1920</width>
    <height>1080</height>
    <depth>3</depth>
  </size>
  <segmented>0</segmented>
  <object>
    <type>bndbox</type>
    <name>number</name>
    <pose>Unspecified</pose>
    <truncated>0</truncated>
    <difficult>0</difficult>
    <bndbox>
      <xmin>267</xmin>
      <ymin>351</ymin>
      <xmax>733</xmax>
      <ymax>501</ymax>
    </bndbox>
  </object>
  <object>
    <type>bndbox</type>
    <name>one</name>
    <pose>Unspecified</pose>
    <truncated>0</truncated>
    <difficult>0</difficult>
    <bndbox>
      <xmin>766</xmin>
      <ymin>348</ymin>
      <xmax>1098</xmax>
      <ymax>481</ymax>
    </bndbox>
  </object>
  <object>
    <type>bndbox</type>
    <name>sound</name>
    <pose>Unspecified</pose>
    <truncated>0</truncated>
    <difficult>0</difficult>
    <bndbox>
      <xmin>1155</xmin>
      <ymin>367</ymin>
      <xmax>1571</xmax>
      <ymax>461</ymax>
    </bndbox>
  </object>
  <object>
    <type>bndbox</type>
    <name>inna</name>
    <pose>Unspecified</pose>
    <truncated>0</truncated>
    <difficult>0</difficult>
    <bndbox>
      <xmin>509</xmin>
      <ymin>556</ymin>
      <xmax>855</xmax>
      <ymax>663</ymax>
    </bndbox>
  </object>
  <object>
    <type>bndbox</type>
    <name>dancehall</name>
    <pose>Unspecified</pose>
    <truncated>0</truncated>
    <difficult>0</difficult>
    <bndbox>
      <xmin>882</xmin>
      <ymin>516</ymin>
      <xmax>1486</xmax>
      <ymax>701</ymax>
    </bndbox>
  </object>
</annotation>
