<annotation verified="no">
  <folder>E5kJDWQSBUk</folder>
  <filename>01_frame_03313</filename>
  <path>/home/mitsuo/roLabelImg-master/&#28288;&#23614;/annotation/E5kJDWQSBUk/01_frame_03313.jpg</path>
  <source>
    <database>Unknown</database>
  </source>
  <size>
    <width>1920</width>
    <height>1080</height>
    <depth>3</depth>
  </size>
  <segmented>0</segmented>
  <object>
    <type>bndbox</type>
    <name>i</name>
    <pose>Unspecified</pose>
    <truncated>0</truncated>
    <difficult>0</difficult>
    <bndbox>
      <xmin>566</xmin>
      <ymin>301</ymin>
      <xmax>611</xmax>
      <ymax>368</ymax>
    </bndbox>
  </object>
  <object>
    <type>bndbox</type>
    <name>see</name>
    <pose>Unspecified</pose>
    <truncated>0</truncated>
    <difficult>0</difficult>
    <bndbox>
      <xmin>639</xmin>
      <ymin>304</ymin>
      <xmax>783</xmax>
      <ymax>364</ymax>
    </bndbox>
  </object>
  <object>
    <type>bndbox</type>
    <name>di</name>
    <pose>Unspecified</pose>
    <truncated>0</truncated>
    <difficult>0</difficult>
    <bndbox>
      <xmin>797</xmin>
      <ymin>307</ymin>
      <xmax>889</xmax>
      <ymax>368</ymax>
    </bndbox>
  </object>
  <object>
    <type>bndbox</type>
    <name>fear</name>
    <pose>Unspecified</pose>
    <truncated>0</truncated>
    <difficult>0</difficult>
    <bndbox>
      <xmin>489</xmin>
      <ymin>379</ymin>
      <xmax>957</xmax>
      <ymax>557</ymax>
    </bndbox>
  </object>
  <object>
    <type>bndbox</type>
    <name>in</name>
    <pose>Unspecified</pose>
    <truncated>0</truncated>
    <difficult>0</difficult>
    <bndbox>
      <xmin>967</xmin>
      <ymin>452</ymin>
      <xmax>1102</xmax>
      <ymax>547</ymax>
    </bndbox>
  </object>
  <object>
    <type>bndbox</type>
    <name>a</name>
    <pose>Unspecified</pose>
    <truncated>0</truncated>
    <difficult>0</difficult>
    <bndbox>
      <xmin>1133</xmin>
      <ymin>451</ymin>
      <xmax>1207</xmax>
      <ymax>541</ymax>
    </bndbox>
  </object>
  <object>
    <type>bndbox</type>
    <name>ya</name>
    <pose>Unspecified</pose>
    <truncated>0</truncated>
    <difficult>0</difficult>
    <bndbox>
      <xmin>1246</xmin>
      <ymin>460</ymin>
      <xmax>1381</xmax>
      <ymax>551</ymax>
    </bndbox>
  </object>
  <object>
    <type>bndbox</type>
    <name>eyes</name>
    <pose>Unspecified</pose>
    <truncated>0</truncated>
    <difficult>0</difficult>
    <bndbox>
      <xmin>1131</xmin>
      <ymin>655</ymin>
      <xmax>1193</xmax>
      <ymax>680</ymax>
    </bndbox>
  </object>
</annotation>
