<annotation verified="no">
  <folder>rn9AQoI7mYU</folder>
  <filename>09_frame_00793</filename>
  <path>/Users/KengoAraki/Desktop/annotation_&#32210;&#32396;/annotation/rn9AQoI7mYU/09_frame_00793.jpg</path>
  <source>
    <database>Unknown</database>
  </source>
  <size>
    <width>1920</width>
    <height>1080</height>
    <depth>3</depth>
  </size>
  <segmented>0</segmented>
  <object>
    <type>robndbox</type>
    <name>we</name>
    <pose>Unspecified</pose>
    <truncated>0</truncated>
    <difficult>0</difficult>
    <robndbox>
      <cx>612.1057</cx>
      <cy>436.405</cy>
      <w>519.3811</w>
      <h>262.8646</h>
      <angle>2.941593</angle>
    </robndbox>
  </object>
  <object>
    <type>robndbox</type>
    <name>need</name>
    <pose>Unspecified</pose>
    <truncated>0</truncated>
    <difficult>0</difficult>
    <robndbox>
      <cx>1213.6211</cx>
      <cy>399.3805</cy>
      <w>750.8943</w>
      <h>269.6216</h>
      <angle>3.041593</angle>
    </robndbox>
  </object>
  <object>
    <type>robndbox</type>
    <name>someone</name>
    <pose>Unspecified</pose>
    <truncated>0</truncated>
    <difficult>0</difficult>
    <robndbox>
      <cx>914.7779</cx>
      <cy>685.9029</cy>
      <w>498.2813</w>
      <h>106.6112</h>
      <angle>3.021593</angle>
    </robndbox>
  </object>
</annotation>
