<annotation verified="no">
  <folder>rn9AQoI7mYU</folder>
  <filename>04_frame_03745</filename>
  <path>/Users/KengoAraki/Desktop/annotation_&#32210;&#32396;/annotation/rn9AQoI7mYU/04_frame_03745.jpg</path>
  <source>
    <database>Unknown</database>
  </source>
  <size>
    <width>1920</width>
    <height>1080</height>
    <depth>3</depth>
  </size>
  <segmented>0</segmented>
  <object>
    <type>robndbox</type>
    <name>we</name>
    <pose>Unspecified</pose>
    <truncated>0</truncated>
    <difficult>0</difficult>
    <robndbox>
      <cx>617.5474</cx>
      <cy>446.9596</cy>
      <w>514.5577</w>
      <h>261.4454</h>
      <angle>2.951593</angle>
    </robndbox>
  </object>
  <object>
    <type>robndbox</type>
    <name>need</name>
    <pose>Unspecified</pose>
    <truncated>0</truncated>
    <difficult>0</difficult>
    <robndbox>
      <cx>1214.8559</cx>
      <cy>397.3446</cy>
      <w>753.1376</w>
      <h>272.2783</h>
      <angle>3.031593</angle>
    </robndbox>
  </object>
  <object>
    <type>robndbox</type>
    <name>someone</name>
    <pose>Unspecified</pose>
    <truncated>0</truncated>
    <difficult>0</difficult>
    <robndbox>
      <cx>801.4252</cx>
      <cy>700.9587</cy>
      <w>977.4231</w>
      <h>167.3391</h>
      <angle>3.041593</angle>
    </robndbox>
  </object>
  <object>
    <type>robndbox</type>
    <name>to</name>
    <pose>Unspecified</pose>
    <truncated>0</truncated>
    <difficult>0</difficult>
    <robndbox>
      <cx>1462.0699</cx>
      <cy>628.3163</cy>
      <w>265.9853</w>
      <h>155.5904</h>
      <angle>3.041593</angle>
    </robndbox>
  </object>
</annotation>
