<annotation verified="no">
  <folder>rn9AQoI7mYU</folder>
  <filename>03_frame_01801</filename>
  <path>/Users/KengoAraki/Desktop/annotation_&#32210;&#32396;/annotation/rn9AQoI7mYU/03_frame_01801.jpg</path>
  <source>
    <database>Unknown</database>
  </source>
  <size>
    <width>1920</width>
    <height>1080</height>
    <depth>3</depth>
  </size>
  <segmented>0</segmented>
  <object>
    <type>robndbox</type>
    <name>will</name>
    <pose>Unspecified</pose>
    <truncated>0</truncated>
    <difficult>0</difficult>
    <robndbox>
      <cx>456.5082</cx>
      <cy>387.5</cy>
      <w>292.0</w>
      <h>91.0</h>
      <angle>0.0</angle>
    </robndbox>
  </object>
  <object>
    <type>robndbox</type>
    <name>you</name>
    <pose>Unspecified</pose>
    <truncated>0</truncated>
    <difficult>0</difficult>
    <robndbox>
      <cx>778.0082</cx>
      <cy>385.5</cy>
      <w>255.0</w>
      <h>95.0</h>
      <angle>0.0</angle>
    </robndbox>
  </object>
  <object>
    <type>robndbox</type>
    <name>be</name>
    <pose>Unspecified</pose>
    <truncated>0</truncated>
    <difficult>0</difficult>
    <robndbox>
      <cx>1015.0082</cx>
      <cy>394.5</cy>
      <w>169.0</w>
      <h>87.0</h>
      <angle>0.0</angle>
    </robndbox>
  </object>
  <object>
    <type>robndbox</type>
    <name>there</name>
    <pose>Unspecified</pose>
    <truncated>0</truncated>
    <difficult>0</difficult>
    <robndbox>
      <cx>696.0082</cx>
      <cy>560.5</cy>
      <w>525.0</w>
      <h>189.0</h>
      <angle>0.0</angle>
    </robndbox>
  </object>
</annotation>
