<annotation verified="no">
  <folder>rn9AQoI7mYU</folder>
  <filename>10_frame_00937</filename>
  <path>/Users/KengoAraki/Desktop/annotation_&#32210;&#32396;/annotation/rn9AQoI7mYU/10_frame_00937.jpg</path>
  <source>
    <database>Unknown</database>
  </source>
  <size>
    <width>1920</width>
    <height>1080</height>
    <depth>3</depth>
  </size>
  <segmented>0</segmented>
  <object>
    <type>robndbox</type>
    <name>lean</name>
    <pose>Unspecified</pose>
    <truncated>0</truncated>
    <difficult>0</difficult>
    <robndbox>
      <cx>745.6676</cx>
      <cy>474.4447</cy>
      <w>912.2318</w>
      <h>365.3898</h>
      <angle>3.001593</angle>
    </robndbox>
  </object>
  <object>
    <type>robndbox</type>
    <name>on</name>
    <pose>Unspecified</pose>
    <truncated>0</truncated>
    <difficult>0</difficult>
    <robndbox>
      <cx>773.8249</cx>
      <cy>806.9223</cy>
      <w>493.0137</w>
      <h>240.8678</h>
      <angle>3.021593</angle>
    </robndbox>
  </object>
</annotation>
