<annotation verified="no">
  <folder>rn9AQoI7mYU</folder>
  <filename>06_frame_00361</filename>
  <path>/Users/KengoAraki/Desktop/annotation_&#32210;&#32396;/annotation/rn9AQoI7mYU/06_frame_00361.jpg</path>
  <source>
    <database>Unknown</database>
  </source>
  <size>
    <width>1920</width>
    <height>1080</height>
    <depth>3</depth>
  </size>
  <segmented>0</segmented>
  <object>
    <type>robndbox</type>
    <name>on</name>
    <pose>Unspecified</pose>
    <truncated>0</truncated>
    <difficult>0</difficult>
    <robndbox>
      <cx>557.5082</cx>
      <cy>462.0</cy>
      <w>126.0</w>
      <h>64.0</h>
      <angle>0.0</angle>
    </robndbox>
  </object>
  <object>
    <type>robndbox</type>
    <name>the</name>
    <pose>Unspecified</pose>
    <truncated>0</truncated>
    <difficult>0</difficult>
    <robndbox>
      <cx>727.5082</cx>
      <cy>460.5</cy>
      <w>164.0</w>
      <h>67.0</h>
      <angle>0.0</angle>
    </robndbox>
  </object>
  <object>
    <type>robndbox</type>
    <name>sidewalk</name>
    <pose>Unspecified</pose>
    <truncated>0</truncated>
    <difficult>0</difficult>
    <robndbox>
      <cx>911.4011</cx>
      <cy>551.3129</cy>
      <w>538.1855</w>
      <h>85.4059</h>
      <angle>3.121593</angle>
    </robndbox>
  </object>
</annotation>
