<annotation verified="no">
  <folder>rn9AQoI7mYU</folder>
  <filename>08_frame_00649</filename>
  <path>/Users/KengoAraki/Desktop/annotation_&#32210;&#32396;/annotation/rn9AQoI7mYU/08_frame_00649.jpg</path>
  <source>
    <database>Unknown</database>
  </source>
  <size>
    <width>1920</width>
    <height>1080</height>
    <depth>3</depth>
  </size>
  <segmented>0</segmented>
  <object>
    <type>robndbox</type>
    <name>the</name>
    <pose>Unspecified</pose>
    <truncated>0</truncated>
    <difficult>0</difficult>
    <robndbox>
      <cx>734.0082</cx>
      <cy>555.5</cy>
      <w>243.0</w>
      <h>83.0</h>
      <angle>0.0</angle>
    </robndbox>
  </object>
  <object>
    <type>robndbox</type>
    <name>wind</name>
    <pose>Unspecified</pose>
    <truncated>0</truncated>
    <difficult>0</difficult>
    <robndbox>
      <cx>1064.0082</cx>
      <cy>555.5</cy>
      <w>339.0</w>
      <h>87.0</h>
      <angle>0.0</angle>
    </robndbox>
  </object>
  <object>
    <type>robndbox</type>
    <name>blows</name>
    <pose>Unspecified</pose>
    <truncated>0</truncated>
    <difficult>0</difficult>
    <robndbox>
      <cx>1496.0082</cx>
      <cy>554.5</cy>
      <w>453.0</w>
      <h>89.0</h>
      <angle>0.0</angle>
    </robndbox>
  </object>
</annotation>
