<annotation verified="no">
  <folder>OKThGjhseSk</folder>
  <filename>09_frame_03061</filename>
  <path>/home/baba/Desktop/&#39340;&#22580;/annotation/OKThGjhseSk/09_frame_03061.jpg</path>
  <source>
    <database>Unknown</database>
  </source>
  <size>
    <width>1920</width>
    <height>1080</height>
    <depth>3</depth>
  </size>
  <segmented>0</segmented>
  <object>
    <type>robndbox</type>
    <name>theres</name>
    <pose>Unspecified</pose>
    <truncated>0</truncated>
    <difficult>0</difficult>
    <robndbox>
      <cx>360.908</cx>
      <cy>551.1071</cy>
      <w>267.1458</w>
      <h>200.9674</h>
      <angle>2.961593</angle>
    </robndbox>
  </object>
  <object>
    <type>robndbox</type>
    <name>no</name>
    <pose>Unspecified</pose>
    <truncated>0</truncated>
    <difficult>0</difficult>
    <robndbox>
      <cx>559.4175</cx>
      <cy>540.9529</cy>
      <w>102.3724</w>
      <h>178.0585</h>
      <angle>2.991593</angle>
    </robndbox>
  </object>
  <object>
    <type>robndbox</type>
    <name>more</name>
    <pose>Unspecified</pose>
    <truncated>0</truncated>
    <difficult>0</difficult>
    <robndbox>
      <cx>715.7493</cx>
      <cy>516.5272</cy>
      <w>197.4433</w>
      <h>201.1408</h>
      <angle>2.991593</angle>
    </robndbox>
  </object>
  <object>
    <type>robndbox</type>
    <name>use</name>
    <pose>Unspecified</pose>
    <truncated>0</truncated>
    <difficult>0</difficult>
    <robndbox>
      <cx>892.8333</cx>
      <cy>501.3333</cy>
      <w>123.0</w>
      <h>210.0</h>
      <angle>0.0</angle>
    </robndbox>
  </object>
  <object>
    <type>robndbox</type>
    <name>searching</name>
    <pose>Unspecified</pose>
    <truncated>0</truncated>
    <difficult>0</difficult>
    <robndbox>
      <cx>1194.9274</cx>
      <cy>496.5972</cy>
      <w>391.9064</w>
      <h>252.2003</h>
      <angle>0.05</angle>
    </robndbox>
  </object>
  <object>
    <type>robndbox</type>
    <name>for</name>
    <pose>Unspecified</pose>
    <truncated>0</truncated>
    <difficult>0</difficult>
    <robndbox>
      <cx>1462.0736</cx>
      <cy>538.1017</cy>
      <w>110.8635</w>
      <h>201.2019</h>
      <angle>0.07</angle>
    </robndbox>
  </object>
  <object>
    <type>robndbox</type>
    <name>love</name>
    <pose>Unspecified</pose>
    <truncated>0</truncated>
    <difficult>0</difficult>
    <robndbox>
      <cx>1614.0969</cx>
      <cy>587.3817</cy>
      <w>153.7612</w>
      <h>160.1276</h>
      <angle>0.08</angle>
    </robndbox>
  </object>
</annotation>
