<annotation verified="no">
  <folder>OKThGjhseSk</folder>
  <filename>01_frame_01891</filename>
  <path>/home/baba/Desktop/&#39340;&#22580;/annotation/OKThGjhseSk/01_frame_01891.jpg</path>
  <source>
    <database>Unknown</database>
  </source>
  <size>
    <width>1920</width>
    <height>1080</height>
    <depth>3</depth>
  </size>
  <segmented>0</segmented>
  <object>
    <type>bndbox</type>
    <name>nothing</name>
    <pose>Unspecified</pose>
    <truncated>0</truncated>
    <difficult>0</difficult>
    <bndbox>
      <xmin>24</xmin>
      <ymin>985</ymin>
      <xmax>272</xmax>
      <ymax>1056</ymax>
    </bndbox>
  </object>
  <object>
    <type>bndbox</type>
    <name>to</name>
    <pose>Unspecified</pose>
    <truncated>0</truncated>
    <difficult>0</difficult>
    <bndbox>
      <xmin>304</xmin>
      <ymin>997</ymin>
      <xmax>364</xmax>
      <ymax>1046</ymax>
    </bndbox>
  </object>
  <object>
    <type>bndbox</type>
    <name>lose</name>
    <pose>Unspecified</pose>
    <truncated>0</truncated>
    <difficult>0</difficult>
    <bndbox>
      <xmin>400</xmin>
      <ymin>990</ymin>
      <xmax>520</xmax>
      <ymax>1044</ymax>
    </bndbox>
  </object>
  <object>
    <type>bndbox</type>
    <name>youve</name>
    <pose>Unspecified</pose>
    <truncated>0</truncated>
    <difficult>0</difficult>
    <bndbox>
      <xmin>574</xmin>
      <ymin>989</ymin>
      <xmax>778</xmax>
      <ymax>1056</ymax>
    </bndbox>
  </object>
  <object>
    <type>bndbox</type>
    <name>got</name>
    <pose>Unspecified</pose>
    <truncated>0</truncated>
    <difficult>0</difficult>
    <bndbox>
      <xmin>810</xmin>
      <ymin>997</ymin>
      <xmax>906</xmax>
      <ymax>1058</ymax>
    </bndbox>
  </object>
  <object>
    <type>bndbox</type>
    <name>other</name>
    <pose>Unspecified</pose>
    <truncated>0</truncated>
    <difficult>0</difficult>
    <bndbox>
      <xmin>942</xmin>
      <ymin>989</ymin>
      <xmax>1108</xmax>
      <ymax>1046</ymax>
    </bndbox>
  </object>
  <object>
    <type>bndbox</type>
    <name>news</name>
    <pose>Unspecified</pose>
    <truncated>0</truncated>
    <difficult>0</difficult>
    <bndbox>
      <xmin>1139</xmin>
      <ymin>1006</ymin>
      <xmax>1294</xmax>
      <ymax>1044</ymax>
    </bndbox>
  </object>
</annotation>
