<annotation verified="no">
  <folder>OKThGjhseSk</folder>
  <filename>07_frame_03961</filename>
  <path>/home/baba/Desktop/&#39340;&#22580;/annotation/OKThGjhseSk/07_frame_03961.jpg</path>
  <source>
    <database>Unknown</database>
  </source>
  <size>
    <width>1920</width>
    <height>1080</height>
    <depth>3</depth>
  </size>
  <segmented>0</segmented>
  <object>
    <type>robndbox</type>
    <name>you</name>
    <pose>Unspecified</pose>
    <truncated>0</truncated>
    <difficult>0</difficult>
    <robndbox>
      <cx>480.0096</cx>
      <cy>553.6379</cy>
      <w>49.7361</w>
      <h>130.2864</h>
      <angle>2.991593</angle>
    </robndbox>
  </object>
  <object>
    <type>robndbox</type>
    <name>called</name>
    <pose>Unspecified</pose>
    <truncated>0</truncated>
    <difficult>0</difficult>
    <robndbox>
      <cx>547.6728</cx>
      <cy>719.9156</cy>
      <w>53.4242</w>
      <h>180.8353</h>
      <angle>2.581593</angle>
    </robndbox>
  </object>
  <object>
    <type>robndbox</type>
    <name>me</name>
    <pose>Unspecified</pose>
    <truncated>0</truncated>
    <difficult>0</difficult>
    <robndbox>
      <cx>644.1009</cx>
      <cy>837.9741</cy>
      <w>34.3281</w>
      <h>91.1864</h>
      <angle>2.251593</angle>
    </robndbox>
  </object>
  <object>
    <type>robndbox</type>
    <name>that</name>
    <pose>Unspecified</pose>
    <truncated>0</truncated>
    <difficult>0</difficult>
    <robndbox>
      <cx>756.4366</cx>
      <cy>906.8183</cy>
      <w>126.2175</w>
      <h>47.7101</h>
      <angle>0.42</angle>
    </robndbox>
  </object>
  <object>
    <type>robndbox</type>
    <name>night</name>
    <pose>Unspecified</pose>
    <truncated>0</truncated>
    <difficult>0</difficult>
    <robndbox>
      <cx>912.3296</cx>
      <cy>956.9838</cy>
      <w>159.8899</w>
      <h>50.3972</h>
      <angle>0.13</angle>
    </robndbox>
  </object>
  <object>
    <type>robndbox</type>
    <name>invited</name>
    <pose>Unspecified</pose>
    <truncated>0</truncated>
    <difficult>0</difficult>
    <robndbox>
      <cx>1111.4128</cx>
      <cy>943.2417</cy>
      <w>200.3647</w>
      <h>51.4015</h>
      <angle>2.941593</angle>
    </robndbox>
  </object>
  <object>
    <type>robndbox</type>
    <name>me</name>
    <pose>Unspecified</pose>
    <truncated>0</truncated>
    <difficult>0</difficult>
    <robndbox>
      <cx>1266.8071</cx>
      <cy>892.8668</cy>
      <w>88.6178</w>
      <h>36.7779</h>
      <angle>2.611593</angle>
    </robndbox>
  </object>
  <object>
    <type>robndbox</type>
    <name>to</name>
    <pose>Unspecified</pose>
    <truncated>0</truncated>
    <difficult>0</difficult>
    <robndbox>
      <cx>1343.8718</cx>
      <cy>834.7066</cy>
      <w>60.2084</w>
      <h>53.8128</h>
      <angle>2.311593</angle>
    </robndbox>
  </object>
  <object>
    <type>robndbox</type>
    <name>your</name>
    <pose>Unspecified</pose>
    <truncated>0</truncated>
    <difficult>0</difficult>
    <robndbox>
      <cx>1430.1884</cx>
      <cy>741.7719</cy>
      <w>141.1313</w>
      <h>46.323</h>
      <angle>2.131593</angle>
    </robndbox>
  </object>
  <object>
    <type>robndbox</type>
    <name>place</name>
    <pose>Unspecified</pose>
    <truncated>0</truncated>
    <difficult>0</difficult>
    <robndbox>
      <cx>1497.8885</cx>
      <cy>571.9585</cy>
      <w>50.2023</w>
      <h>181.0268</h>
      <angle>0.19</angle>
    </robndbox>
  </object>
</annotation>
