<annotation verified="no">
  <folder>OKThGjhseSk</folder>
  <filename>00_frame_02521</filename>
  <path>/home/baba/Desktop/&#39340;&#22580;/annotation/OKThGjhseSk/00_frame_02521.jpg</path>
  <source>
    <database>Unknown</database>
  </source>
  <size>
    <width>1920</width>
    <height>1080</height>
    <depth>3</depth>
  </size>
  <segmented>0</segmented>
  <object>
    <type>robndbox</type>
    <name>youve</name>
    <pose>Unspecified</pose>
    <truncated>0</truncated>
    <difficult>0</difficult>
    <robndbox>
      <cx>908.3589</cx>
      <cy>389.805</cy>
      <w>267.1602</w>
      <h>38.7158</h>
      <angle>3.001593</angle>
    </robndbox>
  </object>
  <object>
    <type>robndbox</type>
    <name>crossed</name>
    <pose>Unspecified</pose>
    <truncated>0</truncated>
    <difficult>0</difficult>
    <robndbox>
      <cx>1202.3137</cx>
      <cy>344.343</cy>
      <w>282.92</w>
      <h>38.1688</h>
      <angle>2.991593</angle>
    </robndbox>
  </object>
  <object>
    <type>robndbox</type>
    <name>the</name>
    <pose>Unspecified</pose>
    <truncated>0</truncated>
    <difficult>0</difficult>
    <robndbox>
      <cx>1048.6584</cx>
      <cy>448.7342</cy>
      <w>129.0627</w>
      <h>39.1313</h>
      <angle>2.951593</angle>
    </robndbox>
  </object>
  <object>
    <type>robndbox</type>
    <name>line</name>
    <pose>Unspecified</pose>
    <truncated>0</truncated>
    <difficult>0</difficult>
    <robndbox>
      <cx>1194.785</cx>
      <cy>420.5856</cy>
      <w>139.4187</w>
      <h>44.4171</h>
      <angle>2.931593</angle>
    </robndbox>
  </object>
  <object>
    <type>robndbox</type>
    <name>youre</name>
    <pose>Unspecified</pose>
    <truncated>0</truncated>
    <difficult>0</difficult>
    <robndbox>
      <cx>1576.3549</cx>
      <cy>239.974</cy>
      <w>227.5187</w>
      <h>45.4658</h>
      <angle>2.921593</angle>
    </robndbox>
  </object>
  <object>
    <type>robndbox</type>
    <name>out</name>
    <pose>Unspecified</pose>
    <truncated>0</truncated>
    <difficult>0</difficult>
    <robndbox>
      <cx>1581.8641</cx>
      <cy>306.0123</cy>
      <w>126.2016</w>
      <h>37.8474</h>
      <angle>2.961593</angle>
    </robndbox>
  </object>
  <object>
    <type>robndbox</type>
    <name>of</name>
    <pose>Unspecified</pose>
    <truncated>0</truncated>
    <difficult>0</difficult>
    <robndbox>
      <cx>1693.9512</cx>
      <cy>288.591</cy>
      <w>66.6254</w>
      <h>46.932</h>
      <angle>2.631593</angle>
    </robndbox>
  </object>
  <object>
    <type>robndbox</type>
    <name>your</name>
    <pose>Unspecified</pose>
    <truncated>0</truncated>
    <difficult>0</difficult>
    <robndbox>
      <cx>1675.5177</cx>
      <cy>368.7545</cy>
      <w>162.9254</w>
      <h>40.9884</h>
      <angle>2.961593</angle>
    </robndbox>
  </object>
  <object>
    <type>robndbox</type>
    <name>mind</name>
    <pose>Unspecified</pose>
    <truncated>0</truncated>
    <difficult>0</difficult>
    <robndbox>
      <cx>1679.3333</cx>
      <cy>444.3333</cy>
      <w>194.0</w>
      <h>44.0</h>
      <angle>2.941593</angle>
    </robndbox>
  </object>
</annotation>
