<annotation verified="no">
  <folder>OKThGjhseSk</folder>
  <filename>03_frame_01171</filename>
  <path>/home/baba/Desktop/&#39340;&#22580;/annotation/OKThGjhseSk/03_frame_01171.jpg</path>
  <source>
    <database>Unknown</database>
  </source>
  <size>
    <width>1920</width>
    <height>1080</height>
    <depth>3</depth>
  </size>
  <segmented>0</segmented>
  <object>
    <type>robndbox</type>
    <name>like</name>
    <pose>Unspecified</pose>
    <truncated>0</truncated>
    <difficult>0</difficult>
    <robndbox>
      <cx>367.8669</cx>
      <cy>303.7317</cy>
      <w>54.282</w>
      <h>141.0713</h>
      <angle>0.4</angle>
    </robndbox>
  </object>
  <object>
    <type>robndbox</type>
    <name>act</name>
    <pose>Unspecified</pose>
    <truncated>0</truncated>
    <difficult>0</difficult>
    <robndbox>
      <cx>328.3236</cx>
      <cy>441.5309</cy>
      <w>43.5472</w>
      <h>116.9465</h>
      <angle>0.13</angle>
    </robndbox>
  </object>
  <object>
    <type>robndbox</type>
    <name>dare</name>
    <pose>Unspecified</pose>
    <truncated>0</truncated>
    <difficult>0</difficult>
    <robndbox>
      <cx>323.8685</cx>
      <cy>620.0939</cy>
      <w>55.6034</w>
      <h>163.4248</h>
      <angle>2.981593</angle>
    </robndbox>
  </object>
  <object>
    <type>robndbox</type>
    <name>you</name>
    <pose>Unspecified</pose>
    <truncated>0</truncated>
    <difficult>0</difficult>
    <robndbox>
      <cx>382.1683</cx>
      <cy>777.3461</cy>
      <w>52.2345</w>
      <h>132.2937</h>
      <angle>2.711593</angle>
    </robndbox>
  </object>
  <object>
    <type>robndbox</type>
    <name>dont</name>
    <pose>Unspecified</pose>
    <truncated>0</truncated>
    <difficult>0</difficult>
    <robndbox>
      <cx>478.0011</cx>
      <cy>931.9116</cy>
      <w>205.4953</w>
      <h>58.4755</h>
      <angle>0.81</angle>
    </robndbox>
  </object>
</annotation>
