<annotation verified="no">
  <folder>OKThGjhseSk</folder>
  <filename>04_frame_01261</filename>
  <path>/home/baba/Desktop/&#39340;&#22580;/annotation/OKThGjhseSk/04_frame_01261.jpg</path>
  <source>
    <database>Unknown</database>
  </source>
  <size>
    <width>1920</width>
    <height>1080</height>
    <depth>3</depth>
  </size>
  <segmented>0</segmented>
  <object>
    <type>robndbox</type>
    <name>heroes</name>
    <pose>Unspecified</pose>
    <truncated>0</truncated>
    <difficult>0</difficult>
    <robndbox>
      <cx>486.251</cx>
      <cy>129.9529</cy>
      <w>245.713</w>
      <h>56.958</h>
      <angle>2.331593</angle>
    </robndbox>
  </object>
  <object>
    <type>robndbox</type>
    <name>like</name>
    <pose>Unspecified</pose>
    <truncated>0</truncated>
    <difficult>0</difficult>
    <robndbox>
      <cx>362.8926</cx>
      <cy>299.7711</cy>
      <w>52.1309</w>
      <h>146.1084</h>
      <angle>0.4</angle>
    </robndbox>
  </object>
  <object>
    <type>robndbox</type>
    <name>act</name>
    <pose>Unspecified</pose>
    <truncated>0</truncated>
    <difficult>0</difficult>
    <robndbox>
      <cx>322.6565</cx>
      <cy>441.1082</cy>
      <w>45.2121</w>
      <h>116.5187</h>
      <angle>0.1</angle>
    </robndbox>
  </object>
  <object>
    <type>robndbox</type>
    <name>dare</name>
    <pose>Unspecified</pose>
    <truncated>0</truncated>
    <difficult>0</difficult>
    <robndbox>
      <cx>319.5002</cx>
      <cy>620.1389</cy>
      <w>55.5149</w>
      <h>162.2294</h>
      <angle>3.001593</angle>
    </robndbox>
  </object>
  <object>
    <type>robndbox</type>
    <name>you</name>
    <pose>Unspecified</pose>
    <truncated>0</truncated>
    <difficult>0</difficult>
    <robndbox>
      <cx>373.1325</cx>
      <cy>778.5427</cy>
      <w>50.2811</w>
      <h>128.2213</h>
      <angle>2.641593</angle>
    </robndbox>
  </object>
  <object>
    <type>robndbox</type>
    <name>dont</name>
    <pose>Unspecified</pose>
    <truncated>0</truncated>
    <difficult>0</difficult>
    <robndbox>
      <cx>471.8242</cx>
      <cy>939.0006</cy>
      <w>208.3775</w>
      <h>59.1772</h>
      <angle>0.84</angle>
    </robndbox>
  </object>
</annotation>
