<annotation verified="no">
  <folder>OKThGjhseSk</folder>
  <filename>08_frame_01621</filename>
  <path>/home/baba/Desktop/&#39340;&#22580;/annotation/OKThGjhseSk/08_frame_01621.jpg</path>
  <source>
    <database>Unknown</database>
  </source>
  <size>
    <width>1920</width>
    <height>1080</height>
    <depth>3</depth>
  </size>
  <segmented>0</segmented>
  <object>
    <type>bndbox</type>
    <name>and</name>
    <pose>Unspecified</pose>
    <truncated>0</truncated>
    <difficult>0</difficult>
    <bndbox>
      <xmin>1254</xmin>
      <ymin>340</ymin>
      <xmax>1446</xmax>
      <ymax>430</ymax>
    </bndbox>
  </object>
  <object>
    <type>bndbox</type>
    <name>ill</name>
    <pose>Unspecified</pose>
    <truncated>0</truncated>
    <difficult>0</difficult>
    <bndbox>
      <xmin>1484</xmin>
      <ymin>341</ymin>
      <xmax>1635</xmax>
      <ymax>432</ymax>
    </bndbox>
  </object>
  <object>
    <type>bndbox</type>
    <name>give</name>
    <pose>Unspecified</pose>
    <truncated>0</truncated>
    <difficult>0</difficult>
    <bndbox>
      <xmin>1246</xmin>
      <ymin>481</ymin>
      <xmax>1452</xmax>
      <ymax>594</ymax>
    </bndbox>
  </object>
  <object>
    <type>bndbox</type>
    <name>you</name>
    <pose>Unspecified</pose>
    <truncated>0</truncated>
    <difficult>0</difficult>
    <bndbox>
      <xmin>1482</xmin>
      <ymin>506</ymin>
      <xmax>1676</xmax>
      <ymax>590</ymax>
    </bndbox>
  </object>
  <object>
    <type>bndbox</type>
    <name>two</name>
    <pose>Unspecified</pose>
    <truncated>0</truncated>
    <difficult>0</difficult>
    <bndbox>
      <xmin>1255</xmin>
      <ymin>634</ymin>
      <xmax>1440</xmax>
      <ymax>717</ymax>
    </bndbox>
  </object>
</annotation>
