<annotation verified="no">
  <folder>OKThGjhseSk</folder>
  <filename>02_frame_00901</filename>
  <path>/home/baba/Desktop/&#39340;&#22580;/annotation/OKThGjhseSk/02_frame_00901.jpg</path>
  <source>
    <database>Unknown</database>
  </source>
  <size>
    <width>1920</width>
    <height>1080</height>
    <depth>3</depth>
  </size>
  <segmented>0</segmented>
  <object>
    <type>robndbox</type>
    <name>dont</name>
    <pose>Unspecified</pose>
    <truncated>0</truncated>
    <difficult>0</difficult>
    <robndbox>
      <cx>1266.9061</cx>
      <cy>104.69</cy>
      <w>200.0562</w>
      <h>54.6958</h>
      <angle>0.74</angle>
    </robndbox>
  </object>
  <object>
    <type>robndbox</type>
    <name>you</name>
    <pose>Unspecified</pose>
    <truncated>0</truncated>
    <difficult>0</difficult>
    <robndbox>
      <cx>1375.1902</cx>
      <cy>242.294</cy>
      <w>49.86</w>
      <h>133.1383</h>
      <angle>2.611593</angle>
    </robndbox>
  </object>
  <object>
    <type>robndbox</type>
    <name>dare</name>
    <pose>Unspecified</pose>
    <truncated>0</truncated>
    <difficult>0</difficult>
    <robndbox>
      <cx>1446.9414</cx>
      <cy>386.4292</cy>
      <w>53.0719</w>
      <h>159.9203</h>
      <angle>2.911593</angle>
    </robndbox>
  </object>
  <object>
    <type>robndbox</type>
    <name>to</name>
    <pose>Unspecified</pose>
    <truncated>0</truncated>
    <difficult>0</difficult>
    <robndbox>
      <cx>1465.3333</cx>
      <cy>536.3333</cy>
      <w>46.0</w>
      <h>76.0</h>
      <angle>0.0</angle>
    </robndbox>
  </object>
  <object>
    <type>robndbox</type>
    <name>break</name>
    <pose>Unspecified</pose>
    <truncated>0</truncated>
    <difficult>0</difficult>
    <robndbox>
      <cx>1436.6519</cx>
      <cy>691.4695</cy>
      <w>57.1668</w>
      <h>201.8142</h>
      <angle>0.26</angle>
    </robndbox>
  </object>
  <object>
    <type>robndbox</type>
    <name>my</name>
    <pose>Unspecified</pose>
    <truncated>0</truncated>
    <difficult>0</difficult>
    <robndbox>
      <cx>1354.796</cx>
      <cy>848.636</cy>
      <w>45.5979</w>
      <h>107.7769</h>
      <angle>0.65</angle>
    </robndbox>
  </object>
  <object>
    <type>robndbox</type>
    <name>walls</name>
    <pose>Unspecified</pose>
    <truncated>0</truncated>
    <difficult>0</difficult>
    <robndbox>
      <cx>1241.6322</cx>
      <cy>965.0945</cy>
      <w>188.4442</w>
      <h>53.5032</h>
      <angle>2.441593</angle>
    </robndbox>
  </object>
</annotation>
