<annotation verified="no">
  <folder>6UveOPq_iao</folder>
  <filename>06_frame_07111</filename>
  <path>/Users/KengoAraki/Desktop/annotation_&#32210;&#32396;/annotation/6UveOPq_iao/06_frame_07111.jpg</path>
  <source>
    <database>Unknown</database>
  </source>
  <size>
    <width>1920</width>
    <height>1080</height>
    <depth>3</depth>
  </size>
  <segmented>0</segmented>
  <object>
    <type>robndbox</type>
    <name>take</name>
    <pose>Unspecified</pose>
    <truncated>0</truncated>
    <difficult>0</difficult>
    <robndbox>
      <cx>386.5082</cx>
      <cy>325.0</cy>
      <w>308.0</w>
      <h>108.0</h>
      <angle>0.0</angle>
    </robndbox>
  </object>
  <object>
    <type>robndbox</type>
    <name>my</name>
    <pose>Unspecified</pose>
    <truncated>0</truncated>
    <difficult>0</difficult>
    <robndbox>
      <cx>699.5082</cx>
      <cy>346.5</cy>
      <w>200.0</w>
      <h>109.0</h>
      <angle>0.0</angle>
    </robndbox>
  </object>
  <object>
    <type>robndbox</type>
    <name>life</name>
    <pose>Unspecified</pose>
    <truncated>0</truncated>
    <difficult>0</difficult>
    <robndbox>
      <cx>940.5082</cx>
      <cy>318.0</cy>
      <w>180.0</w>
      <h>110.0</h>
      <angle>0.0</angle>
    </robndbox>
  </object>
  <object>
    <type>robndbox</type>
    <name>and</name>
    <pose>Unspecified</pose>
    <truncated>0</truncated>
    <difficult>0</difficult>
    <robndbox>
      <cx>901.0082</cx>
      <cy>540.0</cy>
      <w>249.0</w>
      <h>102.0</h>
      <angle>0.0</angle>
    </robndbox>
  </object>
  <object>
    <type>robndbox</type>
    <name>let</name>
    <pose>Unspecified</pose>
    <truncated>0</truncated>
    <difficult>0</difficult>
    <robndbox>
      <cx>1153.5082</cx>
      <cy>536.0</cy>
      <w>150.0</w>
      <h>106.0</h>
      <angle>0.0</angle>
    </robndbox>
  </object>
  <object>
    <type>robndbox</type>
    <name>it</name>
    <pose>Unspecified</pose>
    <truncated>0</truncated>
    <difficult>0</difficult>
    <robndbox>
      <cx>1305.5082</cx>
      <cy>533.5</cy>
      <w>64.0</w>
      <h>101.0</h>
      <angle>0.0</angle>
    </robndbox>
  </object>
  <object>
    <type>robndbox</type>
    <name>be</name>
    <pose>Unspecified</pose>
    <truncated>0</truncated>
    <difficult>0</difficult>
    <robndbox>
      <cx>1465.5082</cx>
      <cy>536.0</cy>
      <w>162.0</w>
      <h>110.0</h>
      <angle>0.0</angle>
    </robndbox>
  </object>
  <object>
    <type>robndbox</type>
    <name>all</name>
    <pose>Unspecified</pose>
    <truncated>0</truncated>
    <difficult>0</difficult>
    <robndbox>
      <cx>467.4903</cx>
      <cy>802.7101</cy>
      <w>244.2065</w>
      <h>190.3421</h>
      <angle>3.121593</angle>
    </robndbox>
  </object>
  <object>
    <type>robndbox</type>
    <name>for</name>
    <pose>Unspecified</pose>
    <truncated>0</truncated>
    <difficult>0</difficult>
    <robndbox>
      <cx>845.5082</cx>
      <cy>798.0</cy>
      <w>318.0</w>
      <h>192.0</h>
      <angle>0.0</angle>
    </robndbox>
  </object>
  <object>
    <type>robndbox</type>
    <name>you</name>
    <pose>Unspecified</pose>
    <truncated>0</truncated>
    <difficult>0</difficult>
    <robndbox>
      <cx>1289.0082</cx>
      <cy>795.0</cy>
      <w>415.0</w>
      <h>186.0</h>
      <angle>0.0</angle>
    </robndbox>
  </object>
</annotation>
