<annotation verified="no">
  <folder>QPKKZWmTvys</folder>
  <filename>00_frame_00226</filename>
  <path>/home/mitsuo/roLabelImg-master/&#28288;&#23614;/annotation/QPKKZWmTvys/00_frame_00226.jpg</path>
  <source>
    <database>Unknown</database>
  </source>
  <size>
    <width>1920</width>
    <height>1080</height>
    <depth>3</depth>
  </size>
  <segmented>0</segmented>
  <object>
    <type>robndbox</type>
    <name>me</name>
    <pose>Unspecified</pose>
    <truncated>0</truncated>
    <difficult>0</difficult>
    <robndbox>
      <cx>915.5861</cx>
      <cy>351.9747</cy>
      <w>189.9802</w>
      <h>103.8643</h>
      <angle>2.941593</angle>
    </robndbox>
  </object>
  <object>
    <type>robndbox</type>
    <name>lleva</name>
    <pose>Unspecified</pose>
    <truncated>0</truncated>
    <difficult>0</difficult>
    <robndbox>
      <cx>981.2917</cx>
      <cy>455.0486</cy>
      <w>322.9364</w>
      <h>103.4958</h>
      <angle>2.931593</angle>
    </robndbox>
  </object>
  <object>
    <type>robndbox</type>
    <name>a</name>
    <pose>Unspecified</pose>
    <truncated>0</truncated>
    <difficult>0</difficult>
    <robndbox>
      <cx>1364.0633</cx>
      <cy>386.1234</cy>
      <w>67.7589</w>
      <h>104.0034</h>
      <angle>3.081593</angle>
    </robndbox>
  </object>
  <object>
    <type>robndbox</type>
    <name>esa</name>
    <pose>Unspecified</pose>
    <truncated>0</truncated>
    <difficult>0</difficult>
    <robndbox>
      <cx>1539.41</cx>
      <cy>370.7339</cy>
      <w>210.7944</w>
      <h>107.0662</h>
      <angle>3.091593</angle>
    </robndbox>
  </object>
  <object>
    <type>robndbox</type>
    <name>cupula</name>
    <pose>Unspecified</pose>
    <truncated>0</truncated>
    <difficult>0</difficult>
    <robndbox>
      <cx>1542.7453</cx>
      <cy>651.0171</cy>
      <w>422.0084</w>
      <h>134.8905</h>
      <angle>0.91</angle>
    </robndbox>
  </object>
  <object>
    <type>robndbox</type>
    <name>siento</name>
    <pose>Unspecified</pose>
    <truncated>0</truncated>
    <difficult>0</difficult>
    <robndbox>
      <cx>512.3188</cx>
      <cy>841.0011</cy>
      <w>227.039</w>
      <h>72.4044</h>
      <angle>2.251593</angle>
    </robndbox>
  </object>
  <object>
    <type>robndbox</type>
    <name>en</name>
    <pose>Unspecified</pose>
    <truncated>0</truncated>
    <difficult>0</difficult>
    <robndbox>
      <cx>618.972</cx>
      <cy>699.1358</cy>
      <w>82.8312</w>
      <h>63.643</h>
      <angle>2.271593</angle>
    </robndbox>
  </object>
  <object>
    <type>robndbox</type>
    <name>mi</name>
    <pose>Unspecified</pose>
    <truncated>0</truncated>
    <difficult>0</difficult>
    <robndbox>
      <cx>680.0</cx>
      <cy>619.5</cy>
      <w>88.7495</w>
      <h>66.4269</h>
      <angle>2.271593</angle>
    </robndbox>
  </object>
  <object>
    <type>robndbox</type>
    <name>medula</name>
    <pose>Unspecified</pose>
    <truncated>0</truncated>
    <difficult>0</difficult>
    <robndbox>
      <cx>624.6314</cx>
      <cy>852.4633</cy>
      <w>319.8709</w>
      <h>114.7339</h>
      <angle>2.191593</angle>
    </robndbox>
  </object>
  <object>
    <type>robndbox</type>
    <name>que</name>
    <pose>Unspecified</pose>
    <truncated>0</truncated>
    <difficult>0</difficult>
    <robndbox>
      <cx>76.5</cx>
      <cy>1024.0</cy>
      <w>147.8607</w>
      <h>80.8346</h>
      <angle>0.18</angle>
    </robndbox>
  </object>
  <object>
    <type>robndbox</type>
    <name>esto</name>
    <pose>Unspecified</pose>
    <truncated>0</truncated>
    <difficult>0</difficult>
    <robndbox>
      <cx>265.8888</cx>
      <cy>1055.4888</cy>
      <w>202.9126</w>
      <h>86.086</h>
      <angle>0.18</angle>
    </robndbox>
  </object>
</annotation>
