<annotation verified="no">
  <folder>QPKKZWmTvys</folder>
  <filename>05_frame_00901</filename>
  <path>/home/mitsuo/roLabelImg-master/&#28288;&#23614;/annotation/QPKKZWmTvys/05_frame_00901.jpg</path>
  <source>
    <database>Unknown</database>
  </source>
  <size>
    <width>1920</width>
    <height>1080</height>
    <depth>3</depth>
  </size>
  <segmented>0</segmented>
  <object>
    <type>bndbox</type>
    <name>o</name>
    <pose>Unspecified</pose>
    <truncated>0</truncated>
    <difficult>0</difficult>
    <bndbox>
      <xmin>321</xmin>
      <ymin>189</ymin>
      <xmax>371</xmax>
      <ymax>272</ymax>
    </bndbox>
  </object>
  <object>
    <type>bndbox</type>
    <name>si</name>
    <pose>Unspecified</pose>
    <truncated>0</truncated>
    <difficult>0</difficult>
    <bndbox>
      <xmin>405</xmin>
      <ymin>187</ymin>
      <xmax>490</xmax>
      <ymax>276</ymax>
    </bndbox>
  </object>
  <object>
    <type>bndbox</type>
    <name>en</name>
    <pose>Unspecified</pose>
    <truncated>0</truncated>
    <difficult>0</difficult>
    <bndbox>
      <xmin>522</xmin>
      <ymin>188</ymin>
      <xmax>637</xmax>
      <ymax>275</ymax>
    </bndbox>
  </object>
  <object>
    <type>bndbox</type>
    <name>vez</name>
    <pose>Unspecified</pose>
    <truncated>0</truncated>
    <difficult>0</difficult>
    <bndbox>
      <xmin>663</xmin>
      <ymin>189</ymin>
      <xmax>821</xmax>
      <ymax>273</ymax>
    </bndbox>
  </object>
  <object>
    <type>bndbox</type>
    <name>de</name>
    <pose>Unspecified</pose>
    <truncated>0</truncated>
    <difficult>0</difficult>
    <bndbox>
      <xmin>851</xmin>
      <ymin>187</ymin>
      <xmax>962</xmax>
      <ymax>272</ymax>
    </bndbox>
  </object>
  <object>
    <type>bndbox</type>
    <name>tanto</name>
    <pose>Unspecified</pose>
    <truncated>0</truncated>
    <difficult>0</difficult>
    <bndbox>
      <xmin>1150</xmin>
      <ymin>835</ymin>
      <xmax>1751</xmax>
      <ymax>1020</ymax>
    </bndbox>
  </object>
  <object>
    <type>bndbox</type>
    <name>grabando</name>
    <pose>Unspecified</pose>
    <truncated>0</truncated>
    <difficult>0</difficult>
    <bndbox>
      <xmin>563</xmin>
      <ymin>607</ymin>
      <xmax>1031</xmax>
      <ymax>745</ymax>
    </bndbox>
  </object>
  <object>
    <type>bndbox</type>
    <name>hablaran</name>
    <pose>Unspecified</pose>
    <truncated>0</truncated>
    <difficult>0</difficult>
    <bndbox>
      <xmin>850</xmin>
      <ymin>420</ymin>
      <xmax>1475</xmax>
      <ymax>777</ymax>
    </bndbox>
  </object>
</annotation>
