<annotation verified="no">
  <folder>QPKKZWmTvys</folder>
  <filename>02_frame_01576</filename>
  <path>/home/mitsuo/roLabelImg-master/&#28288;&#23614;/annotation/QPKKZWmTvys/02_frame_01576.jpg</path>
  <source>
    <database>Unknown</database>
  </source>
  <size>
    <width>1920</width>
    <height>1080</height>
    <depth>3</depth>
  </size>
  <segmented>0</segmented>
  <object>
    <type>bndbox</type>
    <name>lo</name>
    <pose>Unspecified</pose>
    <truncated>0</truncated>
    <difficult>0</difficult>
    <bndbox>
      <xmin>101</xmin>
      <ymin>69</ymin>
      <xmax>353</xmax>
      <ymax>281</ymax>
    </bndbox>
  </object>
  <object>
    <type>bndbox</type>
    <name>malo</name>
    <pose>Unspecified</pose>
    <truncated>0</truncated>
    <difficult>0</difficult>
    <bndbox>
      <xmin>101</xmin>
      <ymin>299</ymin>
      <xmax>731</xmax>
      <ymax>517</ymax>
    </bndbox>
  </object>
  <object>
    <type>bndbox</type>
    <name>que</name>
    <pose>Unspecified</pose>
    <truncated>0</truncated>
    <difficult>0</difficult>
    <bndbox>
      <xmin>97</xmin>
      <ymin>529</ymin>
      <xmax>542</xmax>
      <ymax>764</ymax>
    </bndbox>
  </object>
  <object>
    <type>bndbox</type>
    <name>cojan</name>
    <pose>Unspecified</pose>
    <truncated>0</truncated>
    <difficult>0</difficult>
    <bndbox>
      <xmin>97</xmin>
      <ymin>764</ymin>
      <xmax>814</xmax>
      <ymax>979</ymax>
    </bndbox>
  </object>
  <object>
    <type>bndbox</type>
    <name>absorbo</name>
    <pose>Unspecified</pose>
    <truncated>0</truncated>
    <difficult>0</difficult>
    <bndbox>
      <xmin>845</xmin>
      <ymin>41</ymin>
      <xmax>1787</xmax>
      <ymax>232</ymax>
    </bndbox>
  </object>
  <object>
    <type>bndbox</type>
    <name>lo</name>
    <pose>Unspecified</pose>
    <truncated>0</truncated>
    <difficult>0</difficult>
    <bndbox>
      <xmin>855</xmin>
      <ymin>245</ymin>
      <xmax>1077</xmax>
      <ymax>432</ymax>
    </bndbox>
  </object>
  <object>
    <type>bndbox</type>
    <name>bueno</name>
    <pose>Unspecified</pose>
    <truncated>0</truncated>
    <difficult>0</difficult>
    <bndbox>
      <xmin>1159</xmin>
      <ymin>245</ymin>
      <xmax>1825</xmax>
      <ymax>439</ymax>
    </bndbox>
  </object>
  <object>
    <type>bndbox</type>
    <name>como</name>
    <pose>Unspecified</pose>
    <truncated>0</truncated>
    <difficult>0</difficult>
    <bndbox>
      <xmin>855</xmin>
      <ymin>447</ymin>
      <xmax>1443</xmax>
      <ymax>635</ymax>
    </bndbox>
  </object>
  <object>
    <type>robndbox</type>
    <name>esponja</name>
    <pose>Unspecified</pose>
    <truncated>0</truncated>
    <difficult>0</difficult>
    <robndbox>
      <cx>1211.8863</cx>
      <cy>893.1941</cy>
      <w>486.6836</w>
      <h>140.7965</h>
      <angle>0.22</angle>
    </robndbox>
  </object>
</annotation>
