<annotation verified="no">
  <folder>QPKKZWmTvys</folder>
  <filename>04_frame_03001</filename>
  <path>/home/mitsuo/roLabelImg-master/&#28288;&#23614;/annotation/QPKKZWmTvys/04_frame_03001.jpg</path>
  <source>
    <database>Unknown</database>
  </source>
  <size>
    <width>1920</width>
    <height>1080</height>
    <depth>3</depth>
  </size>
  <segmented>0</segmented>
  <object>
    <type>bndbox</type>
    <name>este</name>
    <pose>Unspecified</pose>
    <truncated>0</truncated>
    <difficult>0</difficult>
    <bndbox>
      <xmin>55</xmin>
      <ymin>77</ymin>
      <xmax>578</xmax>
      <ymax>281</ymax>
    </bndbox>
  </object>
  <object>
    <type>bndbox</type>
    <name>guerrero</name>
    <pose>Unspecified</pose>
    <truncated>0</truncated>
    <difficult>0</difficult>
    <bndbox>
      <xmin>662</xmin>
      <ymin>76</ymin>
      <xmax>1835</xmax>
      <ymax>283</ymax>
    </bndbox>
  </object>
  <object>
    <type>bndbox</type>
    <name>no</name>
    <pose>Unspecified</pose>
    <truncated>0</truncated>
    <difficult>0</difficult>
    <bndbox>
      <xmin>47</xmin>
      <ymin>328</ymin>
      <xmax>353</xmax>
      <ymax>548</ymax>
    </bndbox>
  </object>
  <object>
    <type>bndbox</type>
    <name>abandona</name>
    <pose>Unspecified</pose>
    <truncated>0</truncated>
    <difficult>0</difficult>
    <bndbox>
      <xmin>442</xmin>
      <ymin>327</ymin>
      <xmax>1727</xmax>
      <ymax>547</ymax>
    </bndbox>
  </object>
  <object>
    <type>bndbox</type>
    <name>un</name>
    <pose>Unspecified</pose>
    <truncated>0</truncated>
    <difficult>0</difficult>
    <bndbox>
      <xmin>42</xmin>
      <ymin>613</ymin>
      <xmax>325</xmax>
      <ymax>813</ymax>
    </bndbox>
  </object>
  <object>
    <type>bndbox</type>
    <name>vino</name>
    <pose>Unspecified</pose>
    <truncated>0</truncated>
    <difficult>0</difficult>
    <bndbox>
      <xmin>941</xmin>
      <ymin>605</ymin>
      <xmax>1385</xmax>
      <ymax>819</ymax>
    </bndbox>
  </object>
  <object>
    <type>bndbox</type>
    <name>que</name>
    <pose>Unspecified</pose>
    <truncated>0</truncated>
    <difficult>0</difficult>
    <bndbox>
      <xmin>413</xmin>
      <ymin>612</ymin>
      <xmax>823</xmax>
      <ymax>831</ymax>
    </bndbox>
  </object>
  <object>
    <type>bndbox</type>
    <name>no</name>
    <pose>Unspecified</pose>
    <truncated>0</truncated>
    <difficult>0</difficult>
    <bndbox>
      <xmin>43</xmin>
      <ymin>867</ymin>
      <xmax>323</xmax>
      <ymax>1064</ymax>
    </bndbox>
  </object>
  <object>
    <type>bndbox</type>
    <name>decepciona</name>
    <pose>Unspecified</pose>
    <truncated>0</truncated>
    <difficult>0</difficult>
    <bndbox>
      <xmin>414</xmin>
      <ymin>865</ymin>
      <xmax>1755</xmax>
      <ymax>1064</ymax>
    </bndbox>
  </object>
</annotation>
