<annotation verified="no">
  <folder>QPKKZWmTvys</folder>
  <filename>09_frame_02776</filename>
  <path>/home/mitsuo/roLabelImg-master/&#28288;&#23614;/annotation/QPKKZWmTvys/09_frame_02776.jpg</path>
  <source>
    <database>Unknown</database>
  </source>
  <size>
    <width>1920</width>
    <height>1080</height>
    <depth>3</depth>
  </size>
  <segmented>0</segmented>
  <object>
    <type>bndbox</type>
    <name>venga</name>
    <pose>Unspecified</pose>
    <truncated>0</truncated>
    <difficult>0</difficult>
    <bndbox>
      <xmin>103</xmin>
      <ymin>171</ymin>
      <xmax>711</xmax>
      <ymax>352</ymax>
    </bndbox>
  </object>
  <object>
    <type>bndbox</type>
    <name>a</name>
    <pose>Unspecified</pose>
    <truncated>0</truncated>
    <difficult>0</difficult>
    <bndbox>
      <xmin>761</xmin>
      <ymin>177</ymin>
      <xmax>879</xmax>
      <ymax>351</ymax>
    </bndbox>
  </object>
  <object>
    <type>bndbox</type>
    <name>la</name>
    <pose>Unspecified</pose>
    <truncated>0</truncated>
    <difficult>0</difficult>
    <bndbox>
      <xmin>941</xmin>
      <ymin>177</ymin>
      <xmax>1143</xmax>
      <ymax>348</ymax>
    </bndbox>
  </object>
  <object>
    <type>bndbox</type>
    <name>pared</name>
    <pose>Unspecified</pose>
    <truncated>0</truncated>
    <difficult>0</difficult>
    <bndbox>
      <xmin>1206</xmin>
      <ymin>177</ymin>
      <xmax>1782</xmax>
      <ymax>349</ymax>
    </bndbox>
  </object>
  <object>
    <type>bndbox</type>
    <name>como</name>
    <pose>Unspecified</pose>
    <truncated>0</truncated>
    <difficult>0</difficult>
    <bndbox>
      <xmin>111</xmin>
      <ymin>415</ymin>
      <xmax>729</xmax>
      <ymax>687</ymax>
    </bndbox>
  </object>
  <object>
    <type>bndbox</type>
    <name>un</name>
    <pose>Unspecified</pose>
    <truncated>0</truncated>
    <difficult>0</difficult>
    <bndbox>
      <xmin>803</xmin>
      <ymin>423</ymin>
      <xmax>1169</xmax>
      <ymax>683</ymax>
    </bndbox>
  </object>
  <object>
    <type>bndbox</type>
    <name>cadaver</name>
    <pose>Unspecified</pose>
    <truncated>0</truncated>
    <difficult>0</difficult>
    <bndbox>
      <xmin>647</xmin>
      <ymin>697</ymin>
      <xmax>1753</xmax>
      <ymax>939</ymax>
    </bndbox>
  </object>
</annotation>
