<annotation verified="no">
  <folder>QPKKZWmTvys</folder>
  <filename>01_frame_00151</filename>
  <path>/home/mitsuo/roLabelImg-master/&#28288;&#23614;/annotation/QPKKZWmTvys/01_frame_00151.jpg</path>
  <source>
    <database>Unknown</database>
  </source>
  <size>
    <width>1920</width>
    <height>1080</height>
    <depth>3</depth>
  </size>
  <segmented>0</segmented>
  <object>
    <type>bndbox</type>
    <name>bajo</name>
    <pose>Unspecified</pose>
    <truncated>0</truncated>
    <difficult>0</difficult>
    <bndbox>
      <xmin>294</xmin>
      <ymin>105</ymin>
      <xmax>721</xmax>
      <ymax>275</ymax>
    </bndbox>
  </object>
  <object>
    <type>bndbox</type>
    <name>y</name>
    <pose>Unspecified</pose>
    <truncated>0</truncated>
    <difficult>0</difficult>
    <bndbox>
      <xmin>787</xmin>
      <ymin>112</ymin>
      <xmax>889</xmax>
      <ymax>281</ymax>
    </bndbox>
  </object>
  <object>
    <type>bndbox</type>
    <name>la</name>
    <pose>Unspecified</pose>
    <truncated>0</truncated>
    <difficult>0</difficult>
    <bndbox>
      <xmin>955</xmin>
      <ymin>112</ymin>
      <xmax>1157</xmax>
      <ymax>279</ymax>
    </bndbox>
  </object>
  <object>
    <type>bndbox</type>
    <name>luz</name>
    <pose>Unspecified</pose>
    <truncated>0</truncated>
    <difficult>0</difficult>
    <bndbox>
      <xmin>1114</xmin>
      <ymin>175</ymin>
      <xmax>1657</xmax>
      <ymax>620</ymax>
    </bndbox>
  </object>
  <object>
    <type>bndbox</type>
    <name>me</name>
    <pose>Unspecified</pose>
    <truncated>0</truncated>
    <difficult>0</difficult>
    <bndbox>
      <xmin>285</xmin>
      <ymin>319</ymin>
      <xmax>473</xmax>
      <ymax>427</ymax>
    </bndbox>
  </object>
  <object>
    <type>bndbox</type>
    <name>alumbra</name>
    <pose>Unspecified</pose>
    <truncated>0</truncated>
    <difficult>0</difficult>
    <bndbox>
      <xmin>503</xmin>
      <ymin>320</ymin>
      <xmax>1091</xmax>
      <ymax>436</ymax>
    </bndbox>
  </object>
  <object>
    <type>bndbox</type>
    <name>una</name>
    <pose>Unspecified</pose>
    <truncated>0</truncated>
    <difficult>0</difficult>
    <bndbox>
      <xmin>283</xmin>
      <ymin>472</ymin>
      <xmax>529</xmax>
      <ymax>585</ymax>
    </bndbox>
  </object>
  <object>
    <type>bndbox</type>
    <name>tumba</name>
    <pose>Unspecified</pose>
    <truncated>0</truncated>
    <difficult>0</difficult>
    <bndbox>
      <xmin>558</xmin>
      <ymin>453</ymin>
      <xmax>1018</xmax>
      <ymax>600</ymax>
    </bndbox>
  </object>
  <object>
    <type>bndbox</type>
    <name>perdida</name>
    <pose>Unspecified</pose>
    <truncated>0</truncated>
    <difficult>0</difficult>
    <bndbox>
      <xmin>285</xmin>
      <ymin>623</ymin>
      <xmax>805</xmax>
      <ymax>737</ymax>
    </bndbox>
  </object>
  <object>
    <type>bndbox</type>
    <name>que</name>
    <pose>Unspecified</pose>
    <truncated>0</truncated>
    <difficult>0</difficult>
    <bndbox>
      <xmin>841</xmin>
      <ymin>621</ymin>
      <xmax>1074</xmax>
      <ymax>744</ymax>
    </bndbox>
  </object>
  <object>
    <type>bndbox</type>
    <name>contiene</name>
    <pose>Unspecified</pose>
    <truncated>0</truncated>
    <difficult>0</difficult>
    <bndbox>
      <xmin>287</xmin>
      <ymin>772</ymin>
      <xmax>554</xmax>
      <ymax>897</ymax>
    </bndbox>
  </object>
</annotation>
