<annotation verified="no">
  <folder>QPKKZWmTvys</folder>
  <filename>06_frame_03151</filename>
  <path>/home/mitsuo/roLabelImg-master/&#28288;&#23614;/annotation/QPKKZWmTvys/06_frame_03151.jpg</path>
  <source>
    <database>Unknown</database>
  </source>
  <size>
    <width>1920</width>
    <height>1080</height>
    <depth>3</depth>
  </size>
  <segmented>0</segmented>
  <object>
    <type>bndbox</type>
    <name>pero</name>
    <pose>Unspecified</pose>
    <truncated>0</truncated>
    <difficult>0</difficult>
    <bndbox>
      <xmin>187</xmin>
      <ymin>117</ymin>
      <xmax>649</xmax>
      <ymax>289</ymax>
    </bndbox>
  </object>
  <object>
    <type>bndbox</type>
    <name>lo</name>
    <pose>Unspecified</pose>
    <truncated>0</truncated>
    <difficult>0</difficult>
    <bndbox>
      <xmin>725</xmin>
      <ymin>116</ymin>
      <xmax>922</xmax>
      <ymax>284</ymax>
    </bndbox>
  </object>
  <object>
    <type>bndbox</type>
    <name>logre</name>
    <pose>Unspecified</pose>
    <truncated>0</truncated>
    <difficult>0</difficult>
    <bndbox>
      <xmin>998</xmin>
      <ymin>117</ymin>
      <xmax>1570</xmax>
      <ymax>292</ymax>
    </bndbox>
  </object>
  <object>
    <type>bndbox</type>
    <name>y</name>
    <pose>Unspecified</pose>
    <truncated>0</truncated>
    <difficult>0</difficult>
    <bndbox>
      <xmin>1627</xmin>
      <ymin>119</ymin>
      <xmax>1735</xmax>
      <ymax>287</ymax>
    </bndbox>
  </object>
  <object>
    <type>bndbox</type>
    <name>ahora</name>
    <pose>Unspecified</pose>
    <truncated>0</truncated>
    <difficult>0</difficult>
    <bndbox>
      <xmin>41</xmin>
      <ymin>760</ymin>
      <xmax>659</xmax>
      <ymax>928</ymax>
    </bndbox>
  </object>
  <object>
    <type>bndbox</type>
    <name>la</name>
    <pose>Unspecified</pose>
    <truncated>0</truncated>
    <difficult>0</difficult>
    <bndbox>
      <xmin>717</xmin>
      <ymin>759</ymin>
      <xmax>921</xmax>
      <ymax>928</ymax>
    </bndbox>
  </object>
  <object>
    <type>bndbox</type>
    <name>mano</name>
    <pose>Unspecified</pose>
    <truncated>0</truncated>
    <difficult>0</difficult>
    <bndbox>
      <xmin>983</xmin>
      <ymin>757</ymin>
      <xmax>1526</xmax>
      <ymax>928</ymax>
    </bndbox>
  </object>
  <object>
    <type>bndbox</type>
    <name>me</name>
    <pose>Unspecified</pose>
    <truncated>0</truncated>
    <difficult>0</difficult>
    <bndbox>
      <xmin>1602</xmin>
      <ymin>759</ymin>
      <xmax>1881</xmax>
      <ymax>927</ymax>
    </bndbox>
  </object>
</annotation>
