<annotation verified="no">
  <folder>QPKKZWmTvys</folder>
  <filename>08_frame_02326</filename>
  <path>/home/mitsuo/roLabelImg-master/&#28288;&#23614;/annotation/QPKKZWmTvys/08_frame_02326.jpg</path>
  <source>
    <database>Unknown</database>
  </source>
  <size>
    <width>1920</width>
    <height>1080</height>
    <depth>3</depth>
  </size>
  <segmented>0</segmented>
  <object>
    <type>bndbox</type>
    <name>tu</name>
    <pose>Unspecified</pose>
    <truncated>0</truncated>
    <difficult>0</difficult>
    <bndbox>
      <xmin>470</xmin>
      <ymin>207</ymin>
      <xmax>611</xmax>
      <ymax>303</ymax>
    </bndbox>
  </object>
  <object>
    <type>bndbox</type>
    <name>te</name>
    <pose>Unspecified</pose>
    <truncated>0</truncated>
    <difficult>0</difficult>
    <bndbox>
      <xmin>643</xmin>
      <ymin>201</ymin>
      <xmax>786</xmax>
      <ymax>311</ymax>
    </bndbox>
  </object>
  <object>
    <type>bndbox</type>
    <name>escuchas</name>
    <pose>Unspecified</pose>
    <truncated>0</truncated>
    <difficult>0</difficult>
    <bndbox>
      <xmin>815</xmin>
      <ymin>199</ymin>
      <xmax>1361</xmax>
      <ymax>308</ymax>
    </bndbox>
  </object>
  <object>
    <type>bndbox</type>
    <name>como</name>
    <pose>Unspecified</pose>
    <truncated>0</truncated>
    <difficult>0</difficult>
    <bndbox>
      <xmin>522</xmin>
      <ymin>325</ymin>
      <xmax>1058</xmax>
      <ymax>560</ymax>
    </bndbox>
  </object>
  <object>
    <type>bndbox</type>
    <name>un</name>
    <pose>Unspecified</pose>
    <truncated>0</truncated>
    <difficult>0</difficult>
    <bndbox>
      <xmin>1121</xmin>
      <ymin>328</ymin>
      <xmax>1441</xmax>
      <ymax>556</ymax>
    </bndbox>
  </object>
</annotation>
