<annotation verified="no">
  <folder>QPKKZWmTvys</folder>
  <filename>03_frame_01051</filename>
  <path>/home/mitsuo/roLabelImg-master/&#28288;&#23614;/annotation/QPKKZWmTvys/03_frame_01051.jpg</path>
  <source>
    <database>Unknown</database>
  </source>
  <size>
    <width>1920</width>
    <height>1080</height>
    <depth>3</depth>
  </size>
  <segmented>0</segmented>
  <object>
    <type>bndbox</type>
    <name>warro</name>
    <pose>Unspecified</pose>
    <truncated>0</truncated>
    <difficult>0</difficult>
    <bndbox>
      <xmin>129</xmin>
      <ymin>52</ymin>
      <xmax>1122</xmax>
      <ymax>364</ymax>
    </bndbox>
  </object>
  <object>
    <type>bndbox</type>
    <name>en</name>
    <pose>Unspecified</pose>
    <truncated>0</truncated>
    <difficult>0</difficult>
    <bndbox>
      <xmin>1261</xmin>
      <ymin>88</ymin>
      <xmax>1506</xmax>
      <ymax>272</ymax>
    </bndbox>
  </object>
  <object>
    <type>bndbox</type>
    <name>el</name>
    <pose>Unspecified</pose>
    <truncated>0</truncated>
    <difficult>0</difficult>
    <bndbox>
      <xmin>1591</xmin>
      <ymin>88</ymin>
      <xmax>1807</xmax>
      <ymax>273</ymax>
    </bndbox>
  </object>
  <object>
    <type>bndbox</type>
    <name>ritmo</name>
    <pose>Unspecified</pose>
    <truncated>0</truncated>
    <difficult>0</difficult>
    <bndbox>
      <xmin>1155</xmin>
      <ymin>311</ymin>
      <xmax>1854</xmax>
      <ymax>520</ymax>
    </bndbox>
  </object>
  <object>
    <type>bndbox</type>
    <name>y</name>
    <pose>Unspecified</pose>
    <truncated>0</truncated>
    <difficult>0</difficult>
    <bndbox>
      <xmin>147</xmin>
      <ymin>427</ymin>
      <xmax>321</xmax>
      <ymax>703</ymax>
    </bndbox>
  </object>
  <object>
    <type>bndbox</type>
    <name>kodi</name>
    <pose>Unspecified</pose>
    <truncated>0</truncated>
    <difficult>0</difficult>
    <bndbox>
      <xmin>420</xmin>
      <ymin>404</ymin>
      <xmax>1100</xmax>
      <ymax>721</ymax>
    </bndbox>
  </object>
  <object>
    <type>bndbox</type>
    <name>en</name>
    <pose>Unspecified</pose>
    <truncated>0</truncated>
    <difficult>0</difficult>
    <bndbox>
      <xmin>138</xmin>
      <ymin>795</ymin>
      <xmax>431</xmax>
      <ymax>967</ymax>
    </bndbox>
  </object>
  <object>
    <type>bndbox</type>
    <name>el</name>
    <pose>Unspecified</pose>
    <truncated>0</truncated>
    <difficult>0</difficult>
    <bndbox>
      <xmin>525</xmin>
      <ymin>707</ymin>
      <xmax>813</xmax>
      <ymax>964</ymax>
    </bndbox>
  </object>
  <object>
    <type>bndbox</type>
    <name>renglon</name>
    <pose>Unspecified</pose>
    <truncated>0</truncated>
    <difficult>0</difficult>
    <bndbox>
      <xmin>865</xmin>
      <ymin>705</ymin>
      <xmax>1802</xmax>
      <ymax>1073</ymax>
    </bndbox>
  </object>
</annotation>
