<annotation verified="no">
  <folder>OehxXNCYvTM</folder>
  <filename>07_frame_03691</filename>
  <path>/home/uchidalab/&#12487;&#12473;&#12463;&#12488;&#12483;&#12503;/&#24029;&#19978; (1)/&#24029;&#19978;/annotation/OehxXNCYvTM/07_frame_03691.jpg</path>
  <source>
    <database>Unknown</database>
  </source>
  <size>
    <width>1920</width>
    <height>1080</height>
    <depth>3</depth>
  </size>
  <segmented>0</segmented>
  <object>
    <type>robndbox</type>
    <name>lead</name>
    <pose>Unspecified</pose>
    <truncated>0</truncated>
    <difficult>0</difficult>
    <robndbox>
      <cx>579.679</cx>
      <cy>536.4116</cy>
      <w>388.3697</w>
      <h>129.4315</h>
      <angle>2.921593</angle>
    </robndbox>
  </object>
  <object>
    <type>robndbox</type>
    <name>me</name>
    <pose>Unspecified</pose>
    <truncated>0</truncated>
    <difficult>0</difficult>
    <robndbox>
      <cx>953.4428</cx>
      <cy>445.4207</cy>
      <w>205.7318</w>
      <h>132.8596</h>
      <angle>2.941593</angle>
    </robndbox>
  </object>
  <object>
    <type>robndbox</type>
    <name>into</name>
    <pose>Unspecified</pose>
    <truncated>0</truncated>
    <difficult>0</difficult>
    <robndbox>
      <cx>1341.0982</cx>
      <cy>356.3868</cy>
      <w>391.1231</w>
      <h>127.8605</h>
      <angle>2.941593</angle>
    </robndbox>
  </object>
  <object>
    <type>robndbox</type>
    <name>the</name>
    <pose>Unspecified</pose>
    <truncated>0</truncated>
    <difficult>0</difficult>
    <robndbox>
      <cx>558.7889</cx>
      <cy>705.1886</cy>
      <w>288.6879</w>
      <h>133.3698</h>
      <angle>2.931593</angle>
    </robndbox>
  </object>
  <object>
    <type>robndbox</type>
    <name>light</name>
    <pose>Unspecified</pose>
    <truncated>0</truncated>
    <difficult>0</difficult>
    <robndbox>
      <cx>1161.7408</cx>
      <cy>589.0982</cy>
      <w>789.5531</w>
      <h>193.5349</h>
      <angle>2.911593</angle>
    </robndbox>
  </object>
</annotation>
