<annotation verified="no">
  <folder>OehxXNCYvTM</folder>
  <filename>08_frame_05401</filename>
  <path>/home/uchidalab/&#12487;&#12473;&#12463;&#12488;&#12483;&#12503;/&#24029;&#19978; (1)/&#24029;&#19978;/annotation/OehxXNCYvTM/08_frame_05401.jpg</path>
  <source>
    <database>Unknown</database>
  </source>
  <size>
    <width>1920</width>
    <height>1080</height>
    <depth>3</depth>
  </size>
  <segmented>0</segmented>
  <object>
    <type>robndbox</type>
    <name>kiss</name>
    <pose>Unspecified</pose>
    <truncated>0</truncated>
    <difficult>0</difficult>
    <robndbox>
      <cx>939.5606</cx>
      <cy>565.8788</cy>
      <w>379.0</w>
      <h>106.0</h>
      <angle>0.0</angle>
    </robndbox>
  </object>
  <object>
    <type>robndbox</type>
    <name>me</name>
    <pose>Unspecified</pose>
    <truncated>0</truncated>
    <difficult>0</difficult>
    <robndbox>
      <cx>1416.0606</cx>
      <cy>627.8788</cy>
      <w>556.0</w>
      <h>242.0</h>
      <angle>0.0</angle>
    </robndbox>
  </object>
  <object>
    <type>robndbox</type>
    <name>ki</name>
    <pose>Unspecified</pose>
    <truncated>0</truncated>
    <difficult>0</difficult>
    <robndbox>
      <cx>337.0606</cx>
      <cy>699.3788</cy>
      <w>198.0</w>
      <h>109.0</h>
      <angle>0.0</angle>
    </robndbox>
  </object>
  <object>
    <type>robndbox</type>
    <name>ki</name>
    <pose>Unspecified</pose>
    <truncated>0</truncated>
    <difficult>0</difficult>
    <robndbox>
      <cx>588.5606</cx>
      <cy>697.3788</cy>
      <w>195.0</w>
      <h>109.0</h>
      <angle>0.0</angle>
    </robndbox>
  </object>
  <object>
    <type>robndbox</type>
    <name>kiss</name>
    <pose>Unspecified</pose>
    <truncated>0</truncated>
    <difficult>0</difficult>
    <robndbox>
      <cx>938.5606</cx>
      <cy>704.8788</cy>
      <w>371.0</w>
      <h>112.0</h>
      <angle>0.0</angle>
    </robndbox>
  </object>
</annotation>
