<annotation verified="no">
  <folder>OehxXNCYvTM</folder>
  <filename>10_frame_00361</filename>
  <path>/home/uchidalab/&#12487;&#12473;&#12463;&#12488;&#12483;&#12503;/&#24029;&#19978; (1)/&#24029;&#19978;/annotation/OehxXNCYvTM/10_frame_00361.jpg</path>
  <source>
    <database>Unknown</database>
  </source>
  <size>
    <width>1920</width>
    <height>1080</height>
    <depth>3</depth>
  </size>
  <segmented>0</segmented>
  <object>
    <type>robndbox</type>
    <name>in</name>
    <pose>Unspecified</pose>
    <truncated>0</truncated>
    <difficult>0</difficult>
    <robndbox>
      <cx>564.5606</cx>
      <cy>369.8788</cy>
      <w>295.0</w>
      <h>244.0</h>
      <angle>0.0</angle>
    </robndbox>
  </object>
  <object>
    <type>robndbox</type>
    <name>your</name>
    <pose>Unspecified</pose>
    <truncated>0</truncated>
    <difficult>0</difficult>
    <robndbox>
      <cx>1198.0606</cx>
      <cy>366.8788</cy>
      <w>626.0</w>
      <h>238.0</h>
      <angle>0.0</angle>
    </robndbox>
  </object>
  <object>
    <type>robndbox</type>
    <name>milky</name>
    <pose>Unspecified</pose>
    <truncated>0</truncated>
    <difficult>0</difficult>
    <robndbox>
      <cx>715.5606</cx>
      <cy>763.8788</cy>
      <w>609.0</w>
      <h>188.0</h>
      <angle>0.0</angle>
    </robndbox>
  </object>
  <object>
    <type>robndbox</type>
    <name>way</name>
    <pose>Unspecified</pose>
    <truncated>0</truncated>
    <difficult>0</difficult>
    <robndbox>
      <cx>1327.0606</cx>
      <cy>765.3788</cy>
      <w>362.0</w>
      <h>185.0</h>
      <angle>0.0</angle>
    </robndbox>
  </object>
</annotation>
