<annotation verified="no">
  <folder>OehxXNCYvTM</folder>
  <filename>06_frame_02071</filename>
  <path>/home/uchidalab/&#12487;&#12473;&#12463;&#12488;&#12483;&#12503;/&#24029;&#19978; (1)/&#24029;&#19978;/annotation/OehxXNCYvTM/06_frame_02071.jpg</path>
  <source>
    <database>Unknown</database>
  </source>
  <size>
    <width>1920</width>
    <height>1080</height>
    <depth>3</depth>
  </size>
  <segmented>0</segmented>
  <object>
    <type>robndbox</type>
    <name>lead</name>
    <pose>Unspecified</pose>
    <truncated>0</truncated>
    <difficult>0</difficult>
    <robndbox>
      <cx>578.1219</cx>
      <cy>535.7943</cy>
      <w>400.5171</w>
      <h>131.9982</h>
      <angle>2.911593</angle>
    </robndbox>
  </object>
  <object>
    <type>robndbox</type>
    <name>me</name>
    <pose>Unspecified</pose>
    <truncated>0</truncated>
    <difficult>0</difficult>
    <robndbox>
      <cx>952.9224</cx>
      <cy>447.5976</cy>
      <w>215.525</w>
      <h>129.7187</h>
      <angle>2.911593</angle>
    </robndbox>
  </object>
  <object>
    <type>robndbox</type>
    <name>into</name>
    <pose>Unspecified</pose>
    <truncated>0</truncated>
    <difficult>0</difficult>
    <robndbox>
      <cx>1338.962</cx>
      <cy>354.555</cy>
      <w>404.1613</w>
      <h>138.4905</h>
      <angle>2.921593</angle>
    </robndbox>
  </object>
  <object>
    <type>robndbox</type>
    <name>the</name>
    <pose>Unspecified</pose>
    <truncated>0</truncated>
    <difficult>0</difficult>
    <robndbox>
      <cx>556.4064</cx>
      <cy>703.7388</cy>
      <w>295.1962</w>
      <h>133.9285</h>
      <angle>2.921593</angle>
    </robndbox>
  </object>
  <object>
    <type>robndbox</type>
    <name>light</name>
    <pose>Unspecified</pose>
    <truncated>0</truncated>
    <difficult>0</difficult>
    <robndbox>
      <cx>1080.1162</cx>
      <cy>585.4049</cy>
      <w>587.7978</w>
      <h>151.0245</h>
      <angle>2.911593</angle>
    </robndbox>
  </object>
</annotation>
