<annotation verified="no">
  <folder>wEp9MCQlAa4</folder>
  <filename>06_frame_01261</filename>
  <path>/Users/KengoAraki/Desktop/&#22338;&#21475;&#12373;&#12435;_annotation/annotation/wEp9MCQlAa4/06_frame_01261.jpg</path>
  <source>
    <database>Unknown</database>
  </source>
  <size>
    <width>1920</width>
    <height>1080</height>
    <depth>3</depth>
  </size>
  <segmented>0</segmented>
  <object>
    <type>robndbox</type>
    <name>will</name>
    <pose>Unspecified</pose>
    <truncated>0</truncated>
    <difficult>0</difficult>
    <robndbox>
      <cx>715.0082</cx>
      <cy>492.5</cy>
      <w>339.0</w>
      <h>115.0</h>
      <angle>0.0</angle>
    </robndbox>
  </object>
  <object>
    <type>robndbox</type>
    <name>never</name>
    <pose>Unspecified</pose>
    <truncated>0</truncated>
    <difficult>0</difficult>
    <robndbox>
      <cx>1171.5082</cx>
      <cy>492.5</cy>
      <w>472.0</w>
      <h>115.0</h>
      <angle>0.0</angle>
    </robndbox>
  </object>
  <object>
    <type>robndbox</type>
    <name>let</name>
    <pose>Unspecified</pose>
    <truncated>0</truncated>
    <difficult>0</difficult>
    <robndbox>
      <cx>603.5082</cx>
      <cy>659.5</cy>
      <w>316.0</w>
      <h>131.0</h>
      <angle>0.0</angle>
    </robndbox>
  </object>
  <object>
    <type>robndbox</type>
    <name>you</name>
    <pose>Unspecified</pose>
    <truncated>0</truncated>
    <difficult>0</difficult>
    <robndbox>
      <cx>997.0082</cx>
      <cy>662.5</cy>
      <w>365.0</w>
      <h>133.0</h>
      <angle>0.0</angle>
    </robndbox>
  </object>
  <object>
    <type>robndbox</type>
    <name>go</name>
    <pose>Unspecified</pose>
    <truncated>0</truncated>
    <difficult>0</difficult>
    <robndbox>
      <cx>1366.5082</cx>
      <cy>660.5</cy>
      <w>262.0</w>
      <h>137.0</h>
      <angle>0.0</angle>
    </robndbox>
  </object>
</annotation>
