<annotation verified="no">
  <folder>wEp9MCQlAa4</folder>
  <filename>05_frame_01171</filename>
  <path>/Users/KengoAraki/Desktop/&#22338;&#21475;&#12373;&#12435;_annotation/annotation/wEp9MCQlAa4/05_frame_01171.jpg</path>
  <source>
    <database>Unknown</database>
  </source>
  <size>
    <width>1920</width>
    <height>1080</height>
    <depth>3</depth>
  </size>
  <segmented>0</segmented>
  <object>
    <type>robndbox</type>
    <name>where</name>
    <pose>Unspecified</pose>
    <truncated>0</truncated>
    <difficult>0</difficult>
    <robndbox>
      <cx>974.0082</cx>
      <cy>492.5</cy>
      <w>437.0</w>
      <h>99.0</h>
      <angle>0.0</angle>
    </robndbox>
  </object>
  <object>
    <type>robndbox</type>
    <name>love</name>
    <pose>Unspecified</pose>
    <truncated>0</truncated>
    <difficult>0</difficult>
    <robndbox>
      <cx>486.0082</cx>
      <cy>632.0</cy>
      <w>377.0</w>
      <h>108.0</h>
      <angle>0.0</angle>
    </robndbox>
  </object>
  <object>
    <type>robndbox</type>
    <name>can</name>
    <pose>Unspecified</pose>
    <truncated>0</truncated>
    <difficult>0</difficult>
    <robndbox>
      <cx>875.0082</cx>
      <cy>631.5</cy>
      <w>305.0</w>
      <h>115.0</h>
      <angle>0.0</angle>
    </robndbox>
  </object>
  <object>
    <type>robndbox</type>
    <name>save</name>
    <pose>Unspecified</pose>
    <truncated>0</truncated>
    <difficult>0</difficult>
    <robndbox>
      <cx>1239.5082</cx>
      <cy>632.0</cy>
      <w>356.0</w>
      <h>112.0</h>
      <angle>0.0</angle>
    </robndbox>
  </object>
  <object>
    <type>robndbox</type>
    <name>us</name>
    <pose>Unspecified</pose>
    <truncated>0</truncated>
    <difficult>0</difficult>
    <robndbox>
      <cx>1555.0082</cx>
      <cy>633.0</cy>
      <w>187.0</w>
      <h>110.0</h>
      <angle>0.0</angle>
    </robndbox>
  </object>
</annotation>
