<annotation verified="no">
  <folder>gUGxyD-NOGo</folder>
  <filename>09_frame_03025</filename>
  <path>/home/keisuke/Documents/lyric/&#31070;&#30000;/annotation/gUGxyD-NOGo/09_frame_03025.jpg</path>
  <source>
    <database>Unknown</database>
  </source>
  <size>
    <width>1920</width>
    <height>1080</height>
    <depth>3</depth>
  </size>
  <segmented>0</segmented>
  <object>
    <type>bndbox</type>
    <name>the</name>
    <pose>Unspecified</pose>
    <truncated>0</truncated>
    <difficult>0</difficult>
    <bndbox>
      <xmin>275</xmin>
      <ymin>170</ymin>
      <xmax>577</xmax>
      <ymax>301</ymax>
    </bndbox>
  </object>
  <object>
    <type>bndbox</type>
    <name>coming</name>
    <pose>Unspecified</pose>
    <truncated>0</truncated>
    <difficult>0</difficult>
    <bndbox>
      <xmin>653</xmin>
      <ymin>155</ymin>
      <xmax>1198</xmax>
      <ymax>322</ymax>
    </bndbox>
  </object>
  <object>
    <type>bndbox</type>
    <name>of</name>
    <pose>Unspecified</pose>
    <truncated>0</truncated>
    <difficult>0</difficult>
    <bndbox>
      <xmin>1285</xmin>
      <ymin>172</ymin>
      <xmax>1418</xmax>
      <ymax>306</ymax>
    </bndbox>
  </object>
  <object>
    <type>bndbox</type>
    <name>the</name>
    <pose>Unspecified</pose>
    <truncated>0</truncated>
    <difficult>0</difficult>
    <bndbox>
      <xmin>472</xmin>
      <ymin>423</ymin>
      <xmax>699</xmax>
      <ymax>550</ymax>
    </bndbox>
  </object>
  <object>
    <type>bndbox</type>
    <name>light</name>
    <pose>Unspecified</pose>
    <truncated>0</truncated>
    <difficult>0</difficult>
    <bndbox>
      <xmin>783</xmin>
      <ymin>403</ymin>
      <xmax>1106</xmax>
      <ymax>569</ymax>
    </bndbox>
  </object>
</annotation>
