<annotation verified="no">
  <folder>gUGxyD-NOGo</folder>
  <filename>06_frame_03241</filename>
  <path>/home/keisuke/Documents/lyric/&#31070;&#30000;/annotation/gUGxyD-NOGo/06_frame_03241.jpg</path>
  <source>
    <database>Unknown</database>
  </source>
  <size>
    <width>1920</width>
    <height>1080</height>
    <depth>3</depth>
  </size>
  <segmented>0</segmented>
  <object>
    <type>bndbox</type>
    <name>how</name>
    <pose>Unspecified</pose>
    <truncated>0</truncated>
    <difficult>0</difficult>
    <bndbox>
      <xmin>450</xmin>
      <ymin>248</ymin>
      <xmax>733</xmax>
      <ymax>360</ymax>
    </bndbox>
  </object>
  <object>
    <type>bndbox</type>
    <name>in</name>
    <pose>Unspecified</pose>
    <truncated>0</truncated>
    <difficult>0</difficult>
    <bndbox>
      <xmin>783</xmin>
      <ymin>248</ymin>
      <xmax>892</xmax>
      <ymax>358</ymax>
    </bndbox>
  </object>
  <object>
    <type>bndbox</type>
    <name>the</name>
    <pose>Unspecified</pose>
    <truncated>0</truncated>
    <difficult>0</difficult>
    <bndbox>
      <xmin>944</xmin>
      <ymin>250</ymin>
      <xmax>1145</xmax>
      <ymax>364</ymax>
    </bndbox>
  </object>
  <object>
    <type>bndbox</type>
    <name>world</name>
    <pose>Unspecified</pose>
    <truncated>0</truncated>
    <difficult>0</difficult>
    <bndbox>
      <xmin>1194</xmin>
      <ymin>248</ymin>
      <xmax>1520</xmax>
      <ymax>358</ymax>
    </bndbox>
  </object>
  <object>
    <type>bndbox</type>
    <name>did</name>
    <pose>Unspecified</pose>
    <truncated>0</truncated>
    <difficult>0</difficult>
    <bndbox>
      <xmin>351</xmin>
      <ymin>456</ymin>
      <xmax>511</xmax>
      <ymax>551</ymax>
    </bndbox>
  </object>
  <object>
    <type>bndbox</type>
    <name>this</name>
    <pose>Unspecified</pose>
    <truncated>0</truncated>
    <difficult>0</difficult>
    <bndbox>
      <xmin>556</xmin>
      <ymin>457</ymin>
      <xmax>753</xmax>
      <ymax>551</ymax>
    </bndbox>
  </object>
  <object>
    <type>bndbox</type>
    <name>come</name>
    <pose>Unspecified</pose>
    <truncated>0</truncated>
    <difficult>0</difficult>
    <bndbox>
      <xmin>798</xmin>
      <ymin>496</ymin>
      <xmax>1085</xmax>
      <ymax>553</ymax>
    </bndbox>
  </object>
  <object>
    <type>bndbox</type>
    <name>together</name>
    <pose>Unspecified</pose>
    <truncated>0</truncated>
    <difficult>0</difficult>
    <bndbox>
      <xmin>1130</xmin>
      <ymin>457</ymin>
      <xmax>1568</xmax>
      <ymax>576</ymax>
    </bndbox>
  </object>
</annotation>
