<annotation verified="no">
  <folder>gUGxyD-NOGo</folder>
  <filename>00_frame_03457</filename>
  <path>/home/keisuke/Documents/lyric/&#31070;&#30000;/annotation/gUGxyD-NOGo/00_frame_03457.jpg</path>
  <source>
    <database>Unknown</database>
  </source>
  <size>
    <width>1920</width>
    <height>1080</height>
    <depth>3</depth>
  </size>
  <segmented>0</segmented>
  <object>
    <type>bndbox</type>
    <name>she</name>
    <pose>Unspecified</pose>
    <truncated>0</truncated>
    <difficult>0</difficult>
    <bndbox>
      <xmin>269</xmin>
      <ymin>512</ymin>
      <xmax>407</xmax>
      <ymax>576</ymax>
    </bndbox>
  </object>
  <object>
    <type>bndbox</type>
    <name>is</name>
    <pose>Unspecified</pose>
    <truncated>0</truncated>
    <difficult>0</difficult>
    <bndbox>
      <xmin>434</xmin>
      <ymin>512</ymin>
      <xmax>489</xmax>
      <ymax>574</ymax>
    </bndbox>
  </object>
  <object>
    <type>bndbox</type>
    <name>the</name>
    <pose>Unspecified</pose>
    <truncated>0</truncated>
    <difficult>0</difficult>
    <bndbox>
      <xmin>512</xmin>
      <ymin>512</ymin>
      <xmax>618</xmax>
      <ymax>574</ymax>
    </bndbox>
  </object>
  <object>
    <type>bndbox</type>
    <name>one</name>
    <pose>Unspecified</pose>
    <truncated>0</truncated>
    <difficult>0</difficult>
    <bndbox>
      <xmin>645</xmin>
      <ymin>535</ymin>
      <xmax>766</xmax>
      <ymax>574</ymax>
    </bndbox>
  </object>
  <object>
    <type>bndbox</type>
    <name>thing</name>
    <pose>Unspecified</pose>
    <truncated>0</truncated>
    <difficult>0</difficult>
    <bndbox>
      <xmin>791</xmin>
      <ymin>514</ymin>
      <xmax>962</xmax>
      <ymax>590</ymax>
    </bndbox>
  </object>
  <object>
    <type>bndbox</type>
    <name>that</name>
    <pose>Unspecified</pose>
    <truncated>0</truncated>
    <difficult>0</difficult>
    <bndbox>
      <xmin>989</xmin>
      <ymin>514</ymin>
      <xmax>1120</xmax>
      <ymax>575</ymax>
    </bndbox>
  </object>
  <object>
    <type>bndbox</type>
    <name>keeps</name>
    <pose>Unspecified</pose>
    <truncated>0</truncated>
    <difficult>0</difficult>
    <bndbox>
      <xmin>1146</xmin>
      <ymin>514</ymin>
      <xmax>1344</xmax>
      <ymax>591</ymax>
    </bndbox>
  </object>
  <object>
    <type>bndbox</type>
    <name>me</name>
    <pose>Unspecified</pose>
    <truncated>0</truncated>
    <difficult>0</difficult>
    <bndbox>
      <xmin>1370</xmin>
      <ymin>535</ymin>
      <xmax>1477</xmax>
      <ymax>574</ymax>
    </bndbox>
  </object>
  <object>
    <type>bndbox</type>
    <name>high</name>
    <pose>Unspecified</pose>
    <truncated>0</truncated>
    <difficult>0</difficult>
    <bndbox>
      <xmin>1504</xmin>
      <ymin>514</ymin>
      <xmax>1650</xmax>
      <ymax>590</ymax>
    </bndbox>
  </object>
</annotation>
