<annotation verified="no">
  <folder>gUGxyD-NOGo</folder>
  <filename>01_frame_03529</filename>
  <path>/home/keisuke/Documents/lyric/&#31070;&#30000;/annotation/gUGxyD-NOGo/01_frame_03529.jpg</path>
  <source>
    <database>Unknown</database>
  </source>
  <size>
    <width>1920</width>
    <height>1080</height>
    <depth>3</depth>
  </size>
  <segmented>0</segmented>
  <object>
    <type>bndbox</type>
    <name>she</name>
    <pose>Unspecified</pose>
    <truncated>0</truncated>
    <difficult>0</difficult>
    <bndbox>
      <xmin>269</xmin>
      <ymin>502</ymin>
      <xmax>406</xmax>
      <ymax>565</ymax>
    </bndbox>
  </object>
  <object>
    <type>bndbox</type>
    <name>is</name>
    <pose>Unspecified</pose>
    <truncated>0</truncated>
    <difficult>0</difficult>
    <bndbox>
      <xmin>435</xmin>
      <ymin>507</ymin>
      <xmax>484</xmax>
      <ymax>565</ymax>
    </bndbox>
  </object>
  <object>
    <type>bndbox</type>
    <name>the</name>
    <pose>Unspecified</pose>
    <truncated>0</truncated>
    <difficult>0</difficult>
    <bndbox>
      <xmin>513</xmin>
      <ymin>509</ymin>
      <xmax>618</xmax>
      <ymax>568</ymax>
    </bndbox>
  </object>
  <object>
    <type>bndbox</type>
    <name>one</name>
    <pose>Unspecified</pose>
    <truncated>0</truncated>
    <difficult>0</difficult>
    <bndbox>
      <xmin>643</xmin>
      <ymin>530</ymin>
      <xmax>764</xmax>
      <ymax>566</ymax>
    </bndbox>
  </object>
  <object>
    <type>bndbox</type>
    <name>thing</name>
    <pose>Unspecified</pose>
    <truncated>0</truncated>
    <difficult>0</difficult>
    <bndbox>
      <xmin>794</xmin>
      <ymin>506</ymin>
      <xmax>961</xmax>
      <ymax>582</ymax>
    </bndbox>
  </object>
  <object>
    <type>bndbox</type>
    <name>that</name>
    <pose>Unspecified</pose>
    <truncated>0</truncated>
    <difficult>0</difficult>
    <bndbox>
      <xmin>991</xmin>
      <ymin>508</ymin>
      <xmax>1117</xmax>
      <ymax>566</ymax>
    </bndbox>
  </object>
  <object>
    <type>bndbox</type>
    <name>keeps</name>
    <pose>Unspecified</pose>
    <truncated>0</truncated>
    <difficult>0</difficult>
    <bndbox>
      <xmin>1148</xmin>
      <ymin>508</ymin>
      <xmax>1343</xmax>
      <ymax>582</ymax>
    </bndbox>
  </object>
  <object>
    <type>bndbox</type>
    <name>me</name>
    <pose>Unspecified</pose>
    <truncated>0</truncated>
    <difficult>0</difficult>
    <bndbox>
      <xmin>1369</xmin>
      <ymin>530</ymin>
      <xmax>1472</xmax>
      <ymax>569</ymax>
    </bndbox>
  </object>
  <object>
    <type>bndbox</type>
    <name>high</name>
    <pose>Unspecified</pose>
    <truncated>0</truncated>
    <difficult>0</difficult>
    <bndbox>
      <xmin>1502</xmin>
      <ymin>507</ymin>
      <xmax>1651</xmax>
      <ymax>581</ymax>
    </bndbox>
  </object>
  <object>
    <type>bndbox</type>
    <name>well</name>
    <pose>Unspecified</pose>
    <truncated>0</truncated>
    <difficult>0</difficult>
    <bndbox>
      <xmin>401</xmin>
      <ymin>228</ymin>
      <xmax>675</xmax>
      <ymax>336</ymax>
    </bndbox>
  </object>
  <object>
    <type>bndbox</type>
    <name>it</name>
    <pose>Unspecified</pose>
    <truncated>0</truncated>
    <difficult>0</difficult>
    <bndbox>
      <xmin>728</xmin>
      <ymin>228</ymin>
      <xmax>798</xmax>
      <ymax>336</ymax>
    </bndbox>
  </object>
  <object>
    <type>bndbox</type>
    <name>depends</name>
    <pose>Unspecified</pose>
    <truncated>0</truncated>
    <difficult>0</difficult>
    <bndbox>
      <xmin>850</xmin>
      <ymin>228</ymin>
      <xmax>1375</xmax>
      <ymax>364</ymax>
    </bndbox>
  </object>
  <object>
    <type>bndbox</type>
    <name>on</name>
    <pose>Unspecified</pose>
    <truncated>0</truncated>
    <difficult>0</difficult>
    <bndbox>
      <xmin>1443</xmin>
      <ymin>271</ymin>
      <xmax>1587</xmax>
      <ymax>334</ymax>
    </bndbox>
  </object>
  <object>
    <type>bndbox</type>
    <name>whether</name>
    <pose>Unspecified</pose>
    <truncated>0</truncated>
    <difficult>0</difficult>
    <bndbox>
      <xmin>530</xmin>
      <ymin>349</ymin>
      <xmax>1020</xmax>
      <ymax>456</ymax>
    </bndbox>
  </object>
</annotation>
