<annotation verified="no">
  <folder>gUGxyD-NOGo</folder>
  <filename>02_frame_00865</filename>
  <path>/home/keisuke/Documents/lyric/&#31070;&#30000;/annotation/gUGxyD-NOGo/02_frame_00865.jpg</path>
  <source>
    <database>Unknown</database>
  </source>
  <size>
    <width>1920</width>
    <height>1080</height>
    <depth>3</depth>
  </size>
  <segmented>0</segmented>
  <object>
    <type>bndbox</type>
    <name>these</name>
    <pose>Unspecified</pose>
    <truncated>0</truncated>
    <difficult>0</difficult>
    <bndbox>
      <xmin>182</xmin>
      <ymin>509</ymin>
      <xmax>416</xmax>
      <ymax>585</ymax>
    </bndbox>
  </object>
  <object>
    <type>bndbox</type>
    <name>are</name>
    <pose>Unspecified</pose>
    <truncated>0</truncated>
    <difficult>0</difficult>
    <bndbox>
      <xmin>451</xmin>
      <ymin>538</ymin>
      <xmax>580</xmax>
      <ymax>583</ymax>
    </bndbox>
  </object>
  <object>
    <type>bndbox</type>
    <name>times</name>
    <pose>Unspecified</pose>
    <truncated>0</truncated>
    <difficult>0</difficult>
    <bndbox>
      <xmin>614</xmin>
      <ymin>506</ymin>
      <xmax>855</xmax>
      <ymax>583</ymax>
    </bndbox>
  </object>
  <object>
    <type>bndbox</type>
    <name>im</name>
    <pose>Unspecified</pose>
    <truncated>0</truncated>
    <difficult>0</difficult>
    <bndbox>
      <xmin>893</xmin>
      <ymin>509</ymin>
      <xmax>1019</xmax>
      <ymax>582</ymax>
    </bndbox>
  </object>
  <object>
    <type>bndbox</type>
    <name>not</name>
    <pose>Unspecified</pose>
    <truncated>0</truncated>
    <difficult>0</difficult>
    <bndbox>
      <xmin>1056</xmin>
      <ymin>506</ymin>
      <xmax>1187</xmax>
      <ymax>582</ymax>
    </bndbox>
  </object>
  <object>
    <type>bndbox</type>
    <name>scared</name>
    <pose>Unspecified</pose>
    <truncated>0</truncated>
    <difficult>0</difficult>
    <bndbox>
      <xmin>1220</xmin>
      <ymin>507</ymin>
      <xmax>1495</xmax>
      <ymax>580</ymax>
    </bndbox>
  </object>
  <object>
    <type>bndbox</type>
    <name>at</name>
    <pose>Unspecified</pose>
    <truncated>0</truncated>
    <difficult>0</difficult>
    <bndbox>
      <xmin>1531</xmin>
      <ymin>507</ymin>
      <xmax>1608</xmax>
      <ymax>583</ymax>
    </bndbox>
  </object>
  <object>
    <type>bndbox</type>
    <name>all</name>
    <pose>Unspecified</pose>
    <truncated>0</truncated>
    <difficult>0</difficult>
    <bndbox>
      <xmin>1644</xmin>
      <ymin>508</ymin>
      <xmax>1737</xmax>
      <ymax>583</ymax>
    </bndbox>
  </object>
</annotation>
