<annotation verified="no">
  <folder>EEhZAHZQyf4</folder>
  <filename>06_frame_02809</filename>
  <path>/Users/KengoAraki/Desktop/annotation_&#32210;&#32396;/annotation/EEhZAHZQyf4/06_frame_02809.jpg</path>
  <source>
    <database>Unknown</database>
  </source>
  <size>
    <width>1920</width>
    <height>1080</height>
    <depth>3</depth>
  </size>
  <segmented>0</segmented>
  <object>
    <type>robndbox</type>
    <name>im</name>
    <pose>Unspecified</pose>
    <truncated>0</truncated>
    <difficult>0</difficult>
    <robndbox>
      <cx>532.2353</cx>
      <cy>347.2922</cy>
      <w>136.6311</w>
      <h>66.2991</h>
      <angle>0.14</angle>
    </robndbox>
  </object>
  <object>
    <type>robndbox</type>
    <name>so</name>
    <pose>Unspecified</pose>
    <truncated>0</truncated>
    <difficult>0</difficult>
    <robndbox>
      <cx>766.3628</cx>
      <cy>361.5371</cy>
      <w>121.8733</w>
      <h>94.3424</h>
      <angle>0.12</angle>
    </robndbox>
  </object>
  <object>
    <type>robndbox</type>
    <name>fucking</name>
    <pose>Unspecified</pose>
    <truncated>0</truncated>
    <difficult>0</difficult>
    <robndbox>
      <cx>1122.2973</cx>
      <cy>416.2801</cy>
      <w>469.6596</w>
      <h>109.0971</h>
      <angle>0.1</angle>
    </robndbox>
  </object>
  <object>
    <type>robndbox</type>
    <name>grateful</name>
    <pose>Unspecified</pose>
    <truncated>0</truncated>
    <difficult>0</difficult>
    <robndbox>
      <cx>451.115</cx>
      <cy>559.771</cy>
      <w>479.4905</w>
      <h>121.6429</h>
      <angle>0.13</angle>
    </robndbox>
  </object>
  <object>
    <type>robndbox</type>
    <name>for</name>
    <pose>Unspecified</pose>
    <truncated>0</truncated>
    <difficult>0</difficult>
    <robndbox>
      <cx>849.5082</cx>
      <cy>600.5</cy>
      <w>140.0</w>
      <h>107.0</h>
      <angle>0.2</angle>
    </robndbox>
  </object>
  <object>
    <type>robndbox</type>
    <name>my</name>
    <pose>Unspecified</pose>
    <truncated>0</truncated>
    <difficult>0</difficult>
    <robndbox>
      <cx>1127.0205</cx>
      <cy>610.7954</cy>
      <w>236.8639</w>
      <h>87.1978</h>
      <angle>0.1</angle>
    </robndbox>
  </object>
  <object>
    <type>robndbox</type>
    <name>ex</name>
    <pose>Unspecified</pose>
    <truncated>0</truncated>
    <difficult>0</difficult>
    <robndbox>
      <cx>1411.9051</cx>
      <cy>650.3609</cy>
      <w>149.389</w>
      <h>78.6098</h>
      <angle>0.2</angle>
    </robndbox>
  </object>
</annotation>
