<annotation verified="no">
  <folder>EEhZAHZQyf4</folder>
  <filename>11_frame_01585</filename>
  <path>/Users/KengoAraki/Desktop/annotation_&#32210;&#32396;/annotation/EEhZAHZQyf4/11_frame_01585.jpg</path>
  <source>
    <database>Unknown</database>
  </source>
  <size>
    <width>1920</width>
    <height>1080</height>
    <depth>3</depth>
  </size>
  <segmented>0</segmented>
  <object>
    <type>robndbox</type>
    <name>i</name>
    <pose>Unspecified</pose>
    <truncated>0</truncated>
    <difficult>0</difficult>
    <robndbox>
      <cx>521.5082</cx>
      <cy>464.5</cy>
      <w>28.0</w>
      <h>105.0</h>
      <angle>0.0</angle>
    </robndbox>
  </object>
  <object>
    <type>robndbox</type>
    <name>aint</name>
    <pose>Unspecified</pose>
    <truncated>0</truncated>
    <difficult>0</difficult>
    <robndbox>
      <cx>815.0082</cx>
      <cy>444.5</cy>
      <w>297.0</w>
      <h>105.0</h>
      <angle>0.0</angle>
    </robndbox>
  </object>
  <object>
    <type>robndbox</type>
    <name>worried</name>
    <pose>Unspecified</pose>
    <truncated>0</truncated>
    <difficult>0</difficult>
    <robndbox>
      <cx>1295.0082</cx>
      <cy>467.0</cy>
      <w>461.0</w>
      <h>116.0</h>
      <angle>0.0</angle>
    </robndbox>
  </object>
  <object>
    <type>robndbox</type>
    <name>bout</name>
    <pose>Unspecified</pose>
    <truncated>0</truncated>
    <difficult>0</difficult>
    <robndbox>
      <cx>684.5082</cx>
      <cy>690.0</cy>
      <w>348.0</w>
      <h>110.0</h>
      <angle>0.0</angle>
    </robndbox>
  </object>
  <object>
    <type>robndbox</type>
    <name>nothing</name>
    <pose>Unspecified</pose>
    <truncated>0</truncated>
    <difficult>0</difficult>
    <robndbox>
      <cx>1231.5082</cx>
      <cy>696.5</cy>
      <w>562.0</w>
      <h>139.0</h>
      <angle>0.0</angle>
    </robndbox>
  </object>
</annotation>
