<annotation verified="no">
  <folder>x9OJpU7O_cU</folder>
  <filename>07_frame_01576</filename>
  <path>/home/ikoma/roLabelImg/&#29983;&#39378;/annotation/x9OJpU7O_cU/07_frame_01576.jpg</path>
  <source>
    <database>Unknown</database>
  </source>
  <size>
    <width>1920</width>
    <height>1080</height>
    <depth>3</depth>
  </size>
  <segmented>0</segmented>
  <object>
    <type>bndbox</type>
    <name>and</name>
    <pose>Unspecified</pose>
    <truncated>0</truncated>
    <difficult>0</difficult>
    <bndbox>
      <xmin>259</xmin>
      <ymin>194</ymin>
      <xmax>392</xmax>
      <ymax>256</ymax>
    </bndbox>
  </object>
  <object>
    <type>bndbox</type>
    <name>when</name>
    <pose>Unspecified</pose>
    <truncated>0</truncated>
    <difficult>0</difficult>
    <bndbox>
      <xmin>399</xmin>
      <ymin>195</ymin>
      <xmax>589</xmax>
      <ymax>258</ymax>
    </bndbox>
  </object>
  <object>
    <type>bndbox</type>
    <name>you</name>
    <pose>Unspecified</pose>
    <truncated>0</truncated>
    <difficult>0</difficult>
    <bndbox>
      <xmin>598</xmin>
      <ymin>191</ymin>
      <xmax>732</xmax>
      <ymax>254</ymax>
    </bndbox>
  </object>
  <object>
    <type>bndbox</type>
    <name>think</name>
    <pose>Unspecified</pose>
    <truncated>0</truncated>
    <difficult>0</difficult>
    <bndbox>
      <xmin>746</xmin>
      <ymin>191</ymin>
      <xmax>942</xmax>
      <ymax>252</ymax>
    </bndbox>
  </object>
  <object>
    <type>bndbox</type>
    <name>of</name>
    <pose>Unspecified</pose>
    <truncated>0</truncated>
    <difficult>0</difficult>
    <bndbox>
      <xmin>244</xmin>
      <ymin>277</ymin>
      <xmax>326</xmax>
      <ymax>338</ymax>
    </bndbox>
  </object>
  <object>
    <type>bndbox</type>
    <name>my</name>
    <pose>Unspecified</pose>
    <truncated>0</truncated>
    <difficult>0</difficult>
    <bndbox>
      <xmin>339</xmin>
      <ymin>276</ymin>
      <xmax>428</xmax>
      <ymax>334</ymax>
    </bndbox>
  </object>
  <object>
    <type>bndbox</type>
    <name>body</name>
    <pose>Unspecified</pose>
    <truncated>0</truncated>
    <difficult>0</difficult>
    <bndbox>
      <xmin>447</xmin>
      <ymin>276</ymin>
      <xmax>615</xmax>
      <ymax>337</ymax>
    </bndbox>
  </object>
  <object>
    <type>bndbox</type>
    <name>on</name>
    <pose>Unspecified</pose>
    <truncated>0</truncated>
    <difficult>0</difficult>
    <bndbox>
      <xmin>628</xmin>
      <ymin>272</ymin>
      <xmax>722</xmax>
      <ymax>333</ymax>
    </bndbox>
  </object>
  <object>
    <type>bndbox</type>
    <name>yours</name>
    <pose>Unspecified</pose>
    <truncated>0</truncated>
    <difficult>0</difficult>
    <bndbox>
      <xmin>736</xmin>
      <ymin>272</ymin>
      <xmax>950</xmax>
      <ymax>337</ymax>
    </bndbox>
  </object>
  <object>
    <type>bndbox</type>
    <name>once</name>
    <pose>Unspecified</pose>
    <truncated>0</truncated>
    <difficult>0</difficult>
    <bndbox>
      <xmin>293</xmin>
      <ymin>759</ymin>
      <xmax>461</xmax>
      <ymax>820</ymax>
    </bndbox>
  </object>
  <object>
    <type>bndbox</type>
    <name>i</name>
    <pose>Unspecified</pose>
    <truncated>0</truncated>
    <difficult>0</difficult>
    <bndbox>
      <xmin>473</xmin>
      <ymin>762</ymin>
      <xmax>502</xmax>
      <ymax>824</ymax>
    </bndbox>
  </object>
  <object>
    <type>bndbox</type>
    <name>wouldve</name>
    <pose>Unspecified</pose>
    <truncated>0</truncated>
    <difficult>0</difficult>
    <bndbox>
      <xmin>511</xmin>
      <ymin>761</ymin>
      <xmax>834</xmax>
      <ymax>830</ymax>
    </bndbox>
  </object>
  <object>
    <type>bndbox</type>
    <name>died</name>
    <pose>Unspecified</pose>
    <truncated>0</truncated>
    <difficult>0</difficult>
    <bndbox>
      <xmin>847</xmin>
      <ymin>768</ymin>
      <xmax>997</xmax>
      <ymax>830</ymax>
    </bndbox>
  </object>
  <object>
    <type>bndbox</type>
    <name>you</name>
    <pose>Unspecified</pose>
    <truncated>0</truncated>
    <difficult>0</difficult>
    <bndbox>
      <xmin>565</xmin>
      <ymin>840</ymin>
      <xmax>694</xmax>
      <ymax>900</ymax>
    </bndbox>
  </object>
  <object>
    <type>bndbox</type>
    <name>baby</name>
    <pose>Unspecified</pose>
    <truncated>0</truncated>
    <difficult>0</difficult>
    <bndbox>
      <xmin>711</xmin>
      <ymin>844</ymin>
      <xmax>880</xmax>
      <ymax>902</ymax>
    </bndbox>
  </object>
  <object>
    <type>robndbox</type>
    <name>for</name>
    <pose>Unspecified</pose>
    <truncated>0</truncated>
    <difficult>0</difficult>
    <robndbox>
      <cx>492.0443</cx>
      <cy>866.3354</cy>
      <w>127.0</w>
      <h>61.0</h>
      <angle>0.0</angle>
    </robndbox>
  </object>
</annotation>
