<annotation verified="no">
  <folder>x9OJpU7O_cU</folder>
  <filename>01_frame_04201</filename>
  <path>/home/ikoma/roLabelImg/&#29983;&#39378;/annotation/x9OJpU7O_cU/01_frame_04201.jpg</path>
  <source>
    <database>Unknown</database>
  </source>
  <size>
    <width>1920</width>
    <height>1080</height>
    <depth>3</depth>
  </size>
  <segmented>0</segmented>
  <object>
    <type>robndbox</type>
    <name>youre</name>
    <pose>Unspecified</pose>
    <truncated>0</truncated>
    <difficult>0</difficult>
    <robndbox>
      <cx>771.7722</cx>
      <cy>430.4177</cy>
      <w>364.4557</w>
      <h>81.1646</h>
      <angle>0.0</angle>
    </robndbox>
  </object>
  <object>
    <type>robndbox</type>
    <name>really</name>
    <pose>Unspecified</pose>
    <truncated>0</truncated>
    <difficult>0</difficult>
    <robndbox>
      <cx>1151.0</cx>
      <cy>432.0</cy>
      <w>362.0</w>
      <h>82.0</h>
      <angle>0.0</angle>
    </robndbox>
  </object>
  <object>
    <type>robndbox</type>
    <name>gonna</name>
    <pose>Unspecified</pose>
    <truncated>0</truncated>
    <difficult>0</difficult>
    <robndbox>
      <cx>961.0</cx>
      <cy>514.0</cy>
      <w>382.0</w>
      <h>82.0</h>
      <angle>0.0</angle>
    </robndbox>
  </object>
  <object>
    <type>robndbox</type>
    <name>miss</name>
    <pose>Unspecified</pose>
    <truncated>0</truncated>
    <difficult>0</difficult>
    <robndbox>
      <cx>958.7722</cx>
      <cy>597.4177</cy>
      <w>225.5443</w>
      <h>76.8354</h>
      <angle>0.0</angle>
    </robndbox>
  </object>
  <object>
    <type>robndbox</type>
    <name>me</name>
    <pose>Unspecified</pose>
    <truncated>0</truncated>
    <difficult>0</difficult>
    <robndbox>
      <cx>960.2722</cx>
      <cy>681.4177</cy>
      <w>142.5443</w>
      <h>80.8354</h>
      <angle>0.0</angle>
    </robndbox>
  </object>
  <object>
    <type>robndbox</type>
    <name>youre</name>
    <pose>Unspecified</pose>
    <truncated>0</truncated>
    <difficult>0</difficult>
    <robndbox>
      <cx>307.0071</cx>
      <cy>921.53</cy>
      <w>76.8162</w>
      <h>23.4116</h>
      <angle>0.86</angle>
    </robndbox>
  </object>
  <object>
    <type>robndbox</type>
    <name>me</name>
    <pose>Unspecified</pose>
    <truncated>0</truncated>
    <difficult>0</difficult>
    <robndbox>
      <cx>269.6498</cx>
      <cy>876.2001</cy>
      <w>31.4982</w>
      <h>24.2493</h>
      <angle>0.9</angle>
    </robndbox>
  </object>
  <object>
    <type>robndbox</type>
    <name>miss</name>
    <pose>Unspecified</pose>
    <truncated>0</truncated>
    <difficult>0</difficult>
    <robndbox>
      <cx>244.6054</cx>
      <cy>838.0223</cy>
      <w>50.4188</w>
      <h>23.0809</h>
      <angle>0.98</angle>
    </robndbox>
  </object>
  <object>
    <type>robndbox</type>
    <name>gonna</name>
    <pose>Unspecified</pose>
    <truncated>0</truncated>
    <difficult>0</difficult>
    <robndbox>
      <cx>204.3483</cx>
      <cy>778.3342</cy>
      <w>84.1369</w>
      <h>21.3546</h>
      <angle>0.98</angle>
    </robndbox>
  </object>
  <object>
    <type>robndbox</type>
    <name>really</name>
    <pose>Unspecified</pose>
    <truncated>0</truncated>
    <difficult>0</difficult>
    <robndbox>
      <cx>159.822</cx>
      <cy>707.0099</cy>
      <w>80.2704</w>
      <h>23.7288</h>
      <angle>1.02</angle>
    </robndbox>
  </object>
  <object>
    <type>robndbox</type>
    <name>youre</name>
    <pose>Unspecified</pose>
    <truncated>0</truncated>
    <difficult>0</difficult>
    <robndbox>
      <cx>115.3896</cx>
      <cy>636.6126</cy>
      <w>81.8647</w>
      <h>22.4171</h>
      <angle>1.0</angle>
    </robndbox>
  </object>
  <object>
    <type>robndbox</type>
    <name>me</name>
    <pose>Unspecified</pose>
    <truncated>0</truncated>
    <difficult>0</difficult>
    <robndbox>
      <cx>85.8672</cx>
      <cy>589.217</cy>
      <w>31.0216</w>
      <h>20.2769</h>
      <angle>1.2</angle>
    </robndbox>
  </object>
  <object>
    <type>robndbox</type>
    <name>miss</name>
    <pose>Unspecified</pose>
    <truncated>0</truncated>
    <difficult>0</difficult>
    <robndbox>
      <cx>71.2785</cx>
      <cy>547.4738</cy>
      <w>52.323</w>
      <h>20.0517</h>
      <angle>1.3</angle>
    </robndbox>
  </object>
  <object>
    <type>robndbox</type>
    <name>gonna</name>
    <pose>Unspecified</pose>
    <truncated>0</truncated>
    <difficult>0</difficult>
    <robndbox>
      <cx>65.0604</cx>
      <cy>480.9393</cy>
      <w>83.1464</w>
      <h>21.8693</h>
      <angle>1.62</angle>
    </robndbox>
  </object>
  <object>
    <type>robndbox</type>
    <name>youre</name>
    <pose>Unspecified</pose>
    <truncated>0</truncated>
    <difficult>0</difficult>
    <robndbox>
      <cx>88.3308</cx>
      <cy>405.2051</cy>
      <w>74.4416</w>
      <h>26.4062</h>
      <angle>2.1</angle>
    </robndbox>
  </object>
  <object>
    <type>robndbox</type>
    <name>me</name>
    <pose>Unspecified</pose>
    <truncated>0</truncated>
    <difficult>0</difficult>
    <robndbox>
      <cx>127.84</cx>
      <cy>367.6122</cy>
      <w>35.2509</w>
      <h>24.1585</h>
      <angle>2.7</angle>
    </robndbox>
  </object>
  <object>
    <type>robndbox</type>
    <name>miss</name>
    <pose>Unspecified</pose>
    <truncated>0</truncated>
    <difficult>0</difficult>
    <robndbox>
      <cx>168.3547</cx>
      <cy>349.2243</cy>
      <w>51.4578</w>
      <h>19.9413</h>
      <angle>2.8</angle>
    </robndbox>
  </object>
  <object>
    <type>robndbox</type>
    <name>gonna</name>
    <pose>Unspecified</pose>
    <truncated>0</truncated>
    <difficult>0</difficult>
    <robndbox>
      <cx>233.6952</cx>
      <cy>333.8682</cy>
      <w>81.57</w>
      <h>23.6758</h>
      <angle>3.1</angle>
    </robndbox>
  </object>
  <object>
    <type>robndbox</type>
    <name>really</name>
    <pose>Unspecified</pose>
    <truncated>0</truncated>
    <difficult>0</difficult>
    <robndbox>
      <cx>309.5553</cx>
      <cy>350.5726</cy>
      <w>73.4789</w>
      <h>23.5658</h>
      <angle>0.641593</angle>
    </robndbox>
  </object>
  <object>
    <type>robndbox</type>
    <name>youre</name>
    <pose>Unspecified</pose>
    <truncated>0</truncated>
    <difficult>0</difficult>
    <robndbox>
      <cx>366.4364</cx>
      <cy>404.8223</cy>
      <w>79.2089</w>
      <h>19.0779</h>
      <angle>0.841593</angle>
    </robndbox>
  </object>
  <object>
    <type>robndbox</type>
    <name>me</name>
    <pose>Unspecified</pose>
    <truncated>0</truncated>
    <difficult>0</difficult>
    <robndbox>
      <cx>407.4076</cx>
      <cy>451.3765</cy>
      <w>34.946</w>
      <h>22.7405</h>
      <angle>0.751593</angle>
    </robndbox>
  </object>
  <object>
    <type>robndbox</type>
    <name>me</name>
    <pose>Unspecified</pose>
    <truncated>0</truncated>
    <difficult>0</difficult>
    <robndbox>
      <cx>1355.2251</cx>
      <cy>814.7731</cy>
      <w>38.4815</w>
      <h>24.5427</h>
      <angle>2.671593</angle>
    </robndbox>
  </object>
  <object>
    <type>robndbox</type>
    <name>youre</name>
    <pose>Unspecified</pose>
    <truncated>0</truncated>
    <difficult>0</difficult>
    <robndbox>
      <cx>1410.551</cx>
      <cy>791.4177</cy>
      <w>82.0022</w>
      <h>23.2387</h>
      <angle>2.761593</angle>
    </robndbox>
  </object>
  <object>
    <type>robndbox</type>
    <name>gonna</name>
    <pose>Unspecified</pose>
    <truncated>0</truncated>
    <difficult>0</difficult>
    <robndbox>
      <cx>1490.0495</cx>
      <cy>757.8981</cy>
      <w>86.5209</w>
      <h>24.7089</h>
      <angle>2.641593</angle>
    </robndbox>
  </object>
  <object>
    <type>robndbox</type>
    <name>miss</name>
    <pose>Unspecified</pose>
    <truncated>0</truncated>
    <difficult>0</difficult>
    <robndbox>
      <cx>1553.0402</cx>
      <cy>721.9496</cy>
      <w>55.026</w>
      <h>18.3815</h>
      <angle>2.541593</angle>
    </robndbox>
  </object>
  <object>
    <type>robndbox</type>
    <name>me</name>
    <pose>Unspecified</pose>
    <truncated>0</truncated>
    <difficult>0</difficult>
    <robndbox>
      <cx>1592.1094</cx>
      <cy>696.3241</cy>
      <w>34.7458</w>
      <h>22.9855</h>
      <angle>2.541593</angle>
    </robndbox>
  </object>
  <object>
    <type>robndbox</type>
    <name>youre</name>
    <pose>Unspecified</pose>
    <truncated>0</truncated>
    <difficult>0</difficult>
    <robndbox>
      <cx>1646.0039</cx>
      <cy>663.8035</cy>
      <w>80.2857</w>
      <h>23.7973</h>
      <angle>2.641593</angle>
    </robndbox>
  </object>
  <object>
    <type>robndbox</type>
    <name>gonna</name>
    <pose>Unspecified</pose>
    <truncated>0</truncated>
    <difficult>0</difficult>
    <robndbox>
      <cx>1720.9428</cx>
      <cy>622.6059</cy>
      <w>84.6728</w>
      <h>24.3652</h>
      <angle>2.641593</angle>
    </robndbox>
  </object>
  <object>
    <type>robndbox</type>
    <name>miss</name>
    <pose>Unspecified</pose>
    <truncated>0</truncated>
    <difficult>0</difficult>
    <robndbox>
      <cx>1779.2869</cx>
      <cy>583.9582</cy>
      <w>52.3085</w>
      <h>20.634</h>
      <angle>2.441593</angle>
    </robndbox>
  </object>
  <object>
    <type>robndbox</type>
    <name>me</name>
    <pose>Unspecified</pose>
    <truncated>0</truncated>
    <difficult>0</difficult>
    <robndbox>
      <cx>1810.4371</cx>
      <cy>551.0</cy>
      <w>37.0</w>
      <h>20.0</h>
      <angle>2.141593</angle>
    </robndbox>
  </object>
  <object>
    <type>robndbox</type>
    <name>youre</name>
    <pose>Unspecified</pose>
    <truncated>0</truncated>
    <difficult>0</difficult>
    <robndbox>
      <cx>1832.837</cx>
      <cy>496.0327</cy>
      <w>78.3601</w>
      <h>24.0374</h>
      <angle>1.841593</angle>
    </robndbox>
  </object>
  <object>
    <type>robndbox</type>
    <name>really</name>
    <pose>Unspecified</pose>
    <truncated>0</truncated>
    <difficult>0</difficult>
    <robndbox>
      <cx>1841.4371</cx>
      <cy>418.0</cy>
      <w>75.0</w>
      <h>26.0</h>
      <angle>1.441593</angle>
    </robndbox>
  </object>
  <object>
    <type>robndbox</type>
    <name>gonna</name>
    <pose>Unspecified</pose>
    <truncated>0</truncated>
    <difficult>0</difficult>
    <robndbox>
      <cx>1808.1924</cx>
      <cy>341.6808</cy>
      <w>89.3226</w>
      <h>20.1876</h>
      <angle>0.901593</angle>
    </robndbox>
  </object>
  <object>
    <type>robndbox</type>
    <name>miss</name>
    <pose>Unspecified</pose>
    <truncated>0</truncated>
    <difficult>0</difficult>
    <robndbox>
      <cx>1760.6128</cx>
      <cy>288.2875</cy>
      <w>50.3631</w>
      <h>23.2178</h>
      <angle>0.751593</angle>
    </robndbox>
  </object>
  <object>
    <type>robndbox</type>
    <name>me</name>
    <pose>Unspecified</pose>
    <truncated>0</truncated>
    <difficult>0</difficult>
    <robndbox>
      <cx>1727.0018</cx>
      <cy>259.3628</cy>
      <w>36.9076</w>
      <h>20.4648</h>
      <angle>0.631593</angle>
    </robndbox>
  </object>
  <object>
    <type>robndbox</type>
    <name>youre</name>
    <pose>Unspecified</pose>
    <truncated>0</truncated>
    <difficult>0</difficult>
    <robndbox>
      <cx>1619.5737</cx>
      <cy>251.9637</cy>
      <w>74.7342</w>
      <h>23.2571</h>
      <angle>2.683185</angle>
    </robndbox>
  </object>
  <object>
    <type>robndbox</type>
    <name>gonna</name>
    <pose>Unspecified</pose>
    <truncated>0</truncated>
    <difficult>0</difficult>
    <robndbox>
      <cx>1542.7351</cx>
      <cy>289.5264</cy>
      <w>87.1385</w>
      <h>25.795</h>
      <angle>2.67</angle>
    </robndbox>
  </object>
  <object>
    <type>robndbox</type>
    <name>miss</name>
    <pose>Unspecified</pose>
    <truncated>0</truncated>
    <difficult>0</difficult>
    <robndbox>
      <cx>1470.5718</cx>
      <cy>312.0911</cy>
      <w>58.7942</w>
      <h>30.2337</h>
      <angle>0.341593</angle>
    </robndbox>
  </object>
</annotation>
