<annotation verified="no">
  <folder>x9OJpU7O_cU</folder>
  <filename>00_frame_03901</filename>
  <path>/home/ikoma/roLabelImg/&#29983;&#39378;/annotation/x9OJpU7O_cU/00_frame_03901.jpg</path>
  <source>
    <database>Unknown</database>
  </source>
  <size>
    <width>1920</width>
    <height>1080</height>
    <depth>3</depth>
  </size>
  <segmented>0</segmented>
  <object>
    <type>robndbox</type>
    <name>youre</name>
    <pose>Unspecified</pose>
    <truncated>0</truncated>
    <difficult>0</difficult>
    <robndbox>
      <cx>812.7722</cx>
      <cy>412.7302</cy>
      <w>292.4557</w>
      <h>67.7896</h>
      <angle>0.0</angle>
    </robndbox>
  </object>
  <object>
    <type>robndbox</type>
    <name>really</name>
    <pose>Unspecified</pose>
    <truncated>0</truncated>
    <difficult>0</difficult>
    <robndbox>
      <cx>1129.2722</cx>
      <cy>411.7302</cy>
      <w>307.4557</w>
      <h>67.7896</h>
      <angle>0.0</angle>
    </robndbox>
  </object>
  <object>
    <type>robndbox</type>
    <name>gonna</name>
    <pose>Unspecified</pose>
    <truncated>0</truncated>
    <difficult>0</difficult>
    <robndbox>
      <cx>972.0443</cx>
      <cy>485.3354</cy>
      <w>321.0</w>
      <h>67.0</h>
      <angle>0.0</angle>
    </robndbox>
  </object>
  <object>
    <type>robndbox</type>
    <name>miss</name>
    <pose>Unspecified</pose>
    <truncated>0</truncated>
    <difficult>0</difficult>
    <robndbox>
      <cx>972.7722</cx>
      <cy>554.2302</cy>
      <w>187.5443</w>
      <h>71.2104</h>
      <angle>0.0</angle>
    </robndbox>
  </object>
  <object>
    <type>robndbox</type>
    <name>me</name>
    <pose>Unspecified</pose>
    <truncated>0</truncated>
    <difficult>0</difficult>
    <robndbox>
      <cx>974.5</cx>
      <cy>623.625</cy>
      <w>121.0</w>
      <h>76.0</h>
      <angle>0.0</angle>
    </robndbox>
  </object>
  <object>
    <type>robndbox</type>
    <name>youre</name>
    <pose>Unspecified</pose>
    <truncated>0</truncated>
    <difficult>0</difficult>
    <robndbox>
      <cx>643.0</cx>
      <cy>503.0</cy>
      <w>78.1811</w>
      <h>23.7426</h>
      <angle>0.9</angle>
    </robndbox>
  </object>
  <object>
    <type>robndbox</type>
    <name>really</name>
    <pose>Unspecified</pose>
    <truncated>0</truncated>
    <difficult>0</difficult>
    <robndbox>
      <cx>692.1406</cx>
      <cy>567.9367</cy>
      <w>78.5802</w>
      <h>26.2534</h>
      <angle>0.9</angle>
    </robndbox>
  </object>
  <object>
    <type>robndbox</type>
    <name>gonna</name>
    <pose>Unspecified</pose>
    <truncated>0</truncated>
    <difficult>0</difficult>
    <robndbox>
      <cx>743.8686</cx>
      <cy>635.3305</cy>
      <w>87.823</w>
      <h>23.3988</h>
      <angle>0.9</angle>
    </robndbox>
  </object>
  <object>
    <type>robndbox</type>
    <name>miss</name>
    <pose>Unspecified</pose>
    <truncated>0</truncated>
    <difficult>0</difficult>
    <robndbox>
      <cx>787.2258</cx>
      <cy>691.6556</cy>
      <w>50.3412</w>
      <h>27.7588</h>
      <angle>0.9</angle>
    </robndbox>
  </object>
  <object>
    <type>robndbox</type>
    <name>me</name>
    <pose>Unspecified</pose>
    <truncated>0</truncated>
    <difficult>0</difficult>
    <robndbox>
      <cx>816.8751</cx>
      <cy>725.5922</cy>
      <w>37.7471</w>
      <h>24.5288</h>
      <angle>0.9</angle>
    </robndbox>
  </object>
  <object>
    <type>robndbox</type>
    <name>youre</name>
    <pose>Unspecified</pose>
    <truncated>0</truncated>
    <difficult>0</difficult>
    <robndbox>
      <cx>857.4664</cx>
      <cy>769.0</cy>
      <w>77.5158</w>
      <h>26.4007</h>
      <angle>0.8</angle>
    </robndbox>
  </object>
  <object>
    <type>robndbox</type>
    <name>gonna</name>
    <pose>Unspecified</pose>
    <truncated>0</truncated>
    <difficult>0</difficult>
    <robndbox>
      <cx>918.9352</cx>
      <cy>822.3902</cy>
      <w>79.2181</w>
      <h>27.2492</h>
      <angle>0.6</angle>
    </robndbox>
  </object>
  <object>
    <type>robndbox</type>
    <name>miss</name>
    <pose>Unspecified</pose>
    <truncated>0</truncated>
    <difficult>0</difficult>
    <robndbox>
      <cx>977.632</cx>
      <cy>831.7977</cy>
      <w>48.704</w>
      <h>22.9048</h>
      <angle>2.541593</angle>
    </robndbox>
  </object>
  <object>
    <type>robndbox</type>
    <name>me</name>
    <pose>Unspecified</pose>
    <truncated>0</truncated>
    <difficult>0</difficult>
    <robndbox>
      <cx>1013.0999</cx>
      <cy>804.0341</cy>
      <w>34.5914</w>
      <h>23.817</h>
      <angle>2.441593</angle>
    </robndbox>
  </object>
  <object>
    <type>robndbox</type>
    <name>youre</name>
    <pose>Unspecified</pose>
    <truncated>0</truncated>
    <difficult>0</difficult>
    <robndbox>
      <cx>1057.4736</cx>
      <cy>763.864</cy>
      <w>78.7034</w>
      <h>20.3569</h>
      <angle>2.441593</angle>
    </robndbox>
  </object>
  <object>
    <type>robndbox</type>
    <name>gonna</name>
    <pose>Unspecified</pose>
    <truncated>0</truncated>
    <difficult>0</difficult>
    <robndbox>
      <cx>1118.9367</cx>
      <cy>709.0936</cy>
      <w>85.0039</w>
      <h>18.4222</h>
      <angle>2.341593</angle>
    </robndbox>
  </object>
  <object>
    <type>robndbox</type>
    <name>miss</name>
    <pose>Unspecified</pose>
    <truncated>0</truncated>
    <difficult>0</difficult>
    <robndbox>
      <cx>1164.2157</cx>
      <cy>655.6039</cy>
      <w>51.9744</w>
      <h>22.6497</h>
      <angle>2.241593</angle>
    </robndbox>
  </object>
  <object>
    <type>robndbox</type>
    <name>me</name>
    <pose>Unspecified</pose>
    <truncated>0</truncated>
    <difficult>0</difficult>
    <robndbox>
      <cx>1191.0275</cx>
      <cy>619.3513</cy>
      <w>34.9534</w>
      <h>22.3893</h>
      <angle>2.241593</angle>
    </robndbox>
  </object>
  <object>
    <type>robndbox</type>
    <name>youre</name>
    <pose>Unspecified</pose>
    <truncated>0</truncated>
    <difficult>0</difficult>
    <robndbox>
      <cx>1230.535</cx>
      <cy>574.8786</cy>
      <w>84.1092</w>
      <h>24.5276</h>
      <angle>2.341593</angle>
    </robndbox>
  </object>
  <object>
    <type>robndbox</type>
    <name>gonna</name>
    <pose>Unspecified</pose>
    <truncated>0</truncated>
    <difficult>0</difficult>
    <robndbox>
      <cx>1286.0451</cx>
      <cy>515.5955</cy>
      <w>86.2824</w>
      <h>23.1598</h>
      <angle>2.241593</angle>
    </robndbox>
  </object>
  <object>
    <type>robndbox</type>
    <name>miss</name>
    <pose>Unspecified</pose>
    <truncated>0</truncated>
    <difficult>0</difficult>
    <robndbox>
      <cx>1328.0991</cx>
      <cy>456.6283</cy>
      <w>47.1561</w>
      <h>23.628</h>
      <angle>2.041593</angle>
    </robndbox>
  </object>
  <object>
    <type>robndbox</type>
    <name>me</name>
    <pose>Unspecified</pose>
    <truncated>0</truncated>
    <difficult>0</difficult>
    <robndbox>
      <cx>1347.1756</cx>
      <cy>416.5325</cy>
      <w>32.5089</w>
      <h>20.9751</h>
      <angle>1.841593</angle>
    </robndbox>
  </object>
  <object>
    <type>robndbox</type>
    <name>youre</name>
    <pose>Unspecified</pose>
    <truncated>0</truncated>
    <difficult>0</difficult>
    <robndbox>
      <cx>1350.1781</cx>
      <cy>359.3671</cy>
      <w>77.9778</w>
      <h>23.2425</h>
      <angle>1.541593</angle>
    </robndbox>
  </object>
  <object>
    <type>robndbox</type>
    <name>really</name>
    <pose>Unspecified</pose>
    <truncated>0</truncated>
    <difficult>0</difficult>
    <robndbox>
      <cx>1333.3199</cx>
      <cy>286.408</cy>
      <w>74.8517</w>
      <h>22.3661</h>
      <angle>1.111593</angle>
    </robndbox>
  </object>
  <object>
    <type>robndbox</type>
    <name>gonna</name>
    <pose>Unspecified</pose>
    <truncated>0</truncated>
    <difficult>0</difficult>
    <robndbox>
      <cx>1279.9949</cx>
      <cy>226.4803</cy>
      <w>82.0356</w>
      <h>22.465</h>
      <angle>0.541593</angle>
    </robndbox>
  </object>
  <object>
    <type>robndbox</type>
    <name>miss</name>
    <pose>Unspecified</pose>
    <truncated>0</truncated>
    <difficult>0</difficult>
    <robndbox>
      <cx>1219.5818</cx>
      <cy>191.404</cy>
      <w>50.9176</w>
      <h>24.9639</h>
      <angle>0.441593</angle>
    </robndbox>
  </object>
  <object>
    <type>robndbox</type>
    <name>me</name>
    <pose>Unspecified</pose>
    <truncated>0</truncated>
    <difficult>0</difficult>
    <robndbox>
      <cx>1177.8577</cx>
      <cy>177.3564</cy>
      <w>37.8848</w>
      <h>22.4281</h>
      <angle>0.241593</angle>
    </robndbox>
  </object>
  <object>
    <type>robndbox</type>
    <name>youre</name>
    <pose>Unspecified</pose>
    <truncated>0</truncated>
    <difficult>0</difficult>
    <robndbox>
      <cx>871.0083</cx>
      <cy>248.4252</cy>
      <w>81.3809</w>
      <h>26.3202</h>
      <angle>0.841593</angle>
    </robndbox>
  </object>
  <object>
    <type>robndbox</type>
    <name>gonna</name>
    <pose>Unspecified</pose>
    <truncated>0</truncated>
    <difficult>0</difficult>
    <robndbox>
      <cx>735.0095</cx>
      <cy>189.5314</cy>
      <w>79.0432</w>
      <h>25.7179</h>
      <angle>2.883185</angle>
    </robndbox>
  </object>
  <object>
    <type>robndbox</type>
    <name>really</name>
    <pose>Unspecified</pose>
    <truncated>0</truncated>
    <difficult>0</difficult>
    <robndbox>
      <cx>813.4329</cx>
      <cy>200.0</cy>
      <w>79.3118</w>
      <h>26.4318</h>
      <angle>0.441593</angle>
    </robndbox>
  </object>
  <object>
    <type>robndbox</type>
    <name>miss</name>
    <pose>Unspecified</pose>
    <truncated>0</truncated>
    <difficult>0</difficult>
    <robndbox>
      <cx>669.4664</cx>
      <cy>211.5715</cy>
      <w>47.7394</w>
      <h>22.3218</h>
      <angle>2.683185</angle>
    </robndbox>
  </object>
  <object>
    <type>robndbox</type>
    <name>me</name>
    <pose>Unspecified</pose>
    <truncated>0</truncated>
    <difficult>0</difficult>
    <robndbox>
      <cx>628.1675</cx>
      <cy>232.9844</cy>
      <w>37.3396</w>
      <h>24.1807</h>
      <angle>2.6</angle>
    </robndbox>
  </object>
  <object>
    <type>robndbox</type>
    <name>me</name>
    <pose>Unspecified</pose>
    <truncated>0</truncated>
    <difficult>0</difficult>
    <robndbox>
      <cx>607.8246</cx>
      <cy>455.4096</cy>
      <w>31.0483</w>
      <h>27.7412</h>
      <angle>1.04</angle>
    </robndbox>
  </object>
  <object>
    <type>robndbox</type>
    <name>miss</name>
    <pose>Unspecified</pose>
    <truncated>0</truncated>
    <difficult>0</difficult>
    <robndbox>
      <cx>590.9281</cx>
      <cy>417.5</cy>
      <w>52.3132</w>
      <h>24.0069</h>
      <angle>1.28</angle>
    </robndbox>
  </object>
  <object>
    <type>robndbox</type>
    <name>gonna</name>
    <pose>Unspecified</pose>
    <truncated>0</truncated>
    <difficult>0</difficult>
    <robndbox>
      <cx>578.6556</cx>
      <cy>351.26</cy>
      <w>85.4996</w>
      <h>24.4769</h>
      <angle>1.57</angle>
    </robndbox>
  </object>
  <object>
    <type>robndbox</type>
    <name>youre</name>
    <pose>Unspecified</pose>
    <truncated>0</truncated>
    <difficult>0</difficult>
    <robndbox>
      <cx>595.8813</cx>
      <cy>272.2394</cy>
      <w>74.7328</w>
      <h>25.0709</h>
      <angle>2.0</angle>
    </robndbox>
  </object>
  <object>
    <type>robndbox</type>
    <name>me</name>
    <pose>Unspecified</pose>
    <truncated>0</truncated>
    <difficult>0</difficult>
    <robndbox>
      <cx>916.6666</cx>
      <cy>290.282</cy>
      <w>34.521</w>
      <h>21.499</h>
      <angle>0.641593</angle>
    </robndbox>
  </object>
  <object>
    <type>robndbox</type>
    <name>miss</name>
    <pose>Unspecified</pose>
    <truncated>0</truncated>
    <difficult>0</difficult>
    <robndbox>
      <cx>963.4452</cx>
      <cy>305.5899</cy>
      <w>61.0951</w>
      <h>24.443</h>
      <angle>3.0</angle>
    </robndbox>
  </object>
  <object>
    <type>robndbox</type>
    <name>gonna</name>
    <pose>Unspecified</pose>
    <truncated>0</truncated>
    <difficult>0</difficult>
    <robndbox>
      <cx>1019.216</cx>
      <cy>263.0529</cy>
      <w>85.0163</w>
      <h>21.852</h>
      <angle>2.31</angle>
    </robndbox>
  </object>
  <object>
    <type>robndbox</type>
    <name>youre</name>
    <pose>Unspecified</pose>
    <truncated>0</truncated>
    <difficult>0</difficult>
    <robndbox>
      <cx>1077.255</cx>
      <cy>204.3409</cy>
      <w>76.1604</w>
      <h>25.4432</h>
      <angle>2.4</angle>
    </robndbox>
  </object>
</annotation>
