<annotation verified="no">
  <folder>x9OJpU7O_cU</folder>
  <filename>03_frame_04126</filename>
  <path>/home/ikoma/roLabelImg/&#29983;&#39378;/annotation/x9OJpU7O_cU/03_frame_04126.jpg</path>
  <source>
    <database>Unknown</database>
  </source>
  <size>
    <width>1920</width>
    <height>1080</height>
    <depth>3</depth>
  </size>
  <segmented>0</segmented>
  <object>
    <type>bndbox</type>
    <name>youre</name>
    <pose>Unspecified</pose>
    <truncated>0</truncated>
    <difficult>0</difficult>
    <bndbox>
      <xmin>688</xmin>
      <ymin>358</ymin>
      <xmax>1200</xmax>
      <ymax>477</ymax>
    </bndbox>
  </object>
  <object>
    <type>bndbox</type>
    <name>gonna</name>
    <pose>Unspecified</pose>
    <truncated>0</truncated>
    <difficult>0</difficult>
    <bndbox>
      <xmin>693</xmin>
      <ymin>474</ymin>
      <xmax>1229</xmax>
      <ymax>587</ymax>
    </bndbox>
  </object>
  <object>
    <type>bndbox</type>
    <name>miss</name>
    <pose>Unspecified</pose>
    <truncated>0</truncated>
    <difficult>0</difficult>
    <bndbox>
      <xmin>806</xmin>
      <ymin>591</ymin>
      <xmax>1114</xmax>
      <ymax>696</ymax>
    </bndbox>
  </object>
  <object>
    <type>bndbox</type>
    <name>me</name>
    <pose>Unspecified</pose>
    <truncated>0</truncated>
    <difficult>0</difficult>
    <bndbox>
      <xmin>858</xmin>
      <ymin>705</ymin>
      <xmax>1062</xmax>
      <ymax>805</ymax>
    </bndbox>
  </object>
  <object>
    <type>robndbox</type>
    <name>me</name>
    <pose>Unspecified</pose>
    <truncated>0</truncated>
    <difficult>0</difficult>
    <robndbox>
      <cx>407.5897</cx>
      <cy>448.7457</cy>
      <w>31.4927</w>
      <h>20.0213</h>
      <angle>0.741593</angle>
    </robndbox>
  </object>
  <object>
    <type>robndbox</type>
    <name>youre</name>
    <pose>Unspecified</pose>
    <truncated>0</truncated>
    <difficult>0</difficult>
    <robndbox>
      <cx>367.1521</cx>
      <cy>404.2252</cy>
      <w>79.021</w>
      <h>20.077</h>
      <angle>0.841593</angle>
    </robndbox>
  </object>
  <object>
    <type>robndbox</type>
    <name>really</name>
    <pose>Unspecified</pose>
    <truncated>0</truncated>
    <difficult>0</difficult>
    <robndbox>
      <cx>312.4831</cx>
      <cy>351.4643</cy>
      <w>72.3495</w>
      <h>21.2686</h>
      <angle>0.541593</angle>
    </robndbox>
  </object>
  <object>
    <type>robndbox</type>
    <name>gonna</name>
    <pose>Unspecified</pose>
    <truncated>0</truncated>
    <difficult>0</difficult>
    <robndbox>
      <cx>233.8221</cx>
      <cy>333.3472</cy>
      <w>79.7062</w>
      <h>22.0792</h>
      <angle>3.083185</angle>
    </robndbox>
  </object>
  <object>
    <type>robndbox</type>
    <name>miss</name>
    <pose>Unspecified</pose>
    <truncated>0</truncated>
    <difficult>0</difficult>
    <robndbox>
      <cx>167.4628</cx>
      <cy>349.5</cy>
      <w>51.0</w>
      <h>21.0</h>
      <angle>2.783185</angle>
    </robndbox>
  </object>
  <object>
    <type>robndbox</type>
    <name>me</name>
    <pose>Unspecified</pose>
    <truncated>0</truncated>
    <difficult>0</difficult>
    <robndbox>
      <cx>126.9628</cx>
      <cy>367.5</cy>
      <w>34.0</w>
      <h>19.0</h>
      <angle>2.683185</angle>
    </robndbox>
  </object>
  <object>
    <type>robndbox</type>
    <name>youre</name>
    <pose>Unspecified</pose>
    <truncated>0</truncated>
    <difficult>0</difficult>
    <robndbox>
      <cx>88.9547</cx>
      <cy>405.8108</cy>
      <w>71.3429</w>
      <h>21.7307</h>
      <angle>2.11</angle>
    </robndbox>
  </object>
  <object>
    <type>robndbox</type>
    <name>gonna</name>
    <pose>Unspecified</pose>
    <truncated>0</truncated>
    <difficult>0</difficult>
    <robndbox>
      <cx>65.6494</cx>
      <cy>480.1841</cy>
      <w>79.0539</w>
      <h>22.328</h>
      <angle>1.6</angle>
    </robndbox>
  </object>
  <object>
    <type>robndbox</type>
    <name>miss</name>
    <pose>Unspecified</pose>
    <truncated>0</truncated>
    <difficult>0</difficult>
    <robndbox>
      <cx>71.1876</cx>
      <cy>547.4224</cy>
      <w>49.5207</w>
      <h>21.4456</h>
      <angle>1.4</angle>
    </robndbox>
  </object>
  <object>
    <type>robndbox</type>
    <name>me</name>
    <pose>Unspecified</pose>
    <truncated>0</truncated>
    <difficult>0</difficult>
    <robndbox>
      <cx>84.9952</cx>
      <cy>589.2601</cy>
      <w>30.8673</w>
      <h>20.1174</h>
      <angle>1.2</angle>
    </robndbox>
  </object>
  <object>
    <type>robndbox</type>
    <name>youre</name>
    <pose>Unspecified</pose>
    <truncated>0</truncated>
    <difficult>0</difficult>
    <robndbox>
      <cx>115.609</cx>
      <cy>637.7324</cy>
      <w>78.6902</w>
      <h>21.6182</h>
      <angle>1.0</angle>
    </robndbox>
  </object>
  <object>
    <type>robndbox</type>
    <name>really</name>
    <pose>Unspecified</pose>
    <truncated>0</truncated>
    <difficult>0</difficult>
    <robndbox>
      <cx>160.8498</cx>
      <cy>707.9612</cy>
      <w>78.6473</w>
      <h>18.6968</h>
      <angle>1.0</angle>
    </robndbox>
  </object>
  <object>
    <type>robndbox</type>
    <name>gonna</name>
    <pose>Unspecified</pose>
    <truncated>0</truncated>
    <difficult>0</difficult>
    <robndbox>
      <cx>205.1228</cx>
      <cy>780.0547</cy>
      <w>82.0391</w>
      <h>20.6236</h>
      <angle>1.0</angle>
    </robndbox>
  </object>
  <object>
    <type>robndbox</type>
    <name>miss</name>
    <pose>Unspecified</pose>
    <truncated>0</truncated>
    <difficult>0</difficult>
    <robndbox>
      <cx>242.9855</cx>
      <cy>838.628</cy>
      <w>49.619</w>
      <h>20.3755</h>
      <angle>1.0</angle>
    </robndbox>
  </object>
  <object>
    <type>robndbox</type>
    <name>me</name>
    <pose>Unspecified</pose>
    <truncated>0</truncated>
    <difficult>0</difficult>
    <robndbox>
      <cx>269.9271</cx>
      <cy>875.735</cy>
      <w>32.3185</w>
      <h>19.739</h>
      <angle>1.0</angle>
    </robndbox>
  </object>
  <object>
    <type>robndbox</type>
    <name>youre</name>
    <pose>Unspecified</pose>
    <truncated>0</truncated>
    <difficult>0</difficult>
    <robndbox>
      <cx>306.3402</cx>
      <cy>921.7604</cy>
      <w>76.12</w>
      <h>19.1313</h>
      <angle>0.88</angle>
    </robndbox>
  </object>
  <object>
    <type>robndbox</type>
    <name>me</name>
    <pose>Unspecified</pose>
    <truncated>0</truncated>
    <difficult>0</difficult>
    <robndbox>
      <cx>1353.9691</cx>
      <cy>816.0854</cy>
      <w>35.211</w>
      <h>19.0402</h>
      <angle>2.691593</angle>
    </robndbox>
  </object>
  <object>
    <type>robndbox</type>
    <name>youre</name>
    <pose>Unspecified</pose>
    <truncated>0</truncated>
    <difficult>0</difficult>
    <robndbox>
      <cx>1410.3774</cx>
      <cy>792.1122</cy>
      <w>80.5869</w>
      <h>22.971</h>
      <angle>2.781593</angle>
    </robndbox>
  </object>
  <object>
    <type>robndbox</type>
    <name>gonna</name>
    <pose>Unspecified</pose>
    <truncated>0</truncated>
    <difficult>0</difficult>
    <robndbox>
      <cx>1490.2462</cx>
      <cy>758.075</cy>
      <w>86.3861</w>
      <h>18.0803</h>
      <angle>2.681593</angle>
    </robndbox>
  </object>
  <object>
    <type>robndbox</type>
    <name>miss</name>
    <pose>Unspecified</pose>
    <truncated>0</truncated>
    <difficult>0</difficult>
    <robndbox>
      <cx>1551.9931</cx>
      <cy>721.7036</cy>
      <w>51.5674</w>
      <h>19.5037</h>
      <angle>2.571593</angle>
    </robndbox>
  </object>
  <object>
    <type>robndbox</type>
    <name>me</name>
    <pose>Unspecified</pose>
    <truncated>0</truncated>
    <difficult>0</difficult>
    <robndbox>
      <cx>1592.1432</cx>
      <cy>695.9559</cy>
      <w>32.1445</w>
      <h>19.6749</h>
      <angle>2.541593</angle>
    </robndbox>
  </object>
  <object>
    <type>robndbox</type>
    <name>youre</name>
    <pose>Unspecified</pose>
    <truncated>0</truncated>
    <difficult>0</difficult>
    <robndbox>
      <cx>1645.0547</cx>
      <cy>665.3179</cy>
      <w>84.4079</w>
      <h>20.3189</h>
      <angle>2.641593</angle>
    </robndbox>
  </object>
  <object>
    <type>robndbox</type>
    <name>gonna</name>
    <pose>Unspecified</pose>
    <truncated>0</truncated>
    <difficult>0</difficult>
    <robndbox>
      <cx>1721.408</cx>
      <cy>623.0749</cy>
      <w>83.8616</w>
      <h>18.3967</h>
      <angle>2.591593</angle>
    </robndbox>
  </object>
  <object>
    <type>robndbox</type>
    <name>miss</name>
    <pose>Unspecified</pose>
    <truncated>0</truncated>
    <difficult>0</difficult>
    <robndbox>
      <cx>1778.9292</cx>
      <cy>582.9079</cy>
      <w>52.5889</w>
      <h>18.3866</h>
      <angle>2.441593</angle>
    </robndbox>
  </object>
  <object>
    <type>robndbox</type>
    <name>me</name>
    <pose>Unspecified</pose>
    <truncated>0</truncated>
    <difficult>0</difficult>
    <robndbox>
      <cx>1810.0847</cx>
      <cy>550.0592</cy>
      <w>32.8824</w>
      <h>21.3791</h>
      <angle>2.141593</angle>
    </robndbox>
  </object>
  <object>
    <type>robndbox</type>
    <name>youre</name>
    <pose>Unspecified</pose>
    <truncated>0</truncated>
    <difficult>0</difficult>
    <robndbox>
      <cx>1833.3139</cx>
      <cy>496.1839</cy>
      <w>74.7391</w>
      <h>21.516</h>
      <angle>1.891593</angle>
    </robndbox>
  </object>
  <object>
    <type>robndbox</type>
    <name>really</name>
    <pose>Unspecified</pose>
    <truncated>0</truncated>
    <difficult>0</difficult>
    <robndbox>
      <cx>1841.7154</cx>
      <cy>418.26</cy>
      <w>75.0711</w>
      <h>23.0141</h>
      <angle>1.441593</angle>
    </robndbox>
  </object>
  <object>
    <type>robndbox</type>
    <name>gonna</name>
    <pose>Unspecified</pose>
    <truncated>0</truncated>
    <difficult>0</difficult>
    <robndbox>
      <cx>1809.0258</cx>
      <cy>341.9996</cy>
      <w>84.0434</w>
      <h>20.3023</h>
      <angle>0.941593</angle>
    </robndbox>
  </object>
  <object>
    <type>robndbox</type>
    <name>miss</name>
    <pose>Unspecified</pose>
    <truncated>0</truncated>
    <difficult>0</difficult>
    <robndbox>
      <cx>1762.0823</cx>
      <cy>288.6971</cy>
      <w>51.8864</w>
      <h>20.288</h>
      <angle>0.761593</angle>
    </robndbox>
  </object>
  <object>
    <type>robndbox</type>
    <name>me</name>
    <pose>Unspecified</pose>
    <truncated>0</truncated>
    <difficult>0</difficult>
    <robndbox>
      <cx>1727.2091</cx>
      <cy>260.0161</cy>
      <w>32.1232</w>
      <h>19.3627</h>
      <angle>0.541593</angle>
    </robndbox>
  </object>
  <object>
    <type>robndbox</type>
    <name>youre</name>
    <pose>Unspecified</pose>
    <truncated>0</truncated>
    <difficult>0</difficult>
    <robndbox>
      <cx>1618.857</cx>
      <cy>250.9776</cy>
      <w>76.9021</w>
      <h>23.1433</h>
      <angle>2.8</angle>
    </robndbox>
  </object>
  <object>
    <type>robndbox</type>
    <name>gonna</name>
    <pose>Unspecified</pose>
    <truncated>0</truncated>
    <difficult>0</difficult>
    <robndbox>
      <cx>1542.0047</cx>
      <cy>289.4588</cy>
      <w>87.5677</w>
      <h>20.4708</h>
      <angle>2.7</angle>
    </robndbox>
  </object>
  <object>
    <type>robndbox</type>
    <name>miss</name>
    <pose>Unspecified</pose>
    <truncated>0</truncated>
    <difficult>0</difficult>
    <robndbox>
      <cx>1470.8713</cx>
      <cy>313.7545</cy>
      <w>61.236</w>
      <h>27.1715</h>
      <angle>0.158407</angle>
    </robndbox>
  </object>
</annotation>
