<annotation verified="no">
  <folder>x9OJpU7O_cU</folder>
  <filename>02_frame_04051</filename>
  <path>/home/ikoma/roLabelImg/&#29983;&#39378;/annotation/x9OJpU7O_cU/02_frame_04051.jpg</path>
  <source>
    <database>Unknown</database>
  </source>
  <size>
    <width>1920</width>
    <height>1080</height>
    <depth>3</depth>
  </size>
  <segmented>0</segmented>
  <object>
    <type>robndbox</type>
    <name>youre</name>
    <pose>Unspecified</pose>
    <truncated>0</truncated>
    <difficult>0</difficult>
    <robndbox>
      <cx>800.716</cx>
      <cy>438.2302</cy>
      <w>293.6567</w>
      <h>66.7895</h>
      <angle>0.0</angle>
    </robndbox>
  </object>
  <object>
    <type>robndbox</type>
    <name>really</name>
    <pose>Unspecified</pose>
    <truncated>0</truncated>
    <difficult>0</difficult>
    <robndbox>
      <cx>1114.9438</cx>
      <cy>433.0765</cy>
      <w>292.1124</w>
      <h>65.0969</h>
      <angle>0.0</angle>
    </robndbox>
  </object>
  <object>
    <type>robndbox</type>
    <name>gonna</name>
    <pose>Unspecified</pose>
    <truncated>0</truncated>
    <difficult>0</difficult>
    <robndbox>
      <cx>959.4438</cx>
      <cy>507.0765</cy>
      <w>312.8876</w>
      <h>62.9031</h>
      <angle>0.0</angle>
    </robndbox>
  </object>
  <object>
    <type>robndbox</type>
    <name>miss</name>
    <pose>Unspecified</pose>
    <truncated>0</truncated>
    <difficult>0</difficult>
    <robndbox>
      <cx>961.9438</cx>
      <cy>576.5765</cy>
      <w>186.1124</w>
      <h>71.9031</h>
      <angle>0.0</angle>
    </robndbox>
  </object>
  <object>
    <type>robndbox</type>
    <name>me</name>
    <pose>Unspecified</pose>
    <truncated>0</truncated>
    <difficult>0</difficult>
    <robndbox>
      <cx>961.0</cx>
      <cy>646.125</cy>
      <w>120.0</w>
      <h>69.0</h>
      <angle>0.0</angle>
    </robndbox>
  </object>
  <object>
    <type>robndbox</type>
    <name>me</name>
    <pose>Unspecified</pose>
    <truncated>0</truncated>
    <difficult>0</difficult>
    <robndbox>
      <cx>678.5194</cx>
      <cy>380.8665</cy>
      <w>35.0541</w>
      <h>18.8075</h>
      <angle>0.801593</angle>
    </robndbox>
  </object>
  <object>
    <type>robndbox</type>
    <name>youre</name>
    <pose>Unspecified</pose>
    <truncated>0</truncated>
    <difficult>0</difficult>
    <robndbox>
      <cx>641.4543</cx>
      <cy>336.0</cy>
      <w>77.9707</w>
      <h>21.2032</h>
      <angle>0.901593</angle>
    </robndbox>
  </object>
  <object>
    <type>robndbox</type>
    <name>really</name>
    <pose>Unspecified</pose>
    <truncated>0</truncated>
    <difficult>0</difficult>
    <robndbox>
      <cx>586.0443</cx>
      <cy>280.2389</cy>
      <w>74.4148</w>
      <h>23.7324</h>
      <angle>0.641593</angle>
    </robndbox>
  </object>
  <object>
    <type>robndbox</type>
    <name>gonna</name>
    <pose>Unspecified</pose>
    <truncated>0</truncated>
    <difficult>0</difficult>
    <robndbox>
      <cx>508.5812</cx>
      <cy>260.9218</cy>
      <w>80.9552</w>
      <h>22.2176</h>
      <angle>3.063185</angle>
    </robndbox>
  </object>
  <object>
    <type>robndbox</type>
    <name>miss</name>
    <pose>Unspecified</pose>
    <truncated>0</truncated>
    <difficult>0</difficult>
    <robndbox>
      <cx>441.8911</cx>
      <cy>274.1307</cy>
      <w>50.7787</w>
      <h>18.7419</h>
      <angle>2.783185</angle>
    </robndbox>
  </object>
  <object>
    <type>robndbox</type>
    <name>me</name>
    <pose>Unspecified</pose>
    <truncated>0</truncated>
    <difficult>0</difficult>
    <robndbox>
      <cx>400.852</cx>
      <cy>291.2064</cy>
      <w>35.1406</w>
      <h>21.034</h>
      <angle>2.683185</angle>
    </robndbox>
  </object>
  <object>
    <type>robndbox</type>
    <name>youre</name>
    <pose>Unspecified</pose>
    <truncated>0</truncated>
    <difficult>0</difficult>
    <robndbox>
      <cx>361.1454</cx>
      <cy>328.7633</cy>
      <w>73.5663</w>
      <h>21.7299</h>
      <angle>2.1</angle>
    </robndbox>
  </object>
  <object>
    <type>robndbox</type>
    <name>gonna</name>
    <pose>Unspecified</pose>
    <truncated>0</truncated>
    <difficult>0</difficult>
    <robndbox>
      <cx>335.4703</cx>
      <cy>402.5625</cy>
      <w>80.0694</w>
      <h>22.1232</h>
      <angle>1.61</angle>
    </robndbox>
  </object>
  <object>
    <type>robndbox</type>
    <name>miss</name>
    <pose>Unspecified</pose>
    <truncated>0</truncated>
    <difficult>0</difficult>
    <robndbox>
      <cx>338.305</cx>
      <cy>469.2113</cy>
      <w>51.865</w>
      <h>20.7858</h>
      <angle>1.4</angle>
    </robndbox>
  </object>
  <object>
    <type>robndbox</type>
    <name>me</name>
    <pose>Unspecified</pose>
    <truncated>0</truncated>
    <difficult>0</difficult>
    <robndbox>
      <cx>351.9946</cx>
      <cy>511.6337</cy>
      <w>32.7539</w>
      <h>21.513</h>
      <angle>1.2</angle>
    </robndbox>
  </object>
  <object>
    <type>robndbox</type>
    <name>youre</name>
    <pose>Unspecified</pose>
    <truncated>0</truncated>
    <difficult>0</difficult>
    <robndbox>
      <cx>381.2297</cx>
      <cy>562.0808</cy>
      <w>77.4241</w>
      <h>20.9359</h>
      <angle>1.0</angle>
    </robndbox>
  </object>
  <object>
    <type>robndbox</type>
    <name>really</name>
    <pose>Unspecified</pose>
    <truncated>0</truncated>
    <difficult>0</difficult>
    <robndbox>
      <cx>422.4812</cx>
      <cy>632.7136</cy>
      <w>81.1361</w>
      <h>17.9545</h>
      <angle>1.04</angle>
    </robndbox>
  </object>
  <object>
    <type>robndbox</type>
    <name>gonna</name>
    <pose>Unspecified</pose>
    <truncated>0</truncated>
    <difficult>0</difficult>
    <robndbox>
      <cx>466.3293</cx>
      <cy>706.9917</cy>
      <w>81.9129</w>
      <h>20.1936</h>
      <angle>1.0</angle>
    </robndbox>
  </object>
  <object>
    <type>robndbox</type>
    <name>miss</name>
    <pose>Unspecified</pose>
    <truncated>0</truncated>
    <difficult>0</difficult>
    <robndbox>
      <cx>503.5623</cx>
      <cy>767.6329</cy>
      <w>50.0589</w>
      <h>21.0788</h>
      <angle>1.0</angle>
    </robndbox>
  </object>
  <object>
    <type>robndbox</type>
    <name>me</name>
    <pose>Unspecified</pose>
    <truncated>0</truncated>
    <difficult>0</difficult>
    <robndbox>
      <cx>527.8882</cx>
      <cy>805.6211</cy>
      <w>33.6236</w>
      <h>21.35</h>
      <angle>1.0</angle>
    </robndbox>
  </object>
  <object>
    <type>robndbox</type>
    <name>youre</name>
    <pose>Unspecified</pose>
    <truncated>0</truncated>
    <difficult>0</difficult>
    <robndbox>
      <cx>564.3259</cx>
      <cy>852.9619</cy>
      <w>79.4625</w>
      <h>21.2205</h>
      <angle>0.92</angle>
    </robndbox>
  </object>
  <object>
    <type>robndbox</type>
    <name>me</name>
    <pose>Unspecified</pose>
    <truncated>0</truncated>
    <difficult>0</difficult>
    <robndbox>
      <cx>1300.9522</cx>
      <cy>799.5</cy>
      <w>32.9311</w>
      <h>20.9892</h>
      <angle>2.341593</angle>
    </robndbox>
  </object>
  <object>
    <type>robndbox</type>
    <name>youre</name>
    <pose>Unspecified</pose>
    <truncated>0</truncated>
    <difficult>0</difficult>
    <robndbox>
      <cx>1346.2317</cx>
      <cy>760.3295</cy>
      <w>81.4143</w>
      <h>20.8669</h>
      <angle>2.491593</angle>
    </robndbox>
  </object>
  <object>
    <type>robndbox</type>
    <name>gonna</name>
    <pose>Unspecified</pose>
    <truncated>0</truncated>
    <difficult>0</difficult>
    <robndbox>
      <cx>1409.9864</cx>
      <cy>702.6289</cy>
      <w>85.4092</w>
      <h>20.1104</h>
      <angle>2.341593</angle>
    </robndbox>
  </object>
  <object>
    <type>robndbox</type>
    <name>miss</name>
    <pose>Unspecified</pose>
    <truncated>0</truncated>
    <difficult>0</difficult>
    <robndbox>
      <cx>1456.1905</cx>
      <cy>650.6689</cy>
      <w>49.7121</w>
      <h>18.6662</h>
      <angle>2.241593</angle>
    </robndbox>
  </object>
  <object>
    <type>robndbox</type>
    <name>me</name>
    <pose>Unspecified</pose>
    <truncated>0</truncated>
    <difficult>0</difficult>
    <robndbox>
      <cx>1485.4522</cx>
      <cy>613.0</cy>
      <w>35.0</w>
      <h>20.0</h>
      <angle>2.301593</angle>
    </robndbox>
  </object>
  <object>
    <type>robndbox</type>
    <name>youre</name>
    <pose>Unspecified</pose>
    <truncated>0</truncated>
    <difficult>0</difficult>
    <robndbox>
      <cx>1525.7888</cx>
      <cy>568.7309</cy>
      <w>78.2416</w>
      <h>20.6847</h>
      <angle>2.341593</angle>
    </robndbox>
  </object>
  <object>
    <type>robndbox</type>
    <name>gonna</name>
    <pose>Unspecified</pose>
    <truncated>0</truncated>
    <difficult>0</difficult>
    <robndbox>
      <cx>1584.1379</cx>
      <cy>505.2836</cy>
      <w>82.7863</w>
      <h>20.612</h>
      <angle>2.271593</angle>
    </robndbox>
  </object>
  <object>
    <type>robndbox</type>
    <name>miss</name>
    <pose>Unspecified</pose>
    <truncated>0</truncated>
    <difficult>0</difficult>
    <robndbox>
      <cx>1625.9907</cx>
      <cy>449.338</cy>
      <w>50.6538</w>
      <h>18.5168</h>
      <angle>2.091593</angle>
    </robndbox>
  </object>
  <object>
    <type>robndbox</type>
    <name>me</name>
    <pose>Unspecified</pose>
    <truncated>0</truncated>
    <difficult>0</difficult>
    <robndbox>
      <cx>1644.9282</cx>
      <cy>408.9417</cy>
      <w>33.835</w>
      <h>17.6399</h>
      <angle>1.841593</angle>
    </robndbox>
  </object>
  <object>
    <type>robndbox</type>
    <name>youre</name>
    <pose>Unspecified</pose>
    <truncated>0</truncated>
    <difficult>0</difficult>
    <robndbox>
      <cx>1649.2155</cx>
      <cy>351.2456</cy>
      <w>75.49</w>
      <h>23.5334</h>
      <angle>1.571593</angle>
    </robndbox>
  </object>
  <object>
    <type>robndbox</type>
    <name>really</name>
    <pose>Unspecified</pose>
    <truncated>0</truncated>
    <difficult>0</difficult>
    <robndbox>
      <cx>1633.5185</cx>
      <cy>276.9114</cy>
      <w>75.1593</w>
      <h>22.7522</h>
      <angle>1.121593</angle>
    </robndbox>
  </object>
  <object>
    <type>robndbox</type>
    <name>gonna</name>
    <pose>Unspecified</pose>
    <truncated>0</truncated>
    <difficult>0</difficult>
    <robndbox>
      <cx>1578.7075</cx>
      <cy>215.8812</cy>
      <w>81.4648</w>
      <h>20.7235</h>
      <angle>0.541593</angle>
    </robndbox>
  </object>
  <object>
    <type>robndbox</type>
    <name>miss</name>
    <pose>Unspecified</pose>
    <truncated>0</truncated>
    <difficult>0</difficult>
    <robndbox>
      <cx>1518.1447</cx>
      <cy>179.8087</cy>
      <w>49.0216</w>
      <h>22.2724</h>
      <angle>0.421593</angle>
    </robndbox>
  </object>
  <object>
    <type>robndbox</type>
    <name>me</name>
    <pose>Unspecified</pose>
    <truncated>0</truncated>
    <difficult>0</difficult>
    <robndbox>
      <cx>1475.381</cx>
      <cy>163.1099</cy>
      <w>31.0585</w>
      <h>20.9582</h>
      <angle>0.241593</angle>
    </robndbox>
  </object>
  <object>
    <type>robndbox</type>
    <name>youre</name>
    <pose>Unspecified</pose>
    <truncated>0</truncated>
    <difficult>0</difficult>
    <robndbox>
      <cx>1371.0396</cx>
      <cy>191.4912</cy>
      <w>84.2612</w>
      <h>23.0395</h>
      <angle>2.4</angle>
    </robndbox>
  </object>
  <object>
    <type>robndbox</type>
    <name>gonna</name>
    <pose>Unspecified</pose>
    <truncated>0</truncated>
    <difficult>0</difficult>
    <robndbox>
      <cx>1313.7142</cx>
      <cy>247.3681</cy>
      <w>90.1025</w>
      <h>20.5871</h>
      <angle>2.39</angle>
    </robndbox>
  </object>
  <object>
    <type>robndbox</type>
    <name>miss</name>
    <pose>Unspecified</pose>
    <truncated>0</truncated>
    <difficult>0</difficult>
    <robndbox>
      <cx>1256.1313</cx>
      <cy>291.6994</cy>
      <w>63.5665</w>
      <h>30.061</h>
      <angle>2.983185</angle>
    </robndbox>
  </object>
</annotation>
