<annotation verified="no">
  <folder>x9OJpU7O_cU</folder>
  <filename>04_frame_03976</filename>
  <path>/home/ikoma/roLabelImg/&#29983;&#39378;/annotation/x9OJpU7O_cU/04_frame_03976.jpg</path>
  <source>
    <database>Unknown</database>
  </source>
  <size>
    <width>1920</width>
    <height>1080</height>
    <depth>3</depth>
  </size>
  <segmented>0</segmented>
  <object>
    <type>robndbox</type>
    <name>me</name>
    <pose>Unspecified</pose>
    <truncated>0</truncated>
    <difficult>0</difficult>
    <robndbox>
      <cx>922.147</cx>
      <cy>277.6586</cy>
      <w>32.2565</w>
      <h>20.4846</h>
      <angle>0.741593</angle>
    </robndbox>
  </object>
  <object>
    <type>robndbox</type>
    <name>youre</name>
    <pose>Unspecified</pose>
    <truncated>0</truncated>
    <difficult>0</difficult>
    <robndbox>
      <cx>877.2167</cx>
      <cy>235.0463</cy>
      <w>79.9282</w>
      <h>18.4675</h>
      <angle>0.761593</angle>
    </robndbox>
  </object>
  <object>
    <type>robndbox</type>
    <name>really</name>
    <pose>Unspecified</pose>
    <truncated>0</truncated>
    <difficult>0</difficult>
    <robndbox>
      <cx>813.6013</cx>
      <cy>183.7568</cy>
      <w>75.5138</w>
      <h>21.9541</h>
      <angle>0.518407</angle>
    </robndbox>
  </object>
  <object>
    <type>robndbox</type>
    <name>gonna</name>
    <pose>Unspecified</pose>
    <truncated>0</truncated>
    <difficult>0</difficult>
    <robndbox>
      <cx>731.1744</cx>
      <cy>172.7867</cy>
      <w>84.1487</w>
      <h>22.4003</h>
      <angle>2.94</angle>
    </robndbox>
  </object>
  <object>
    <type>robndbox</type>
    <name>miss</name>
    <pose>Unspecified</pose>
    <truncated>0</truncated>
    <difficult>0</difficult>
    <robndbox>
      <cx>663.2533</cx>
      <cy>195.9316</cy>
      <w>50.6143</w>
      <h>18.0325</h>
      <angle>2.69</angle>
    </robndbox>
  </object>
  <object>
    <type>robndbox</type>
    <name>me</name>
    <pose>Unspecified</pose>
    <truncated>0</truncated>
    <difficult>0</difficult>
    <robndbox>
      <cx>623.0811</cx>
      <cy>218.2842</cy>
      <w>19.5472</w>
      <h>32.3047</h>
      <angle>1.011593</angle>
    </robndbox>
  </object>
  <object>
    <type>robndbox</type>
    <name>youre</name>
    <pose>Unspecified</pose>
    <truncated>0</truncated>
    <difficult>0</difficult>
    <robndbox>
      <cx>586.767</cx>
      <cy>260.1795</cy>
      <w>75.0985</w>
      <h>23.9537</h>
      <angle>2.053185</angle>
    </robndbox>
  </object>
  <object>
    <type>robndbox</type>
    <name>gonna</name>
    <pose>Unspecified</pose>
    <truncated>0</truncated>
    <difficult>0</difficult>
    <robndbox>
      <cx>568.1744</cx>
      <cy>341.7867</cy>
      <w>84.1487</w>
      <h>22.4003</h>
      <angle>1.54</angle>
    </robndbox>
  </object>
  <object>
    <type>robndbox</type>
    <name>miss</name>
    <pose>Unspecified</pose>
    <truncated>0</truncated>
    <difficult>0</difficult>
    <robndbox>
      <cx>579.8189</cx>
      <cy>412.3057</cy>
      <w>51.7215</w>
      <h>18.8156</h>
      <angle>1.2</angle>
    </robndbox>
  </object>
  <object>
    <type>robndbox</type>
    <name>me</name>
    <pose>Unspecified</pose>
    <truncated>0</truncated>
    <difficult>0</difficult>
    <robndbox>
      <cx>598.0811</cx>
      <cy>452.2842</cy>
      <w>19.5472</w>
      <h>32.3047</h>
      <angle>2.573185</angle>
    </robndbox>
  </object>
  <object>
    <type>robndbox</type>
    <name>youre</name>
    <pose>Unspecified</pose>
    <truncated>0</truncated>
    <difficult>0</difficult>
    <robndbox>
      <cx>634.1215</cx>
      <cy>502.2216</cy>
      <w>78.8283</w>
      <h>18.9934</h>
      <angle>0.863185</angle>
    </robndbox>
  </object>
  <object>
    <type>robndbox</type>
    <name>gonna</name>
    <pose>Unspecified</pose>
    <truncated>0</truncated>
    <difficult>0</difficult>
    <robndbox>
      <cx>741.2207</cx>
      <cy>640.9251</cy>
      <w>85.9486</w>
      <h>21.0028</h>
      <angle>0.87</angle>
    </robndbox>
  </object>
  <object>
    <type>robndbox</type>
    <name>really</name>
    <pose>Unspecified</pose>
    <truncated>0</truncated>
    <difficult>0</difficult>
    <robndbox>
      <cx>687.4114</cx>
      <cy>569.9882</cy>
      <w>82.7879</w>
      <h>20.5537</h>
      <angle>0.88</angle>
    </robndbox>
  </object>
  <object>
    <type>robndbox</type>
    <name>miss</name>
    <pose>Unspecified</pose>
    <truncated>0</truncated>
    <difficult>0</difficult>
    <robndbox>
      <cx>787.8874</cx>
      <cy>699.4227</cy>
      <w>53.5039</w>
      <h>17.4621</h>
      <angle>0.87</angle>
    </robndbox>
  </object>
  <object>
    <type>robndbox</type>
    <name>me</name>
    <pose>Unspecified</pose>
    <truncated>0</truncated>
    <difficult>0</difficult>
    <robndbox>
      <cx>818.0811</cx>
      <cy>735.2842</cy>
      <w>19.5472</w>
      <h>32.3047</h>
      <angle>2.436643</angle>
    </robndbox>
  </object>
  <object>
    <type>robndbox</type>
    <name>youre</name>
    <pose>Unspecified</pose>
    <truncated>0</truncated>
    <difficult>0</difficult>
    <robndbox>
      <cx>861.1215</cx>
      <cy>780.2216</cy>
      <w>78.8283</w>
      <h>18.9934</h>
      <angle>0.783185</angle>
    </robndbox>
  </object>
  <object>
    <type>robndbox</type>
    <name>gonna</name>
    <pose>Unspecified</pose>
    <truncated>0</truncated>
    <difficult>0</difficult>
    <robndbox>
      <cx>925.9695</cx>
      <cy>837.957</cy>
      <w>86.7192</w>
      <h>19.0235</h>
      <angle>0.62</angle>
    </robndbox>
  </object>
  <object>
    <type>robndbox</type>
    <name>miss</name>
    <pose>Unspecified</pose>
    <truncated>0</truncated>
    <difficult>0</difficult>
    <robndbox>
      <cx>988.8874</cx>
      <cy>847.4227</cy>
      <w>53.5039</w>
      <h>17.4621</h>
      <angle>2.521593</angle>
    </robndbox>
  </object>
  <object>
    <type>robndbox</type>
    <name>me</name>
    <pose>Unspecified</pose>
    <truncated>0</truncated>
    <difficult>0</difficult>
    <robndbox>
      <cx>1005.0185</cx>
      <cy>817.8356</cy>
      <w>22.5073</w>
      <h>33.4058</h>
      <angle>0.836643</angle>
    </robndbox>
  </object>
  <object>
    <type>robndbox</type>
    <name>youre</name>
    <pose>Unspecified</pose>
    <truncated>0</truncated>
    <difficult>0</difficult>
    <robndbox>
      <cx>1050.3821</cx>
      <cy>777.0875</cy>
      <w>83.9173</w>
      <h>23.0558</h>
      <angle>2.444778</angle>
    </robndbox>
  </object>
  <object>
    <type>robndbox</type>
    <name>gonna</name>
    <pose>Unspecified</pose>
    <truncated>0</truncated>
    <difficult>0</difficult>
    <robndbox>
      <cx>1115.7067</cx>
      <cy>719.3444</cy>
      <w>88.6289</w>
      <h>19.1894</h>
      <angle>2.361593</angle>
    </robndbox>
  </object>
  <object>
    <type>robndbox</type>
    <name>miss</name>
    <pose>Unspecified</pose>
    <truncated>0</truncated>
    <difficult>0</difficult>
    <robndbox>
      <cx>1165.6857</cx>
      <cy>661.4716</cy>
      <w>51.3739</w>
      <h>20.3616</h>
      <angle>2.231593</angle>
    </robndbox>
  </object>
  <object>
    <type>robndbox</type>
    <name>me</name>
    <pose>Unspecified</pose>
    <truncated>0</truncated>
    <difficult>0</difficult>
    <robndbox>
      <cx>1193.2997</cx>
      <cy>624.6196</cy>
      <w>21.5726</w>
      <h>34.7384</h>
      <angle>0.736643</angle>
    </robndbox>
  </object>
  <object>
    <type>robndbox</type>
    <name>youre</name>
    <pose>Unspecified</pose>
    <truncated>0</truncated>
    <difficult>0</difficult>
    <robndbox>
      <cx>1235.3821</cx>
      <cy>576.0875</cy>
      <w>83.9173</w>
      <h>23.0558</h>
      <angle>2.344778</angle>
    </robndbox>
  </object>
  <object>
    <type>robndbox</type>
    <name>gonna</name>
    <pose>Unspecified</pose>
    <truncated>0</truncated>
    <difficult>0</difficult>
    <robndbox>
      <cx>1293.8781</cx>
      <cy>512.0142</cy>
      <w>86.2975</w>
      <h>21.6048</h>
      <angle>2.271593</angle>
    </robndbox>
  </object>
  <object>
    <type>robndbox</type>
    <name>miss</name>
    <pose>Unspecified</pose>
    <truncated>0</truncated>
    <difficult>0</difficult>
    <robndbox>
      <cx>1336.6857</cx>
      <cy>452.4716</cy>
      <w>51.3739</w>
      <h>20.3616</h>
      <angle>2.131593</angle>
    </robndbox>
  </object>
  <object>
    <type>robndbox</type>
    <name>me</name>
    <pose>Unspecified</pose>
    <truncated>0</truncated>
    <difficult>0</difficult>
    <robndbox>
      <cx>1356.2997</cx>
      <cy>411.6196</cy>
      <w>21.5726</w>
      <h>34.7384</h>
      <angle>0.236643</angle>
    </robndbox>
  </object>
  <object>
    <type>robndbox</type>
    <name>youre</name>
    <pose>Unspecified</pose>
    <truncated>0</truncated>
    <difficult>0</difficult>
    <robndbox>
      <cx>1359.9539</cx>
      <cy>351.6659</cy>
      <w>80.8358</w>
      <h>20.1182</h>
      <angle>1.544778</angle>
    </robndbox>
  </object>
  <object>
    <type>robndbox</type>
    <name>really</name>
    <pose>Unspecified</pose>
    <truncated>0</truncated>
    <difficult>0</difficult>
    <robndbox>
      <cx>1342.355</cx>
      <cy>274.8784</cy>
      <w>79.1889</w>
      <h>25.1183</h>
      <angle>1.118407</angle>
    </robndbox>
  </object>
  <object>
    <type>robndbox</type>
    <name>gonna</name>
    <pose>Unspecified</pose>
    <truncated>0</truncated>
    <difficult>0</difficult>
    <robndbox>
      <cx>1285.8781</cx>
      <cy>213.0142</cy>
      <w>86.2975</w>
      <h>21.6048</h>
      <angle>0.571593</angle>
    </robndbox>
  </object>
  <object>
    <type>robndbox</type>
    <name>miss</name>
    <pose>Unspecified</pose>
    <truncated>0</truncated>
    <difficult>0</difficult>
    <robndbox>
      <cx>1222.6857</cx>
      <cy>176.4716</cy>
      <w>51.3739</w>
      <h>20.3616</h>
      <angle>0.431593</angle>
    </robndbox>
  </object>
  <object>
    <type>robndbox</type>
    <name>me</name>
    <pose>Unspecified</pose>
    <truncated>0</truncated>
    <difficult>0</difficult>
    <robndbox>
      <cx>1179.2997</cx>
      <cy>160.6196</cy>
      <w>21.5726</w>
      <h>34.7384</h>
      <angle>1.778235</angle>
    </robndbox>
  </object>
  <object>
    <type>robndbox</type>
    <name>youre</name>
    <pose>Unspecified</pose>
    <truncated>0</truncated>
    <difficult>0</difficult>
    <robndbox>
      <cx>1071.9539</cx>
      <cy>189.6659</cy>
      <w>80.8358</w>
      <h>20.1182</h>
      <angle>2.456371</angle>
    </robndbox>
  </object>
  <object>
    <type>robndbox</type>
    <name>gonna</name>
    <pose>Unspecified</pose>
    <truncated>0</truncated>
    <difficult>0</difficult>
    <robndbox>
      <cx>1011.8781</cx>
      <cy>250.0142</cy>
      <w>86.2975</w>
      <h>21.6048</h>
      <angle>2.313185</angle>
    </robndbox>
  </object>
  <object>
    <type>robndbox</type>
    <name>miss</name>
    <pose>Unspecified</pose>
    <truncated>0</truncated>
    <difficult>0</difficult>
    <robndbox>
      <cx>953.3069</cx>
      <cy>295.8702</cy>
      <w>61.9886</w>
      <h>25.0035</h>
      <angle>2.973185</angle>
    </robndbox>
  </object>
</annotation>
