<annotation verified="no">
  <folder>x9OJpU7O_cU</folder>
  <filename>08_frame_01501</filename>
  <path>/home/ikoma/roLabelImg/&#29983;&#39378;/annotation/x9OJpU7O_cU/08_frame_01501.jpg</path>
  <source>
    <database>Unknown</database>
  </source>
  <size>
    <width>1920</width>
    <height>1080</height>
    <depth>3</depth>
  </size>
  <segmented>0</segmented>
  <object>
    <type>bndbox</type>
    <name>and</name>
    <pose>Unspecified</pose>
    <truncated>0</truncated>
    <difficult>0</difficult>
    <bndbox>
      <xmin>263</xmin>
      <ymin>197</ymin>
      <xmax>392</xmax>
      <ymax>257</ymax>
    </bndbox>
  </object>
  <object>
    <type>bndbox</type>
    <name>when</name>
    <pose>Unspecified</pose>
    <truncated>0</truncated>
    <difficult>0</difficult>
    <bndbox>
      <xmin>398</xmin>
      <ymin>190</ymin>
      <xmax>596</xmax>
      <ymax>259</ymax>
    </bndbox>
  </object>
  <object>
    <type>bndbox</type>
    <name>you</name>
    <pose>Unspecified</pose>
    <truncated>0</truncated>
    <difficult>0</difficult>
    <bndbox>
      <xmin>599</xmin>
      <ymin>192</ymin>
      <xmax>736</xmax>
      <ymax>253</ymax>
    </bndbox>
  </object>
  <object>
    <type>bndbox</type>
    <name>think</name>
    <pose>Unspecified</pose>
    <truncated>0</truncated>
    <difficult>0</difficult>
    <bndbox>
      <xmin>745</xmin>
      <ymin>189</ymin>
      <xmax>944</xmax>
      <ymax>253</ymax>
    </bndbox>
  </object>
  <object>
    <type>bndbox</type>
    <name>of</name>
    <pose>Unspecified</pose>
    <truncated>0</truncated>
    <difficult>0</difficult>
    <bndbox>
      <xmin>246</xmin>
      <ymin>277</ymin>
      <xmax>325</xmax>
      <ymax>337</ymax>
    </bndbox>
  </object>
  <object>
    <type>bndbox</type>
    <name>my</name>
    <pose>Unspecified</pose>
    <truncated>0</truncated>
    <difficult>0</difficult>
    <bndbox>
      <xmin>337</xmin>
      <ymin>276</ymin>
      <xmax>431</xmax>
      <ymax>335</ymax>
    </bndbox>
  </object>
  <object>
    <type>bndbox</type>
    <name>body</name>
    <pose>Unspecified</pose>
    <truncated>0</truncated>
    <difficult>0</difficult>
    <bndbox>
      <xmin>442</xmin>
      <ymin>273</ymin>
      <xmax>616</xmax>
      <ymax>335</ymax>
    </bndbox>
  </object>
  <object>
    <type>bndbox</type>
    <name>on</name>
    <pose>Unspecified</pose>
    <truncated>0</truncated>
    <difficult>0</difficult>
    <bndbox>
      <xmin>631</xmin>
      <ymin>276</ymin>
      <xmax>725</xmax>
      <ymax>333</ymax>
    </bndbox>
  </object>
  <object>
    <type>bndbox</type>
    <name>yours</name>
    <pose>Unspecified</pose>
    <truncated>0</truncated>
    <difficult>0</difficult>
    <bndbox>
      <xmin>735</xmin>
      <ymin>275</ymin>
      <xmax>955</xmax>
      <ymax>334</ymax>
    </bndbox>
  </object>
  <object>
    <type>bndbox</type>
    <name>dont</name>
    <pose>Unspecified</pose>
    <truncated>0</truncated>
    <difficult>0</difficult>
    <bndbox>
      <xmin>1144</xmin>
      <ymin>468</ymin>
      <xmax>1455</xmax>
      <ymax>552</ymax>
    </bndbox>
  </object>
  <object>
    <type>bndbox</type>
    <name>forget</name>
    <pose>Unspecified</pose>
    <truncated>0</truncated>
    <difficult>0</difficult>
    <bndbox>
      <xmin>1475</xmin>
      <ymin>471</ymin>
      <xmax>1884</xmax>
      <ymax>553</ymax>
    </bndbox>
  </object>
  <object>
    <type>bndbox</type>
    <name>once</name>
    <pose>Unspecified</pose>
    <truncated>0</truncated>
    <difficult>0</difficult>
    <bndbox>
      <xmin>290</xmin>
      <ymin>764</ymin>
      <xmax>466</xmax>
      <ymax>824</ymax>
    </bndbox>
  </object>
  <object>
    <type>bndbox</type>
    <name>i</name>
    <pose>Unspecified</pose>
    <truncated>0</truncated>
    <difficult>0</difficult>
    <bndbox>
      <xmin>475</xmin>
      <ymin>766</ymin>
      <xmax>506</xmax>
      <ymax>824</ymax>
    </bndbox>
  </object>
</annotation>
