<annotation verified="no">
  <folder>x9OJpU7O_cU</folder>
  <filename>05_frame_02251</filename>
  <path>/home/ikoma/roLabelImg/&#29983;&#39378;/annotation/x9OJpU7O_cU/05_frame_02251.jpg</path>
  <source>
    <database>Unknown</database>
  </source>
  <size>
    <width>1920</width>
    <height>1080</height>
    <depth>3</depth>
  </size>
  <segmented>0</segmented>
  <object>
    <type>bndbox</type>
    <name>but</name>
    <pose>Unspecified</pose>
    <truncated>0</truncated>
    <difficult>0</difficult>
    <bndbox>
      <xmin>558</xmin>
      <ymin>182</ymin>
      <xmax>749</xmax>
      <ymax>304</ymax>
    </bndbox>
  </object>
  <object>
    <type>robndbox</type>
    <name>you</name>
    <pose>Unspecified</pose>
    <truncated>0</truncated>
    <difficult>0</difficult>
    <robndbox>
      <cx>883.3703</cx>
      <cy>237.4322</cy>
      <w>209.7697</w>
      <h>131.0278</h>
      <angle>3.121593</angle>
    </robndbox>
  </object>
  <object>
    <type>robndbox</type>
    <name>dont</name>
    <pose>Unspecified</pose>
    <truncated>0</truncated>
    <difficult>0</difficult>
    <robndbox>
      <cx>1185.0443</cx>
      <cy>233.3354</cy>
      <w>329.0</w>
      <h>133.0</h>
      <angle>3.121593</angle>
    </robndbox>
  </object>
  <object>
    <type>robndbox</type>
    <name>know</name>
    <pose>Unspecified</pose>
    <truncated>0</truncated>
    <difficult>0</difficult>
    <robndbox>
      <cx>1554.0443</cx>
      <cy>223.8354</cy>
      <w>347.0</w>
      <h>134.0</h>
      <angle>3.121593</angle>
    </robndbox>
  </object>
  <object>
    <type>robndbox</type>
    <name>shit</name>
    <pose>Unspecified</pose>
    <truncated>0</truncated>
    <difficult>0</difficult>
    <robndbox>
      <cx>928.0443</cx>
      <cy>470.8354</cy>
      <w>245.0</w>
      <h>134.0</h>
      <angle>0.0</angle>
    </robndbox>
  </object>
  <object>
    <type>robndbox</type>
    <name>you</name>
    <pose>Unspecified</pose>
    <truncated>0</truncated>
    <difficult>0</difficult>
    <robndbox>
      <cx>1187.0443</cx>
      <cy>473.3354</cy>
      <w>225.0</w>
      <h>133.0</h>
      <angle>0.0</angle>
    </robndbox>
  </object>
  <object>
    <type>robndbox</type>
    <name>know</name>
    <pose>Unspecified</pose>
    <truncated>0</truncated>
    <difficult>0</difficult>
    <robndbox>
      <cx>1511.5443</cx>
      <cy>470.3354</cy>
      <w>344.0</w>
      <h>137.0</h>
      <angle>0.0</angle>
    </robndbox>
  </object>
  <object>
    <type>robndbox</type>
    <name>you</name>
    <pose>Unspecified</pose>
    <truncated>0</truncated>
    <difficult>0</difficult>
    <robndbox>
      <cx>70.8456</cx>
      <cy>866.2687</cy>
      <w>133.4821</w>
      <h>48.3478</h>
      <angle>2.731593</angle>
    </robndbox>
  </object>
  <object>
    <type>robndbox</type>
    <name>act</name>
    <pose>Unspecified</pose>
    <truncated>0</truncated>
    <difficult>0</difficult>
    <robndbox>
      <cx>207.0778</cx>
      <cy>802.3106</cy>
      <w>130.4902</w>
      <h>53.2498</h>
      <angle>2.761593</angle>
    </robndbox>
  </object>
  <object>
    <type>robndbox</type>
    <name>this</name>
    <pose>Unspecified</pose>
    <truncated>0</truncated>
    <difficult>0</difficult>
    <robndbox>
      <cx>350.9789</cx>
      <cy>738.1129</cy>
      <w>145.4376</w>
      <h>54.3733</h>
      <angle>2.741593</angle>
    </robndbox>
  </object>
  <object>
    <type>robndbox</type>
    <name>big</name>
    <pose>Unspecified</pose>
    <truncated>0</truncated>
    <difficult>0</difficult>
    <robndbox>
      <cx>332.6856</cx>
      <cy>824.7667</cy>
      <w>107.098</w>
      <h>54.1153</h>
      <angle>2.741593</angle>
    </robndbox>
  </object>
  <object>
    <type>robndbox</type>
    <name>man</name>
    <pose>Unspecified</pose>
    <truncated>0</truncated>
    <difficult>0</difficult>
    <robndbox>
      <cx>467.1738</cx>
      <cy>764.7084</cy>
      <w>145.8267</w>
      <h>57.5876</h>
      <angle>2.741593</angle>
    </robndbox>
  </object>
  <object>
    <type>robndbox</type>
    <name>think</name>
    <pose>Unspecified</pose>
    <truncated>0</truncated>
    <difficult>0</difficult>
    <robndbox>
      <cx>1281.6947</cx>
      <cy>694.8642</cy>
      <w>182.0104</w>
      <h>74.1421</h>
      <angle>0.1</angle>
    </robndbox>
  </object>
  <object>
    <type>robndbox</type>
    <name>you</name>
    <pose>Unspecified</pose>
    <truncated>0</truncated>
    <difficult>0</difficult>
    <robndbox>
      <cx>1334.2444</cx>
      <cy>783.3735</cy>
      <w>117.0466</w>
      <h>70.5009</h>
      <angle>0.11</angle>
    </robndbox>
  </object>
  <object>
    <type>robndbox</type>
    <name>are</name>
    <pose>Unspecified</pose>
    <truncated>0</truncated>
    <difficult>0</difficult>
    <robndbox>
      <cx>1461.6771</cx>
      <cy>799.7149</cy>
      <w>119.7859</w>
      <h>74.6554</h>
      <angle>0.1</angle>
    </robndbox>
  </object>
  <object>
    <type>robndbox</type>
    <name>in</name>
    <pose>Unspecified</pose>
    <truncated>0</truncated>
    <difficult>0</difficult>
    <robndbox>
      <cx>1560.9899</cx>
      <cy>821.9562</cy>
      <w>72.9458</w>
      <h>74.8501</h>
      <angle>0.1</angle>
    </robndbox>
  </object>
  <object>
    <type>robndbox</type>
    <name>control</name>
    <pose>Unspecified</pose>
    <truncated>0</truncated>
    <difficult>0</difficult>
    <robndbox>
      <cx>1754.3786</cx>
      <cy>839.1966</cy>
      <w>287.2515</w>
      <h>74.9749</h>
      <angle>0.1</angle>
    </robndbox>
  </object>
</annotation>
