<annotation verified="no">
  <folder>9iYICf-NTs8</folder>
  <filename>04_frame_01081</filename>
  <path>/home/baba/Desktop/&#39340;&#22580;/annotation/9iYICf-NTs8/04_frame_01081.jpg</path>
  <source>
    <database>Unknown</database>
  </source>
  <size>
    <width>1920</width>
    <height>1080</height>
    <depth>3</depth>
  </size>
  <segmented>0</segmented>
  <object>
    <type>bndbox</type>
    <name>mi</name>
    <pose>Unspecified</pose>
    <truncated>0</truncated>
    <difficult>0</difficult>
    <bndbox>
      <xmin>231</xmin>
      <ymin>436</ymin>
      <xmax>442</xmax>
      <ymax>560</ymax>
    </bndbox>
  </object>
  <object>
    <type>bndbox</type>
    <name>wah</name>
    <pose>Unspecified</pose>
    <truncated>0</truncated>
    <difficult>0</difficult>
    <bndbox>
      <xmin>482</xmin>
      <ymin>440</ymin>
      <xmax>903</xmax>
      <ymax>561</ymax>
    </bndbox>
  </object>
  <object>
    <type>bndbox</type>
    <name>know</name>
    <pose>Unspecified</pose>
    <truncated>0</truncated>
    <difficult>0</difficult>
    <bndbox>
      <xmin>935</xmin>
      <ymin>430</ymin>
      <xmax>1502</xmax>
      <ymax>565</ymax>
    </bndbox>
  </object>
  <object>
    <type>bndbox</type>
    <name>if</name>
    <pose>Unspecified</pose>
    <truncated>0</truncated>
    <difficult>0</difficult>
    <bndbox>
      <xmin>519</xmin>
      <ymin>664</ymin>
      <xmax>570</xmax>
      <ymax>704</ymax>
    </bndbox>
  </object>
  <object>
    <type>bndbox</type>
    <name>mi</name>
    <pose>Unspecified</pose>
    <truncated>0</truncated>
    <difficult>0</difficult>
    <bndbox>
      <xmin>586</xmin>
      <ymin>664</ymin>
      <xmax>643</xmax>
      <ymax>705</ymax>
    </bndbox>
  </object>
  <object>
    <type>bndbox</type>
    <name>eva</name>
    <pose>Unspecified</pose>
    <truncated>0</truncated>
    <difficult>0</difficult>
    <bndbox>
      <xmin>659</xmin>
      <ymin>662</ymin>
      <xmax>766</xmax>
      <ymax>701</ymax>
    </bndbox>
  </object>
  <object>
    <type>bndbox</type>
    <name>yuh</name>
    <pose>Unspecified</pose>
    <truncated>0</truncated>
    <difficult>0</difficult>
    <bndbox>
      <xmin>899</xmin>
      <ymin>664</ymin>
      <xmax>1010</xmax>
      <ymax>704</ymax>
    </bndbox>
  </object>
  <object>
    <type>bndbox</type>
    <name>nunn</name>
    <pose>Unspecified</pose>
    <truncated>0</truncated>
    <difficult>0</difficult>
    <bndbox>
      <xmin>1026</xmin>
      <ymin>664</ymin>
      <xmax>1188</xmax>
      <ymax>704</ymax>
    </bndbox>
  </object>
  <object>
    <type>robndbox</type>
    <name>beg</name>
    <pose>Unspecified</pose>
    <truncated>0</truncated>
    <difficult>0</difficult>
    <robndbox>
      <cx>831.8333</cx>
      <cy>681.8333</cy>
      <w>105.0</w>
      <h>41.0</h>
      <angle>0.0</angle>
    </robndbox>
  </object>
</annotation>
