<annotation verified="no">
  <folder>9iYICf-NTs8</folder>
  <filename>05_frame_02791</filename>
  <path>/home/baba/Desktop/&#39340;&#22580;/annotation/9iYICf-NTs8/05_frame_02791.jpg</path>
  <source>
    <database>Unknown</database>
  </source>
  <size>
    <width>1920</width>
    <height>1080</height>
    <depth>3</depth>
  </size>
  <segmented>0</segmented>
  <object>
    <type>bndbox</type>
    <name>like</name>
    <pose>Unspecified</pose>
    <truncated>0</truncated>
    <difficult>0</difficult>
    <bndbox>
      <xmin>852</xmin>
      <ymin>454</ymin>
      <xmax>975</xmax>
      <ymax>494</ymax>
    </bndbox>
  </object>
  <object>
    <type>bndbox</type>
    <name>mi</name>
    <pose>Unspecified</pose>
    <truncated>0</truncated>
    <difficult>0</difficult>
    <bndbox>
      <xmin>990</xmin>
      <ymin>456</ymin>
      <xmax>1056</xmax>
      <ymax>496</ymax>
    </bndbox>
  </object>
  <object>
    <type>bndbox</type>
    <name>neva</name>
    <pose>Unspecified</pose>
    <truncated>0</truncated>
    <difficult>0</difficult>
    <bndbox>
      <xmin>508</xmin>
      <ymin>502</ymin>
      <xmax>827</xmax>
      <ymax>585</ymax>
    </bndbox>
  </object>
  <object>
    <type>bndbox</type>
    <name>si</name>
    <pose>Unspecified</pose>
    <truncated>0</truncated>
    <difficult>0</difficult>
    <bndbox>
      <xmin>855</xmin>
      <ymin>505</ymin>
      <xmax>972</xmax>
      <ymax>586</ymax>
    </bndbox>
  </object>
  <object>
    <type>bndbox</type>
    <name>buddy</name>
    <pose>Unspecified</pose>
    <truncated>0</truncated>
    <difficult>0</difficult>
    <bndbox>
      <xmin>999</xmin>
      <ymin>504</ymin>
      <xmax>1420</xmax>
      <ymax>581</ymax>
    </bndbox>
  </object>
  <object>
    <type>bndbox</type>
    <name>inna</name>
    <pose>Unspecified</pose>
    <truncated>0</truncated>
    <difficult>0</difficult>
    <bndbox>
      <xmin>722</xmin>
      <ymin>594</ymin>
      <xmax>858</xmax>
      <ymax>636</ymax>
    </bndbox>
  </object>
  <object>
    <type>bndbox</type>
    <name>mi</name>
    <pose>Unspecified</pose>
    <truncated>0</truncated>
    <difficult>0</difficult>
    <bndbox>
      <xmin>878</xmin>
      <ymin>596</ymin>
      <xmax>942</xmax>
      <ymax>633</ymax>
    </bndbox>
  </object>
  <object>
    <type>bndbox</type>
    <name>life</name>
    <pose>Unspecified</pose>
    <truncated>0</truncated>
    <difficult>0</difficult>
    <bndbox>
      <xmin>959</xmin>
      <ymin>596</ymin>
      <xmax>1074</xmax>
      <ymax>634</ymax>
    </bndbox>
  </object>
  <object>
    <type>bndbox</type>
    <name>yet</name>
    <pose>Unspecified</pose>
    <truncated>0</truncated>
    <difficult>0</difficult>
    <bndbox>
      <xmin>1092</xmin>
      <ymin>596</ymin>
      <xmax>1196</xmax>
      <ymax>636</ymax>
    </bndbox>
  </object>
</annotation>
