<annotation verified="no">
  <folder>9iYICf-NTs8</folder>
  <filename>06_frame_00541</filename>
  <path>/home/baba/Desktop/&#39340;&#22580;/annotation/9iYICf-NTs8/06_frame_00541.jpg</path>
  <source>
    <database>Unknown</database>
  </source>
  <size>
    <width>1920</width>
    <height>1080</height>
    <depth>3</depth>
  </size>
  <segmented>0</segmented>
  <object>
    <type>robndbox</type>
    <name>mi</name>
    <pose>Unspecified</pose>
    <truncated>0</truncated>
    <difficult>0</difficult>
    <robndbox>
      <cx>676.2616</cx>
      <cy>381.0569</cy>
      <w>61.7914</w>
      <h>43.4683</h>
      <angle>0.12</angle>
    </robndbox>
  </object>
  <object>
    <type>robndbox</type>
    <name>nah</name>
    <pose>Unspecified</pose>
    <truncated>0</truncated>
    <difficult>0</difficult>
    <robndbox>
      <cx>779.9179</cx>
      <cy>388.1603</cy>
      <w>107.1437</w>
      <h>37.8385</h>
      <angle>0.1</angle>
    </robndbox>
  </object>
  <object>
    <type>robndbox</type>
    <name>ask</name>
    <pose>Unspecified</pose>
    <truncated>0</truncated>
    <difficult>0</difficult>
    <robndbox>
      <cx>897.8333</cx>
      <cy>392.8333</cy>
      <w>93.9855</w>
      <h>33.5966</h>
      <angle>0.08</angle>
    </robndbox>
  </object>
  <object>
    <type>robndbox</type>
    <name>if</name>
    <pose>Unspecified</pose>
    <truncated>0</truncated>
    <difficult>0</difficult>
    <robndbox>
      <cx>978.93</cx>
      <cy>398.5949</cy>
      <w>39.6894</w>
      <h>37.2999</h>
      <angle>0.17</angle>
    </robndbox>
  </object>
  <object>
    <type>robndbox</type>
    <name>yuh</name>
    <pose>Unspecified</pose>
    <truncated>0</truncated>
    <difficult>0</difficult>
    <robndbox>
      <cx>1061.3333</cx>
      <cy>403.3333</cy>
      <w>92.0</w>
      <h>36.0</h>
      <angle>0.06</angle>
    </robndbox>
  </object>
  <object>
    <type>robndbox</type>
    <name>si</name>
    <pose>Unspecified</pose>
    <truncated>0</truncated>
    <difficult>0</difficult>
    <robndbox>
      <cx>1139.6681</cx>
      <cy>409.7386</cy>
      <w>35.2004</w>
      <h>42.989</h>
      <angle>0.13</angle>
    </robndbox>
  </object>
  <object>
    <type>robndbox</type>
    <name>mi</name>
    <pose>Unspecified</pose>
    <truncated>0</truncated>
    <difficult>0</difficult>
    <robndbox>
      <cx>1195.6661</cx>
      <cy>409.8579</cy>
      <w>46.2943</w>
      <h>35.247</h>
      <angle>0.13</angle>
    </robndbox>
  </object>
  <object>
    <type>robndbox</type>
    <name>missed</name>
    <pose>Unspecified</pose>
    <truncated>0</truncated>
    <difficult>0</difficult>
    <robndbox>
      <cx>649.3889</cx>
      <cy>463.2938</cy>
      <w>666.4104</w>
      <h>125.9669</h>
      <angle>0.03</angle>
    </robndbox>
  </object>
  <object>
    <type>robndbox</type>
    <name>calls</name>
    <pose>Unspecified</pose>
    <truncated>0</truncated>
    <difficult>0</difficult>
    <robndbox>
      <cx>1228.3333</cx>
      <cy>482.8333</cy>
      <w>410.0983</w>
      <h>100.8187</h>
      <angle>0.02</angle>
    </robndbox>
  </object>
</annotation>
