<annotation verified="no">
  <folder>9iYICf-NTs8</folder>
  <filename>00_frame_03061</filename>
  <path>/home/baba/Desktop/&#39340;&#22580;/annotation/9iYICf-NTs8/00_frame_03061.jpg</path>
  <source>
    <database>Unknown</database>
  </source>
  <size>
    <width>1920</width>
    <height>1080</height>
    <depth>3</depth>
  </size>
  <segmented>0</segmented>
  <object>
    <type>bndbox</type>
    <name>and</name>
    <pose>Unspecified</pose>
    <truncated>0</truncated>
    <difficult>0</difficult>
    <bndbox>
      <xmin>619</xmin>
      <ymin>334</ymin>
      <xmax>748</xmax>
      <ymax>377</ymax>
    </bndbox>
  </object>
  <object>
    <type>bndbox</type>
    <name>thats</name>
    <pose>Unspecified</pose>
    <truncated>0</truncated>
    <difficult>0</difficult>
    <bndbox>
      <xmin>766</xmin>
      <ymin>340</ymin>
      <xmax>947</xmax>
      <ymax>385</ymax>
    </bndbox>
  </object>
  <object>
    <type>bndbox</type>
    <name>why</name>
    <pose>Unspecified</pose>
    <truncated>0</truncated>
    <difficult>0</difficult>
    <bndbox>
      <xmin>963</xmin>
      <ymin>346</ymin>
      <xmax>1094</xmax>
      <ymax>390</ymax>
    </bndbox>
  </object>
  <object>
    <type>bndbox</type>
    <name>from</name>
    <pose>Unspecified</pose>
    <truncated>0</truncated>
    <difficult>0</difficult>
    <bndbox>
      <xmin>1103</xmin>
      <ymin>352</ymin>
      <xmax>1247</xmax>
      <ymax>396</ymax>
    </bndbox>
  </object>
  <object>
    <type>bndbox</type>
    <name>mi</name>
    <pose>Unspecified</pose>
    <truncated>0</truncated>
    <difficult>0</difficult>
    <bndbox>
      <xmin>610</xmin>
      <ymin>513</ymin>
      <xmax>672</xmax>
      <ymax>552</ymax>
    </bndbox>
  </object>
  <object>
    <type>bndbox</type>
    <name>si</name>
    <pose>Unspecified</pose>
    <truncated>0</truncated>
    <difficult>0</difficult>
    <bndbox>
      <xmin>690</xmin>
      <ymin>514</ymin>
      <xmax>738</xmax>
      <ymax>554</ymax>
    </bndbox>
  </object>
  <object>
    <type>bndbox</type>
    <name>yuh</name>
    <pose>Unspecified</pose>
    <truncated>0</truncated>
    <difficult>0</difficult>
    <bndbox>
      <xmin>758</xmin>
      <ymin>514</ymin>
      <xmax>872</xmax>
      <ymax>554</ymax>
    </bndbox>
  </object>
  <object>
    <type>bndbox</type>
    <name>me</name>
    <pose>Unspecified</pose>
    <truncated>0</truncated>
    <difficult>0</difficult>
    <bndbox>
      <xmin>887</xmin>
      <ymin>514</ymin>
      <xmax>968</xmax>
      <ymax>554</ymax>
    </bndbox>
  </object>
  <object>
    <type>bndbox</type>
    <name>know</name>
    <pose>Unspecified</pose>
    <truncated>0</truncated>
    <difficult>0</difficult>
    <bndbox>
      <xmin>980</xmin>
      <ymin>518</ymin>
      <xmax>1150</xmax>
      <ymax>556</ymax>
    </bndbox>
  </object>
  <object>
    <type>bndbox</type>
    <name>seh</name>
    <pose>Unspecified</pose>
    <truncated>0</truncated>
    <difficult>0</difficult>
    <bndbox>
      <xmin>1162</xmin>
      <ymin>520</ymin>
      <xmax>1260</xmax>
      <ymax>558</ymax>
    </bndbox>
  </object>
  <object>
    <type>robndbox</type>
    <name>the</name>
    <pose>Unspecified</pose>
    <truncated>0</truncated>
    <difficult>0</difficult>
    <robndbox>
      <cx>419.1391</cx>
      <cy>430.7513</cy>
      <w>429.6854</w>
      <h>139.457</h>
      <angle>0.02</angle>
    </robndbox>
  </object>
  <object>
    <type>robndbox</type>
    <name>first</name>
    <pose>Unspecified</pose>
    <truncated>0</truncated>
    <difficult>0</difficult>
    <robndbox>
      <cx>913.7521</cx>
      <cy>449.4574</cy>
      <w>470.9831</w>
      <h>113.69</h>
      <angle>0.02</angle>
    </robndbox>
  </object>
  <object>
    <type>robndbox</type>
    <name>time</name>
    <pose>Unspecified</pose>
    <truncated>0</truncated>
    <difficult>0</difficult>
    <robndbox>
      <cx>1370.3333</cx>
      <cy>457.8333</cy>
      <w>376.0</w>
      <h>113.0</h>
      <angle>0.0</angle>
    </robndbox>
  </object>
</annotation>
