<annotation verified="no">
  <folder>9iYICf-NTs8</folder>
  <filename>02_frame_01351</filename>
  <path>/home/baba/Desktop/&#39340;&#22580;/annotation/9iYICf-NTs8/02_frame_01351.jpg</path>
  <source>
    <database>Unknown</database>
  </source>
  <size>
    <width>1920</width>
    <height>1080</height>
    <depth>3</depth>
  </size>
  <segmented>0</segmented>
  <object>
    <type>bndbox</type>
    <name>jus</name>
    <pose>Unspecified</pose>
    <truncated>0</truncated>
    <difficult>0</difficult>
    <bndbox>
      <xmin>386</xmin>
      <ymin>516</ymin>
      <xmax>702</xmax>
      <ymax>625</ymax>
    </bndbox>
  </object>
  <object>
    <type>bndbox</type>
    <name>a</name>
    <pose>Unspecified</pose>
    <truncated>0</truncated>
    <difficult>0</difficult>
    <bndbox>
      <xmin>728</xmin>
      <ymin>514</ymin>
      <xmax>860</xmax>
      <ymax>624</ymax>
    </bndbox>
  </object>
  <object>
    <type>bndbox</type>
    <name>pray</name>
    <pose>Unspecified</pose>
    <truncated>0</truncated>
    <difficult>0</difficult>
    <bndbox>
      <xmin>906</xmin>
      <ymin>514</ymin>
      <xmax>1359</xmax>
      <ymax>625</ymax>
    </bndbox>
  </object>
  <object>
    <type>bndbox</type>
    <name>seh</name>
    <pose>Unspecified</pose>
    <truncated>0</truncated>
    <difficult>0</difficult>
    <bndbox>
      <xmin>316</xmin>
      <ymin>634</ymin>
      <xmax>415</xmax>
      <ymax>673</ymax>
    </bndbox>
  </object>
  <object>
    <type>bndbox</type>
    <name>yuh</name>
    <pose>Unspecified</pose>
    <truncated>0</truncated>
    <difficult>0</difficult>
    <bndbox>
      <xmin>432</xmin>
      <ymin>636</ymin>
      <xmax>543</xmax>
      <ymax>673</ymax>
    </bndbox>
  </object>
  <object>
    <type>bndbox</type>
    <name>doh</name>
    <pose>Unspecified</pose>
    <truncated>0</truncated>
    <difficult>0</difficult>
    <bndbox>
      <xmin>558</xmin>
      <ymin>637</ymin>
      <xmax>683</xmax>
      <ymax>673</ymax>
    </bndbox>
  </object>
  <object>
    <type>bndbox</type>
    <name>get</name>
    <pose>Unspecified</pose>
    <truncated>0</truncated>
    <difficult>0</difficult>
    <bndbox>
      <xmin>696</xmin>
      <ymin>636</ymin>
      <xmax>804</xmax>
      <ymax>674</ymax>
    </bndbox>
  </object>
  <object>
    <type>bndbox</type>
    <name>mi</name>
    <pose>Unspecified</pose>
    <truncated>0</truncated>
    <difficult>0</difficult>
    <bndbox>
      <xmin>812</xmin>
      <ymin>634</ymin>
      <xmax>876</xmax>
      <ymax>673</ymax>
    </bndbox>
  </object>
  <object>
    <type>bndbox</type>
    <name>inna</name>
    <pose>Unspecified</pose>
    <truncated>0</truncated>
    <difficult>0</difficult>
    <bndbox>
      <xmin>892</xmin>
      <ymin>637</ymin>
      <xmax>1024</xmax>
      <ymax>676</ymax>
    </bndbox>
  </object>
  <object>
    <type>bndbox</type>
    <name>nuh</name>
    <pose>Unspecified</pose>
    <truncated>0</truncated>
    <difficult>0</difficult>
    <bndbox>
      <xmin>1038</xmin>
      <ymin>637</ymin>
      <xmax>1156</xmax>
      <ymax>674</ymax>
    </bndbox>
  </object>
  <object>
    <type>bndbox</type>
    <name>trouble</name>
    <pose>Unspecified</pose>
    <truncated>0</truncated>
    <difficult>0</difficult>
    <bndbox>
      <xmin>1171</xmin>
      <ymin>634</ymin>
      <xmax>1420</xmax>
      <ymax>672</ymax>
    </bndbox>
  </object>
</annotation>
