<annotation verified="no">
  <folder>9iYICf-NTs8</folder>
  <filename>09_frame_04771</filename>
  <path>/home/baba/Desktop/&#39340;&#22580;/annotation/9iYICf-NTs8/09_frame_04771.jpg</path>
  <source>
    <database>Unknown</database>
  </source>
  <size>
    <width>1920</width>
    <height>1080</height>
    <depth>3</depth>
  </size>
  <segmented>0</segmented>
  <object>
    <type>robndbox</type>
    <name>yuh</name>
    <pose>Unspecified</pose>
    <truncated>0</truncated>
    <difficult>0</difficult>
    <robndbox>
      <cx>898.7922</cx>
      <cy>477.8473</cy>
      <w>118.1689</w>
      <h>40.3134</h>
      <angle>2.981593</angle>
    </robndbox>
  </object>
  <object>
    <type>robndbox</type>
    <name>get</name>
    <pose>Unspecified</pose>
    <truncated>0</truncated>
    <difficult>0</difficult>
    <robndbox>
      <cx>1030.7027</cx>
      <cy>455.9677</cy>
      <w>113.1998</w>
      <h>42.8817</h>
      <angle>2.951593</angle>
    </robndbox>
  </object>
  <object>
    <type>robndbox</type>
    <name>twinkle</name>
    <pose>Unspecified</pose>
    <truncated>0</truncated>
    <difficult>0</difficult>
    <robndbox>
      <cx>754.8485</cx>
      <cy>575.4612</cy>
      <w>570.9162</w>
      <h>85.3338</h>
      <angle>2.961593</angle>
    </robndbox>
  </object>
  <object>
    <type>robndbox</type>
    <name>front</name>
    <pose>Unspecified</pose>
    <truncated>0</truncated>
    <difficult>0</difficult>
    <robndbox>
      <cx>1243.8894</cx>
      <cy>486.0319</cy>
      <w>370.1374</w>
      <h>82.7907</h>
      <angle>2.951593</angle>
    </robndbox>
  </object>
  <object>
    <type>robndbox</type>
    <name>caz</name>
    <pose>Unspecified</pose>
    <truncated>0</truncated>
    <difficult>0</difficult>
    <robndbox>
      <cx>747.7887</cx>
      <cy>657.7051</cy>
      <w>120.9843</w>
      <h>46.3937</h>
      <angle>2.971593</angle>
    </robndbox>
  </object>
  <object>
    <type>robndbox</type>
    <name>yuh</name>
    <pose>Unspecified</pose>
    <truncated>0</truncated>
    <difficult>0</difficult>
    <robndbox>
      <cx>880.4156</cx>
      <cy>631.1943</cy>
      <w>120.2525</w>
      <h>43.2461</h>
      <angle>2.971593</angle>
    </robndbox>
  </object>
  <object>
    <type>robndbox</type>
    <name>deserve</name>
    <pose>Unspecified</pose>
    <truncated>0</truncated>
    <difficult>0</difficult>
    <robndbox>
      <cx>1078.894</cx>
      <cy>593.3367</cy>
      <w>256.8132</w>
      <h>47.2258</h>
      <angle>2.971593</angle>
    </robndbox>
  </object>
  <object>
    <type>robndbox</type>
    <name>it</name>
    <pose>Unspecified</pose>
    <truncated>0</truncated>
    <difficult>0</difficult>
    <robndbox>
      <cx>1236.3333</cx>
      <cy>561.3333</cy>
      <w>48.0</w>
      <h>42.0</h>
      <angle>3.101593</angle>
    </robndbox>
  </object>
</annotation>
