<annotation verified="no">
  <folder>9iYICf-NTs8</folder>
  <filename>01_frame_03151</filename>
  <path>/home/baba/Desktop/&#39340;&#22580;/annotation/9iYICf-NTs8/01_frame_03151.jpg</path>
  <source>
    <database>Unknown</database>
  </source>
  <size>
    <width>1920</width>
    <height>1080</height>
    <depth>3</depth>
  </size>
  <segmented>0</segmented>
  <object>
    <type>bndbox</type>
    <name>and</name>
    <pose>Unspecified</pose>
    <truncated>0</truncated>
    <difficult>0</difficult>
    <bndbox>
      <xmin>551</xmin>
      <ymin>436</ymin>
      <xmax>679</xmax>
      <ymax>477</ymax>
    </bndbox>
  </object>
  <object>
    <type>bndbox</type>
    <name>thats</name>
    <pose>Unspecified</pose>
    <truncated>0</truncated>
    <difficult>0</difficult>
    <bndbox>
      <xmin>692</xmin>
      <ymin>436</ymin>
      <xmax>886</xmax>
      <ymax>477</ymax>
    </bndbox>
  </object>
  <object>
    <type>bndbox</type>
    <name>why</name>
    <pose>Unspecified</pose>
    <truncated>0</truncated>
    <difficult>0</difficult>
    <bndbox>
      <xmin>904</xmin>
      <ymin>434</ymin>
      <xmax>1044</xmax>
      <ymax>477</ymax>
    </bndbox>
  </object>
  <object>
    <type>bndbox</type>
    <name>from</name>
    <pose>Unspecified</pose>
    <truncated>0</truncated>
    <difficult>0</difficult>
    <bndbox>
      <xmin>1058</xmin>
      <ymin>433</ymin>
      <xmax>1220</xmax>
      <ymax>473</ymax>
    </bndbox>
  </object>
  <object>
    <type>bndbox</type>
    <name>the</name>
    <pose>Unspecified</pose>
    <truncated>0</truncated>
    <difficult>0</difficult>
    <bndbox>
      <xmin>252</xmin>
      <ymin>492</ymin>
      <xmax>592</xmax>
      <ymax>606</ymax>
    </bndbox>
  </object>
  <object>
    <type>bndbox</type>
    <name>first</name>
    <pose>Unspecified</pose>
    <truncated>0</truncated>
    <difficult>0</difficult>
    <bndbox>
      <xmin>635</xmin>
      <ymin>489</ymin>
      <xmax>1135</xmax>
      <ymax>605</ymax>
    </bndbox>
  </object>
  <object>
    <type>bndbox</type>
    <name>time</name>
    <pose>Unspecified</pose>
    <truncated>0</truncated>
    <difficult>0</difficult>
    <bndbox>
      <xmin>1172</xmin>
      <ymin>485</ymin>
      <xmax>1596</xmax>
      <ymax>601</ymax>
    </bndbox>
  </object>
  <object>
    <type>bndbox</type>
    <name>mi</name>
    <pose>Unspecified</pose>
    <truncated>0</truncated>
    <difficult>0</difficult>
    <bndbox>
      <xmin>567</xmin>
      <ymin>617</ymin>
      <xmax>634</xmax>
      <ymax>660</ymax>
    </bndbox>
  </object>
  <object>
    <type>bndbox</type>
    <name>si</name>
    <pose>Unspecified</pose>
    <truncated>0</truncated>
    <difficult>0</difficult>
    <bndbox>
      <xmin>650</xmin>
      <ymin>617</ymin>
      <xmax>700</xmax>
      <ymax>658</ymax>
    </bndbox>
  </object>
  <object>
    <type>bndbox</type>
    <name>yuh</name>
    <pose>Unspecified</pose>
    <truncated>0</truncated>
    <difficult>0</difficult>
    <bndbox>
      <xmin>718</xmin>
      <ymin>616</ymin>
      <xmax>835</xmax>
      <ymax>658</ymax>
    </bndbox>
  </object>
  <object>
    <type>bndbox</type>
    <name>me</name>
    <pose>Unspecified</pose>
    <truncated>0</truncated>
    <difficult>0</difficult>
    <bndbox>
      <xmin>848</xmin>
      <ymin>616</ymin>
      <xmax>935</xmax>
      <ymax>658</ymax>
    </bndbox>
  </object>
  <object>
    <type>bndbox</type>
    <name>know</name>
    <pose>Unspecified</pose>
    <truncated>0</truncated>
    <difficult>0</difficult>
    <bndbox>
      <xmin>950</xmin>
      <ymin>616</ymin>
      <xmax>1138</xmax>
      <ymax>657</ymax>
    </bndbox>
  </object>
  <object>
    <type>bndbox</type>
    <name>seh</name>
    <pose>Unspecified</pose>
    <truncated>0</truncated>
    <difficult>0</difficult>
    <bndbox>
      <xmin>1154</xmin>
      <ymin>614</ymin>
      <xmax>1263</xmax>
      <ymax>653</ymax>
    </bndbox>
  </object>
</annotation>
