<annotation verified="no">
  <folder>LHPKOy3dtqQ</folder>
  <filename>01_frame_03526</filename>
  <path>/Users/KengoAraki/Desktop/&#22338;&#21475;&#12373;&#12435;_annotation/annotation/LHPKOy3dtqQ/01_frame_03526.jpg</path>
  <source>
    <database>Unknown</database>
  </source>
  <size>
    <width>1920</width>
    <height>1080</height>
    <depth>3</depth>
  </size>
  <segmented>0</segmented>
  <object>
    <type>robndbox</type>
    <name>we</name>
    <pose>Unspecified</pose>
    <truncated>0</truncated>
    <difficult>0</difficult>
    <robndbox>
      <cx>415.0082</cx>
      <cy>726.5</cy>
      <w>103.0</w>
      <h>69.0</h>
      <angle>0.0</angle>
    </robndbox>
  </object>
  <object>
    <type>robndbox</type>
    <name>will</name>
    <pose>Unspecified</pose>
    <truncated>0</truncated>
    <difficult>0</difficult>
    <robndbox>
      <cx>553.5082</cx>
      <cy>735.0</cy>
      <w>118.0</w>
      <h>62.0</h>
      <angle>0.0</angle>
    </robndbox>
  </object>
  <object>
    <type>robndbox</type>
    <name>be</name>
    <pose>Unspecified</pose>
    <truncated>0</truncated>
    <difficult>0</difficult>
    <robndbox>
      <cx>681.5082</cx>
      <cy>732.5</cy>
      <w>82.0</w>
      <h>61.0</h>
      <angle>0.0</angle>
    </robndbox>
  </object>
</annotation>
