<annotation verified="no">
  <folder>LHPKOy3dtqQ</folder>
  <filename>04_frame_03676</filename>
  <path>/Users/KengoAraki/Desktop/&#22338;&#21475;&#12373;&#12435;_annotation/annotation/LHPKOy3dtqQ/04_frame_03676.jpg</path>
  <source>
    <database>Unknown</database>
  </source>
  <size>
    <width>1920</width>
    <height>1080</height>
    <depth>3</depth>
  </size>
  <segmented>0</segmented>
  <object>
    <type>robndbox</type>
    <name>disturbed</name>
    <pose>Unspecified</pose>
    <truncated>0</truncated>
    <difficult>0</difficult>
    <robndbox>
      <cx>916.0082</cx>
      <cy>662.0</cy>
      <w>869.0</w>
      <h>218.0</h>
      <angle>0.0</angle>
    </robndbox>
  </object>
</annotation>
