<annotation verified="no">
  <folder>LHPKOy3dtqQ</folder>
  <filename>03_frame_00601</filename>
  <path>/Users/KengoAraki/Desktop/&#22338;&#21475;&#12373;&#12435;_annotation/annotation/LHPKOy3dtqQ/03_frame_00601.jpg</path>
  <source>
    <database>Unknown</database>
  </source>
  <size>
    <width>1920</width>
    <height>1080</height>
    <depth>3</depth>
  </size>
  <segmented>0</segmented>
  <object>
    <type>bndbox</type>
    <name>with</name>
    <pose>Unspecified</pose>
    <truncated>0</truncated>
    <difficult>0</difficult>
    <bndbox>
      <xmin>41</xmin>
      <ymin>725</ymin>
      <xmax>202</xmax>
      <ymax>792</ymax>
    </bndbox>
  </object>
  <object>
    <type>robndbox</type>
    <name>your</name>
    <pose>Unspecified</pose>
    <truncated>0</truncated>
    <difficult>0</difficult>
    <robndbox>
      <cx>429.5082</cx>
      <cy>767.0</cy>
      <w>156.0</w>
      <h>58.0</h>
      <angle>0.0</angle>
    </robndbox>
  </object>
  <object>
    <type>robndbox</type>
    <name>hands</name>
    <pose>Unspecified</pose>
    <truncated>0</truncated>
    <difficult>0</difficult>
    <robndbox>
      <cx>628.5082</cx>
      <cy>755.0</cy>
      <w>210.0</w>
      <h>62.0</h>
      <angle>0.0</angle>
    </robndbox>
  </object>
  <object>
    <type>robndbox</type>
    <name>up</name>
    <pose>Unspecified</pose>
    <truncated>0</truncated>
    <difficult>0</difficult>
    <robndbox>
      <cx>806.5082</cx>
      <cy>765.5</cy>
      <w>84.0</w>
      <h>57.0</h>
      <angle>0.0</angle>
    </robndbox>
  </object>
  <object>
    <type>robndbox</type>
    <name>in</name>
    <pose>Unspecified</pose>
    <truncated>0</truncated>
    <difficult>0</difficult>
    <robndbox>
      <cx>897.0082</cx>
      <cy>748.5</cy>
      <w>67.0</w>
      <h>59.0</h>
      <angle>0.0</angle>
    </robndbox>
  </object>
  <object>
    <type>robndbox</type>
    <name>the</name>
    <pose>Unspecified</pose>
    <truncated>0</truncated>
    <difficult>0</difficult>
    <robndbox>
      <cx>1005.0082</cx>
      <cy>753.5</cy>
      <w>107.0</w>
      <h>59.0</h>
      <angle>0.0</angle>
    </robndbox>
  </object>
</annotation>
