<annotation verified="no">
  <folder>LHPKOy3dtqQ</folder>
  <filename>05_frame_01051</filename>
  <path>/Users/KengoAraki/Desktop/&#22338;&#21475;&#12373;&#12435;_annotation/annotation/LHPKOy3dtqQ/05_frame_01051.jpg</path>
  <source>
    <database>Unknown</database>
  </source>
  <size>
    <width>1920</width>
    <height>1080</height>
    <depth>3</depth>
  </size>
  <segmented>0</segmented>
  <object>
    <type>robndbox</type>
    <name>for</name>
    <pose>Unspecified</pose>
    <truncated>0</truncated>
    <difficult>0</difficult>
    <robndbox>
      <cx>325.5082</cx>
      <cy>112.0</cy>
      <w>122.0</w>
      <h>76.0</h>
      <angle>0.0</angle>
    </robndbox>
  </object>
  <object>
    <type>robndbox</type>
    <name>the</name>
    <pose>Unspecified</pose>
    <truncated>0</truncated>
    <difficult>0</difficult>
    <robndbox>
      <cx>469.0082</cx>
      <cy>113.0</cy>
      <w>123.0</w>
      <h>64.0</h>
      <angle>0.0</angle>
    </robndbox>
  </object>
  <object>
    <type>robndbox</type>
    <name>lost</name>
    <pose>Unspecified</pose>
    <truncated>0</truncated>
    <difficult>0</difficult>
    <robndbox>
      <cx>325.5082</cx>
      <cy>581.0</cy>
      <w>524.0</w>
      <h>446.0</h>
      <angle>0.0</angle>
    </robndbox>
  </object>
  <object>
    <type>robndbox</type>
    <name>souls</name>
    <pose>Unspecified</pose>
    <truncated>0</truncated>
    <difficult>0</difficult>
    <robndbox>
      <cx>958.5082</cx>
      <cy>555.5</cy>
      <w>642.0</w>
      <h>355.0</h>
      <angle>0.0</angle>
    </robndbox>
  </object>
  <object>
    <type>robndbox</type>
    <name>that</name>
    <pose>Unspecified</pose>
    <truncated>0</truncated>
    <difficult>0</difficult>
    <robndbox>
      <cx>1588.8574</cx>
      <cy>175.1558</cy>
      <w>220.5644</w>
      <h>96.3775</h>
      <angle>1.53</angle>
    </robndbox>
  </object>
  <object>
    <type>robndbox</type>
    <name>were</name>
    <pose>Unspecified</pose>
    <truncated>0</truncated>
    <difficult>0</difficult>
    <robndbox>
      <cx>1590.3916</cx>
      <cy>446.782</cy>
      <w>261.6243</w>
      <h>76.5958</h>
      <angle>1.56</angle>
    </robndbox>
  </object>
  <object>
    <type>robndbox</type>
    <name>cheated</name>
    <pose>Unspecified</pose>
    <truncated>0</truncated>
    <difficult>0</difficult>
    <robndbox>
      <cx>1610.0903</cx>
      <cy>810.5941</cy>
      <w>424.9835</w>
      <h>100.02</h>
      <angle>1.55</angle>
    </robndbox>
  </object>
</annotation>
