<annotation verified="no">
  <folder>jEwjBjQ_7Eo</folder>
  <filename>00_frame_03751</filename>
  <path>/home/junya/&#12480;&#12454;&#12531;&#12525;&#12540;&#12489;/&#26519;&#30000;/annotation/jEwjBjQ_7Eo/00_frame_03751.jpg</path>
  <source>
    <database>Unknown</database>
  </source>
  <size>
    <width>1920</width>
    <height>1080</height>
    <depth>3</depth>
  </size>
  <segmented>0</segmented>
  <object>
    <type>bndbox</type>
    <name>and</name>
    <pose>Unspecified</pose>
    <truncated>0</truncated>
    <difficult>0</difficult>
    <bndbox>
      <xmin>700</xmin>
      <ymin>620</ymin>
      <xmax>830</xmax>
      <ymax>682</ymax>
    </bndbox>
  </object>
  <object>
    <type>bndbox</type>
    <name>the</name>
    <pose>Unspecified</pose>
    <truncated>0</truncated>
    <difficult>0</difficult>
    <bndbox>
      <xmin>881</xmin>
      <ymin>624</ymin>
      <xmax>1009</xmax>
      <ymax>686</ymax>
    </bndbox>
  </object>
  <object>
    <type>bndbox</type>
    <name>sun</name>
    <pose>Unspecified</pose>
    <truncated>0</truncated>
    <difficult>0</difficult>
    <bndbox>
      <xmin>1072</xmin>
      <ymin>626</ymin>
      <xmax>1206</xmax>
      <ymax>686</ymax>
    </bndbox>
  </object>
  <object>
    <type>bndbox</type>
    <name>in</name>
    <pose>Unspecified</pose>
    <truncated>0</truncated>
    <difficult>0</difficult>
    <bndbox>
      <xmin>1266</xmin>
      <ymin>606</ymin>
      <xmax>1344</xmax>
      <ymax>663</ymax>
    </bndbox>
  </object>
  <object>
    <type>bndbox</type>
    <name>the</name>
    <pose>Unspecified</pose>
    <truncated>0</truncated>
    <difficult>0</difficult>
    <bndbox>
      <xmin>1406</xmin>
      <ymin>607</ymin>
      <xmax>1533</xmax>
      <ymax>668</ymax>
    </bndbox>
  </object>
  <object>
    <type>bndbox</type>
    <name>sky</name>
    <pose>Unspecified</pose>
    <truncated>0</truncated>
    <difficult>0</difficult>
    <bndbox>
      <xmin>1590</xmin>
      <ymin>611</ymin>
      <xmax>1717</xmax>
      <ymax>670</ymax>
    </bndbox>
  </object>
</annotation>
