<annotation verified="no">
  <folder>jEwjBjQ_7Eo</folder>
  <filename>03_frame_00451</filename>
  <path>/home/junya/&#12480;&#12454;&#12531;&#12525;&#12540;&#12489;/&#26519;&#30000;/annotation/jEwjBjQ_7Eo/03_frame_00451.jpg</path>
  <source>
    <database>Unknown</database>
  </source>
  <size>
    <width>1920</width>
    <height>1080</height>
    <depth>3</depth>
  </size>
  <segmented>0</segmented>
  <object>
    <type>bndbox</type>
    <name>she</name>
    <pose>Unspecified</pose>
    <truncated>0</truncated>
    <difficult>0</difficult>
    <bndbox>
      <xmin>1109</xmin>
      <ymin>154</ymin>
      <xmax>1224</xmax>
      <ymax>207</ymax>
    </bndbox>
  </object>
  <object>
    <type>bndbox</type>
    <name>picks</name>
    <pose>Unspecified</pose>
    <truncated>0</truncated>
    <difficult>0</difficult>
    <bndbox>
      <xmin>1262</xmin>
      <ymin>151</ymin>
      <xmax>1440</xmax>
      <ymax>224</ymax>
    </bndbox>
  </object>
  <object>
    <type>bndbox</type>
    <name>him</name>
    <pose>Unspecified</pose>
    <truncated>0</truncated>
    <difficult>0</difficult>
    <bndbox>
      <xmin>1482</xmin>
      <ymin>148</ymin>
      <xmax>1596</xmax>
      <ymax>206</ymax>
    </bndbox>
  </object>
  <object>
    <type>bndbox</type>
    <name>up</name>
    <pose>Unspecified</pose>
    <truncated>0</truncated>
    <difficult>0</difficult>
    <bndbox>
      <xmin>1633</xmin>
      <ymin>168</ymin>
      <xmax>1704</xmax>
      <ymax>223</ymax>
    </bndbox>
  </object>
  <object>
    <type>bndbox</type>
    <name>and</name>
    <pose>Unspecified</pose>
    <truncated>0</truncated>
    <difficult>0</difficult>
    <bndbox>
      <xmin>1249</xmin>
      <ymin>303</ymin>
      <xmax>1368</xmax>
      <ymax>364</ymax>
    </bndbox>
  </object>
  <object>
    <type>bndbox</type>
    <name>tells</name>
    <pose>Unspecified</pose>
    <truncated>0</truncated>
    <difficult>0</difficult>
    <bndbox>
      <xmin>1406</xmin>
      <ymin>294</ymin>
      <xmax>1556</xmax>
      <ymax>360</ymax>
    </bndbox>
  </object>
  <object>
    <type>bndbox</type>
    <name>him</name>
    <pose>Unspecified</pose>
    <truncated>0</truncated>
    <difficult>0</difficult>
    <bndbox>
      <xmin>1598</xmin>
      <ymin>290</ymin>
      <xmax>1712</xmax>
      <ymax>347</ymax>
    </bndbox>
  </object>
</annotation>
