<annotation verified="no">
  <folder>jEwjBjQ_7Eo</folder>
  <filename>07_frame_03376</filename>
  <path>/home/junya/&#12480;&#12454;&#12531;&#12525;&#12540;&#12489;/&#26519;&#30000;/annotation/jEwjBjQ_7Eo/07_frame_03376.jpg</path>
  <source>
    <database>Unknown</database>
  </source>
  <size>
    <width>1920</width>
    <height>1080</height>
    <depth>3</depth>
  </size>
  <segmented>0</segmented>
  <object>
    <type>bndbox</type>
    <name>in</name>
    <pose>Unspecified</pose>
    <truncated>0</truncated>
    <difficult>0</difficult>
    <bndbox>
      <xmin>645</xmin>
      <ymin>171</ymin>
      <xmax>696</xmax>
      <ymax>222</ymax>
    </bndbox>
  </object>
  <object>
    <type>bndbox</type>
    <name>the</name>
    <pose>Unspecified</pose>
    <truncated>0</truncated>
    <difficult>0</difficult>
    <bndbox>
      <xmin>722</xmin>
      <ymin>167</ymin>
      <xmax>838</xmax>
      <ymax>232</ymax>
    </bndbox>
  </object>
  <object>
    <type>bndbox</type>
    <name>ipanema</name>
    <pose>Unspecified</pose>
    <truncated>0</truncated>
    <difficult>0</difficult>
    <bndbox>
      <xmin>385</xmin>
      <ymin>344</ymin>
      <xmax>850</xmax>
      <ymax>424</ymax>
    </bndbox>
  </object>
  <object>
    <type>bndbox</type>
    <name>ay</name>
    <pose>Unspecified</pose>
    <truncated>0</truncated>
    <difficult>0</difficult>
    <bndbox>
      <xmin>918</xmin>
      <ymin>352</ymin>
      <xmax>1052</xmax>
      <ymax>424</ymax>
    </bndbox>
  </object>
  <object>
    <type>robndbox</type>
    <name>safe</name>
    <pose>Unspecified</pose>
    <truncated>0</truncated>
    <difficult>0</difficult>
    <robndbox>
      <cx>538.3333</cx>
      <cy>193.3333</cy>
      <w>152.0</w>
      <h>52.0</h>
      <angle>0.0</angle>
    </robndbox>
  </object>
</annotation>
