<annotation verified="no">
  <folder>jEwjBjQ_7Eo</folder>
  <filename>06_frame_00151</filename>
  <path>/home/junya/&#12480;&#12454;&#12531;&#12525;&#12540;&#12489;/&#26519;&#30000;/annotation/jEwjBjQ_7Eo/06_frame_00151.jpg</path>
  <source>
    <database>Unknown</database>
  </source>
  <size>
    <width>1920</width>
    <height>1080</height>
    <depth>3</depth>
  </size>
  <segmented>0</segmented>
  <object>
    <type>bndbox</type>
    <name>as</name>
    <pose>Unspecified</pose>
    <truncated>0</truncated>
    <difficult>0</difficult>
    <bndbox>
      <xmin>77</xmin>
      <ymin>106</ymin>
      <xmax>212</xmax>
      <ymax>190</ymax>
    </bndbox>
  </object>
  <object>
    <type>bndbox</type>
    <name>the</name>
    <pose>Unspecified</pose>
    <truncated>0</truncated>
    <difficult>0</difficult>
    <bndbox>
      <xmin>277</xmin>
      <ymin>104</ymin>
      <xmax>516</xmax>
      <ymax>198</ymax>
    </bndbox>
  </object>
  <object>
    <type>bndbox</type>
    <name>sun</name>
    <pose>Unspecified</pose>
    <truncated>0</truncated>
    <difficult>0</difficult>
    <bndbox>
      <xmin>582</xmin>
      <ymin>103</ymin>
      <xmax>818</xmax>
      <ymax>190</ymax>
    </bndbox>
  </object>
  <object>
    <type>bndbox</type>
    <name>rises</name>
    <pose>Unspecified</pose>
    <truncated>0</truncated>
    <difficult>0</difficult>
    <bndbox>
      <xmin>1000</xmin>
      <ymin>170</ymin>
      <xmax>1254</xmax>
      <ymax>279</ymax>
    </bndbox>
  </object>
</annotation>
