<annotation verified="no">
  <folder>jEwjBjQ_7Eo</folder>
  <filename>09_frame_01051</filename>
  <path>/home/junya/&#12480;&#12454;&#12531;&#12525;&#12540;&#12489;/&#26519;&#30000;/annotation/jEwjBjQ_7Eo/09_frame_01051.jpg</path>
  <source>
    <database>Unknown</database>
  </source>
  <size>
    <width>1920</width>
    <height>1080</height>
    <depth>1</depth>
  </size>
  <segmented>0</segmented>
  <object>
    <type>bndbox</type>
    <name>she</name>
    <pose>Unspecified</pose>
    <truncated>1</truncated>
    <difficult>0</difficult>
    <bndbox>
      <xmin>1</xmin>
      <ymin>327</ymin>
      <xmax>21</xmax>
      <ymax>386</ymax>
    </bndbox>
  </object>
  <object>
    <type>robndbox</type>
    <name>works</name>
    <pose>Unspecified</pose>
    <truncated>0</truncated>
    <difficult>0</difficult>
    <robndbox>
      <cx>209.0417</cx>
      <cy>323.754</cy>
      <w>297.6739</w>
      <h>90.2786</h>
      <angle>3.051593</angle>
    </robndbox>
  </object>
  <object>
    <type>robndbox</type>
    <name>the</name>
    <pose>Unspecified</pose>
    <truncated>0</truncated>
    <difficult>0</difficult>
    <robndbox>
      <cx>486.3702</cx>
      <cy>298.7737</cy>
      <w>173.5076</w>
      <h>87.2642</h>
      <angle>3.061593</angle>
    </robndbox>
  </object>
  <object>
    <type>robndbox</type>
    <name>favela</name>
    <pose>Unspecified</pose>
    <truncated>0</truncated>
    <difficult>0</difficult>
    <robndbox>
      <cx>767.7455</cx>
      <cy>280.0942</cy>
      <w>294.432</w>
      <h>82.2835</h>
      <angle>3.041593</angle>
    </robndbox>
  </object>
  <object>
    <type>robndbox</type>
    <name>night</name>
    <pose>Unspecified</pose>
    <truncated>0</truncated>
    <difficult>0</difficult>
    <robndbox>
      <cx>1184.2882</cx>
      <cy>602.0064</cy>
      <w>372.9333</w>
      <h>97.1914</h>
      <angle>3.081593</angle>
    </robndbox>
  </object>
</annotation>
