<annotation verified="no">
  <folder>jEwjBjQ_7Eo</folder>
  <filename>04_frame_00226</filename>
  <path>/home/junya/&#12480;&#12454;&#12531;&#12525;&#12540;&#12489;/&#26519;&#30000;/annotation/jEwjBjQ_7Eo/04_frame_00226.jpg</path>
  <source>
    <database>Unknown</database>
  </source>
  <size>
    <width>1920</width>
    <height>1080</height>
    <depth>3</depth>
  </size>
  <segmented>0</segmented>
  <object>
    <type>bndbox</type>
    <name>she</name>
    <pose>Unspecified</pose>
    <truncated>0</truncated>
    <difficult>0</difficult>
    <bndbox>
      <xmin>669</xmin>
      <ymin>214</ymin>
      <xmax>826</xmax>
      <ymax>264</ymax>
    </bndbox>
  </object>
  <object>
    <type>bndbox</type>
    <name>opens</name>
    <pose>Unspecified</pose>
    <truncated>0</truncated>
    <difficult>0</difficult>
    <bndbox>
      <xmin>864</xmin>
      <ymin>206</ymin>
      <xmax>1141</xmax>
      <ymax>263</ymax>
    </bndbox>
  </object>
  <object>
    <type>bndbox</type>
    <name>up</name>
    <pose>Unspecified</pose>
    <truncated>0</truncated>
    <difficult>0</difficult>
    <bndbox>
      <xmin>1180</xmin>
      <ymin>200</ymin>
      <xmax>1286</xmax>
      <ymax>260</ymax>
    </bndbox>
  </object>
  <object>
    <type>bndbox</type>
    <name>her</name>
    <pose>Unspecified</pose>
    <truncated>0</truncated>
    <difficult>0</difficult>
    <bndbox>
      <xmin>1328</xmin>
      <ymin>204</ymin>
      <xmax>1492</xmax>
      <ymax>259</ymax>
    </bndbox>
  </object>
  <object>
    <type>bndbox</type>
    <name>hazel</name>
    <pose>Unspecified</pose>
    <truncated>0</truncated>
    <difficult>0</difficult>
    <bndbox>
      <xmin>1532</xmin>
      <ymin>196</ymin>
      <xmax>1811</xmax>
      <ymax>252</ymax>
    </bndbox>
  </object>
</annotation>
