<annotation verified="no">
  <folder>jEwjBjQ_7Eo</folder>
  <filename>08_frame_00601</filename>
  <path>/home/junya/&#12480;&#12454;&#12531;&#12525;&#12540;&#12489;/&#26519;&#30000;/annotation/jEwjBjQ_7Eo/08_frame_00601.jpg</path>
  <source>
    <database>Unknown</database>
  </source>
  <size>
    <width>1920</width>
    <height>1080</height>
    <depth>3</depth>
  </size>
  <segmented>0</segmented>
  <object>
    <type>bndbox</type>
    <name>she</name>
    <pose>Unspecified</pose>
    <truncated>0</truncated>
    <difficult>0</difficult>
    <bndbox>
      <xmin>553</xmin>
      <ymin>154</ymin>
      <xmax>729</xmax>
      <ymax>231</ymax>
    </bndbox>
  </object>
  <object>
    <type>bndbox</type>
    <name>come</name>
    <pose>Unspecified</pose>
    <truncated>0</truncated>
    <difficult>0</difficult>
    <bndbox>
      <xmin>817</xmin>
      <ymin>138</ymin>
      <xmax>1085</xmax>
      <ymax>214</ymax>
    </bndbox>
  </object>
  <object>
    <type>robndbox</type>
    <name>from</name>
    <pose>Unspecified</pose>
    <truncated>0</truncated>
    <difficult>0</difficult>
    <robndbox>
      <cx>1016.3333</cx>
      <cy>362.3333</cy>
      <w>202.8399</w>
      <h>76.8894</h>
      <angle>2.871593</angle>
    </robndbox>
  </object>
  <object>
    <type>robndbox</type>
    <name>the</name>
    <pose>Unspecified</pose>
    <truncated>0</truncated>
    <difficult>0</difficult>
    <robndbox>
      <cx>1289.8333</cx>
      <cy>235.8333</cy>
      <w>232.5928</w>
      <h>97.0701</h>
      <angle>2.901593</angle>
    </robndbox>
  </object>
  <object>
    <type>robndbox</type>
    <name>favela</name>
    <pose>Unspecified</pose>
    <truncated>0</truncated>
    <difficult>0</difficult>
    <robndbox>
      <cx>1143.4853</cx>
      <cy>761.682</cy>
      <w>712.8098</w>
      <h>325.2572</h>
      <angle>2.781593</angle>
    </robndbox>
  </object>
</annotation>
