<annotation verified="no">
  <folder>jEwjBjQ_7Eo</folder>
  <filename>02_frame_02326</filename>
  <path>/home/junya/&#12480;&#12454;&#12531;&#12525;&#12540;&#12489;/&#26519;&#30000;/annotation/jEwjBjQ_7Eo/02_frame_02326.jpg</path>
  <source>
    <database>Unknown</database>
  </source>
  <size>
    <width>1920</width>
    <height>1080</height>
    <depth>3</depth>
  </size>
  <segmented>0</segmented>
  <object>
    <type>robndbox</type>
    <name>and</name>
    <pose>Unspecified</pose>
    <truncated>0</truncated>
    <difficult>0</difficult>
    <robndbox>
      <cx>325.6509</cx>
      <cy>472.1627</cy>
      <w>176.8484</w>
      <h>78.8443</h>
      <angle>0.26</angle>
    </robndbox>
  </object>
  <object>
    <type>robndbox</type>
    <name>the</name>
    <pose>Unspecified</pose>
    <truncated>0</truncated>
    <difficult>0</difficult>
    <robndbox>
      <cx>577.3014</cx>
      <cy>526.7151</cy>
      <w>179.4474</w>
      <h>83.6669</h>
      <angle>0.21</angle>
    </robndbox>
  </object>
  <object>
    <type>robndbox</type>
    <name>sun</name>
    <pose>Unspecified</pose>
    <truncated>0</truncated>
    <difficult>0</difficult>
    <robndbox>
      <cx>837.7975</cx>
      <cy>580.8467</cy>
      <w>178.6211</w>
      <h>82.1864</h>
      <angle>0.19</angle>
    </robndbox>
  </object>
  <object>
    <type>robndbox</type>
    <name>in</name>
    <pose>Unspecified</pose>
    <truncated>0</truncated>
    <difficult>0</difficult>
    <robndbox>
      <cx>1063.7961</cx>
      <cy>636.316</cy>
      <w>108.7047</w>
      <h>82.6402</h>
      <angle>0.13</angle>
    </robndbox>
  </object>
  <object>
    <type>robndbox</type>
    <name>the</name>
    <pose>Unspecified</pose>
    <truncated>0</truncated>
    <difficult>0</difficult>
    <robndbox>
      <cx>1288.1361</cx>
      <cy>672.1633</cy>
      <w>179.8738</w>
      <h>82.7397</h>
      <angle>0.16</angle>
    </robndbox>
  </object>
  <object>
    <type>robndbox</type>
    <name>sky</name>
    <pose>Unspecified</pose>
    <truncated>0</truncated>
    <difficult>0</difficult>
    <robndbox>
      <cx>1547.7728</cx>
      <cy>717.1954</cy>
      <w>178.6066</w>
      <h>82.8792</h>
      <angle>0.16</angle>
    </robndbox>
  </object>
</annotation>
