<annotation verified="no">
  <folder>jqYxyd1iSNk</folder>
  <filename>08_frame_01441</filename>
  <path>/home/ikoma/roLabelImg/&#29983;&#39378;/annotation/jqYxyd1iSNk/08_frame_01441.jpg</path>
  <source>
    <database>Unknown</database>
  </source>
  <size>
    <width>1920</width>
    <height>1080</height>
    <depth>3</depth>
  </size>
  <segmented>0</segmented>
  <object>
    <type>robndbox</type>
    <name>ill</name>
    <pose>Unspecified</pose>
    <truncated>0</truncated>
    <difficult>0</difficult>
    <robndbox>
      <cx>559.1638</cx>
      <cy>504.911</cy>
      <w>61.6593</w>
      <h>74.8464</h>
      <angle>1.9</angle>
    </robndbox>
  </object>
  <object>
    <type>robndbox</type>
    <name>make</name>
    <pose>Unspecified</pose>
    <truncated>0</truncated>
    <difficult>0</difficult>
    <robndbox>
      <cx>556.6584</cx>
      <cy>625.4689</cy>
      <w>156.9319</w>
      <h>77.1941</h>
      <angle>1.25</angle>
    </robndbox>
  </object>
  <object>
    <type>robndbox</type>
    <name>it</name>
    <pose>Unspecified</pose>
    <truncated>0</truncated>
    <difficult>0</difficult>
    <robndbox>
      <cx>610.2721</cx>
      <cy>729.2302</cy>
      <w>51.0006</w>
      <h>73.7994</h>
      <angle>1.0</angle>
    </robndbox>
  </object>
  <object>
    <type>robndbox</type>
    <name>like</name>
    <pose>Unspecified</pose>
    <truncated>0</truncated>
    <difficult>0</difficult>
    <robndbox>
      <cx>679.4672</cx>
      <cy>795.3073</cy>
      <w>111.2339</w>
      <h>74.4205</h>
      <angle>0.71</angle>
    </robndbox>
  </object>
  <object>
    <type>robndbox</type>
    <name>your</name>
    <pose>Unspecified</pose>
    <truncated>0</truncated>
    <difficult>0</difficult>
    <robndbox>
      <cx>815.7197</cx>
      <cy>870.3501</cy>
      <w>174.1692</w>
      <h>65.6779</h>
      <angle>0.2</angle>
    </robndbox>
  </object>
  <object>
    <type>robndbox</type>
    <name>birthday</name>
    <pose>Unspecified</pose>
    <truncated>0</truncated>
    <difficult>0</difficult>
    <robndbox>
      <cx>1096.412</cx>
      <cy>865.9062</cy>
      <w>339.4872</w>
      <h>92.6288</h>
      <angle>2.971593</angle>
    </robndbox>
  </object>
  <object>
    <type>robndbox</type>
    <name>every</name>
    <pose>Unspecified</pose>
    <truncated>0</truncated>
    <difficult>0</difficult>
    <robndbox>
      <cx>1349.9805</cx>
      <cy>730.1022</cy>
      <w>185.98</w>
      <h>80.0876</h>
      <angle>2.241593</angle>
    </robndbox>
  </object>
  <object>
    <type>robndbox</type>
    <name>day</name>
    <pose>Unspecified</pose>
    <truncated>0</truncated>
    <difficult>0</difficult>
    <robndbox>
      <cx>1400.7721</cx>
      <cy>564.9177</cy>
      <w>118.7545</w>
      <h>110.9746</h>
      <angle>1.741593</angle>
    </robndbox>
  </object>
</annotation>
