<annotation verified="no">
  <folder>jqYxyd1iSNk</folder>
  <filename>02_frame_04105</filename>
  <path>/home/ikoma/roLabelImg/&#29983;&#39378;/annotation/jqYxyd1iSNk/02_frame_04105.jpg</path>
  <source>
    <database>Unknown</database>
  </source>
  <size>
    <width>1920</width>
    <height>1080</height>
    <depth>3</depth>
  </size>
  <segmented>0</segmented>
  <object>
    <type>bndbox</type>
    <name>youre</name>
    <pose>Unspecified</pose>
    <truncated>0</truncated>
    <difficult>0</difficult>
    <bndbox>
      <xmin>785</xmin>
      <ymin>134</ymin>
      <xmax>993</xmax>
      <ymax>221</ymax>
    </bndbox>
  </object>
  <object>
    <type>bndbox</type>
    <name>with</name>
    <pose>Unspecified</pose>
    <truncated>0</truncated>
    <difficult>0</difficult>
    <bndbox>
      <xmin>1057</xmin>
      <ymin>127</ymin>
      <xmax>1231</xmax>
      <ymax>220</ymax>
    </bndbox>
  </object>
  <object>
    <type>bndbox</type>
    <name>me</name>
    <pose>Unspecified</pose>
    <truncated>0</truncated>
    <difficult>0</difficult>
    <bndbox>
      <xmin>1277</xmin>
      <ymin>119</ymin>
      <xmax>1393</xmax>
      <ymax>211</ymax>
    </bndbox>
  </object>
  <object>
    <type>robndbox</type>
    <name>boy</name>
    <pose>Unspecified</pose>
    <truncated>0</truncated>
    <difficult>0</difficult>
    <robndbox>
      <cx>384.2722</cx>
      <cy>180.7302</cy>
      <w>160.5443</w>
      <h>94.2104</h>
      <angle>0.0</angle>
    </robndbox>
  </object>
  <object>
    <type>robndbox</type>
    <name>when</name>
    <pose>Unspecified</pose>
    <truncated>0</truncated>
    <difficult>0</difficult>
    <robndbox>
      <cx>632.2722</cx>
      <cy>180.501</cy>
      <w>196.5443</w>
      <h>90.6688</h>
      <angle>0.0</angle>
    </robndbox>
  </object>
  <object>
    <type>robndbox</type>
    <name>ill</name>
    <pose>Unspecified</pose>
    <truncated>0</truncated>
    <difficult>0</difficult>
    <robndbox>
      <cx>636.6413</cx>
      <cy>395.0343</cy>
      <w>133.1017</w>
      <h>95.5683</h>
      <angle>0.11</angle>
    </robndbox>
  </object>
  <object>
    <type>robndbox</type>
    <name>you</name>
    <pose>Unspecified</pose>
    <truncated>0</truncated>
    <difficult>0</difficult>
    <robndbox>
      <cx>1032.1487</cx>
      <cy>426.738</cy>
      <w>124.247</w>
      <h>87.7153</h>
      <angle>0.14</angle>
    </robndbox>
  </object>
  <object>
    <type>robndbox</type>
    <name>a</name>
    <pose>Unspecified</pose>
    <truncated>0</truncated>
    <difficult>0</difficult>
    <robndbox>
      <cx>1188.0</cx>
      <cy>453.625</cy>
      <w>80.0</w>
      <h>94.0</h>
      <angle>0.14</angle>
    </robndbox>
  </object>
  <object>
    <type>robndbox</type>
    <name>taste</name>
    <pose>Unspecified</pose>
    <truncated>0</truncated>
    <difficult>0</difficult>
    <robndbox>
      <cx>1366.4785</cx>
      <cy>470.8235</cy>
      <w>172.106</w>
      <h>91.298</h>
      <angle>0.1</angle>
    </robndbox>
  </object>
  <object>
    <type>robndbox</type>
    <name>make</name>
    <pose>Unspecified</pose>
    <truncated>0</truncated>
    <difficult>0</difficult>
    <robndbox>
      <cx>276.0</cx>
      <cy>910.6429</cy>
      <w>200.0</w>
      <h>107.0</h>
      <angle>3.041593</angle>
    </robndbox>
  </object>
  <object>
    <type>robndbox</type>
    <name>it</name>
    <pose>Unspecified</pose>
    <truncated>0</truncated>
    <difficult>0</difficult>
    <robndbox>
      <cx>491.5</cx>
      <cy>888.6429</cy>
      <w>117.0</w>
      <h>115.0</h>
      <angle>3.041593</angle>
    </robndbox>
  </object>
  <object>
    <type>robndbox</type>
    <name>like</name>
    <pose>Unspecified</pose>
    <truncated>0</truncated>
    <difficult>0</difficult>
    <robndbox>
      <cx>700.5</cx>
      <cy>863.6429</cy>
      <w>171.0</w>
      <h>107.0</h>
      <angle>3.031593</angle>
    </robndbox>
  </object>
  <object>
    <type>robndbox</type>
    <name>your</name>
    <pose>Unspecified</pose>
    <truncated>0</truncated>
    <difficult>0</difficult>
    <robndbox>
      <cx>899.6123</cx>
      <cy>836.4644</cy>
      <w>174.5348</w>
      <h>104.4527</h>
      <angle>3.021593</angle>
    </robndbox>
  </object>
  <object>
    <type>robndbox</type>
    <name>birthday</name>
    <pose>Unspecified</pose>
    <truncated>0</truncated>
    <difficult>0</difficult>
    <robndbox>
      <cx>1204.6672</cx>
      <cy>805.926</cy>
      <w>304.8171</w>
      <h>104.7732</h>
      <angle>3.041593</angle>
    </robndbox>
  </object>
  <object>
    <type>robndbox</type>
    <name>every</name>
    <pose>Unspecified</pose>
    <truncated>0</truncated>
    <difficult>0</difficult>
    <robndbox>
      <cx>1499.6035</cx>
      <cy>780.6519</cy>
      <w>184.6901</w>
      <h>101.3114</h>
      <angle>3.041593</angle>
    </robndbox>
  </object>
  <object>
    <type>robndbox</type>
    <name>day</name>
    <pose>Unspecified</pose>
    <truncated>0</truncated>
    <difficult>0</difficult>
    <robndbox>
      <cx>1697.3239</cx>
      <cy>756.065</cy>
      <w>138.9597</w>
      <h>101.9229</h>
      <angle>3.041593</angle>
    </robndbox>
  </object>
  <object>
    <type>robndbox</type>
    <name>give</name>
    <pose>Unspecified</pose>
    <truncated>0</truncated>
    <difficult>0</difficult>
    <robndbox>
      <cx>839.4359</cx>
      <cy>419.551</cy>
      <w>164.2851</w>
      <h>92.6304</h>
      <angle>0.09</angle>
    </robndbox>
  </object>
</annotation>
