<annotation verified="no">
  <folder>jqYxyd1iSNk</folder>
  <filename>05_frame_04177</filename>
  <path>/home/ikoma/roLabelImg/&#29983;&#39378;/annotation/jqYxyd1iSNk/05_frame_04177.jpg</path>
  <source>
    <database>Unknown</database>
  </source>
  <size>
    <width>1920</width>
    <height>1080</height>
    <depth>3</depth>
  </size>
  <segmented>0</segmented>
  <object>
    <type>robndbox</type>
    <name>i</name>
    <pose>Unspecified</pose>
    <truncated>0</truncated>
    <difficult>0</difficult>
    <robndbox>
      <cx>333.1282</cx>
      <cy>158.7143</cy>
      <w>43.5071</w>
      <h>65.3886</h>
      <angle>0.5</angle>
    </robndbox>
  </object>
  <object>
    <type>robndbox</type>
    <name>know</name>
    <pose>Unspecified</pose>
    <truncated>0</truncated>
    <difficult>0</difficult>
    <robndbox>
      <cx>555.4286</cx>
      <cy>235.7546</cy>
      <w>147.8788</w>
      <h>53.8562</h>
      <angle>0.2</angle>
    </robndbox>
  </object>
  <object>
    <type>robndbox</type>
    <name>you</name>
    <pose>Unspecified</pose>
    <truncated>0</truncated>
    <difficult>0</difficult>
    <robndbox>
      <cx>769.8909</cx>
      <cy>277.8012</cy>
      <w>119.5121</w>
      <h>59.5114</h>
      <angle>0.2</angle>
    </robndbox>
  </object>
  <object>
    <type>robndbox</type>
    <name>like</name>
    <pose>Unspecified</pose>
    <truncated>0</truncated>
    <difficult>0</difficult>
    <robndbox>
      <cx>990.0551</cx>
      <cy>292.9378</cy>
      <w>139.1653</w>
      <h>54.289</h>
      <angle>3.041593</angle>
    </robndbox>
  </object>
  <object>
    <type>robndbox</type>
    <name>it</name>
    <pose>Unspecified</pose>
    <truncated>0</truncated>
    <difficult>0</difficult>
    <robndbox>
      <cx>1203.8146</cx>
      <cy>239.7311</cy>
      <w>85.8999</w>
      <h>58.56</h>
      <angle>2.641593</angle>
    </robndbox>
  </object>
  <object>
    <type>robndbox</type>
    <name>sweet</name>
    <pose>Unspecified</pose>
    <truncated>0</truncated>
    <difficult>0</difficult>
    <robndbox>
      <cx>1404.1791</cx>
      <cy>144.4712</cy>
      <w>162.51</w>
      <h>55.8169</h>
      <angle>2.541593</angle>
    </robndbox>
  </object>
  <object>
    <type>robndbox</type>
    <name>so</name>
    <pose>Unspecified</pose>
    <truncated>0</truncated>
    <difficult>0</difficult>
    <robndbox>
      <cx>304.9638</cx>
      <cy>478.2418</cy>
      <w>78.2471</w>
      <h>65.7189</h>
      <angle>0.5</angle>
    </robndbox>
  </object>
  <object>
    <type>robndbox</type>
    <name>you</name>
    <pose>Unspecified</pose>
    <truncated>0</truncated>
    <difficult>0</difficult>
    <robndbox>
      <cx>512.5259</cx>
      <cy>597.439</cy>
      <w>112.4004</w>
      <h>70.5948</h>
      <angle>0.4</angle>
    </robndbox>
  </object>
  <object>
    <type>robndbox</type>
    <name>can</name>
    <pose>Unspecified</pose>
    <truncated>0</truncated>
    <difficult>0</difficult>
    <robndbox>
      <cx>734.7722</cx>
      <cy>659.9892</cy>
      <w>111.5443</w>
      <h>53.6925</h>
      <angle>0.0</angle>
    </robndbox>
  </object>
  <object>
    <type>robndbox</type>
    <name>have</name>
    <pose>Unspecified</pose>
    <truncated>0</truncated>
    <difficult>0</difficult>
    <robndbox>
      <cx>956.2722</cx>
      <cy>648.4892</cy>
      <w>128.5443</w>
      <h>60.6925</h>
      <angle>0.0</angle>
    </robndbox>
  </object>
  <object>
    <type>robndbox</type>
    <name>your</name>
    <pose>Unspecified</pose>
    <truncated>0</truncated>
    <difficult>0</difficult>
    <robndbox>
      <cx>1168.1288</cx>
      <cy>624.6273</cy>
      <w>128.0341</w>
      <h>67.1921</h>
      <angle>2.941593</angle>
    </robndbox>
  </object>
  <object>
    <type>robndbox</type>
    <name>cake</name>
    <pose>Unspecified</pose>
    <truncated>0</truncated>
    <difficult>0</difficult>
    <robndbox>
      <cx>1382.0443</cx>
      <cy>513.8354</cy>
      <w>138.7652</w>
      <h>54.1222</h>
      <angle>2.441593</angle>
    </robndbox>
  </object>
  <object>
    <type>robndbox</type>
    <name>give</name>
    <pose>Unspecified</pose>
    <truncated>0</truncated>
    <difficult>0</difficult>
    <robndbox>
      <cx>360.6997</cx>
      <cy>903.5195</cy>
      <w>139.9203</w>
      <h>72.0508</h>
      <angle>0.7</angle>
    </robndbox>
  </object>
  <object>
    <type>robndbox</type>
    <name>celebrate</name>
    <pose>Unspecified</pose>
    <truncated>0</truncated>
    <difficult>0</difficult>
    <robndbox>
      <cx>1368.8143</cx>
      <cy>894.9662</cy>
      <w>150.6287</w>
      <h>49.2299</h>
      <angle>2.341593</angle>
    </robndbox>
  </object>
  <object>
    <type>robndbox</type>
    <name>to</name>
    <pose>Unspecified</pose>
    <truncated>0</truncated>
    <difficult>0</difficult>
    <robndbox>
      <cx>1184.642</cx>
      <cy>1033.6342</cy>
      <w>88.2556</w>
      <h>49.3235</h>
      <angle>2.641593</angle>
    </robndbox>
  </object>
</annotation>
