<annotation verified="no">
  <folder>jqYxyd1iSNk</folder>
  <filename>04_frame_04249</filename>
  <path>/home/ikoma/roLabelImg/&#29983;&#39378;/annotation/jqYxyd1iSNk/04_frame_04249.jpg</path>
  <source>
    <database>Unknown</database>
  </source>
  <size>
    <width>1920</width>
    <height>1080</height>
    <depth>3</depth>
  </size>
  <segmented>0</segmented>
  <object>
    <type>robndbox</type>
    <name>i</name>
    <pose>Unspecified</pose>
    <truncated>0</truncated>
    <difficult>0</difficult>
    <robndbox>
      <cx>461.6552</cx>
      <cy>175.5151</cy>
      <w>36.2688</w>
      <h>56.027</h>
      <angle>0.5</angle>
    </robndbox>
  </object>
  <object>
    <type>robndbox</type>
    <name>know</name>
    <pose>Unspecified</pose>
    <truncated>0</truncated>
    <difficult>0</difficult>
    <robndbox>
      <cx>640.2721</cx>
      <cy>236.2302</cy>
      <w>113.258</w>
      <h>42.5597</h>
      <angle>0.28</angle>
    </robndbox>
  </object>
  <object>
    <type>robndbox</type>
    <name>you</name>
    <pose>Unspecified</pose>
    <truncated>0</truncated>
    <difficult>0</difficult>
    <robndbox>
      <cx>811.5</cx>
      <cy>272.125</cy>
      <w>95.0</w>
      <h>53.0</h>
      <angle>0.2</angle>
    </robndbox>
  </object>
  <object>
    <type>robndbox</type>
    <name>like</name>
    <pose>Unspecified</pose>
    <truncated>0</truncated>
    <difficult>0</difficult>
    <robndbox>
      <cx>987.5</cx>
      <cy>282.125</cy>
      <w>103.0</w>
      <h>37.0</h>
      <angle>3.041593</angle>
    </robndbox>
  </object>
  <object>
    <type>robndbox</type>
    <name>it</name>
    <pose>Unspecified</pose>
    <truncated>0</truncated>
    <difficult>0</difficult>
    <robndbox>
      <cx>1158.1514</cx>
      <cy>237.6143</cy>
      <w>62.406</w>
      <h>59.3703</h>
      <angle>2.721593</angle>
    </robndbox>
  </object>
  <object>
    <type>robndbox</type>
    <name>sweet</name>
    <pose>Unspecified</pose>
    <truncated>0</truncated>
    <difficult>0</difficult>
    <robndbox>
      <cx>1320.0</cx>
      <cy>160.125</cy>
      <w>140.0</w>
      <h>47.0</h>
      <angle>2.541593</angle>
    </robndbox>
  </object>
  <object>
    <type>robndbox</type>
    <name>so</name>
    <pose>Unspecified</pose>
    <truncated>0</truncated>
    <difficult>0</difficult>
    <robndbox>
      <cx>439.0443</cx>
      <cy>431.3354</cy>
      <w>63.7303</w>
      <h>56.4664</h>
      <angle>0.5</angle>
    </robndbox>
  </object>
  <object>
    <type>robndbox</type>
    <name>you</name>
    <pose>Unspecified</pose>
    <truncated>0</truncated>
    <difficult>0</difficult>
    <robndbox>
      <cx>607.0443</cx>
      <cy>528.8354</cy>
      <w>98.628</w>
      <h>56.8991</h>
      <angle>0.4</angle>
    </robndbox>
  </object>
  <object>
    <type>robndbox</type>
    <name>can</name>
    <pose>Unspecified</pose>
    <truncated>0</truncated>
    <difficult>0</difficult>
    <robndbox>
      <cx>787.2722</cx>
      <cy>575.0011</cy>
      <w>94.5443</w>
      <h>45.6687</h>
      <angle>3.131593</angle>
    </robndbox>
  </object>
  <object>
    <type>robndbox</type>
    <name>have</name>
    <pose>Unspecified</pose>
    <truncated>0</truncated>
    <difficult>0</difficult>
    <robndbox>
      <cx>957.4799</cx>
      <cy>567.504</cy>
      <w>99.0156</w>
      <h>56.6544</h>
      <angle>3.121593</angle>
    </robndbox>
  </object>
  <object>
    <type>robndbox</type>
    <name>your</name>
    <pose>Unspecified</pose>
    <truncated>0</truncated>
    <difficult>0</difficult>
    <robndbox>
      <cx>1127.0443</cx>
      <cy>546.8354</cy>
      <w>96.3364</w>
      <h>64.4073</h>
      <angle>2.841593</angle>
    </robndbox>
  </object>
  <object>
    <type>robndbox</type>
    <name>cake</name>
    <pose>Unspecified</pose>
    <truncated>0</truncated>
    <difficult>0</difficult>
    <robndbox>
      <cx>1301.9082</cx>
      <cy>460.5119</cy>
      <w>109.7638</w>
      <h>56.6758</h>
      <angle>2.341593</angle>
    </robndbox>
  </object>
  <object>
    <type>robndbox</type>
    <name>give</name>
    <pose>Unspecified</pose>
    <truncated>0</truncated>
    <difficult>0</difficult>
    <robndbox>
      <cx>484.9186</cx>
      <cy>771.4322</cy>
      <w>117.3514</w>
      <h>60.222</h>
      <angle>0.64</angle>
    </robndbox>
  </object>
  <object>
    <type>robndbox</type>
    <name>you</name>
    <pose>Unspecified</pose>
    <truncated>0</truncated>
    <difficult>0</difficult>
    <robndbox>
      <cx>625.5443</cx>
      <cy>878.3354</cy>
      <w>94.137</w>
      <h>57.1247</h>
      <angle>0.5</angle>
    </robndbox>
  </object>
  <object>
    <type>robndbox</type>
    <name>something</name>
    <pose>Unspecified</pose>
    <truncated>0</truncated>
    <difficult>0</difficult>
    <robndbox>
      <cx>803.0054</cx>
      <cy>930.6635</cy>
      <w>131.4171</w>
      <h>44.0153</h>
      <angle>0.14</angle>
    </robndbox>
  </object>
  <object>
    <type>robndbox</type>
    <name>good</name>
    <pose>Unspecified</pose>
    <truncated>0</truncated>
    <difficult>0</difficult>
    <robndbox>
      <cx>978.7876</cx>
      <cy>946.2219</cy>
      <w>114.874</w>
      <h>44.9449</h>
      <angle>2.941593</angle>
    </robndbox>
  </object>
  <object>
    <type>robndbox</type>
    <name>to</name>
    <pose>Unspecified</pose>
    <truncated>0</truncated>
    <difficult>0</difficult>
    <robndbox>
      <cx>1140.926</cx>
      <cy>879.7371</cy>
      <w>69.6298</w>
      <h>54.3789</h>
      <angle>2.541593</angle>
    </robndbox>
  </object>
  <object>
    <type>robndbox</type>
    <name>celebrate</name>
    <pose>Unspecified</pose>
    <truncated>0</truncated>
    <difficult>0</difficult>
    <robndbox>
      <cx>1289.2798</cx>
      <cy>766.154</cy>
      <w>123.2915</w>
      <h>39.9117</h>
      <angle>2.341593</angle>
    </robndbox>
  </object>
</annotation>
