<annotation verified="no">
  <folder>jqYxyd1iSNk</folder>
  <filename>06_frame_04753</filename>
  <path>/home/ikoma/roLabelImg/&#29983;&#39378;/annotation/jqYxyd1iSNk/06_frame_04753.jpg</path>
  <source>
    <database>Unknown</database>
  </source>
  <size>
    <width>1920</width>
    <height>1080</height>
    <depth>3</depth>
  </size>
  <segmented>0</segmented>
  <object>
    <type>robndbox</type>
    <name>so</name>
    <pose>Unspecified</pose>
    <truncated>0</truncated>
    <difficult>0</difficult>
    <robndbox>
      <cx>415.9937</cx>
      <cy>200.7137</cy>
      <w>112.2047</w>
      <h>80.7596</h>
      <angle>2.941593</angle>
    </robndbox>
  </object>
  <object>
    <type>robndbox</type>
    <name>make</name>
    <pose>Unspecified</pose>
    <truncated>0</truncated>
    <difficult>0</difficult>
    <robndbox>
      <cx>582.8531</cx>
      <cy>182.3112</cy>
      <w>176.3134</w>
      <h>63.339</h>
      <angle>2.941593</angle>
    </robndbox>
  </object>
  <object>
    <type>robndbox</type>
    <name>a</name>
    <pose>Unspecified</pose>
    <truncated>0</truncated>
    <difficult>0</difficult>
    <robndbox>
      <cx>484.6834</cx>
      <cy>359.1291</cy>
      <w>66.5205</w>
      <h>54.76</h>
      <angle>0.2</angle>
    </robndbox>
  </object>
  <object>
    <type>robndbox</type>
    <name>wish</name>
    <pose>Unspecified</pose>
    <truncated>0</truncated>
    <difficult>0</difficult>
    <robndbox>
      <cx>644.147</cx>
      <cy>360.1034</cy>
      <w>169.2388</w>
      <h>71.9999</h>
      <angle>0.1</angle>
    </robndbox>
  </object>
  <object>
    <type>robndbox</type>
    <name>ill</name>
    <pose>Unspecified</pose>
    <truncated>0</truncated>
    <difficult>0</difficult>
    <robndbox>
      <cx>1221.98</cx>
      <cy>618.8606</cy>
      <w>86.7561</w>
      <h>55.3021</h>
      <angle>2.941593</angle>
    </robndbox>
  </object>
  <object>
    <type>robndbox</type>
    <name>make</name>
    <pose>Unspecified</pose>
    <truncated>0</truncated>
    <difficult>0</difficult>
    <robndbox>
      <cx>1352.969</cx>
      <cy>602.3745</cy>
      <w>135.337</w>
      <h>52.6403</h>
      <angle>3.021593</angle>
    </robndbox>
  </object>
  <object>
    <type>robndbox</type>
    <name>it</name>
    <pose>Unspecified</pose>
    <truncated>0</truncated>
    <difficult>0</difficult>
    <robndbox>
      <cx>1233.5</cx>
      <cy>678.1429</cy>
      <w>91.0</w>
      <h>48.0</h>
      <angle>2.941593</angle>
    </robndbox>
  </object>
  <object>
    <type>robndbox</type>
    <name>like</name>
    <pose>Unspecified</pose>
    <truncated>0</truncated>
    <difficult>0</difficult>
    <robndbox>
      <cx>1392.0</cx>
      <cy>659.1429</cy>
      <w>130.0</w>
      <h>50.0</h>
      <angle>3.041593</angle>
    </robndbox>
  </object>
  <object>
    <type>robndbox</type>
    <name>your</name>
    <pose>Unspecified</pose>
    <truncated>0</truncated>
    <difficult>0</difficult>
    <robndbox>
      <cx>1299.0</cx>
      <cy>746.6429</cy>
      <w>184.0</w>
      <h>51.0</h>
      <angle>3.041593</angle>
    </robndbox>
  </object>
  <object>
    <type>robndbox</type>
    <name>birthday</name>
    <pose>Unspecified</pose>
    <truncated>0</truncated>
    <difficult>0</difficult>
    <robndbox>
      <cx>1389.7722</cx>
      <cy>822.9891</cy>
      <w>309.0136</w>
      <h>60.8464</h>
      <angle>3.041593</angle>
    </robndbox>
  </object>
</annotation>
