<annotation verified="no">
  <folder>jqYxyd1iSNk</folder>
  <filename>07_frame_01801</filename>
  <path>/home/ikoma/roLabelImg/&#29983;&#39378;/annotation/jqYxyd1iSNk/07_frame_01801.jpg</path>
  <source>
    <database>Unknown</database>
  </source>
  <size>
    <width>1920</width>
    <height>1080</height>
    <depth>3</depth>
  </size>
  <segmented>0</segmented>
  <object>
    <type>bndbox</type>
    <name>pop</name>
    <pose>Unspecified</pose>
    <truncated>0</truncated>
    <difficult>0</difficult>
    <bndbox>
      <xmin>299</xmin>
      <ymin>214</ymin>
      <xmax>427</xmax>
      <ymax>309</ymax>
    </bndbox>
  </object>
  <object>
    <type>bndbox</type>
    <name>your</name>
    <pose>Unspecified</pose>
    <truncated>0</truncated>
    <difficult>0</difficult>
    <bndbox>
      <xmin>436</xmin>
      <ymin>230</ymin>
      <xmax>575</xmax>
      <ymax>311</ymax>
    </bndbox>
  </object>
  <object>
    <type>bndbox</type>
    <name>confetti</name>
    <pose>Unspecified</pose>
    <truncated>0</truncated>
    <difficult>0</difficult>
    <bndbox>
      <xmin>582</xmin>
      <ymin>222</ymin>
      <xmax>773</xmax>
      <ymax>276</ymax>
    </bndbox>
  </object>
  <object>
    <type>bndbox</type>
    <name>pop</name>
    <pose>Unspecified</pose>
    <truncated>0</truncated>
    <difficult>0</difficult>
    <bndbox>
      <xmin>277</xmin>
      <ymin>309</ymin>
      <xmax>388</xmax>
      <ymax>419</ymax>
    </bndbox>
  </object>
  <object>
    <type>bndbox</type>
    <name>your</name>
    <pose>Unspecified</pose>
    <truncated>0</truncated>
    <difficult>0</difficult>
    <bndbox>
      <xmin>397</xmin>
      <ymin>332</ymin>
      <xmax>541</xmax>
      <ymax>419</ymax>
    </bndbox>
  </object>
  <object>
    <type>bndbox</type>
    <name>p&#233;rignon</name>
    <pose>Unspecified</pose>
    <truncated>0</truncated>
    <difficult>0</difficult>
    <bndbox>
      <xmin>556</xmin>
      <ymin>319</ymin>
      <xmax>826</xmax>
      <ymax>416</ymax>
    </bndbox>
  </object>
  <object>
    <type>bndbox</type>
    <name>hot</name>
    <pose>Unspecified</pose>
    <truncated>0</truncated>
    <difficult>0</difficult>
    <bndbox>
      <xmin>732</xmin>
      <ymin>722</ymin>
      <xmax>853</xmax>
      <ymax>842</ymax>
    </bndbox>
  </object>
  <object>
    <type>bndbox</type>
    <name>and</name>
    <pose>Unspecified</pose>
    <truncated>0</truncated>
    <difficult>0</difficult>
    <bndbox>
      <xmin>853</xmin>
      <ymin>736</ymin>
      <xmax>982</xmax>
      <ymax>814</ymax>
    </bndbox>
  </object>
  <object>
    <type>bndbox</type>
    <name>heavy</name>
    <pose>Unspecified</pose>
    <truncated>0</truncated>
    <difficult>0</difficult>
    <bndbox>
      <xmin>985</xmin>
      <ymin>737</ymin>
      <xmax>1160</xmax>
      <ymax>842</ymax>
    </bndbox>
  </object>
  <object>
    <type>bndbox</type>
    <name>til</name>
    <pose>Unspecified</pose>
    <truncated>0</truncated>
    <difficult>0</difficult>
    <bndbox>
      <xmin>1277</xmin>
      <ymin>726</ymin>
      <xmax>1400</xmax>
      <ymax>822</ymax>
    </bndbox>
  </object>
  <object>
    <type>bndbox</type>
    <name>dawn</name>
    <pose>Unspecified</pose>
    <truncated>0</truncated>
    <difficult>0</difficult>
    <bndbox>
      <xmin>1419</xmin>
      <ymin>723</ymin>
      <xmax>1641</xmax>
      <ymax>812</ymax>
    </bndbox>
  </object>
  <object>
    <type>robndbox</type>
    <name>so</name>
    <pose>Unspecified</pose>
    <truncated>0</truncated>
    <difficult>0</difficult>
    <robndbox>
      <cx>670.5</cx>
      <cy>782.1667</cy>
      <w>107.0</w>
      <h>100.0</h>
      <angle>0.0</angle>
    </robndbox>
  </object>
</annotation>
