<annotation verified="no">
  <folder>pbT3uvOl3Dk</folder>
  <filename>00_frame_03331</filename>
  <path>/home/mitsuo/roLabelImg-master/&#28288;&#23614;/annotation/pbT3uvOl3Dk/00_frame_03331.jpg</path>
  <source>
    <database>Unknown</database>
  </source>
  <size>
    <width>1920</width>
    <height>1080</height>
    <depth>3</depth>
  </size>
  <segmented>0</segmented>
  <object>
    <type>bndbox</type>
    <name>she</name>
    <pose>Unspecified</pose>
    <truncated>0</truncated>
    <difficult>0</difficult>
    <bndbox>
      <xmin>333</xmin>
      <ymin>518</ymin>
      <xmax>434</xmax>
      <ymax>563</ymax>
    </bndbox>
  </object>
  <object>
    <type>bndbox</type>
    <name>says</name>
    <pose>Unspecified</pose>
    <truncated>0</truncated>
    <difficult>0</difficult>
    <bndbox>
      <xmin>447</xmin>
      <ymin>520</ymin>
      <xmax>571</xmax>
      <ymax>563</ymax>
    </bndbox>
  </object>
  <object>
    <type>bndbox</type>
    <name>still</name>
    <pose>Unspecified</pose>
    <truncated>0</truncated>
    <difficult>0</difficult>
    <bndbox>
      <xmin>1164</xmin>
      <ymin>192</ymin>
      <xmax>1283</xmax>
      <ymax>255</ymax>
    </bndbox>
  </object>
  <object>
    <type>bndbox</type>
    <name>just</name>
    <pose>Unspecified</pose>
    <truncated>0</truncated>
    <difficult>0</difficult>
    <bndbox>
      <xmin>1465</xmin>
      <ymin>207</ymin>
      <xmax>1581</xmax>
      <ymax>271</ymax>
    </bndbox>
  </object>
  <object>
    <type>bndbox</type>
    <name>a</name>
    <pose>Unspecified</pose>
    <truncated>0</truncated>
    <difficult>0</difficult>
    <bndbox>
      <xmin>1161</xmin>
      <ymin>255</ymin>
      <xmax>1201</xmax>
      <ymax>316</ymax>
    </bndbox>
  </object>
  <object>
    <type>bndbox</type>
    <name>little</name>
    <pose>Unspecified</pose>
    <truncated>0</truncated>
    <difficult>0</difficult>
    <bndbox>
      <xmin>1205</xmin>
      <ymin>257</ymin>
      <xmax>1350</xmax>
      <ymax>321</ymax>
    </bndbox>
  </object>
  <object>
    <type>bndbox</type>
    <name>bit</name>
    <pose>Unspecified</pose>
    <truncated>0</truncated>
    <difficult>0</difficult>
    <bndbox>
      <xmin>1350</xmin>
      <ymin>265</ymin>
      <xmax>1439</xmax>
      <ymax>328</ymax>
    </bndbox>
  </object>
  <object>
    <type>bndbox</type>
    <name>late</name>
    <pose>Unspecified</pose>
    <truncated>0</truncated>
    <difficult>0</difficult>
    <bndbox>
      <xmin>1440</xmin>
      <ymin>275</ymin>
      <xmax>1535</xmax>
      <ymax>335</ymax>
    </bndbox>
  </object>
  <object>
    <type>bndbox</type>
    <name>he</name>
    <pose>Unspecified</pose>
    <truncated>0</truncated>
    <difficult>0</difficult>
    <bndbox>
      <xmin>471</xmin>
      <ymin>736</ymin>
      <xmax>538</xmax>
      <ymax>793</ymax>
    </bndbox>
  </object>
  <object>
    <type>bndbox</type>
    <name>gott</name>
    <pose>Unspecified</pose>
    <truncated>0</truncated>
    <difficult>0</difficult>
    <bndbox>
      <xmin>541</xmin>
      <ymin>729</ymin>
      <xmax>634</xmax>
      <ymax>791</ymax>
    </bndbox>
  </object>
  <object>
    <type>bndbox</type>
    <name>stuck</name>
    <pose>Unspecified</pose>
    <truncated>0</truncated>
    <difficult>0</difficult>
    <bndbox>
      <xmin>639</xmin>
      <ymin>731</ymin>
      <xmax>777</xmax>
      <ymax>785</ymax>
    </bndbox>
  </object>
  <object>
    <type>bndbox</type>
    <name>at</name>
    <pose>Unspecified</pose>
    <truncated>0</truncated>
    <difficult>0</difficult>
    <bndbox>
      <xmin>782</xmin>
      <ymin>731</ymin>
      <xmax>837</xmax>
      <ymax>785</ymax>
    </bndbox>
  </object>
  <object>
    <type>bndbox</type>
    <name>the</name>
    <pose>Unspecified</pose>
    <truncated>0</truncated>
    <difficult>0</difficult>
    <bndbox>
      <xmin>436</xmin>
      <ymin>803</ymin>
      <xmax>517</xmax>
      <ymax>860</ymax>
    </bndbox>
  </object>
  <object>
    <type>bndbox</type>
    <name>five</name>
    <pose>Unspecified</pose>
    <truncated>0</truncated>
    <difficult>0</difficult>
    <bndbox>
      <xmin>525</xmin>
      <ymin>801</ymin>
      <xmax>557</xmax>
      <ymax>856</ymax>
    </bndbox>
  </object>
  <object>
    <type>bndbox</type>
    <name>and</name>
    <pose>Unspecified</pose>
    <truncated>0</truncated>
    <difficult>0</difficult>
    <bndbox>
      <xmin>561</xmin>
      <ymin>801</ymin>
      <xmax>601</xmax>
      <ymax>856</ymax>
    </bndbox>
  </object>
  <object>
    <type>bndbox</type>
    <name>dime</name>
    <pose>Unspecified</pose>
    <truncated>0</truncated>
    <difficult>0</difficult>
    <bndbox>
      <xmin>608</xmin>
      <ymin>799</ymin>
      <xmax>715</xmax>
      <ymax>852</ymax>
    </bndbox>
  </object>
  <object>
    <type>bndbox</type>
    <name>saving</name>
    <pose>Unspecified</pose>
    <truncated>0</truncated>
    <difficult>0</difficult>
    <bndbox>
      <xmin>723</xmin>
      <ymin>796</ymin>
      <xmax>873</xmax>
      <ymax>851</ymax>
    </bndbox>
  </object>
  <object>
    <type>bndbox</type>
    <name>the</name>
    <pose>Unspecified</pose>
    <truncated>0</truncated>
    <difficult>0</difficult>
    <bndbox>
      <xmin>568</xmin>
      <ymin>865</ymin>
      <xmax>653</xmax>
      <ymax>919</ymax>
    </bndbox>
  </object>
  <object>
    <type>bndbox</type>
    <name>day</name>
    <pose>Unspecified</pose>
    <truncated>0</truncated>
    <difficult>0</difficult>
    <bndbox>
      <xmin>656</xmin>
      <ymin>863</ymin>
      <xmax>747</xmax>
      <ymax>916</ymax>
    </bndbox>
  </object>
  <object>
    <type>robndbox</type>
    <name>yeah</name>
    <pose>Unspecified</pose>
    <truncated>0</truncated>
    <difficult>0</difficult>
    <robndbox>
      <cx>1297.219</cx>
      <cy>160.9534</cy>
      <w>110.0023</w>
      <h>61.1944</h>
      <angle>0.1</angle>
    </robndbox>
  </object>
  <object>
    <type>robndbox</type>
    <name>hes</name>
    <pose>Unspecified</pose>
    <truncated>0</truncated>
    <difficult>0</difficult>
    <robndbox>
      <cx>1424.3991</cx>
      <cy>173.5658</cy>
      <w>97.6215</w>
      <h>59.4193</h>
      <angle>0.1</angle>
    </robndbox>
  </object>
  <object>
    <type>robndbox</type>
    <name>coming</name>
    <pose>Unspecified</pose>
    <truncated>0</truncated>
    <difficult>0</difficult>
    <robndbox>
      <cx>1372.625</cx>
      <cy>229.0279</cy>
      <w>166.9298</w>
      <h>53.5465</h>
      <angle>0.1</angle>
    </robndbox>
  </object>
</annotation>
