<annotation verified="no">
  <folder>pbT3uvOl3Dk</folder>
  <filename>07_frame_03061</filename>
  <path>/home/mitsuo/roLabelImg-master/&#28288;&#23614;/annotation/pbT3uvOl3Dk/07_frame_03061.jpg</path>
  <source>
    <database>Unknown</database>
  </source>
  <size>
    <width>1920</width>
    <height>1080</height>
    <depth>3</depth>
  </size>
  <segmented>0</segmented>
  <object>
    <type>bndbox</type>
    <name>shes</name>
    <pose>Unspecified</pose>
    <truncated>0</truncated>
    <difficult>0</difficult>
    <bndbox>
      <xmin>193</xmin>
      <ymin>196</ymin>
      <xmax>327</xmax>
      <ymax>237</ymax>
    </bndbox>
  </object>
  <object>
    <type>bndbox</type>
    <name>been</name>
    <pose>Unspecified</pose>
    <truncated>0</truncated>
    <difficult>0</difficult>
    <bndbox>
      <xmin>337</xmin>
      <ymin>197</ymin>
      <xmax>462</xmax>
      <ymax>237</ymax>
    </bndbox>
  </object>
  <object>
    <type>bndbox</type>
    <name>chasing</name>
    <pose>Unspecified</pose>
    <truncated>0</truncated>
    <difficult>0</difficult>
    <bndbox>
      <xmin>409</xmin>
      <ymin>385</ymin>
      <xmax>614</xmax>
      <ymax>425</ymax>
    </bndbox>
  </object>
  <object>
    <type>bndbox</type>
    <name>an</name>
    <pose>Unspecified</pose>
    <truncated>0</truncated>
    <difficult>0</difficult>
    <bndbox>
      <xmin>625</xmin>
      <ymin>384</ymin>
      <xmax>691</xmax>
      <ymax>423</ymax>
    </bndbox>
  </object>
  <object>
    <type>bndbox</type>
    <name>answer</name>
    <pose>Unspecified</pose>
    <truncated>0</truncated>
    <difficult>0</difficult>
    <bndbox>
      <xmin>701</xmin>
      <ymin>387</ymin>
      <xmax>893</xmax>
      <ymax>424</ymax>
    </bndbox>
  </object>
  <object>
    <type>bndbox</type>
    <name>a</name>
    <pose>Unspecified</pose>
    <truncated>0</truncated>
    <difficult>0</difficult>
    <bndbox>
      <xmin>726</xmin>
      <ymin>584</ymin>
      <xmax>765</xmax>
      <ymax>625</ymax>
    </bndbox>
  </object>
  <object>
    <type>bndbox</type>
    <name>sign</name>
    <pose>Unspecified</pose>
    <truncated>0</truncated>
    <difficult>0</difficult>
    <bndbox>
      <xmin>773</xmin>
      <ymin>584</ymin>
      <xmax>885</xmax>
      <ymax>625</ymax>
    </bndbox>
  </object>
  <object>
    <type>bndbox</type>
    <name>lost</name>
    <pose>Unspecified</pose>
    <truncated>0</truncated>
    <difficult>0</difficult>
    <bndbox>
      <xmin>890</xmin>
      <ymin>579</ymin>
      <xmax>1010</xmax>
      <ymax>624</ymax>
    </bndbox>
  </object>
  <object>
    <type>bndbox</type>
    <name>in</name>
    <pose>Unspecified</pose>
    <truncated>0</truncated>
    <difficult>0</difficult>
    <bndbox>
      <xmin>1011</xmin>
      <ymin>729</ymin>
      <xmax>1059</xmax>
      <ymax>768</ymax>
    </bndbox>
  </object>
  <object>
    <type>bndbox</type>
    <name>the</name>
    <pose>Unspecified</pose>
    <truncated>0</truncated>
    <difficult>0</difficult>
    <bndbox>
      <xmin>1070</xmin>
      <ymin>728</ymin>
      <xmax>1165</xmax>
      <ymax>771</ymax>
    </bndbox>
  </object>
  <object>
    <type>bndbox</type>
    <name>abyss</name>
    <pose>Unspecified</pose>
    <truncated>0</truncated>
    <difficult>0</difficult>
    <bndbox>
      <xmin>1171</xmin>
      <ymin>728</ymin>
      <xmax>1325</xmax>
      <ymax>771</ymax>
    </bndbox>
  </object>
  <object>
    <type>bndbox</type>
    <name>this</name>
    <pose>Unspecified</pose>
    <truncated>0</truncated>
    <difficult>0</difficult>
    <bndbox>
      <xmin>1402</xmin>
      <ymin>889</ymin>
      <xmax>1515</xmax>
      <ymax>932</ymax>
    </bndbox>
  </object>
  <object>
    <type>bndbox</type>
    <name>metropolis</name>
    <pose>Unspecified</pose>
    <truncated>0</truncated>
    <difficult>0</difficult>
    <bndbox>
      <xmin>1522</xmin>
      <ymin>889</ymin>
      <xmax>1803</xmax>
      <ymax>923</ymax>
    </bndbox>
  </object>
</annotation>
