<annotation verified="no">
  <folder>pbT3uvOl3Dk</folder>
  <filename>11_frame_00901</filename>
  <path>/home/mitsuo/roLabelImg-master/&#28288;&#23614;/annotation/pbT3uvOl3Dk/11_frame_00901.jpg</path>
  <source>
    <database>Unknown</database>
  </source>
  <size>
    <width>1920</width>
    <height>1080</height>
    <depth>3</depth>
  </size>
  <segmented>0</segmented>
  <object>
    <type>robndbox</type>
    <name>he</name>
    <pose>Unspecified</pose>
    <truncated>0</truncated>
    <difficult>0</difficult>
    <robndbox>
      <cx>423.0342</cx>
      <cy>308.9889</cy>
      <w>68.0385</w>
      <h>56.6237</h>
      <angle>0.2</angle>
    </robndbox>
  </object>
  <object>
    <type>robndbox</type>
    <name>got</name>
    <pose>Unspecified</pose>
    <truncated>0</truncated>
    <difficult>0</difficult>
    <robndbox>
      <cx>517.5656</cx>
      <cy>314.5109</cy>
      <w>104.1116</w>
      <h>54.0267</h>
      <angle>0.15</angle>
    </robndbox>
  </object>
  <object>
    <type>robndbox</type>
    <name>stuck</name>
    <pose>Unspecified</pose>
    <truncated>0</truncated>
    <difficult>0</difficult>
    <robndbox>
      <cx>651.6324</cx>
      <cy>326.5217</cy>
      <w>163.8629</w>
      <h>54.9683</h>
      <angle>0.12</angle>
    </robndbox>
  </object>
  <object>
    <type>robndbox</type>
    <name>at</name>
    <pose>Unspecified</pose>
    <truncated>0</truncated>
    <difficult>0</difficult>
    <robndbox>
      <cx>772.6807</cx>
      <cy>337.614</cy>
      <w>67.0606</w>
      <h>50.3429</h>
      <angle>0.19</angle>
    </robndbox>
  </object>
  <object>
    <type>robndbox</type>
    <name>the</name>
    <pose>Unspecified</pose>
    <truncated>0</truncated>
    <difficult>0</difficult>
    <robndbox>
      <cx>541.758</cx>
      <cy>369.4502</cy>
      <w>103.4503</w>
      <h>52.2266</h>
      <angle>0.15</angle>
    </robndbox>
  </object>
  <object>
    <type>robndbox</type>
    <name>laundromat</name>
    <pose>Unspecified</pose>
    <truncated>0</truncated>
    <difficult>0</difficult>
    <robndbox>
      <cx>757.5284</cx>
      <cy>389.0356</cy>
      <w>320.158</w>
      <h>56.2473</h>
      <angle>0.1</angle>
    </robndbox>
  </object>
  <object>
    <type>robndbox</type>
    <name>washing</name>
    <pose>Unspecified</pose>
    <truncated>0</truncated>
    <difficult>0</difficult>
    <robndbox>
      <cx>417.7353</cx>
      <cy>508.5269</cy>
      <w>281.798</w>
      <h>61.4939</h>
      <angle>0.1</angle>
    </robndbox>
  </object>
  <object>
    <type>robndbox</type>
    <name>his</name>
    <pose>Unspecified</pose>
    <truncated>0</truncated>
    <difficult>0</difficult>
    <robndbox>
      <cx>622.3231</cx>
      <cy>524.8707</cy>
      <w>103.9459</w>
      <h>55.3046</h>
      <angle>0.15</angle>
    </robndbox>
  </object>
  <object>
    <type>robndbox</type>
    <name>cape</name>
    <pose>Unspecified</pose>
    <truncated>0</truncated>
    <difficult>0</difficult>
    <robndbox>
      <cx>764.5</cx>
      <cy>539.5</cy>
      <w>157.159</w>
      <h>58.2326</h>
      <angle>0.12</angle>
    </robndbox>
  </object>
</annotation>
