<annotation verified="no">
  <folder>pbT3uvOl3Dk</folder>
  <filename>02_frame_01171</filename>
  <path>/home/mitsuo/roLabelImg-master/&#28288;&#23614;/annotation/pbT3uvOl3Dk/02_frame_01171.jpg</path>
  <source>
    <database>Unknown</database>
  </source>
  <size>
    <width>1920</width>
    <height>1080</height>
    <depth>3</depth>
  </size>
  <segmented>0</segmented>
  <object>
    <type>bndbox</type>
    <name>shes</name>
    <pose>Unspecified</pose>
    <truncated>0</truncated>
    <difficult>0</difficult>
    <bndbox>
      <xmin>299</xmin>
      <ymin>309</ymin>
      <xmax>426</xmax>
      <ymax>353</ymax>
    </bndbox>
  </object>
  <object>
    <type>bndbox</type>
    <name>just</name>
    <pose>Unspecified</pose>
    <truncated>0</truncated>
    <difficult>0</difficult>
    <bndbox>
      <xmin>434</xmin>
      <ymin>313</ymin>
      <xmax>551</xmax>
      <ymax>352</ymax>
    </bndbox>
  </object>
  <object>
    <type>bndbox</type>
    <name>watching</name>
    <pose>Unspecified</pose>
    <truncated>0</truncated>
    <difficult>0</difficult>
    <bndbox>
      <xmin>553</xmin>
      <ymin>371</ymin>
      <xmax>775</xmax>
      <ymax>411</ymax>
    </bndbox>
  </object>
  <object>
    <type>bndbox</type>
    <name>the</name>
    <pose>Unspecified</pose>
    <truncated>0</truncated>
    <difficult>0</difficult>
    <bndbox>
      <xmin>786</xmin>
      <ymin>373</ymin>
      <xmax>873</xmax>
      <ymax>408</ymax>
    </bndbox>
  </object>
  <object>
    <type>bndbox</type>
    <name>clouds</name>
    <pose>Unspecified</pose>
    <truncated>0</truncated>
    <difficult>0</difficult>
    <bndbox>
      <xmin>883</xmin>
      <ymin>373</ymin>
      <xmax>1053</xmax>
      <ymax>411</ymax>
    </bndbox>
  </object>
  <object>
    <type>bndbox</type>
    <name>roll</name>
    <pose>Unspecified</pose>
    <truncated>0</truncated>
    <difficult>0</difficult>
    <bndbox>
      <xmin>1063</xmin>
      <ymin>373</ymin>
      <xmax>1173</xmax>
      <ymax>405</ymax>
    </bndbox>
  </object>
  <object>
    <type>bndbox</type>
    <name>by</name>
    <pose>Unspecified</pose>
    <truncated>0</truncated>
    <difficult>0</difficult>
    <bndbox>
      <xmin>1183</xmin>
      <ymin>375</ymin>
      <xmax>1246</xmax>
      <ymax>409</ymax>
    </bndbox>
  </object>
  <object>
    <type>bndbox</type>
    <name>and</name>
    <pose>Unspecified</pose>
    <truncated>0</truncated>
    <difficult>0</difficult>
    <bndbox>
      <xmin>969</xmin>
      <ymin>781</ymin>
      <xmax>1061</xmax>
      <ymax>819</ymax>
    </bndbox>
  </object>
  <object>
    <type>bndbox</type>
    <name>they</name>
    <pose>Unspecified</pose>
    <truncated>0</truncated>
    <difficult>0</difficult>
    <bndbox>
      <xmin>1071</xmin>
      <ymin>780</ymin>
      <xmax>1189</xmax>
      <ymax>815</ymax>
    </bndbox>
  </object>
  <object>
    <type>bndbox</type>
    <name>spell</name>
    <pose>Unspecified</pose>
    <truncated>0</truncated>
    <difficult>0</difficult>
    <bndbox>
      <xmin>1201</xmin>
      <ymin>781</ymin>
      <xmax>1330</xmax>
      <ymax>821</ymax>
    </bndbox>
  </object>
  <object>
    <type>bndbox</type>
    <name>her</name>
    <pose>Unspecified</pose>
    <truncated>0</truncated>
    <difficult>0</difficult>
    <bndbox>
      <xmin>1341</xmin>
      <ymin>780</ymin>
      <xmax>1429</xmax>
      <ymax>820</ymax>
    </bndbox>
  </object>
  <object>
    <type>bndbox</type>
    <name>name</name>
    <pose>Unspecified</pose>
    <truncated>0</truncated>
    <difficult>0</difficult>
    <bndbox>
      <xmin>1442</xmin>
      <ymin>781</ymin>
      <xmax>1565</xmax>
      <ymax>820</ymax>
    </bndbox>
  </object>
  <object>
    <type>robndbox</type>
    <name>like</name>
    <pose>Unspecified</pose>
    <truncated>0</truncated>
    <difficult>0</difficult>
    <robndbox>
      <cx>1624.0</cx>
      <cy>800.0</cy>
      <w>100.0</w>
      <h>40.0</h>
      <angle>0.0</angle>
    </robndbox>
  </object>
</annotation>
