<annotation verified="no">
  <folder>pbT3uvOl3Dk</folder>
  <filename>09_frame_00361</filename>
  <path>/home/mitsuo/roLabelImg-master/&#28288;&#23614;/annotation/pbT3uvOl3Dk/09_frame_00361.jpg</path>
  <source>
    <database>Unknown</database>
  </source>
  <size>
    <width>1920</width>
    <height>1080</height>
    <depth>3</depth>
  </size>
  <segmented>0</segmented>
  <object>
    <type>bndbox</type>
    <name>taxi</name>
    <pose>Unspecified</pose>
    <truncated>0</truncated>
    <difficult>0</difficult>
    <bndbox>
      <xmin>906</xmin>
      <ymin>203</ymin>
      <xmax>1015</xmax>
      <ymax>245</ymax>
    </bndbox>
  </object>
  <object>
    <type>robndbox</type>
    <name>shes</name>
    <pose>Unspecified</pose>
    <truncated>0</truncated>
    <difficult>0</difficult>
    <robndbox>
      <cx>485.611</cx>
      <cy>248.0514</cy>
      <w>135.5798</w>
      <h>41.9829</h>
      <angle>3.111593</angle>
    </robndbox>
  </object>
  <object>
    <type>robndbox</type>
    <name>watching</name>
    <pose>Unspecified</pose>
    <truncated>0</truncated>
    <difficult>0</difficult>
    <robndbox>
      <cx>678.7019</cx>
      <cy>238.3903</cy>
      <w>230.4256</w>
      <h>43.4803</h>
      <angle>3.081593</angle>
    </robndbox>
  </object>
  <object>
    <type>robndbox</type>
    <name>the</name>
    <pose>Unspecified</pose>
    <truncated>0</truncated>
    <difficult>0</difficult>
    <robndbox>
      <cx>854.0346</cx>
      <cy>231.8002</cy>
      <w>93.8917</w>
      <h>43.1462</h>
      <angle>3.091593</angle>
    </robndbox>
  </object>
  <object>
    <type>robndbox</type>
    <name>driver</name>
    <pose>Unspecified</pose>
    <truncated>0</truncated>
    <difficult>0</difficult>
    <robndbox>
      <cx>1110.7942</cx>
      <cy>218.8426</cy>
      <w>170.8215</w>
      <h>43.1804</h>
      <angle>3.101593</angle>
    </robndbox>
  </object>
  <object>
    <type>robndbox</type>
    <name>he</name>
    <pose>Unspecified</pose>
    <truncated>0</truncated>
    <difficult>0</difficult>
    <robndbox>
      <cx>1177.5358</cx>
      <cy>819.4368</cy>
      <w>69.0841</w>
      <h>38.6274</h>
      <angle>3.091593</angle>
    </robndbox>
  </object>
  <object>
    <type>robndbox</type>
    <name>pulls</name>
    <pose>Unspecified</pose>
    <truncated>0</truncated>
    <difficult>0</difficult>
    <robndbox>
      <cx>1293.6097</cx>
      <cy>814.488</cy>
      <w>141.3458</w>
      <h>38.7073</h>
      <angle>3.101593</angle>
    </robndbox>
  </object>
  <object>
    <type>robndbox</type>
    <name>away</name>
    <pose>Unspecified</pose>
    <truncated>0</truncated>
    <difficult>0</difficult>
    <robndbox>
      <cx>1441.7221</cx>
      <cy>807.1057</cy>
      <w>133.0171</w>
      <h>41.1408</h>
      <angle>3.101593</angle>
    </robndbox>
  </object>
</annotation>
