<annotation verified="no">
  <folder>pbT3uvOl3Dk</folder>
  <filename>05_frame_03511</filename>
  <path>/home/mitsuo/roLabelImg-master/&#28288;&#23614;/annotation/pbT3uvOl3Dk/05_frame_03511.jpg</path>
  <source>
    <database>Unknown</database>
  </source>
  <size>
    <width>1920</width>
    <height>1080</height>
    <depth>3</depth>
  </size>
  <segmented>0</segmented>
  <object>
    <type>bndbox</type>
    <name>she</name>
    <pose>Unspecified</pose>
    <truncated>0</truncated>
    <difficult>0</difficult>
    <bndbox>
      <xmin>1551</xmin>
      <ymin>516</ymin>
      <xmax>1658</xmax>
      <ymax>563</ymax>
    </bndbox>
  </object>
  <object>
    <type>bndbox</type>
    <name>says</name>
    <pose>Unspecified</pose>
    <truncated>0</truncated>
    <difficult>0</difficult>
    <bndbox>
      <xmin>1666</xmin>
      <ymin>519</ymin>
      <xmax>1794</xmax>
      <ymax>563</ymax>
    </bndbox>
  </object>
  <object>
    <type>bndbox</type>
    <name>if</name>
    <pose>Unspecified</pose>
    <truncated>0</truncated>
    <difficult>0</difficult>
    <bndbox>
      <xmin>1270</xmin>
      <ymin>285</ymin>
      <xmax>1323</xmax>
      <ymax>339</ymax>
    </bndbox>
  </object>
  <object>
    <type>bndbox</type>
    <name>life</name>
    <pose>Unspecified</pose>
    <truncated>0</truncated>
    <difficult>0</difficult>
    <bndbox>
      <xmin>1329</xmin>
      <ymin>292</ymin>
      <xmax>1415</xmax>
      <ymax>339</ymax>
    </bndbox>
  </object>
  <object>
    <type>bndbox</type>
    <name>was</name>
    <pose>Unspecified</pose>
    <truncated>0</truncated>
    <difficult>0</difficult>
    <bndbox>
      <xmin>1423</xmin>
      <ymin>289</ymin>
      <xmax>1510</xmax>
      <ymax>340</ymax>
    </bndbox>
  </object>
  <object>
    <type>bndbox</type>
    <name>a</name>
    <pose>Unspecified</pose>
    <truncated>0</truncated>
    <difficult>0</difficult>
    <bndbox>
      <xmin>1515</xmin>
      <ymin>291</ymin>
      <xmax>1550</xmax>
      <ymax>337</ymax>
    </bndbox>
  </object>
  <object>
    <type>bndbox</type>
    <name>movie</name>
    <pose>Unspecified</pose>
    <truncated>0</truncated>
    <difficult>0</difficult>
    <bndbox>
      <xmin>1559</xmin>
      <ymin>289</ymin>
      <xmax>1681</xmax>
      <ymax>337</ymax>
    </bndbox>
  </object>
  <object>
    <type>bndbox</type>
    <name>then</name>
    <pose>Unspecified</pose>
    <truncated>0</truncated>
    <difficult>0</difficult>
    <bndbox>
      <xmin>441</xmin>
      <ymin>747</ymin>
      <xmax>546</xmax>
      <ymax>797</ymax>
    </bndbox>
  </object>
  <object>
    <type>bndbox</type>
    <name>it</name>
    <pose>Unspecified</pose>
    <truncated>0</truncated>
    <difficult>0</difficult>
    <bndbox>
      <xmin>553</xmin>
      <ymin>740</ymin>
      <xmax>603</xmax>
      <ymax>795</ymax>
    </bndbox>
  </object>
  <object>
    <type>bndbox</type>
    <name>wouldnt</name>
    <pose>Unspecified</pose>
    <truncated>0</truncated>
    <difficult>0</difficult>
    <bndbox>
      <xmin>606</xmin>
      <ymin>741</ymin>
      <xmax>799</xmax>
      <ymax>788</ymax>
    </bndbox>
  </object>
  <object>
    <type>bndbox</type>
    <name>end</name>
    <pose>Unspecified</pose>
    <truncated>0</truncated>
    <difficult>0</difficult>
    <bndbox>
      <xmin>809</xmin>
      <ymin>735</ymin>
      <xmax>883</xmax>
      <ymax>780</ymax>
    </bndbox>
  </object>
  <object>
    <type>bndbox</type>
    <name>like</name>
    <pose>Unspecified</pose>
    <truncated>0</truncated>
    <difficult>0</difficult>
    <bndbox>
      <xmin>893</xmin>
      <ymin>732</ymin>
      <xmax>981</xmax>
      <ymax>775</ymax>
    </bndbox>
  </object>
  <object>
    <type>bndbox</type>
    <name>this</name>
    <pose>Unspecified</pose>
    <truncated>0</truncated>
    <difficult>0</difficult>
    <bndbox>
      <xmin>987</xmin>
      <ymin>728</ymin>
      <xmax>1074</xmax>
      <ymax>773</ymax>
    </bndbox>
  </object>
</annotation>
