<annotation verified="no">
  <folder>pbT3uvOl3Dk</folder>
  <filename>04_frame_03601</filename>
  <path>/home/mitsuo/roLabelImg-master/&#28288;&#23614;/annotation/pbT3uvOl3Dk/04_frame_03601.jpg</path>
  <source>
    <database>Unknown</database>
  </source>
  <size>
    <width>1920</width>
    <height>1080</height>
    <depth>3</depth>
  </size>
  <segmented>0</segmented>
  <object>
    <type>bndbox</type>
    <name>if</name>
    <pose>Unspecified</pose>
    <truncated>0</truncated>
    <difficult>0</difficult>
    <bndbox>
      <xmin>1281</xmin>
      <ymin>281</ymin>
      <xmax>1329</xmax>
      <ymax>339</ymax>
    </bndbox>
  </object>
  <object>
    <type>bndbox</type>
    <name>life</name>
    <pose>Unspecified</pose>
    <truncated>0</truncated>
    <difficult>0</difficult>
    <bndbox>
      <xmin>1337</xmin>
      <ymin>284</ymin>
      <xmax>1425</xmax>
      <ymax>336</ymax>
    </bndbox>
  </object>
  <object>
    <type>bndbox</type>
    <name>was</name>
    <pose>Unspecified</pose>
    <truncated>0</truncated>
    <difficult>0</difficult>
    <bndbox>
      <xmin>1433</xmin>
      <ymin>284</ymin>
      <xmax>1521</xmax>
      <ymax>336</ymax>
    </bndbox>
  </object>
  <object>
    <type>bndbox</type>
    <name>a</name>
    <pose>Unspecified</pose>
    <truncated>0</truncated>
    <difficult>0</difficult>
    <bndbox>
      <xmin>1526</xmin>
      <ymin>281</ymin>
      <xmax>1561</xmax>
      <ymax>336</ymax>
    </bndbox>
  </object>
  <object>
    <type>bndbox</type>
    <name>movie</name>
    <pose>Unspecified</pose>
    <truncated>0</truncated>
    <difficult>0</difficult>
    <bndbox>
      <xmin>1574</xmin>
      <ymin>283</ymin>
      <xmax>1695</xmax>
      <ymax>333</ymax>
    </bndbox>
  </object>
  <object>
    <type>bndbox</type>
    <name>then</name>
    <pose>Unspecified</pose>
    <truncated>0</truncated>
    <difficult>0</difficult>
    <bndbox>
      <xmin>431</xmin>
      <ymin>752</ymin>
      <xmax>535</xmax>
      <ymax>800</ymax>
    </bndbox>
  </object>
  <object>
    <type>bndbox</type>
    <name>it</name>
    <pose>Unspecified</pose>
    <truncated>0</truncated>
    <difficult>0</difficult>
    <bndbox>
      <xmin>545</xmin>
      <ymin>747</ymin>
      <xmax>593</xmax>
      <ymax>799</ymax>
    </bndbox>
  </object>
  <object>
    <type>bndbox</type>
    <name>wouldnt</name>
    <pose>Unspecified</pose>
    <truncated>0</truncated>
    <difficult>0</difficult>
    <bndbox>
      <xmin>598</xmin>
      <ymin>741</ymin>
      <xmax>795</xmax>
      <ymax>795</ymax>
    </bndbox>
  </object>
  <object>
    <type>bndbox</type>
    <name>end</name>
    <pose>Unspecified</pose>
    <truncated>0</truncated>
    <difficult>0</difficult>
    <bndbox>
      <xmin>803</xmin>
      <ymin>740</ymin>
      <xmax>883</xmax>
      <ymax>787</ymax>
    </bndbox>
  </object>
  <object>
    <type>bndbox</type>
    <name>like</name>
    <pose>Unspecified</pose>
    <truncated>0</truncated>
    <difficult>0</difficult>
    <bndbox>
      <xmin>891</xmin>
      <ymin>736</ymin>
      <xmax>979</xmax>
      <ymax>781</ymax>
    </bndbox>
  </object>
  <object>
    <type>bndbox</type>
    <name>left</name>
    <pose>Unspecified</pose>
    <truncated>0</truncated>
    <difficult>0</difficult>
    <bndbox>
      <xmin>1147</xmin>
      <ymin>733</ymin>
      <xmax>1258</xmax>
      <ymax>784</ymax>
    </bndbox>
  </object>
  <object>
    <type>bndbox</type>
    <name>without</name>
    <pose>Unspecified</pose>
    <truncated>0</truncated>
    <difficult>0</difficult>
    <bndbox>
      <xmin>1255</xmin>
      <ymin>743</ymin>
      <xmax>1438</xmax>
      <ymax>793</ymax>
    </bndbox>
  </object>
  <object>
    <type>bndbox</type>
    <name>a</name>
    <pose>Unspecified</pose>
    <truncated>0</truncated>
    <difficult>0</difficult>
    <bndbox>
      <xmin>1434</xmin>
      <ymin>751</ymin>
      <xmax>1473</xmax>
      <ymax>788</ymax>
    </bndbox>
  </object>
  <object>
    <type>bndbox</type>
    <name>kiss</name>
    <pose>Unspecified</pose>
    <truncated>0</truncated>
    <difficult>0</difficult>
    <bndbox>
      <xmin>1471</xmin>
      <ymin>753</ymin>
      <xmax>1578</xmax>
      <ymax>793</ymax>
    </bndbox>
  </object>
  <object>
    <type>bndbox</type>
    <name>she</name>
    <pose>Unspecified</pose>
    <truncated>0</truncated>
    <difficult>0</difficult>
    <bndbox>
      <xmin>1554</xmin>
      <ymin>516</ymin>
      <xmax>1655</xmax>
      <ymax>560</ymax>
    </bndbox>
  </object>
  <object>
    <type>bndbox</type>
    <name>says</name>
    <pose>Unspecified</pose>
    <truncated>0</truncated>
    <difficult>0</difficult>
    <bndbox>
      <xmin>1663</xmin>
      <ymin>519</ymin>
      <xmax>1795</xmax>
      <ymax>564</ymax>
    </bndbox>
  </object>
  <object>
    <type>robndbox</type>
    <name>this</name>
    <pose>Unspecified</pose>
    <truncated>0</truncated>
    <difficult>0</difficult>
    <robndbox>
      <cx>1033.0</cx>
      <cy>756.0</cy>
      <w>88.0</w>
      <h>42.0</h>
      <angle>0.0</angle>
    </robndbox>
  </object>
</annotation>
