<annotation verified="no">
  <folder>pbT3uvOl3Dk</folder>
  <filename>01_frame_03241</filename>
  <path>/home/mitsuo/roLabelImg-master/&#28288;&#23614;/annotation/pbT3uvOl3Dk/01_frame_03241.jpg</path>
  <source>
    <database>Unknown</database>
  </source>
  <size>
    <width>1920</width>
    <height>1080</height>
    <depth>3</depth>
  </size>
  <segmented>0</segmented>
  <object>
    <type>bndbox</type>
    <name>she</name>
    <pose>Unspecified</pose>
    <truncated>0</truncated>
    <difficult>0</difficult>
    <bndbox>
      <xmin>334</xmin>
      <ymin>520</ymin>
      <xmax>437</xmax>
      <ymax>565</ymax>
    </bndbox>
  </object>
  <object>
    <type>bndbox</type>
    <name>says</name>
    <pose>Unspecified</pose>
    <truncated>0</truncated>
    <difficult>0</difficult>
    <bndbox>
      <xmin>445</xmin>
      <ymin>519</ymin>
      <xmax>575</xmax>
      <ymax>565</ymax>
    </bndbox>
  </object>
  <object>
    <type>bndbox</type>
    <name>yeah</name>
    <pose>Unspecified</pose>
    <truncated>0</truncated>
    <difficult>0</difficult>
    <bndbox>
      <xmin>1239</xmin>
      <ymin>130</ymin>
      <xmax>1357</xmax>
      <ymax>192</ymax>
    </bndbox>
  </object>
  <object>
    <type>bndbox</type>
    <name>hes</name>
    <pose>Unspecified</pose>
    <truncated>0</truncated>
    <difficult>0</difficult>
    <bndbox>
      <xmin>1368</xmin>
      <ymin>140</ymin>
      <xmax>1478</xmax>
      <ymax>201</ymax>
    </bndbox>
  </object>
  <object>
    <type>bndbox</type>
    <name>still</name>
    <pose>Unspecified</pose>
    <truncated>0</truncated>
    <difficult>0</difficult>
    <bndbox>
      <xmin>1164</xmin>
      <ymin>189</ymin>
      <xmax>1281</xmax>
      <ymax>252</ymax>
    </bndbox>
  </object>
  <object>
    <type>bndbox</type>
    <name>coming</name>
    <pose>Unspecified</pose>
    <truncated>0</truncated>
    <difficult>0</difficult>
    <bndbox>
      <xmin>1287</xmin>
      <ymin>196</ymin>
      <xmax>1461</xmax>
      <ymax>264</ymax>
    </bndbox>
  </object>
  <object>
    <type>bndbox</type>
    <name>just</name>
    <pose>Unspecified</pose>
    <truncated>0</truncated>
    <difficult>0</difficult>
    <bndbox>
      <xmin>1465</xmin>
      <ymin>206</ymin>
      <xmax>1575</xmax>
      <ymax>269</ymax>
    </bndbox>
  </object>
  <object>
    <type>bndbox</type>
    <name>a</name>
    <pose>Unspecified</pose>
    <truncated>0</truncated>
    <difficult>0</difficult>
    <bndbox>
      <xmin>1159</xmin>
      <ymin>252</ymin>
      <xmax>1205</xmax>
      <ymax>313</ymax>
    </bndbox>
  </object>
  <object>
    <type>bndbox</type>
    <name>little</name>
    <pose>Unspecified</pose>
    <truncated>0</truncated>
    <difficult>0</difficult>
    <bndbox>
      <xmin>1206</xmin>
      <ymin>257</ymin>
      <xmax>1347</xmax>
      <ymax>321</ymax>
    </bndbox>
  </object>
  <object>
    <type>bndbox</type>
    <name>bit</name>
    <pose>Unspecified</pose>
    <truncated>0</truncated>
    <difficult>0</difficult>
    <bndbox>
      <xmin>1351</xmin>
      <ymin>264</ymin>
      <xmax>1438</xmax>
      <ymax>329</ymax>
    </bndbox>
  </object>
  <object>
    <type>bndbox</type>
    <name>late</name>
    <pose>Unspecified</pose>
    <truncated>0</truncated>
    <difficult>0</difficult>
    <bndbox>
      <xmin>1437</xmin>
      <ymin>276</ymin>
      <xmax>1537</xmax>
      <ymax>332</ymax>
    </bndbox>
  </object>
  <object>
    <type>robndbox</type>
    <name>he</name>
    <pose>Unspecified</pose>
    <truncated>0</truncated>
    <difficult>0</difficult>
    <robndbox>
      <cx>558.1431</cx>
      <cy>660.7388</cy>
      <w>38.3262</w>
      <h>45.1624</h>
      <angle>0.4</angle>
    </robndbox>
  </object>
  <object>
    <type>robndbox</type>
    <name>got</name>
    <pose>Unspecified</pose>
    <truncated>0</truncated>
    <difficult>0</difficult>
    <robndbox>
      <cx>611.8948</cx>
      <cy>674.1037</cy>
      <w>63.2234</w>
      <h>43.7989</h>
      <angle>0.34</angle>
    </robndbox>
  </object>
  <object>
    <type>robndbox</type>
    <name>stuck</name>
    <pose>Unspecified</pose>
    <truncated>0</truncated>
    <difficult>0</difficult>
    <robndbox>
      <cx>692.1652</cx>
      <cy>688.8989</cy>
      <w>94.9467</w>
      <h>44.1138</h>
      <angle>0.3</angle>
    </robndbox>
  </object>
  <object>
    <type>robndbox</type>
    <name>at</name>
    <pose>Unspecified</pose>
    <truncated>0</truncated>
    <difficult>0</difficult>
    <robndbox>
      <cx>756.4031</cx>
      <cy>705.5473</cy>
      <w>37.2176</w>
      <h>43.8757</h>
      <angle>0.4</angle>
    </robndbox>
  </object>
  <object>
    <type>robndbox</type>
    <name>the</name>
    <pose>Unspecified</pose>
    <truncated>0</truncated>
    <difficult>0</difficult>
    <robndbox>
      <cx>526.5644</cx>
      <cy>701.3332</cy>
      <w>54.807</w>
      <h>38.8733</h>
      <angle>0.3</angle>
    </robndbox>
  </object>
  <object>
    <type>robndbox</type>
    <name>five</name>
    <pose>Unspecified</pose>
    <truncated>0</truncated>
    <difficult>0</difficult>
    <robndbox>
      <cx>570.2247</cx>
      <cy>712.9306</cy>
      <w>26.5804</w>
      <h>40.0736</h>
      <angle>0.3</angle>
    </robndbox>
  </object>
  <object>
    <type>robndbox</type>
    <name>and</name>
    <pose>Unspecified</pose>
    <truncated>0</truncated>
    <difficult>0</difficult>
    <robndbox>
      <cx>596.364</cx>
      <cy>716.0396</cy>
      <w>27.98</w>
      <h>42.3694</h>
      <angle>0.4</angle>
    </robndbox>
  </object>
  <object>
    <type>robndbox</type>
    <name>dime</name>
    <pose>Unspecified</pose>
    <truncated>0</truncated>
    <difficult>0</difficult>
    <robndbox>
      <cx>649.4204</cx>
      <cy>727.5493</cy>
      <w>72.7267</w>
      <h>40.9879</h>
      <angle>0.27</angle>
    </robndbox>
  </object>
  <object>
    <type>robndbox</type>
    <name>saving</name>
    <pose>Unspecified</pose>
    <truncated>0</truncated>
    <difficult>0</difficult>
    <robndbox>
      <cx>741.5208</cx>
      <cy>747.6214</cy>
      <w>108.3971</w>
      <h>42.6275</h>
      <angle>0.3</angle>
    </robndbox>
  </object>
  <object>
    <type>robndbox</type>
    <name>the</name>
    <pose>Unspecified</pose>
    <truncated>0</truncated>
    <difficult>0</difficult>
    <robndbox>
      <cx>605.7838</cx>
      <cy>762.573</cy>
      <w>55.4281</w>
      <h>42.366</h>
      <angle>0.3</angle>
    </robndbox>
  </object>
  <object>
    <type>robndbox</type>
    <name>day</name>
    <pose>Unspecified</pose>
    <truncated>0</truncated>
    <difficult>0</difficult>
    <robndbox>
      <cx>665.4198</cx>
      <cy>778.6535</cy>
      <w>55.1501</w>
      <h>40.7226</h>
      <angle>0.32</angle>
    </robndbox>
  </object>
</annotation>
