<annotation verified="no">
  <folder>WUOtCLOXgm8</folder>
  <filename>01_frame_04876</filename>
  <path>/home/junya/&#12480;&#12454;&#12531;&#12525;&#12540;&#12489;/&#26519;&#30000;/annotation/WUOtCLOXgm8/01_frame_04876.jpg</path>
  <source>
    <database>Unknown</database>
  </source>
  <size>
    <width>1920</width>
    <height>1080</height>
    <depth>1</depth>
  </size>
  <segmented>0</segmented>
  <object>
    <type>bndbox</type>
    <name>living</name>
    <pose>Unspecified</pose>
    <truncated>0</truncated>
    <difficult>0</difficult>
    <bndbox>
      <xmin>661</xmin>
      <ymin>163</ymin>
      <xmax>1258</xmax>
      <ymax>276</ymax>
    </bndbox>
  </object>
  <object>
    <type>bndbox</type>
    <name>without</name>
    <pose>Unspecified</pose>
    <truncated>0</truncated>
    <difficult>0</difficult>
    <bndbox>
      <xmin>558</xmin>
      <ymin>320</ymin>
      <xmax>1361</xmax>
      <ymax>436</ymax>
    </bndbox>
  </object>
  <object>
    <type>bndbox</type>
    <name>i</name>
    <pose>Unspecified</pose>
    <truncated>0</truncated>
    <difficult>0</difficult>
    <bndbox>
      <xmin>93</xmin>
      <ymin>486</ymin>
      <xmax>145</xmax>
      <ymax>594</ymax>
    </bndbox>
  </object>
  <object>
    <type>bndbox</type>
    <name>cant</name>
    <pose>Unspecified</pose>
    <truncated>0</truncated>
    <difficult>0</difficult>
    <bndbox>
      <xmin>209</xmin>
      <ymin>482</ymin>
      <xmax>698</xmax>
      <ymax>596</ymax>
    </bndbox>
  </object>
  <object>
    <type>bndbox</type>
    <name>get</name>
    <pose>Unspecified</pose>
    <truncated>0</truncated>
    <difficult>0</difficult>
    <bndbox>
      <xmin>748</xmin>
      <ymin>484</ymin>
      <xmax>1085</xmax>
      <ymax>596</ymax>
    </bndbox>
  </object>
  <object>
    <type>bndbox</type>
    <name>used</name>
    <pose>Unspecified</pose>
    <truncated>0</truncated>
    <difficult>0</difficult>
    <bndbox>
      <xmin>1125</xmin>
      <ymin>484</ymin>
      <xmax>1562</xmax>
      <ymax>595</ymax>
    </bndbox>
  </object>
  <object>
    <type>bndbox</type>
    <name>to</name>
    <pose>Unspecified</pose>
    <truncated>0</truncated>
    <difficult>0</difficult>
    <bndbox>
      <xmin>1600</xmin>
      <ymin>482</ymin>
      <xmax>1832</xmax>
      <ymax>596</ymax>
    </bndbox>
  </object>
  <object>
    <type>bndbox</type>
    <name>living</name>
    <pose>Unspecified</pose>
    <truncated>0</truncated>
    <difficult>0</difficult>
    <bndbox>
      <xmin>664</xmin>
      <ymin>643</ymin>
      <xmax>1256</xmax>
      <ymax>756</ymax>
    </bndbox>
  </object>
</annotation>
