<annotation verified="no">
  <folder>WUOtCLOXgm8</folder>
  <filename>02_frame_03001</filename>
  <path>/home/junya/&#12480;&#12454;&#12531;&#12525;&#12540;&#12489;/&#26519;&#30000;/annotation/WUOtCLOXgm8/02_frame_03001.jpg</path>
  <source>
    <database>Unknown</database>
  </source>
  <size>
    <width>1920</width>
    <height>1080</height>
    <depth>1</depth>
  </size>
  <segmented>0</segmented>
  <object>
    <type>bndbox</type>
    <name>oh</name>
    <pose>Unspecified</pose>
    <truncated>0</truncated>
    <difficult>0</difficult>
    <bndbox>
      <xmin>834</xmin>
      <ymin>35</ymin>
      <xmax>1086</xmax>
      <ymax>144</ymax>
    </bndbox>
  </object>
  <object>
    <type>bndbox</type>
    <name>how</name>
    <pose>Unspecified</pose>
    <truncated>0</truncated>
    <difficult>0</difficult>
    <bndbox>
      <xmin>761</xmin>
      <ymin>166</ymin>
      <xmax>1165</xmax>
      <ymax>282</ymax>
    </bndbox>
  </object>
  <object>
    <type>bndbox</type>
    <name>i</name>
    <pose>Unspecified</pose>
    <truncated>0</truncated>
    <difficult>0</difficult>
    <bndbox>
      <xmin>930</xmin>
      <ymin>308</ymin>
      <xmax>984</xmax>
      <ymax>422</ymax>
    </bndbox>
  </object>
  <object>
    <type>bndbox</type>
    <name>want</name>
    <pose>Unspecified</pose>
    <truncated>0</truncated>
    <difficult>0</difficult>
    <bndbox>
      <xmin>714</xmin>
      <ymin>443</ymin>
      <xmax>1204</xmax>
      <ymax>563</ymax>
    </bndbox>
  </object>
  <object>
    <type>bndbox</type>
    <name>to</name>
    <pose>Unspecified</pose>
    <truncated>0</truncated>
    <difficult>0</difficult>
    <bndbox>
      <xmin>840</xmin>
      <ymin>595</ymin>
      <xmax>1072</xmax>
      <ymax>710</ymax>
    </bndbox>
  </object>
  <object>
    <type>bndbox</type>
    <name>be</name>
    <pose>Unspecified</pose>
    <truncated>0</truncated>
    <difficult>0</difficult>
    <bndbox>
      <xmin>854</xmin>
      <ymin>747</ymin>
      <xmax>1065</xmax>
      <ymax>859</ymax>
    </bndbox>
  </object>
  <object>
    <type>bndbox</type>
    <name>free</name>
    <pose>Unspecified</pose>
    <truncated>0</truncated>
    <difficult>0</difficult>
    <bndbox>
      <xmin>746</xmin>
      <ymin>902</ymin>
      <xmax>1170</xmax>
      <ymax>1012</ymax>
    </bndbox>
  </object>
</annotation>
