<annotation verified="no">
  <folder>WUOtCLOXgm8</folder>
  <filename>00_frame_02626</filename>
  <path>/home/junya/&#12480;&#12454;&#12531;&#12525;&#12540;&#12489;/&#26519;&#30000;/annotation/WUOtCLOXgm8/00_frame_02626.jpg</path>
  <source>
    <database>Unknown</database>
  </source>
  <size>
    <width>1920</width>
    <height>1080</height>
    <depth>1</depth>
  </size>
  <segmented>0</segmented>
  <object>
    <type>bndbox</type>
    <name>its</name>
    <pose>Unspecified</pose>
    <truncated>0</truncated>
    <difficult>0</difficult>
    <bndbox>
      <xmin>34</xmin>
      <ymin>30</ymin>
      <xmax>310</xmax>
      <ymax>143</ymax>
    </bndbox>
  </object>
  <object>
    <type>bndbox</type>
    <name>strange</name>
    <pose>Unspecified</pose>
    <truncated>0</truncated>
    <difficult>0</difficult>
    <bndbox>
      <xmin>36</xmin>
      <ymin>142</ymin>
      <xmax>810</xmax>
      <ymax>255</ymax>
    </bndbox>
  </object>
  <object>
    <type>bndbox</type>
    <name>its</name>
    <pose>Unspecified</pose>
    <truncated>0</truncated>
    <difficult>0</difficult>
    <bndbox>
      <xmin>34</xmin>
      <ymin>372</ymin>
      <xmax>312</xmax>
      <ymax>484</ymax>
    </bndbox>
  </object>
  <object>
    <type>bndbox</type>
    <name>true</name>
    <pose>Unspecified</pose>
    <truncated>0</truncated>
    <difficult>0</difficult>
    <bndbox>
      <xmin>37</xmin>
      <ymin>486</ymin>
      <xmax>474</xmax>
      <ymax>598</ymax>
    </bndbox>
  </object>
  <object>
    <type>bndbox</type>
    <name>i</name>
    <pose>Unspecified</pose>
    <truncated>0</truncated>
    <difficult>0</difficult>
    <bndbox>
      <xmin>38</xmin>
      <ymin>598</ymin>
      <xmax>86</xmax>
      <ymax>706</ymax>
    </bndbox>
  </object>
  <object>
    <type>bndbox</type>
    <name>cant</name>
    <pose>Unspecified</pose>
    <truncated>0</truncated>
    <difficult>0</difficult>
    <bndbox>
      <xmin>38</xmin>
      <ymin>706</ymin>
      <xmax>526</xmax>
      <ymax>818</ymax>
    </bndbox>
  </object>
  <object>
    <type>bndbox</type>
    <name>get</name>
    <pose>Unspecified</pose>
    <truncated>0</truncated>
    <difficult>0</difficult>
    <bndbox>
      <xmin>30</xmin>
      <ymin>822</ymin>
      <xmax>369</xmax>
      <ymax>934</ymax>
    </bndbox>
  </object>
  <object>
    <type>bndbox</type>
    <name>over</name>
    <pose>Unspecified</pose>
    <truncated>0</truncated>
    <difficult>0</difficult>
    <bndbox>
      <xmin>61</xmin>
      <ymin>938</ymin>
      <xmax>522</xmax>
      <ymax>1048</ymax>
    </bndbox>
  </object>
  <object>
    <type>robndbox</type>
    <name>but</name>
    <pose>Unspecified</pose>
    <truncated>0</truncated>
    <difficult>0</difficult>
    <robndbox>
      <cx>197.8333</cx>
      <cy>315.3333</cy>
      <w>327.0</w>
      <h>112.0</h>
      <angle>0.0</angle>
    </robndbox>
  </object>
</annotation>
