<annotation verified="no">
  <folder>WUOtCLOXgm8</folder>
  <filename>05_frame_05101</filename>
  <path>/home/junya/&#12480;&#12454;&#12531;&#12525;&#12540;&#12489;/&#26519;&#30000;/annotation/WUOtCLOXgm8/05_frame_05101.jpg</path>
  <source>
    <database>Unknown</database>
  </source>
  <size>
    <width>1920</width>
    <height>1080</height>
    <depth>1</depth>
  </size>
  <segmented>0</segmented>
  <object>
    <type>bndbox</type>
    <name>i</name>
    <pose>Unspecified</pose>
    <truncated>0</truncated>
    <difficult>0</difficult>
    <bndbox>
      <xmin>742</xmin>
      <ymin>98</ymin>
      <xmax>1172</xmax>
      <ymax>980</ymax>
    </bndbox>
  </object>
  <object>
    <type>bndbox</type>
    <name>live</name>
    <pose>Unspecified</pose>
    <truncated>0</truncated>
    <difficult>0</difficult>
    <bndbox>
      <xmin>1110</xmin>
      <ymin>695</ymin>
      <xmax>1668</xmax>
      <ymax>871</ymax>
    </bndbox>
  </object>
  <object>
    <type>bndbox</type>
    <name>alone</name>
    <pose>Unspecified</pose>
    <truncated>0</truncated>
    <difficult>0</difficult>
    <bndbox>
      <xmin>166</xmin>
      <ymin>494</ymin>
      <xmax>682</xmax>
      <ymax>603</ymax>
    </bndbox>
  </object>
  <object>
    <type>bndbox</type>
    <name>dont</name>
    <pose>Unspecified</pose>
    <truncated>0</truncated>
    <difficult>0</difficult>
    <bndbox>
      <xmin>313</xmin>
      <ymin>736</ymin>
      <xmax>845</xmax>
      <ymax>858</ymax>
    </bndbox>
  </object>
  <object>
    <type>bndbox</type>
    <name>want</name>
    <pose>Unspecified</pose>
    <truncated>0</truncated>
    <difficult>0</difficult>
    <bndbox>
      <xmin>1276</xmin>
      <ymin>328</ymin>
      <xmax>1649</xmax>
      <ymax>420</ymax>
    </bndbox>
  </object>
  <object>
    <type>bndbox</type>
    <name>to</name>
    <pose>Unspecified</pose>
    <truncated>0</truncated>
    <difficult>0</difficult>
    <bndbox>
      <xmin>340</xmin>
      <ymin>164</ymin>
      <xmax>749</xmax>
      <ymax>366</ymax>
    </bndbox>
  </object>
</annotation>
