<annotation verified="no">
  <folder>WUOtCLOXgm8</folder>
  <filename>12_frame_01351</filename>
  <path>/home/junya/&#12480;&#12454;&#12531;&#12525;&#12540;&#12489;/&#26519;&#30000;/annotation/WUOtCLOXgm8/12_frame_01351.jpg</path>
  <source>
    <database>Unknown</database>
  </source>
  <size>
    <width>1920</width>
    <height>1080</height>
    <depth>1</depth>
  </size>
  <segmented>0</segmented>
  <object>
    <type>bndbox</type>
    <name>so</name>
    <pose>Unspecified</pose>
    <truncated>0</truncated>
    <difficult>0</difficult>
    <bndbox>
      <xmin>860</xmin>
      <ymin>192</ymin>
      <xmax>1060</xmax>
      <ymax>306</ymax>
    </bndbox>
  </object>
  <object>
    <type>bndbox</type>
    <name>self</name>
    <pose>Unspecified</pose>
    <truncated>0</truncated>
    <difficult>0</difficult>
    <bndbox>
      <xmin>772</xmin>
      <ymin>330</ymin>
      <xmax>1148</xmax>
      <ymax>440</ymax>
    </bndbox>
  </object>
  <object>
    <type>bndbox</type>
    <name>satisfied</name>
    <pose>Unspecified</pose>
    <truncated>0</truncated>
    <difficult>0</difficult>
    <bndbox>
      <xmin>564</xmin>
      <ymin>470</ymin>
      <xmax>1390</xmax>
      <ymax>583</ymax>
    </bndbox>
  </object>
  <object>
    <type>robndbox</type>
    <name>youre</name>
    <pose>Unspecified</pose>
    <truncated>0</truncated>
    <difficult>0</difficult>
    <robndbox>
      <cx>963.3333</cx>
      <cy>108.8333</cy>
      <w>610.0</w>
      <h>109.0</h>
      <angle>0.0</angle>
    </robndbox>
  </object>
</annotation>
