<annotation verified="no">
  <folder>WUOtCLOXgm8</folder>
  <filename>09_frame_02551</filename>
  <path>/home/junya/&#12480;&#12454;&#12531;&#12525;&#12540;&#12489;/&#26519;&#30000;/annotation/WUOtCLOXgm8/09_frame_02551.jpg</path>
  <source>
    <database>Unknown</database>
  </source>
  <size>
    <width>1920</width>
    <height>1080</height>
    <depth>1</depth>
  </size>
  <segmented>0</segmented>
  <object>
    <type>bndbox</type>
    <name>its</name>
    <pose>Unspecified</pose>
    <truncated>0</truncated>
    <difficult>0</difficult>
    <bndbox>
      <xmin>34</xmin>
      <ymin>30</ymin>
      <xmax>310</xmax>
      <ymax>142</ymax>
    </bndbox>
  </object>
  <object>
    <type>bndbox</type>
    <name>strange</name>
    <pose>Unspecified</pose>
    <truncated>0</truncated>
    <difficult>0</difficult>
    <bndbox>
      <xmin>34</xmin>
      <ymin>142</ymin>
      <xmax>810</xmax>
      <ymax>256</ymax>
    </bndbox>
  </object>
  <object>
    <type>bndbox</type>
    <name>but</name>
    <pose>Unspecified</pose>
    <truncated>0</truncated>
    <difficult>0</difficult>
    <bndbox>
      <xmin>37</xmin>
      <ymin>260</ymin>
      <xmax>358</xmax>
      <ymax>371</ymax>
    </bndbox>
  </object>
  <object>
    <type>bndbox</type>
    <name>its</name>
    <pose>Unspecified</pose>
    <truncated>0</truncated>
    <difficult>0</difficult>
    <bndbox>
      <xmin>34</xmin>
      <ymin>371</ymin>
      <xmax>312</xmax>
      <ymax>484</ymax>
    </bndbox>
  </object>
  <object>
    <type>bndbox</type>
    <name>true</name>
    <pose>Unspecified</pose>
    <truncated>0</truncated>
    <difficult>0</difficult>
    <bndbox>
      <xmin>34</xmin>
      <ymin>487</ymin>
      <xmax>477</xmax>
      <ymax>596</ymax>
    </bndbox>
  </object>
</annotation>
