<annotation verified="no">
  <folder>FM7MFYoylVs</folder>
  <filename>00_frame_01801</filename>
  <path>/home/uchidalab/&#12487;&#12473;&#12463;&#12488;&#12483;&#12503;/&#24029;&#19978; (1)/&#24029;&#19978;/annotation/FM7MFYoylVs/00_frame_01801.jpg</path>
  <source>
    <database>Unknown</database>
  </source>
  <size>
    <width>1920</width>
    <height>1080</height>
    <depth>3</depth>
  </size>
  <segmented>0</segmented>
  <object>
    <type>robndbox</type>
    <name>i</name>
    <pose>Unspecified</pose>
    <truncated>0</truncated>
    <difficult>0</difficult>
    <robndbox>
      <cx>624.5606</cx>
      <cy>267.3788</cy>
      <w>57.6831</w>
      <h>93.0089</h>
      <angle>2.241593</angle>
    </robndbox>
  </object>
  <object>
    <type>robndbox</type>
    <name>want</name>
    <pose>Unspecified</pose>
    <truncated>0</truncated>
    <difficult>0</difficult>
    <robndbox>
      <cx>543.5606</cx>
      <cy>522.3788</cy>
      <w>113.0</w>
      <h>335.0</h>
      <angle>0.0</angle>
    </robndbox>
  </object>
  <object>
    <type>robndbox</type>
    <name>something</name>
    <pose>Unspecified</pose>
    <truncated>0</truncated>
    <difficult>0</difficult>
    <robndbox>
      <cx>929.0606</cx>
      <cy>872.8788</cy>
      <w>718.0</w>
      <h>280.0</h>
      <angle>0.0</angle>
    </robndbox>
  </object>
  <object>
    <type>robndbox</type>
    <name>just</name>
    <pose>Unspecified</pose>
    <truncated>0</truncated>
    <difficult>0</difficult>
    <robndbox>
      <cx>1367.8355</cx>
      <cy>631.5694</cy>
      <w>111.2272</w>
      <h>311.213</h>
      <angle>0.19</angle>
    </robndbox>
  </object>
  <object>
    <type>robndbox</type>
    <name>like</name>
    <pose>Unspecified</pose>
    <truncated>0</truncated>
    <difficult>0</difficult>
    <robndbox>
      <cx>1268.5141</cx>
      <cy>263.1625</cy>
      <w>120.3493</w>
      <h>336.2621</h>
      <angle>2.481593</angle>
    </robndbox>
  </object>
  <object>
    <type>robndbox</type>
    <name>this</name>
    <pose>Unspecified</pose>
    <truncated>0</truncated>
    <difficult>0</difficult>
    <robndbox>
      <cx>926.5606</cx>
      <cy>126.8788</cy>
      <w>317.0</w>
      <h>110.0</h>
      <angle>0.0</angle>
    </robndbox>
  </object>
  <object>
    <type>robndbox</type>
    <name>i</name>
    <pose>Unspecified</pose>
    <truncated>0</truncated>
    <difficult>0</difficult>
    <robndbox>
      <cx>1610.5606</cx>
      <cy>428.8788</cy>
      <w>145.0</w>
      <h>88.0</h>
      <angle>3.021593</angle>
    </robndbox>
  </object>
  <object>
    <type>robndbox</type>
    <name>want</name>
    <pose>Unspecified</pose>
    <truncated>0</truncated>
    <difficult>0</difficult>
    <robndbox>
      <cx>1477.5112</cx>
      <cy>160.3792</cy>
      <w>143.7462</w>
      <h>294.9786</h>
      <angle>2.451593</angle>
    </robndbox>
  </object>
  <object>
    <type>robndbox</type>
    <name>this</name>
    <pose>Unspecified</pose>
    <truncated>0</truncated>
    <difficult>0</difficult>
    <robndbox>
      <cx>1517.9723</cx>
      <cy>868.9917</cy>
      <w>401.0713</w>
      <h>149.5331</h>
      <angle>2.121593</angle>
    </robndbox>
  </object>
  <object>
    <type>robndbox</type>
    <name>just</name>
    <pose>Unspecified</pose>
    <truncated>0</truncated>
    <difficult>0</difficult>
    <robndbox>
      <cx>411.7495</cx>
      <cy>876.8207</cy>
      <w>343.1607</w>
      <h>153.6857</h>
      <angle>1.1</angle>
    </robndbox>
  </object>
  <object>
    <type>robndbox</type>
    <name>getting</name>
    <pose>Unspecified</pose>
    <truncated>0</truncated>
    <difficult>0</difficult>
    <robndbox>
      <cx>369.3024</cx>
      <cy>330.1562</cy>
      <w>175.1646</w>
      <h>636.7593</h>
      <angle>0.3</angle>
    </robndbox>
  </object>
</annotation>
