<annotation verified="no">
  <folder>FM7MFYoylVs</folder>
  <filename>10_frame_01441</filename>
  <path>/home/uchidalab/&#12487;&#12473;&#12463;&#12488;&#12483;&#12503;/&#24029;&#19978; (1)/&#24029;&#19978;/annotation/FM7MFYoylVs/10_frame_01441.jpg</path>
  <source>
    <database>Unknown</database>
  </source>
  <size>
    <width>1920</width>
    <height>1080</height>
    <depth>3</depth>
  </size>
  <segmented>0</segmented>
  <object>
    <type>robndbox</type>
    <name>doo</name>
    <pose>Unspecified</pose>
    <truncated>0</truncated>
    <difficult>0</difficult>
    <robndbox>
      <cx>280.5606</cx>
      <cy>231.8788</cy>
      <w>455.0</w>
      <h>156.0</h>
      <angle>0.0</angle>
    </robndbox>
  </object>
  <object>
    <type>robndbox</type>
    <name>doo</name>
    <pose>Unspecified</pose>
    <truncated>0</truncated>
    <difficult>0</difficult>
    <robndbox>
      <cx>535.5606</cx>
      <cy>438.8788</cy>
      <w>635.0</w>
      <h>194.0</h>
      <angle>0.0</angle>
    </robndbox>
  </object>
  <object>
    <type>robndbox</type>
    <name>doo</name>
    <pose>Unspecified</pose>
    <truncated>0</truncated>
    <difficult>0</difficult>
    <robndbox>
      <cx>1202.0606</cx>
      <cy>578.3788</cy>
      <w>456.0</w>
      <h>147.0</h>
      <angle>0.0</angle>
    </robndbox>
  </object>
  <object>
    <type>robndbox</type>
    <name>doo</name>
    <pose>Unspecified</pose>
    <truncated>0</truncated>
    <difficult>0</difficult>
    <robndbox>
      <cx>592.0606</cx>
      <cy>837.3788</cy>
      <w>820.0</w>
      <h>247.0</h>
      <angle>0.0</angle>
    </robndbox>
  </object>
</annotation>
