<annotation verified="no">
  <folder>FM7MFYoylVs</folder>
  <filename>06_frame_02521</filename>
  <path>/home/uchidalab/&#12487;&#12473;&#12463;&#12488;&#12483;&#12503;/&#24029;&#19978; (1)/&#24029;&#19978;/annotation/FM7MFYoylVs/06_frame_02521.jpg</path>
  <source>
    <database>Unknown</database>
  </source>
  <size>
    <width>1920</width>
    <height>1080</height>
    <depth>3</depth>
  </size>
  <segmented>0</segmented>
  <object>
    <type>robndbox</type>
    <name>how</name>
    <pose>Unspecified</pose>
    <truncated>0</truncated>
    <difficult>0</difficult>
    <robndbox>
      <cx>1039.3253</cx>
      <cy>308.1265</cy>
      <w>214.6749</w>
      <h>143.5358</h>
      <angle>0.13</angle>
    </robndbox>
  </object>
  <object>
    <type>robndbox</type>
    <name>much</name>
    <pose>Unspecified</pose>
    <truncated>0</truncated>
    <difficult>0</difficult>
    <robndbox>
      <cx>1356.4579</cx>
      <cy>392.2975</cy>
      <w>279.5331</w>
      <h>123.8294</h>
      <angle>0.21</angle>
    </robndbox>
  </object>
  <object>
    <type>robndbox</type>
    <name>you</name>
    <pose>Unspecified</pose>
    <truncated>0</truncated>
    <difficult>0</difficult>
    <robndbox>
      <cx>1650.6841</cx>
      <cy>508.3687</cy>
      <w>206.1685</w>
      <h>130.3633</h>
      <angle>0.26</angle>
    </robndbox>
  </object>
  <object>
    <type>robndbox</type>
    <name>wanna</name>
    <pose>Unspecified</pose>
    <truncated>0</truncated>
    <difficult>0</difficult>
    <robndbox>
      <cx>1152.5819</cx>
      <cy>542.0159</cy>
      <w>346.585</w>
      <h>79.1368</h>
      <angle>0.28</angle>
    </robndbox>
  </object>
  <object>
    <type>robndbox</type>
    <name>risk</name>
    <pose>Unspecified</pose>
    <truncated>0</truncated>
    <difficult>0</difficult>
    <robndbox>
      <cx>1467.1718</cx>
      <cy>617.934</cy>
      <w>170.7851</w>
      <h>105.3456</h>
      <angle>0.29</angle>
    </robndbox>
  </object>
</annotation>
