<annotation verified="no">
  <folder>FM7MFYoylVs</folder>
  <filename>04_frame_01513</filename>
  <path>/home/uchidalab/&#12487;&#12473;&#12463;&#12488;&#12483;&#12503;/&#24029;&#19978; (1)/&#24029;&#19978;/annotation/FM7MFYoylVs/04_frame_01513.jpg</path>
  <source>
    <database>Unknown</database>
  </source>
  <size>
    <width>1920</width>
    <height>1080</height>
    <depth>3</depth>
  </size>
  <segmented>0</segmented>
  <object>
    <type>robndbox</type>
    <name>doo</name>
    <pose>Unspecified</pose>
    <truncated>0</truncated>
    <difficult>0</difficult>
    <robndbox>
      <cx>239.2643</cx>
      <cy>270.8597</cy>
      <w>353.184</w>
      <h>191.6971</h>
      <angle>3.021593</angle>
    </robndbox>
  </object>
  <object>
    <type>robndbox</type>
    <name>doo</name>
    <pose>Unspecified</pose>
    <truncated>0</truncated>
    <difficult>0</difficult>
    <robndbox>
      <cx>819.8642</cx>
      <cy>156.6022</cy>
      <w>329.3768</w>
      <h>248.2386</h>
      <angle>2.931593</angle>
    </robndbox>
  </object>
  <object>
    <type>robndbox</type>
    <name>doo</name>
    <pose>Unspecified</pose>
    <truncated>0</truncated>
    <difficult>0</difficult>
    <robndbox>
      <cx>1441.8329</cx>
      <cy>118.3958</cy>
      <w>281.6462</w>
      <h>156.579</h>
      <angle>2.831593</angle>
    </robndbox>
  </object>
  <object>
    <type>robndbox</type>
    <name>doo</name>
    <pose>Unspecified</pose>
    <truncated>0</truncated>
    <difficult>0</difficult>
    <robndbox>
      <cx>554.5606</cx>
      <cy>850.8788</cy>
      <w>215.0</w>
      <h>170.0</h>
      <angle>0.0</angle>
    </robndbox>
  </object>
  <object>
    <type>robndbox</type>
    <name>doo</name>
    <pose>Unspecified</pose>
    <truncated>0</truncated>
    <difficult>0</difficult>
    <robndbox>
      <cx>1166.9911</cx>
      <cy>787.1276</cy>
      <w>437.2707</w>
      <h>233.4657</h>
      <angle>2.711593</angle>
    </robndbox>
  </object>
  <object>
    <type>robndbox</type>
    <name>doo</name>
    <pose>Unspecified</pose>
    <truncated>0</truncated>
    <difficult>0</difficult>
    <robndbox>
      <cx>1686.6159</cx>
      <cy>804.6687</cy>
      <w>290.3634</w>
      <h>174.6004</h>
      <angle>2.791593</angle>
    </robndbox>
  </object>
</annotation>
