<annotation verified="no">
  <folder>FM7MFYoylVs</folder>
  <filename>07_frame_03745</filename>
  <path>/home/uchidalab/&#12487;&#12473;&#12463;&#12488;&#12483;&#12503;/&#24029;&#19978; (1)/&#24029;&#19978;/annotation/FM7MFYoylVs/07_frame_03745.jpg</path>
  <source>
    <database>Unknown</database>
  </source>
  <size>
    <width>1920</width>
    <height>1080</height>
    <depth>3</depth>
  </size>
  <segmented>0</segmented>
  <object>
    <type>robndbox</type>
    <name>doo</name>
    <pose>Unspecified</pose>
    <truncated>0</truncated>
    <difficult>0</difficult>
    <robndbox>
      <cx>239.5606</cx>
      <cy>304.8788</cy>
      <w>319.0</w>
      <h>274.0</h>
      <angle>0.0</angle>
    </robndbox>
  </object>
  <object>
    <type>robndbox</type>
    <name>doo</name>
    <pose>Unspecified</pose>
    <truncated>0</truncated>
    <difficult>0</difficult>
    <robndbox>
      <cx>817.3087</cx>
      <cy>184.7325</cy>
      <w>427.7791</w>
      <h>213.5975</h>
      <angle>2.721593</angle>
    </robndbox>
  </object>
  <object>
    <type>robndbox</type>
    <name>doo</name>
    <pose>Unspecified</pose>
    <truncated>0</truncated>
    <difficult>0</difficult>
    <robndbox>
      <cx>1447.5374</cx>
      <cy>126.9394</cy>
      <w>236.9535</w>
      <h>253.8788</h>
      <angle>0.0</angle>
    </robndbox>
  </object>
  <object>
    <type>robndbox</type>
    <name>doo</name>
    <pose>Unspecified</pose>
    <truncated>0</truncated>
    <difficult>0</difficult>
    <robndbox>
      <cx>554.5606</cx>
      <cy>862.8788</cy>
      <w>227.0</w>
      <h>234.0</h>
      <angle>0.0</angle>
    </robndbox>
  </object>
  <object>
    <type>robndbox</type>
    <name>doo</name>
    <pose>Unspecified</pose>
    <truncated>0</truncated>
    <difficult>0</difficult>
    <robndbox>
      <cx>1198.7056</cx>
      <cy>581.1952</cy>
      <w>430.2205</w>
      <h>245.4888</h>
      <angle>2.731593</angle>
    </robndbox>
  </object>
  <object>
    <type>robndbox</type>
    <name>doo</name>
    <pose>Unspecified</pose>
    <truncated>0</truncated>
    <difficult>0</difficult>
    <robndbox>
      <cx>1684.9738</cx>
      <cy>813.5118</cy>
      <w>282.1453</w>
      <h>168.7115</h>
      <angle>2.741593</angle>
    </robndbox>
  </object>
</annotation>
