<annotation verified="no">
  <folder>FM7MFYoylVs</folder>
  <filename>01_frame_03097</filename>
  <path>/home/uchidalab/&#12487;&#12473;&#12463;&#12488;&#12483;&#12503;/&#24029;&#19978; (1)/&#24029;&#19978;/annotation/FM7MFYoylVs/01_frame_03097.jpg</path>
  <source>
    <database>Unknown</database>
  </source>
  <size>
    <width>1920</width>
    <height>1080</height>
    <depth>3</depth>
  </size>
  <segmented>0</segmented>
  <object>
    <type>robndbox</type>
    <name>i</name>
    <pose>Unspecified</pose>
    <truncated>0</truncated>
    <difficult>0</difficult>
    <robndbox>
      <cx>460.0606</cx>
      <cy>1012.8788</cy>
      <w>138.0</w>
      <h>130.0</h>
      <angle>0.0</angle>
    </robndbox>
  </object>
  <object>
    <type>robndbox</type>
    <name>i</name>
    <pose>Unspecified</pose>
    <truncated>0</truncated>
    <difficult>0</difficult>
    <robndbox>
      <cx>807.0606</cx>
      <cy>1012.3788</cy>
      <w>86.0</w>
      <h>115.0</h>
      <angle>0.0</angle>
    </robndbox>
  </object>
  <object>
    <type>robndbox</type>
    <name>i</name>
    <pose>Unspecified</pose>
    <truncated>0</truncated>
    <difficult>0</difficult>
    <robndbox>
      <cx>1063.0606</cx>
      <cy>893.3788</cy>
      <w>62.0</w>
      <h>79.0</h>
      <angle>0.0</angle>
    </robndbox>
  </object>
  <object>
    <type>robndbox</type>
    <name>want</name>
    <pose>Unspecified</pose>
    <truncated>0</truncated>
    <difficult>0</difficult>
    <robndbox>
      <cx>1243.9838</cx>
      <cy>753.1482</cy>
      <w>97.144</w>
      <h>284.9129</h>
      <angle>0.5</angle>
    </robndbox>
  </object>
  <object>
    <type>robndbox</type>
    <name>want</name>
    <pose>Unspecified</pose>
    <truncated>0</truncated>
    <difficult>0</difficult>
    <robndbox>
      <cx>1131.1701</cx>
      <cy>983.6448</cy>
      <w>359.4963</w>
      <h>94.1479</h>
      <angle>2.861593</angle>
    </robndbox>
  </object>
  <object>
    <type>robndbox</type>
    <name>i</name>
    <pose>Unspecified</pose>
    <truncated>0</truncated>
    <difficult>0</difficult>
    <robndbox>
      <cx>1160.5606</cx>
      <cy>703.3788</cy>
      <w>55.0</w>
      <h>55.0</h>
      <angle>0.0</angle>
    </robndbox>
  </object>
  <object>
    <type>robndbox</type>
    <name>something</name>
    <pose>Unspecified</pose>
    <truncated>0</truncated>
    <difficult>0</difficult>
    <robndbox>
      <cx>1355.2012</cx>
      <cy>426.8803</cy>
      <w>209.0234</w>
      <h>814.1358</h>
      <angle>2.841593</angle>
    </robndbox>
  </object>
  <object>
    <type>robndbox</type>
    <name>something</name>
    <pose>Unspecified</pose>
    <truncated>0</truncated>
    <difficult>0</difficult>
    <robndbox>
      <cx>1146.5606</cx>
      <cy>310.3788</cy>
      <w>610.8602</w>
      <h>205.9608</h>
      <angle>0.59</angle>
    </robndbox>
  </object>
  <object>
    <type>robndbox</type>
    <name>just</name>
    <pose>Unspecified</pose>
    <truncated>0</truncated>
    <difficult>0</difficult>
    <robndbox>
      <cx>704.0606</cx>
      <cy>283.8788</cy>
      <w>98.0</w>
      <h>276.0</h>
      <angle>0.75</angle>
    </robndbox>
  </object>
  <object>
    <type>robndbox</type>
    <name>just</name>
    <pose>Unspecified</pose>
    <truncated>0</truncated>
    <difficult>0</difficult>
    <robndbox>
      <cx>717.5606</cx>
      <cy>487.8788</cy>
      <w>87.0</w>
      <h>196.0</h>
      <angle>0.0</angle>
    </robndbox>
  </object>
  <object>
    <type>robndbox</type>
    <name>like</name>
    <pose>Unspecified</pose>
    <truncated>0</truncated>
    <difficult>0</difficult>
    <robndbox>
      <cx>776.0606</cx>
      <cy>710.8788</cy>
      <w>72.0</w>
      <h>194.0</h>
      <angle>2.461593</angle>
    </robndbox>
  </object>
  <object>
    <type>robndbox</type>
    <name>want</name>
    <pose>Unspecified</pose>
    <truncated>0</truncated>
    <difficult>0</difficult>
    <robndbox>
      <cx>1209.5606</cx>
      <cy>548.3788</cy>
      <w>67.0</w>
      <h>207.0</h>
      <angle>0.0</angle>
    </robndbox>
  </object>
  <object>
    <type>robndbox</type>
    <name>something</name>
    <pose>Unspecified</pose>
    <truncated>0</truncated>
    <difficult>0</difficult>
    <robndbox>
      <cx>982.5606</cx>
      <cy>344.3788</cy>
      <w>429.0</w>
      <h>155.0</h>
      <angle>0.0</angle>
    </robndbox>
  </object>
</annotation>
