<annotation verified="no">
  <folder>c6C0IzCO074</folder>
  <filename>08_frame_00526</filename>
  <path>/home/keisuke/Documents/lyric/&#31070;&#30000;/annotation/c6C0IzCO074/08_frame_00526.jpg</path>
  <source>
    <database>Unknown</database>
  </source>
  <size>
    <width>1920</width>
    <height>1080</height>
    <depth>3</depth>
  </size>
  <segmented>0</segmented>
  <object>
    <type>bndbox</type>
    <name>over</name>
    <pose>Unspecified</pose>
    <truncated>0</truncated>
    <difficult>0</difficult>
    <bndbox>
      <xmin>425</xmin>
      <ymin>324</ymin>
      <xmax>669</xmax>
      <ymax>492</ymax>
    </bndbox>
  </object>
  <object>
    <type>bndbox</type>
    <name>stony</name>
    <pose>Unspecified</pose>
    <truncated>0</truncated>
    <difficult>0</difficult>
    <bndbox>
      <xmin>704</xmin>
      <ymin>320</ymin>
      <xmax>1022</xmax>
      <ymax>492</ymax>
    </bndbox>
  </object>
  <object>
    <type>bndbox</type>
    <name>ground</name>
    <pose>Unspecified</pose>
    <truncated>0</truncated>
    <difficult>0</difficult>
    <bndbox>
      <xmin>1053</xmin>
      <ymin>321</ymin>
      <xmax>1430</xmax>
      <ymax>498</ymax>
    </bndbox>
  </object>
</annotation>
