<annotation verified="no">
  <folder>c6C0IzCO074</folder>
  <filename>10_frame_04051</filename>
  <path>/home/keisuke/Documents/lyric/&#31070;&#30000;/annotation_kanda/c6C0IzCO074/10_frame_04051.jpg</path>
  <source>
    <database>Unknown</database>
  </source>
  <size>
    <width>1920</width>
    <height>1080</height>
    <depth>3</depth>
  </size>
  <segmented>0</segmented>
  <object>
    <type>bndbox</type>
    <name>and</name>
    <pose>Unspecified</pose>
    <truncated>0</truncated>
    <difficult>0</difficult>
    <bndbox>
      <xmin>835</xmin>
      <ymin>414</ymin>
      <xmax>947</xmax>
      <ymax>529</ymax>
    </bndbox>
  </object>
  <object>
    <type>bndbox</type>
    <name>run</name>
    <pose>Unspecified</pose>
    <truncated>0</truncated>
    <difficult>0</difficult>
    <bndbox>
      <xmin>974</xmin>
      <ymin>414</ymin>
      <xmax>1089</xmax>
      <ymax>532</ymax>
    </bndbox>
  </object>
  <object>
    <type>bndbox</type>
    <name>gonna</name>
    <pose>Unspecified</pose>
    <truncated>0</truncated>
    <difficult>0</difficult>
    <bndbox>
      <xmin>709</xmin>
      <ymin>303</ymin>
      <xmax>863</xmax>
      <ymax>408</ymax>
    </bndbox>
  </object>
  <object>
    <type>bndbox</type>
    <name>take</name>
    <pose>Unspecified</pose>
    <truncated>0</truncated>
    <difficult>0</difficult>
    <bndbox>
      <xmin>884</xmin>
      <ymin>337</ymin>
      <xmax>949</xmax>
      <ymax>393</ymax>
    </bndbox>
  </object>
</annotation>
