<annotation verified="no">
  <folder>c6C0IzCO074</folder>
  <filename>03_frame_01051</filename>
  <path>/home/keisuke/Documents/lyric/&#31070;&#30000;/annotation/c6C0IzCO074/03_frame_01051.jpg</path>
  <source>
    <database>Unknown</database>
  </source>
  <size>
    <width>1920</width>
    <height>1080</height>
    <depth>3</depth>
  </size>
  <segmented>0</segmented>
  <object>
    <type>bndbox</type>
    <name>just</name>
    <pose>Unspecified</pose>
    <truncated>0</truncated>
    <difficult>0</difficult>
    <bndbox>
      <xmin>327</xmin>
      <ymin>433</ymin>
      <xmax>557</xmax>
      <ymax>630</ymax>
    </bndbox>
  </object>
  <object>
    <type>bndbox</type>
    <name>like</name>
    <pose>Unspecified</pose>
    <truncated>0</truncated>
    <difficult>0</difficult>
    <bndbox>
      <xmin>604</xmin>
      <ymin>425</ymin>
      <xmax>822</xmax>
      <ymax>632</ymax>
    </bndbox>
  </object>
  <object>
    <type>bndbox</type>
    <name>a</name>
    <pose>Unspecified</pose>
    <truncated>0</truncated>
    <difficult>0</difficult>
    <bndbox>
      <xmin>856</xmin>
      <ymin>423</ymin>
      <xmax>944</xmax>
      <ymax>607</ymax>
    </bndbox>
  </object>
  <object>
    <type>bndbox</type>
    <name>river</name>
    <pose>Unspecified</pose>
    <truncated>0</truncated>
    <difficult>0</difficult>
    <bndbox>
      <xmin>990</xmin>
      <ymin>427</ymin>
      <xmax>1269</xmax>
      <ymax>627</ymax>
    </bndbox>
  </object>
  <object>
    <type>bndbox</type>
    <name>runs</name>
    <pose>Unspecified</pose>
    <truncated>0</truncated>
    <difficult>0</difficult>
    <bndbox>
      <xmin>1317</xmin>
      <ymin>428</ymin>
      <xmax>1614</xmax>
      <ymax>630</ymax>
    </bndbox>
  </object>
</annotation>
