<annotation verified="no">
  <folder>c6C0IzCO074</folder>
  <filename>05_frame_01201</filename>
  <path>/home/keisuke/Documents/lyric/&#31070;&#30000;/annotation/c6C0IzCO074/05_frame_01201.jpg</path>
  <source>
    <database>Unknown</database>
  </source>
  <size>
    <width>1920</width>
    <height>1080</height>
    <depth>3</depth>
  </size>
  <segmented>0</segmented>
  <object>
    <type>bndbox</type>
    <name>i</name>
    <pose>Unspecified</pose>
    <truncated>0</truncated>
    <difficult>0</difficult>
    <bndbox>
      <xmin>823</xmin>
      <ymin>268</ymin>
      <xmax>851</xmax>
      <ymax>382</ymax>
    </bndbox>
  </object>
  <object>
    <type>bndbox</type>
    <name>burn</name>
    <pose>Unspecified</pose>
    <truncated>0</truncated>
    <difficult>0</difficult>
    <bndbox>
      <xmin>877</xmin>
      <ymin>243</ymin>
      <xmax>1113</xmax>
      <ymax>399</ymax>
    </bndbox>
  </object>
  <object>
    <type>bndbox</type>
    <name>for</name>
    <pose>Unspecified</pose>
    <truncated>0</truncated>
    <difficult>0</difficult>
    <bndbox>
      <xmin>792</xmin>
      <ymin>390</ymin>
      <xmax>957</xmax>
      <ymax>525</ymax>
    </bndbox>
  </object>
  <object>
    <type>bndbox</type>
    <name>you</name>
    <pose>Unspecified</pose>
    <truncated>0</truncated>
    <difficult>0</difficult>
    <bndbox>
      <xmin>969</xmin>
      <ymin>385</ymin>
      <xmax>1139</xmax>
      <ymax>530</ymax>
    </bndbox>
  </object>
</annotation>
