<annotation verified="no">
  <folder>c6C0IzCO074</folder>
  <filename>04_frame_02926</filename>
  <path>/home/keisuke/Documents/lyric/&#31070;&#30000;/annotation/c6C0IzCO074/04_frame_02926.jpg</path>
  <source>
    <database>Unknown</database>
  </source>
  <size>
    <width>1920</width>
    <height>1080</height>
    <depth>3</depth>
  </size>
  <segmented>0</segmented>
  <object>
    <type>bndbox</type>
    <name>i</name>
    <pose>Unspecified</pose>
    <truncated>0</truncated>
    <difficult>0</difficult>
    <bndbox>
      <xmin>516</xmin>
      <ymin>388</ymin>
      <xmax>556</xmax>
      <ymax>550</ymax>
    </bndbox>
  </object>
  <object>
    <type>bndbox</type>
    <name>gotta</name>
    <pose>Unspecified</pose>
    <truncated>0</truncated>
    <difficult>0</difficult>
    <bndbox>
      <xmin>595</xmin>
      <ymin>356</ymin>
      <xmax>942</xmax>
      <ymax>581</ymax>
    </bndbox>
  </object>
  <object>
    <type>bndbox</type>
    <name>feel</name>
    <pose>Unspecified</pose>
    <truncated>0</truncated>
    <difficult>0</difficult>
    <bndbox>
      <xmin>988</xmin>
      <ymin>353</ymin>
      <xmax>1256</xmax>
      <ymax>580</ymax>
    </bndbox>
  </object>
  <object>
    <type>bndbox</type>
    <name>it</name>
    <pose>Unspecified</pose>
    <truncated>0</truncated>
    <difficult>0</difficult>
    <bndbox>
      <xmin>1297</xmin>
      <ymin>389</ymin>
      <xmax>1410</xmax>
      <ymax>551</ymax>
    </bndbox>
  </object>
  <object>
    <type>bndbox</type>
    <name>in</name>
    <pose>Unspecified</pose>
    <truncated>0</truncated>
    <difficult>0</difficult>
    <bndbox>
      <xmin>625</xmin>
      <ymin>598</ymin>
      <xmax>733</xmax>
      <ymax>760</ymax>
    </bndbox>
  </object>
  <object>
    <type>bndbox</type>
    <name>my</name>
    <pose>Unspecified</pose>
    <truncated>0</truncated>
    <difficult>0</difficult>
    <bndbox>
      <xmin>761</xmin>
      <ymin>597</ymin>
      <xmax>923</xmax>
      <ymax>762</ymax>
    </bndbox>
  </object>
  <object>
    <type>bndbox</type>
    <name>blood</name>
    <pose>Unspecified</pose>
    <truncated>0</truncated>
    <difficult>0</difficult>
    <bndbox>
      <xmin>959</xmin>
      <ymin>594</ymin>
      <xmax>1281</xmax>
      <ymax>763</ymax>
    </bndbox>
  </object>
</annotation>
