<annotation verified="no">
  <folder>c6C0IzCO074</folder>
  <filename>09_frame_00901</filename>
  <path>/home/keisuke/Documents/lyric/&#31070;&#30000;/annotation/c6C0IzCO074/09_frame_00901.jpg</path>
  <source>
    <database>Unknown</database>
  </source>
  <size>
    <width>1920</width>
    <height>1080</height>
    <depth>3</depth>
  </size>
  <segmented>0</segmented>
  <object>
    <type>bndbox</type>
    <name>on</name>
    <pose>Unspecified</pose>
    <truncated>0</truncated>
    <difficult>0</difficult>
    <bndbox>
      <xmin>607</xmin>
      <ymin>488</ymin>
      <xmax>722</xmax>
      <ymax>610</ymax>
    </bndbox>
  </object>
  <object>
    <type>bndbox</type>
    <name>a</name>
    <pose>Unspecified</pose>
    <truncated>0</truncated>
    <difficult>0</difficult>
    <bndbox>
      <xmin>742</xmin>
      <ymin>488</ymin>
      <xmax>796</xmax>
      <ymax>595</ymax>
    </bndbox>
  </object>
  <object>
    <type>bndbox</type>
    <name>lightning</name>
    <pose>Unspecified</pose>
    <truncated>0</truncated>
    <difficult>0</difficult>
    <bndbox>
      <xmin>817</xmin>
      <ymin>486</ymin>
      <xmax>1148</xmax>
      <ymax>604</ymax>
    </bndbox>
  </object>
  <object>
    <type>bndbox</type>
    <name>raid</name>
    <pose>Unspecified</pose>
    <truncated>0</truncated>
    <difficult>0</difficult>
    <bndbox>
      <xmin>1169</xmin>
      <ymin>485</ymin>
      <xmax>1309</xmax>
      <ymax>604</ymax>
    </bndbox>
  </object>
</annotation>
