<annotation verified="no">
  <folder>c6C0IzCO074</folder>
  <filename>01_frame_00826</filename>
  <path>/home/keisuke/Documents/lyric/&#31070;&#30000;/annotation/c6C0IzCO074/01_frame_00826.jpg</path>
  <source>
    <database>Unknown</database>
  </source>
  <size>
    <width>1920</width>
    <height>1080</height>
    <depth>3</depth>
  </size>
  <segmented>0</segmented>
  <object>
    <type>bndbox</type>
    <name>we</name>
    <pose>Unspecified</pose>
    <truncated>0</truncated>
    <difficult>0</difficult>
    <bndbox>
      <xmin>386</xmin>
      <ymin>460</ymin>
      <xmax>533</xmax>
      <ymax>630</ymax>
    </bndbox>
  </object>
  <object>
    <type>bndbox</type>
    <name>are</name>
    <pose>Unspecified</pose>
    <truncated>0</truncated>
    <difficult>0</difficult>
    <bndbox>
      <xmin>553</xmin>
      <ymin>463</ymin>
      <xmax>723</xmax>
      <ymax>621</ymax>
    </bndbox>
  </object>
  <object>
    <type>bndbox</type>
    <name>the</name>
    <pose>Unspecified</pose>
    <truncated>0</truncated>
    <difficult>0</difficult>
    <bndbox>
      <xmin>744</xmin>
      <ymin>458</ymin>
      <xmax>897</xmax>
      <ymax>623</ymax>
    </bndbox>
  </object>
  <object>
    <type>bndbox</type>
    <name>hungry</name>
    <pose>Unspecified</pose>
    <truncated>0</truncated>
    <difficult>0</difficult>
    <bndbox>
      <xmin>927</xmin>
      <ymin>459</ymin>
      <xmax>1270</xmax>
      <ymax>625</ymax>
    </bndbox>
  </object>
  <object>
    <type>bndbox</type>
    <name>ones</name>
    <pose>Unspecified</pose>
    <truncated>0</truncated>
    <difficult>0</difficult>
    <bndbox>
      <xmin>1294</xmin>
      <ymin>462</ymin>
      <xmax>1538</xmax>
      <ymax>625</ymax>
    </bndbox>
  </object>
</annotation>
