<annotation verified="no">
  <folder>T2urfFpDX1c</folder>
  <filename>02_frame_00217</filename>
  <path>/Users/KengoAraki/Desktop/annotation_&#21407;&#21475;/annotation/T2urfFpDX1c/02_frame_00217.jpg</path>
  <source>
    <database>Unknown</database>
  </source>
  <size>
    <width>1920</width>
    <height>1080</height>
    <depth>3</depth>
  </size>
  <segmented>0</segmented>
  <object>
    <type>robndbox</type>
    <name>from</name>
    <pose>Unspecified</pose>
    <truncated>0</truncated>
    <difficult>0</difficult>
    <robndbox>
      <cx>91.5082</cx>
      <cy>501.5</cy>
      <w>182.0</w>
      <h>77.0</h>
      <angle>0.0</angle>
    </robndbox>
  </object>
  <object>
    <type>robndbox</type>
    <name>a</name>
    <pose>Unspecified</pose>
    <truncated>0</truncated>
    <difficult>0</difficult>
    <robndbox>
      <cx>263.5082</cx>
      <cy>520.5</cy>
      <w>62.0</w>
      <h>29.0</h>
      <angle>0.0</angle>
    </robndbox>
  </object>
  <object>
    <type>robndbox</type>
    <name>window</name>
    <pose>Unspecified</pose>
    <truncated>0</truncated>
    <difficult>0</difficult>
    <robndbox>
      <cx>483.0082</cx>
      <cy>507.0</cy>
      <w>285.0</w>
      <h>66.0</h>
      <angle>0.0</angle>
    </robndbox>
  </object>
  <object>
    <type>robndbox</type>
    <name>above</name>
    <pose>Unspecified</pose>
    <truncated>0</truncated>
    <difficult>0</difficult>
    <robndbox>
      <cx>798.0082</cx>
      <cy>509.5</cy>
      <w>249.0</w>
      <h>67.0</h>
      <angle>0.0</angle>
    </robndbox>
  </object>
  <object>
    <type>robndbox</type>
    <name>its</name>
    <pose>Unspecified</pose>
    <truncated>0</truncated>
    <difficult>0</difficult>
    <robndbox>
      <cx>660.1267</cx>
      <cy>567.5579</cy>
      <w>132.1821</w>
      <h>62.5209</h>
      <angle>0.08</angle>
    </robndbox>
  </object>
  <object>
    <type>robndbox</type>
    <name>like</name>
    <pose>Unspecified</pose>
    <truncated>0</truncated>
    <difficult>0</difficult>
    <robndbox>
      <cx>848.3116</cx>
      <cy>568.9827</cy>
      <w>144.2102</w>
      <h>74.5715</h>
      <angle>3.001593</angle>
    </robndbox>
  </object>
  <object>
    <type>robndbox</type>
    <name>a</name>
    <pose>Unspecified</pose>
    <truncated>0</truncated>
    <difficult>0</difficult>
    <robndbox>
      <cx>994.0082</cx>
      <cy>579.0</cy>
      <w>59.0</w>
      <h>36.0</h>
      <angle>0.0</angle>
    </robndbox>
  </object>
  <object>
    <type>robndbox</type>
    <name>story</name>
    <pose>Unspecified</pose>
    <truncated>0</truncated>
    <difficult>0</difficult>
    <robndbox>
      <cx>1189.5082</cx>
      <cy>583.5</cy>
      <w>236.0</w>
      <h>93.0</h>
      <angle>0.0</angle>
    </robndbox>
  </object>
</annotation>
