<annotation verified="no">
  <folder>T2urfFpDX1c</folder>
  <filename>04_frame_02665</filename>
  <path>/Users/KengoAraki/Desktop/annotation_&#21407;&#21475;/annotation/T2urfFpDX1c/04_frame_02665.jpg</path>
  <source>
    <database>Unknown</database>
  </source>
  <size>
    <width>1920</width>
    <height>1080</height>
    <depth>3</depth>
  </size>
  <segmented>0</segmented>
  <object>
    <type>robndbox</type>
    <name>this</name>
    <pose>Unspecified</pose>
    <truncated>0</truncated>
    <difficult>0</difficult>
    <robndbox>
      <cx>285.5082</cx>
      <cy>527.5</cy>
      <w>176.0</w>
      <h>71.0</h>
      <angle>0.0</angle>
    </robndbox>
  </object>
  <object>
    <type>robndbox</type>
    <name>is</name>
    <pose>Unspecified</pose>
    <truncated>0</truncated>
    <difficult>0</difficult>
    <robndbox>
      <cx>450.5082</cx>
      <cy>527.0</cy>
      <w>72.0</w>
      <h>78.0</h>
      <angle>0.0</angle>
    </robndbox>
  </object>
  <object>
    <type>robndbox</type>
    <name>going</name>
    <pose>Unspecified</pose>
    <truncated>0</truncated>
    <difficult>0</difficult>
    <robndbox>
      <cx>638.0082</cx>
      <cy>547.5</cy>
      <w>215.0</w>
      <h>107.0</h>
      <angle>0.0</angle>
    </robndbox>
  </object>
  <object>
    <type>robndbox</type>
    <name>to</name>
    <pose>Unspecified</pose>
    <truncated>0</truncated>
    <difficult>0</difficult>
    <robndbox>
      <cx>844.5082</cx>
      <cy>530.0</cy>
      <w>100.0</w>
      <h>72.0</h>
      <angle>0.0</angle>
    </robndbox>
  </object>
  <object>
    <type>robndbox</type>
    <name>take</name>
    <pose>Unspecified</pose>
    <truncated>0</truncated>
    <difficult>0</difficult>
    <robndbox>
      <cx>1046.0082</cx>
      <cy>527.5</cy>
      <w>215.0</w>
      <h>71.0</h>
      <angle>0.0</angle>
    </robndbox>
  </object>
  <object>
    <type>robndbox</type>
    <name>a</name>
    <pose>Unspecified</pose>
    <truncated>0</truncated>
    <difficult>0</difficult>
    <robndbox>
      <cx>1225.5082</cx>
      <cy>541.5</cy>
      <w>62.0</w>
      <h>39.0</h>
      <angle>0.0</angle>
    </robndbox>
  </object>
  <object>
    <type>robndbox</type>
    <name>long</name>
    <pose>Unspecified</pose>
    <truncated>0</truncated>
    <difficult>0</difficult>
    <robndbox>
      <cx>1387.5082</cx>
      <cy>544.5</cy>
      <w>174.0</w>
      <h>113.0</h>
      <angle>0.0</angle>
    </robndbox>
  </object>
  <object>
    <type>robndbox</type>
    <name>time</name>
    <pose>Unspecified</pose>
    <truncated>0</truncated>
    <difficult>0</difficult>
    <robndbox>
      <cx>1618.894</cx>
      <cy>526.9459</cy>
      <w>194.8412</w>
      <h>66.0772</h>
      <angle>0.03</angle>
    </robndbox>
  </object>
</annotation>
