<annotation verified="no">
  <folder>T2urfFpDX1c</folder>
  <filename>00_frame_01081</filename>
  <path>/Users/KengoAraki/Desktop/annotation_&#21407;&#21475;/annotation/T2urfFpDX1c/00_frame_01081.jpg</path>
  <source>
    <database>Unknown</database>
  </source>
  <size>
    <width>1920</width>
    <height>1080</height>
    <depth>3</depth>
  </size>
  <segmented>0</segmented>
  <object>
    <type>robndbox</type>
    <name>sometimes</name>
    <pose>Unspecified</pose>
    <truncated>0</truncated>
    <difficult>0</difficult>
    <robndbox>
      <cx>811.0082</cx>
      <cy>467.0</cy>
      <w>449.0</w>
      <h>70.0</h>
      <angle>0.0</angle>
    </robndbox>
  </object>
</annotation>
