<annotation verified="no">
  <folder>T2urfFpDX1c</folder>
  <filename>06_frame_01153</filename>
  <path>/Users/KengoAraki/Desktop/annotation_&#21407;&#21475;/annotation/T2urfFpDX1c/06_frame_01153.jpg</path>
  <source>
    <database>Unknown</database>
  </source>
  <size>
    <width>1920</width>
    <height>1080</height>
    <depth>3</depth>
  </size>
  <segmented>0</segmented>
  <object>
    <type>robndbox</type>
    <name>sometimes</name>
    <pose>Unspecified</pose>
    <truncated>0</truncated>
    <difficult>0</difficult>
    <robndbox>
      <cx>808.0082</cx>
      <cy>467.5</cy>
      <w>451.0</w>
      <h>69.0</h>
      <angle>0.0</angle>
    </robndbox>
  </object>
  <object>
    <type>robndbox</type>
    <name>when</name>
    <pose>Unspecified</pose>
    <truncated>0</truncated>
    <difficult>0</difficult>
    <robndbox>
      <cx>781.0082</cx>
      <cy>537.5</cy>
      <w>197.0</w>
      <h>71.0</h>
      <angle>0.0</angle>
    </robndbox>
  </object>
  <object>
    <type>robndbox</type>
    <name>i</name>
    <pose>Unspecified</pose>
    <truncated>0</truncated>
    <difficult>0</difficult>
    <robndbox>
      <cx>946.5082</cx>
      <cy>544.0</cy>
      <w>46.0</w>
      <h>70.0</h>
      <angle>0.0</angle>
    </robndbox>
  </object>
  <object>
    <type>robndbox</type>
    <name>think</name>
    <pose>Unspecified</pose>
    <truncated>0</truncated>
    <difficult>0</difficult>
    <robndbox>
      <cx>1128.0082</cx>
      <cy>539.0</cy>
      <w>221.0</w>
      <h>74.0</h>
      <angle>0.0</angle>
    </robndbox>
  </object>
  <object>
    <type>robndbox</type>
    <name>of</name>
    <pose>Unspecified</pose>
    <truncated>0</truncated>
    <difficult>0</difficult>
    <robndbox>
      <cx>1328.5082</cx>
      <cy>561.5</cy>
      <w>92.0</w>
      <h>95.0</h>
      <angle>0.0</angle>
    </robndbox>
  </object>
  <object>
    <type>robndbox</type>
    <name>her</name>
    <pose>Unspecified</pose>
    <truncated>0</truncated>
    <difficult>0</difficult>
    <robndbox>
      <cx>1323.5082</cx>
      <cy>798.5</cy>
      <w>136.0</w>
      <h>77.0</h>
      <angle>0.0</angle>
    </robndbox>
  </object>
  <object>
    <type>robndbox</type>
    <name>name</name>
    <pose>Unspecified</pose>
    <truncated>0</truncated>
    <difficult>0</difficult>
    <robndbox>
      <cx>1553.5082</cx>
      <cy>808.0</cy>
      <w>230.0</w>
      <h>50.0</h>
      <angle>0.0</angle>
    </robndbox>
  </object>
</annotation>
