<annotation verified="no">
  <folder>T2urfFpDX1c</folder>
  <filename>03_frame_00649</filename>
  <path>/Users/KengoAraki/Desktop/annotation_&#21407;&#21475;/annotation/T2urfFpDX1c/03_frame_00649.jpg</path>
  <source>
    <database>Unknown</database>
  </source>
  <size>
    <width>1920</width>
    <height>1080</height>
    <depth>3</depth>
  </size>
  <segmented>0</segmented>
  <object>
    <type>robndbox</type>
    <name>all</name>
    <pose>Unspecified</pose>
    <truncated>0</truncated>
    <difficult>0</difficult>
    <robndbox>
      <cx>401.1179</cx>
      <cy>259.1679</cy>
      <w>91.4718</w>
      <h>57.925</h>
      <angle>0.06</angle>
    </robndbox>
  </object>
  <object>
    <type>robndbox</type>
    <name>i</name>
    <pose>Unspecified</pose>
    <truncated>0</truncated>
    <difficult>0</difficult>
    <robndbox>
      <cx>494.0919</cx>
      <cy>263.1801</cy>
      <w>36.656</w>
      <h>54.5813</h>
      <angle>2.962605</angle>
    </robndbox>
  </object>
  <object>
    <type>robndbox</type>
    <name>needed</name>
    <pose>Unspecified</pose>
    <truncated>0</truncated>
    <difficult>0</difficult>
    <robndbox>
      <cx>663.0082</cx>
      <cy>263.5</cy>
      <w>233.0</w>
      <h>57.0</h>
      <angle>0.0</angle>
    </robndbox>
  </object>
  <object>
    <type>robndbox</type>
    <name>was</name>
    <pose>Unspecified</pose>
    <truncated>0</truncated>
    <difficult>0</difficult>
    <robndbox>
      <cx>870.5082</cx>
      <cy>270.5</cy>
      <w>126.0</w>
      <h>41.0</h>
      <angle>0.0</angle>
    </robndbox>
  </object>
  <object>
    <type>robndbox</type>
    <name>the</name>
    <pose>Unspecified</pose>
    <truncated>0</truncated>
    <difficult>0</difficult>
    <robndbox>
      <cx>1023.0082</cx>
      <cy>262.0</cy>
      <w>113.0</w>
      <h>58.0</h>
      <angle>0.0</angle>
    </robndbox>
  </object>
  <object>
    <type>robndbox</type>
    <name>love</name>
    <pose>Unspecified</pose>
    <truncated>0</truncated>
    <difficult>0</difficult>
    <robndbox>
      <cx>1174.0082</cx>
      <cy>264.5</cy>
      <w>129.0</w>
      <h>53.0</h>
      <angle>0.0</angle>
    </robndbox>
  </object>
  <object>
    <type>robndbox</type>
    <name>you</name>
    <pose>Unspecified</pose>
    <truncated>0</truncated>
    <difficult>0</difficult>
    <robndbox>
      <cx>1326.0082</cx>
      <cy>282.0</cy>
      <w>113.0</w>
      <h>64.0</h>
      <angle>0.0</angle>
    </robndbox>
  </object>
  <object>
    <type>robndbox</type>
    <name>gave</name>
    <pose>Unspecified</pose>
    <truncated>0</truncated>
    <difficult>0</difficult>
    <robndbox>
      <cx>1487.0082</cx>
      <cy>281.0</cy>
      <w>153.0</w>
      <h>68.0</h>
      <angle>0.0</angle>
    </robndbox>
  </object>
</annotation>
